End_Date,ISBN,Title,Author,Interval,Volume,Value,ASP,RRP,Binding,Imprint,Publisher_Group,Product_Class,Category
2012-01-07,9780241003008,The Very Hungry Caterpillar,"Carle, Eric",201201,512,2522.13,4.926,7.99,Hardback,Puffin Books,Penguin Grp,Y1.3 Picture Books,"Y Children's, YA & Educational"
2012-01-07,9780722532935,The Alchemist,"Coelho, Paulo",201201,518,3601.76,6.9532,9.99,Paperback,Thorsons,HarperCollins Grp,F1.1 General & Literary Fiction,F Adult Fiction
2012-01-14,9780722532935,The Alchemist,"Coelho, Paulo",201202,533,3610.12,6.7732,9.99,Paperback,Thorsons,HarperCollins Grp,F1.1 General & Literary Fiction,F Adult Fiction
2012-01-14,9780241003008,The Very Hungry Caterpillar,"Carle, Eric",201202,519,2473.31,4.7655,7.99,Hardback,Puffin Books,Penguin Grp,Y1.3 Picture Books,"Y Children's, YA & Educational"
2012-01-21,9780241003008,The Very Hungry Caterpillar,"Carle, Eric",201203,574,2757.83,4.8046,7.99,Hardback,Puffin Books,Penguin Grp,Y1.3 Picture Books,"Y Children's, YA & Educational"
2012-01-21,9780722532935,The Alchemist,"Coelho, Paulo",201203,475,3105.62,6.5381,9.99,Paperback,Thorsons,HarperCollins Grp,F1.1 General & Literary Fiction,F Adult Fiction
2012-01-28,9780722532935,The Alchemist,"Coelho, Paulo",201204,514,3431.29,6.6757,9.99,Paperback,Thorsons,HarperCollins Grp,F1.1 General & Literary Fiction,F Adult Fiction
2012-01-28,9780241003008,The Very Hungry Caterpillar,"Carle, Eric",201204,621,3072.66,4.9479,7.99,Hardback,Puffin Books,Penguin Grp,Y1.3 Picture Books,"Y Children's, YA & Educational"
2012-02-04,9780722532935,The Alchemist,"Coelho, Paulo",201205,591,3929.22,6.6484,9.99,Paperback,Thorsons,HarperCollins Grp,F1.1 General & Literary Fiction,F Adult Fiction
2012-02-04,9780241003008,The Very Hungry Caterpillar,"Carle, Eric",201205,1140,4724.18,4.144,7.99,Hardback,Puffin Books,Penguin Grp,Y1.3 Picture Books,"Y Children's, YA & Educational"
2012-02-11,9780722532935,The Alchemist,"Coelho, Paulo",201206,441,2874.98,6.5192,9.99,Paperback,Thorsons,HarperCollins Grp,F1.1 General & Literary Fiction,F Adult Fiction
2012-02-11,9780241003008,The Very Hungry Caterpillar,"Carle, Eric",201206,1037,4402.26,4.2452,7.99,Hardback,Puffin Books,Penguin Grp,Y1.3 Picture Books,"Y Children's, YA & Educational"
2012-02-18,9780722532935,The Alchemist,"Coelho, Paulo",201207,450,3073.17,6.8293,9.99,Paperback,Thorsons,HarperCollins Grp,F1.1 General & Literary Fiction,F Adult Fiction
2012-02-18,9780241003008,The Very Hungry Caterpillar,"Carle, Eric",201207,1060,4518.39,4.2626,7.99,Hardback,Puffin Books,Penguin Grp,Y1.3 Picture Books,"Y Children's, YA & Educational"
2012-02-25,9780241003008,The Very Hungry Caterpillar,"Carle, Eric",201208,931,4260.39,4.5761,7.99,Hardback,Puffin Books,Penguin Grp,Y1.3 Picture Books,"Y Children's, YA & Educational"
2012-02-25,9780722532935,The Alchemist,"Coelho, Paulo",201208,384,2544.06,6.6252,9.99,Paperback,Thorsons,HarperCollins Grp,F1.1 General & Literary Fiction,F Adult Fiction
2012-03-03,9780241003008,The Very Hungry Caterpillar,"Carle, Eric",201209,900,4442.05,4.9356,7.99,Hardback,Puffin Books,Penguin Grp,Y1.3 Picture Books,"Y Children's, YA & Educational"
2012-03-03,9780722532935,The Alchemist,"Coelho, Paulo",201209,653,4283.9,6.5603,9.99,Paperback,Thorsons,HarperCollins Grp,F1.1 General & Literary Fiction,F Adult Fiction
2012-03-10,9780241003008,The Very Hungry Caterpillar,"Carle, Eric",201210,702,3505.46,4.9935,7.99,Hardback,Puffin Books,Penguin Grp,Y1.3 Picture Books,"Y Children's, YA & Educational"
2012-03-10,9780722532935,The Alchemist,"Coelho, Paulo",201210,766,5124.93,6.6905,9.99,Paperback,Thorsons,HarperCollins Grp,F1.1 General & Literary Fiction,F Adult Fiction
2012-03-17,9780241003008,The Very Hungry Caterpillar,"Carle, Eric",201211,669,3442.27,5.1454,7.99,Hardback,Puffin Books,Penguin Grp,Y1.3 Picture Books,"Y Children's, YA & Educational"
2012-03-17,9780722532935,The Alchemist,"Coelho, Paulo",201211,751,5129.35,6.83,9.99,Paperback,Thorsons,HarperCollins Grp,F1.1 General & Literary Fiction,F Adult Fiction
2012-03-24,9780722532935,The Alchemist,"Coelho, Paulo",201212,643,4334.81,6.7415,9.99,Paperback,Thorsons,HarperCollins Grp,F1.1 General & Literary Fiction,F Adult Fiction
2012-03-24,9780241003008,The Very Hungry Caterpillar,"Carle, Eric",201212,603,3124.91,5.1823,7.99,Hardback,Puffin Books,Penguin Grp,Y1.3 Picture Books,"Y Children's, YA & Educational"
2012-03-31,9780722532935,The Alchemist,"Coelho, Paulo",201213,791,5240.74,6.6255,9.99,Paperback,Thorsons,HarperCollins Grp,F1.1 General & Literary Fiction,F Adult Fiction
2012-03-31,9780241003008,The Very Hungry Caterpillar,"Carle, Eric",201213,592,3099.77,5.2361,7.99,Hardback,Puffin Books,Penguin Grp,Y1.3 Picture Books,"Y Children's, YA & Educational"
2012-04-07,9780722532935,The Alchemist,"Coelho, Paulo",201214,884,6028.28,6.8193,9.99,Paperback,Thorsons,HarperCollins Grp,F1.1 General & Literary Fiction,F Adult Fiction
2012-04-07,9780241003008,The Very Hungry Caterpillar,"Carle, Eric",201214,684,3750.16,5.4827,7.99,Hardback,Puffin Books,Penguin Grp,Y1.3 Picture Books,"Y Children's, YA & Educational"
2012-04-14,9780722532935,The Alchemist,"Coelho, Paulo",201215,725,4863.68,6.7085,9.99,Paperback,Thorsons,HarperCollins Grp,F1.1 General & Literary Fiction,F Adult Fiction
2012-04-14,9780241003008,The Very Hungry Caterpillar,"Carle, Eric",201215,560,2961.79,5.2889,7.99,Hardback,Puffin Books,Penguin Grp,Y1.3 Picture Books,"Y Children's, YA & Educational"
2012-04-21,9780241003008,The Very Hungry Caterpillar,"Carle, Eric",201216,578,3148.53,5.4473,7.99,Hardback,Puffin Books,Penguin Grp,Y1.3 Picture Books,"Y Children's, YA & Educational"
2012-04-21,9780722532935,The Alchemist,"Coelho, Paulo",201216,824,5499.81,6.6745,9.99,Paperback,Thorsons,HarperCollins Grp,F1.1 General & Literary Fiction,F Adult Fiction
2012-04-28,9780241003008,The Very Hungry Caterpillar,"Carle, Eric",201217,609,3371.05,5.5354,7.99,Hardback,Puffin Books,Penguin Grp,Y1.3 Picture Books,"Y Children's, YA & Educational"
2012-04-28,9780722532935,The Alchemist,"Coelho, Paulo",201217,747,5027.98,6.7309,9.99,Paperback,Thorsons,HarperCollins Grp,F1.1 General & Literary Fiction,F Adult Fiction
2012-05-05,9780241003008,The Very Hungry Caterpillar,"Carle, Eric",201218,599,3191.3,5.3277,7.99,Hardback,Puffin Books,Penguin Grp,Y1.3 Picture Books,"Y Children's, YA & Educational"
2012-05-05,9780722532935,The Alchemist,"Coelho, Paulo",201218,763,5142.0,6.7392,9.99,Paperback,Thorsons,HarperCollins Grp,F1.1 General & Literary Fiction,F Adult Fiction
2012-05-12,9780722532935,The Alchemist,"Coelho, Paulo",201219,588,3995.39,6.7949,9.99,Paperback,Thorsons,HarperCollins Grp,F1.1 General & Literary Fiction,F Adult Fiction
2012-05-12,9780241003008,The Very Hungry Caterpillar,"Carle, Eric",201219,570,3071.96,5.3894,7.99,Hardback,Puffin Books,Penguin Grp,Y1.3 Picture Books,"Y Children's, YA & Educational"
2012-05-19,9780241003008,The Very Hungry Caterpillar,"Carle, Eric",201220,571,2993.66,5.2428,7.99,Hardback,Puffin Books,Penguin Grp,Y1.3 Picture Books,"Y Children's, YA & Educational"
2012-05-19,9780722532935,The Alchemist,"Coelho, Paulo",201220,530,3545.19,6.689,9.99,Paperback,Thorsons,HarperCollins Grp,F1.1 General & Literary Fiction,F Adult Fiction
2012-05-26,9780241003008,The Very Hungry Caterpillar,"Carle, Eric",201221,483,2658.25,5.5036,7.99,Hardback,Puffin Books,Penguin Grp,Y1.3 Picture Books,"Y Children's, YA & Educational"
2012-05-26,9780722532935,The Alchemist,"Coelho, Paulo",201221,504,3492.31,6.9292,9.99,Paperback,Thorsons,HarperCollins Grp,F1.1 General & Literary Fiction,F Adult Fiction
2012-06-02,9780722532935,The Alchemist,"Coelho, Paulo",201222,522,3605.75,6.9076,9.99,Paperback,Thorsons,HarperCollins Grp,F1.1 General & Literary Fiction,F Adult Fiction
2012-06-02,9780241003008,The Very Hungry Caterpillar,"Carle, Eric",201222,590,3186.12,5.4002,7.99,Hardback,Puffin Books,Penguin Grp,Y1.3 Picture Books,"Y Children's, YA & Educational"
2012-06-09,9780722532935,The Alchemist,"Coelho, Paulo",201223,476,3195.58,6.7134,9.99,Paperback,Thorsons,HarperCollins Grp,F1.1 General & Literary Fiction,F Adult Fiction
2012-06-09,9780241003008,The Very Hungry Caterpillar,"Carle, Eric",201223,633,3529.63,5.576,7.99,Hardback,Puffin Books,Penguin Grp,Y1.3 Picture Books,"Y Children's, YA & Educational"
2012-06-16,9780241003008,The Very Hungry Caterpillar,"Carle, Eric",201224,653,3601.73,5.5157,7.99,Hardback,Puffin Books,Penguin Grp,Y1.3 Picture Books,"Y Children's, YA & Educational"
2012-06-16,9780722532935,The Alchemist,"Coelho, Paulo",201224,605,4200.06,6.9422,9.99,Paperback,Thorsons,HarperCollins Grp,F1.1 General & Literary Fiction,F Adult Fiction
2012-06-23,9780241003008,The Very Hungry Caterpillar,"Carle, Eric",201225,623,3481.69,5.5886,7.99,Hardback,Puffin Books,Penguin Grp,Y1.3 Picture Books,"Y Children's, YA & Educational"
2012-06-23,9780722532935,The Alchemist,"Coelho, Paulo",201225,540,3689.95,6.8332,9.99,Paperback,Thorsons,HarperCollins Grp,F1.1 General & Literary Fiction,F Adult Fiction
2012-06-30,9780722532935,The Alchemist,"Coelho, Paulo",201226,496,3452.99,6.9617,9.99,Paperback,Thorsons,HarperCollins Grp,F1.1 General & Literary Fiction,F Adult Fiction
2012-06-30,9780241003008,The Very Hungry Caterpillar,"Carle, Eric",201226,647,3613.72,5.5853,7.99,Hardback,Puffin Books,Penguin Grp,Y1.3 Picture Books,"Y Children's, YA & Educational"
2012-07-07,9780722532935,The Alchemist,"Coelho, Paulo",201227,423,2963.77,7.0065,9.99,Paperback,Thorsons,HarperCollins Grp,F1.1 General & Literary Fiction,F Adult Fiction
2012-07-07,9780241003008,The Very Hungry Caterpillar,"Carle, Eric",201227,678,3688.75,5.4406,7.99,Hardback,Puffin Books,Penguin Grp,Y1.3 Picture Books,"Y Children's, YA & Educational"
2012-07-14,9780241003008,The Very Hungry Caterpillar,"Carle, Eric",201228,685,3831.58,5.5935,7.99,Hardback,Puffin Books,Penguin Grp,Y1.3 Picture Books,"Y Children's, YA & Educational"
2012-07-14,9780722532935,The Alchemist,"Coelho, Paulo",201228,480,3310.59,6.8971,9.99,Paperback,Thorsons,HarperCollins Grp,F1.1 General & Literary Fiction,F Adult Fiction
2012-07-21,9780241003008,The Very Hungry Caterpillar,"Carle, Eric",201229,634,3547.3,5.5951,7.99,Hardback,Puffin Books,Penguin Grp,Y1.3 Picture Books,"Y Children's, YA & Educational"
2012-07-21,9780722532935,The Alchemist,"Coelho, Paulo",201229,504,3536.36,7.0166,9.99,Paperback,Thorsons,HarperCollins Grp,F1.1 General & Literary Fiction,F Adult Fiction
2012-07-28,9780241003008,The Very Hungry Caterpillar,"Carle, Eric",201230,556,3056.95,5.4981,7.99,Hardback,Puffin Books,Penguin Grp,Y1.3 Picture Books,"Y Children's, YA & Educational"
2012-07-28,9780722532935,The Alchemist,"Coelho, Paulo",201230,436,3139.58,7.2009,9.99,Paperback,Thorsons,HarperCollins Grp,F1.1 General & Literary Fiction,F Adult Fiction
2012-08-04,9780722532935,The Alchemist,"Coelho, Paulo",201231,435,3050.87,7.0135,9.99,Paperback,Thorsons,HarperCollins Grp,F1.1 General & Literary Fiction,F Adult Fiction
2012-08-04,9780241003008,The Very Hungry Caterpillar,"Carle, Eric",201231,630,3516.99,5.5825,7.99,Hardback,Puffin Books,Penguin Grp,Y1.3 Picture Books,"Y Children's, YA & Educational"
2012-08-11,9780722532935,The Alchemist,"Coelho, Paulo",201232,493,3424.49,6.9462,9.99,Paperback,Thorsons,HarperCollins Grp,F1.1 General & Literary Fiction,F Adult Fiction
2012-08-11,9780241003008,The Very Hungry Caterpillar,"Carle, Eric",201232,641,3621.72,5.6501,7.99,Hardback,Puffin Books,Penguin Grp,Y1.3 Picture Books,"Y Children's, YA & Educational"
2012-08-18,9780241003008,The Very Hungry Caterpillar,"Carle, Eric",201233,659,3701.27,5.6165,7.99,Hardback,Puffin Books,Penguin Grp,Y1.3 Picture Books,"Y Children's, YA & Educational"
2012-08-18,9780722532935,The Alchemist,"Coelho, Paulo",201233,463,3148.45,6.8001,9.99,Paperback,Thorsons,HarperCollins Grp,F1.1 General & Literary Fiction,F Adult Fiction
2012-08-25,9780722532935,The Alchemist,"Coelho, Paulo",201234,424,2860.86,6.7473,9.99,Paperback,Thorsons,HarperCollins Grp,F1.1 General & Literary Fiction,F Adult Fiction
2012-08-25,9780241003008,The Very Hungry Caterpillar,"Carle, Eric",201234,718,4081.1,5.684,7.99,Hardback,Puffin Books,Penguin Grp,Y1.3 Picture Books,"Y Children's, YA & Educational"
2012-09-01,9780722532935,The Alchemist,"Coelho, Paulo",201235,522,3414.42,6.541,9.99,Paperback,Thorsons,HarperCollins Grp,F1.1 General & Literary Fiction,F Adult Fiction
2012-09-01,9780241003008,The Very Hungry Caterpillar,"Carle, Eric",201235,631,3468.18,5.4963,7.99,Hardback,Puffin Books,Penguin Grp,Y1.3 Picture Books,"Y Children's, YA & Educational"
2012-09-08,9780241003008,The Very Hungry Caterpillar,"Carle, Eric",201236,627,3382.81,5.3952,7.99,Hardback,Puffin Books,Penguin Grp,Y1.3 Picture Books,"Y Children's, YA & Educational"
2012-09-08,9780722532935,The Alchemist,"Coelho, Paulo",201236,431,2892.27,6.7106,9.99,Paperback,Thorsons,HarperCollins Grp,F1.1 General & Literary Fiction,F Adult Fiction
2012-09-15,9780722532935,The Alchemist,"Coelho, Paulo",201237,409,2901.73,7.0947,9.99,Paperback,Thorsons,HarperCollins Grp,F1.1 General & Literary Fiction,F Adult Fiction
2012-09-15,9780241003008,The Very Hungry Caterpillar,"Carle, Eric",201237,657,3589.17,5.463,7.99,Hardback,Puffin Books,Penguin Grp,Y1.3 Picture Books,"Y Children's, YA & Educational"
2012-09-22,9780722532935,The Alchemist,"Coelho, Paulo",201238,371,2586.56,6.9719,9.99,Paperback,Thorsons,HarperCollins Grp,F1.1 General & Literary Fiction,F Adult Fiction
2012-09-22,9780241003008,The Very Hungry Caterpillar,"Carle, Eric",201238,632,3395.44,5.3725,7.99,Hardback,Puffin Books,Penguin Grp,Y1.3 Picture Books,"Y Children's, YA & Educational"
2012-09-29,9780241003008,The Very Hungry Caterpillar,"Carle, Eric",201239,635,3472.2,5.468,7.99,Hardback,Puffin Books,Penguin Grp,Y1.3 Picture Books,"Y Children's, YA & Educational"
2012-09-29,9780722532935,The Alchemist,"Coelho, Paulo",201239,441,3054.11,6.9254,9.99,Paperback,Thorsons,HarperCollins Grp,F1.1 General & Literary Fiction,F Adult Fiction
2012-10-06,9780241003008,The Very Hungry Caterpillar,"Carle, Eric",201240,655,3631.25,5.5439,7.99,Hardback,Puffin Books,Penguin Grp,Y1.3 Picture Books,"Y Children's, YA & Educational"
2012-10-06,9780722532935,The Alchemist,"Coelho, Paulo",201240,442,3108.75,7.0334,9.99,Paperback,Thorsons,HarperCollins Grp,F1.1 General & Literary Fiction,F Adult Fiction
2012-10-13,9780241003008,The Very Hungry Caterpillar,"Carle, Eric",201241,647,3596.34,5.5585,7.99,Hardback,Puffin Books,Penguin Grp,Y1.3 Picture Books,"Y Children's, YA & Educational"
2012-10-13,9780722532935,The Alchemist,"Coelho, Paulo",201241,401,2759.35,6.8812,9.99,Paperback,Thorsons,HarperCollins Grp,F1.1 General & Literary Fiction,F Adult Fiction
2012-10-20,9780241003008,The Very Hungry Caterpillar,"Carle, Eric",201242,578,3169.0,5.4827,7.99,Hardback,Puffin Books,Penguin Grp,Y1.3 Picture Books,"Y Children's, YA & Educational"
2012-10-20,9780722532935,The Alchemist,"Coelho, Paulo",201242,406,2809.7,6.9204,9.99,Paperback,Thorsons,HarperCollins Grp,F1.1 General & Literary Fiction,F Adult Fiction
2012-10-27,9780722532935,The Alchemist,"Coelho, Paulo",201243,375,2556.02,6.8161,9.99,Paperback,Thorsons,HarperCollins Grp,F1.1 General & Literary Fiction,F Adult Fiction
2012-10-27,9780241003008,The Very Hungry Caterpillar,"Carle, Eric",201243,656,3498.42,5.333,7.99,Hardback,Puffin Books,Penguin Grp,Y1.3 Picture Books,"Y Children's, YA & Educational"
2012-11-03,9780722532935,The Alchemist,"Coelho, Paulo",201244,413,2928.44,7.0907,9.99,Paperback,Thorsons,HarperCollins Grp,F1.1 General & Literary Fiction,F Adult Fiction
2012-11-03,9780241003008,The Very Hungry Caterpillar,"Carle, Eric",201244,773,4133.09,5.3468,7.99,Hardback,Puffin Books,Penguin Grp,Y1.3 Picture Books,"Y Children's, YA & Educational"
2012-11-10,9780722532935,The Alchemist,"Coelho, Paulo",201245,353,2448.16,6.9353,9.99,Paperback,Thorsons,HarperCollins Grp,F1.1 General & Literary Fiction,F Adult Fiction
2012-11-10,9780241003008,The Very Hungry Caterpillar,"Carle, Eric",201245,821,4282.78,5.2165,7.99,Hardback,Puffin Books,Penguin Grp,Y1.3 Picture Books,"Y Children's, YA & Educational"
2012-11-17,9780722532935,The Alchemist,"Coelho, Paulo",201246,391,2672.98,6.8363,9.99,Paperback,Thorsons,HarperCollins Grp,F1.1 General & Literary Fiction,F Adult Fiction
2012-11-17,9780241003008,The Very Hungry Caterpillar,"Carle, Eric",201246,937,4890.12,5.2189,7.99,Hardback,Puffin Books,Penguin Grp,Y1.3 Picture Books,"Y Children's, YA & Educational"
2012-11-24,9780722532935,The Alchemist,"Coelho, Paulo",201247,415,2811.7,6.7752,9.99,Paperback,Thorsons,HarperCollins Grp,F1.1 General & Literary Fiction,F Adult Fiction
2012-11-24,9780241003008,The Very Hungry Caterpillar,"Carle, Eric",201247,1106,5726.77,5.1779,7.99,Hardback,Puffin Books,Penguin Grp,Y1.3 Picture Books,"Y Children's, YA & Educational"
2012-12-01,9780241003008,The Very Hungry Caterpillar,"Carle, Eric",201248,1312,6844.32,5.2167,7.99,Hardback,Puffin Books,Penguin Grp,Y1.3 Picture Books,"Y Children's, YA & Educational"
2012-12-01,9780722532935,The Alchemist,"Coelho, Paulo",201248,471,3193.77,6.7808,9.99,Paperback,Thorsons,HarperCollins Grp,F1.1 General & Literary Fiction,F Adult Fiction
2012-12-08,9780722532935,The Alchemist,"Coelho, Paulo",201249,641,4332.39,6.7588,9.99,Paperback,Thorsons,HarperCollins Grp,F1.1 General & Literary Fiction,F Adult Fiction
2012-12-08,9780241003008,The Very Hungry Caterpillar,"Carle, Eric",201249,1608,8491.51,5.2808,7.99,Hardback,Puffin Books,Penguin Grp,Y1.3 Picture Books,"Y Children's, YA & Educational"
2012-12-15,9780722532935,The Alchemist,"Coelho, Paulo",201250,950,6357.15,6.6917,9.99,Paperback,Thorsons,HarperCollins Grp,F1.1 General & Literary Fiction,F Adult Fiction
2012-12-15,9780241003008,The Very Hungry Caterpillar,"Carle, Eric",201250,1731,9206.55,5.3186,7.99,Hardback,Puffin Books,Penguin Grp,Y1.3 Picture Books,"Y Children's, YA & Educational"
2012-12-22,9780241003008,The Very Hungry Caterpillar,"Carle, Eric",201251,1833,10578.8,5.7713,7.99,Hardback,Puffin Books,Penguin Grp,Y1.3 Picture Books,"Y Children's, YA & Educational"
2012-12-22,9780722532935,The Alchemist,"Coelho, Paulo",201251,1258,8989.51,7.1459,9.99,Paperback,Thorsons,HarperCollins Grp,F1.1 General & Literary Fiction,F Adult Fiction
2012-12-29,9780722532935,The Alchemist,"Coelho, Paulo",201252,743,5509.93,7.4158,9.99,Paperback,Thorsons,HarperCollins Grp,F1.1 General & Literary Fiction,F Adult Fiction
2012-12-29,9780241003008,The Very Hungry Caterpillar,"Carle, Eric",201252,624,3697.32,5.9252,7.99,Hardback,Puffin Books,Penguin Grp,Y1.3 Picture Books,"Y Children's, YA & Educational"
2013-01-05,9780722532935,The Alchemist,"Coelho, Paulo",201301,434,3013.68,6.944,9.99,Paperback,Thorsons,HarperCollins Grp,F1.1 General & Literary Fiction,F Adult Fiction
2013-01-05,9780241003008,The Very Hungry Caterpillar,"Carle, Eric",201301,443,2538.81,5.7309,7.99,Hardback,Puffin Books,Penguin Grp,Y1.3 Picture Books,"Y Children's, YA & Educational"
2013-01-12,9780722532935,The Alchemist,"Coelho, Paulo",201302,400,2807.82,7.0196,9.99,Paperback,Thorsons,HarperCollins Grp,F1.1 General & Literary Fiction,F Adult Fiction
2013-01-12,9780241003008,The Very Hungry Caterpillar,"Carle, Eric",201302,452,2625.74,5.8092,7.99,Hardback,Puffin Books,Penguin Grp,Y1.3 Picture Books,"Y Children's, YA & Educational"
2013-01-19,9780241003008,The Very Hungry Caterpillar,"Carle, Eric",201303,416,2322.36,5.5826,7.99,Hardback,Puffin Books,Penguin Grp,Y1.3 Picture Books,"Y Children's, YA & Educational"
2013-01-19,9780722532935,The Alchemist,"Coelho, Paulo",201303,388,2713.97,6.9948,9.99,Paperback,Thorsons,HarperCollins Grp,F1.1 General & Literary Fiction,F Adult Fiction
2013-01-26,9780722532935,The Alchemist,"Coelho, Paulo",201304,395,2742.17,6.9422,9.99,Paperback,Thorsons,HarperCollins Grp,F1.1 General & Literary Fiction,F Adult Fiction
2013-01-26,9780241003008,The Very Hungry Caterpillar,"Carle, Eric",201304,507,2972.1,5.8621,7.99,Hardback,Puffin Books,Penguin Grp,Y1.3 Picture Books,"Y Children's, YA & Educational"
2013-02-02,9780722532935,The Alchemist,"Coelho, Paulo",201305,405,2875.55,7.1001,9.99,Paperback,Thorsons,HarperCollins Grp,F1.1 General & Literary Fiction,F Adult Fiction
2013-02-02,9780241003008,The Very Hungry Caterpillar,"Carle, Eric",201305,613,3537.4,5.7706,7.99,Hardback,Puffin Books,Penguin Grp,Y1.3 Picture Books,"Y Children's, YA & Educational"
2013-02-09,9780722532935,The Alchemist,"Coelho, Paulo",201306,386,2643.2,6.8477,9.99,Paperback,Thorsons,HarperCollins Grp,F1.1 General & Literary Fiction,F Adult Fiction
2013-02-09,9780241003008,The Very Hungry Caterpillar,"Carle, Eric",201306,633,3632.25,5.7382,7.99,Hardback,Puffin Books,Penguin Grp,Y1.3 Picture Books,"Y Children's, YA & Educational"
2013-02-16,9780722532935,The Alchemist,"Coelho, Paulo",201307,445,3082.96,6.928,9.99,Paperback,Thorsons,HarperCollins Grp,F1.1 General & Literary Fiction,F Adult Fiction
2013-02-16,9780241003008,The Very Hungry Caterpillar,"Carle, Eric",201307,592,3361.86,5.6788,7.99,Hardback,Puffin Books,Penguin Grp,Y1.3 Picture Books,"Y Children's, YA & Educational"
2013-02-23,9780241003008,The Very Hungry Caterpillar,"Carle, Eric",201308,616,3529.8,5.7302,7.99,Hardback,Puffin Books,Penguin Grp,Y1.3 Picture Books,"Y Children's, YA & Educational"
2013-02-23,9780722532935,The Alchemist,"Coelho, Paulo",201308,334,2341.52,7.0105,9.99,Paperback,Thorsons,HarperCollins Grp,F1.1 General & Literary Fiction,F Adult Fiction
2013-03-02,9780722532935,The Alchemist,"Coelho, Paulo",201309,363,2567.13,7.072,9.99,Paperback,Thorsons,HarperCollins Grp,F1.1 General & Literary Fiction,F Adult Fiction
2013-03-02,9780241003008,The Very Hungry Caterpillar,"Carle, Eric",201309,699,4036.18,5.7742,7.99,Hardback,Puffin Books,Penguin Grp,Y1.3 Picture Books,"Y Children's, YA & Educational"
2013-03-09,9780241003008,The Very Hungry Caterpillar,"Carle, Eric",201310,698,4036.69,5.7832,7.99,Hardback,Puffin Books,Penguin Grp,Y1.3 Picture Books,"Y Children's, YA & Educational"
2013-03-09,9780722532935,The Alchemist,"Coelho, Paulo",201310,405,2827.65,6.9819,9.99,Paperback,Thorsons,HarperCollins Grp,F1.1 General & Literary Fiction,F Adult Fiction
2013-03-16,9780241003008,The Very Hungry Caterpillar,"Carle, Eric",201311,651,3660.24,5.6225,7.99,Hardback,Puffin Books,Penguin Grp,Y1.3 Picture Books,"Y Children's, YA & Educational"
2013-03-16,9780722532935,The Alchemist,"Coelho, Paulo",201311,336,2317.99,6.8988,9.99,Paperback,Thorsons,HarperCollins Grp,F1.1 General & Literary Fiction,F Adult Fiction
2013-03-23,9780722532935,The Alchemist,"Coelho, Paulo",201312,329,2307.08,7.0124,9.99,Paperback,Thorsons,HarperCollins Grp,F1.1 General & Literary Fiction,F Adult Fiction
2013-03-23,9780241003008,The Very Hungry Caterpillar,"Carle, Eric",201312,710,3951.56,5.5656,7.99,Hardback,Puffin Books,Penguin Grp,Y1.3 Picture Books,"Y Children's, YA & Educational"
2013-03-30,9780241003008,The Very Hungry Caterpillar,"Carle, Eric",201313,889,4875.87,5.4847,7.99,Hardback,Puffin Books,Penguin Grp,Y1.3 Picture Books,"Y Children's, YA & Educational"
2013-03-30,9780722532935,The Alchemist,"Coelho, Paulo",201313,360,2518.48,6.9958,9.99,Paperback,Thorsons,HarperCollins Grp,F1.1 General & Literary Fiction,F Adult Fiction
2013-04-06,9780241003008,The Very Hungry Caterpillar,"Carle, Eric",201314,583,3183.66,5.4608,7.99,Hardback,Puffin Books,Penguin Grp,Y1.3 Picture Books,"Y Children's, YA & Educational"
2013-04-06,9780722532935,The Alchemist,"Coelho, Paulo",201314,387,2675.22,6.9127,9.99,Paperback,Thorsons,HarperCollins Grp,F1.1 General & Literary Fiction,F Adult Fiction
2013-04-13,9780241003008,The Very Hungry Caterpillar,"Carle, Eric",201315,716,4001.53,5.5887,7.99,Hardback,Puffin Books,Penguin Grp,Y1.3 Picture Books,"Y Children's, YA & Educational"
2013-04-13,9780722532935,The Alchemist,"Coelho, Paulo",201315,319,2233.84,7.0026,9.99,Paperback,Thorsons,HarperCollins Grp,F1.1 General & Literary Fiction,F Adult Fiction
2013-04-20,9780241003008,The Very Hungry Caterpillar,"Carle, Eric",201316,666,3607.99,5.4174,7.99,Hardback,Puffin Books,Penguin Grp,Y1.3 Picture Books,"Y Children's, YA & Educational"
2013-04-20,9780722532935,The Alchemist,"Coelho, Paulo",201316,250,1772.81,7.0912,9.99,Paperback,Thorsons,HarperCollins Grp,F1.1 General & Literary Fiction,F Adult Fiction
2013-04-27,9780241003008,The Very Hungry Caterpillar,"Carle, Eric",201317,723,3905.04,5.4012,7.99,Hardback,Puffin Books,Penguin Grp,Y1.3 Picture Books,"Y Children's, YA & Educational"
2013-04-27,9780722532935,The Alchemist,"Coelho, Paulo",201317,350,2511.76,7.1765,9.99,Paperback,Thorsons,HarperCollins Grp,F1.1 General & Literary Fiction,F Adult Fiction
2013-05-04,9780241003008,The Very Hungry Caterpillar,"Carle, Eric",201318,743,4077.28,5.4876,7.99,Hardback,Puffin Books,Penguin Grp,Y1.3 Picture Books,"Y Children's, YA & Educational"
2013-05-04,9780722532935,The Alchemist,"Coelho, Paulo",201318,331,2370.44,7.1615,9.99,Paperback,Thorsons,HarperCollins Grp,F1.1 General & Literary Fiction,F Adult Fiction
2013-05-11,9780241003008,The Very Hungry Caterpillar,"Carle, Eric",201319,649,3568.59,5.4986,7.99,Hardback,Puffin Books,Penguin Grp,Y1.3 Picture Books,"Y Children's, YA & Educational"
2013-05-11,9780722532935,The Alchemist,"Coelho, Paulo",201319,295,2087.3,7.0756,9.99,Paperback,Thorsons,HarperCollins Grp,F1.1 General & Literary Fiction,F Adult Fiction
2013-05-18,9780722532935,The Alchemist,"Coelho, Paulo",201320,384,2764.04,7.198,9.99,Paperback,Thorsons,HarperCollins Grp,F1.1 General & Literary Fiction,F Adult Fiction
2013-05-18,9780241003008,The Very Hungry Caterpillar,"Carle, Eric",201320,763,4234.36,5.5496,7.99,Hardback,Puffin Books,Penguin Grp,Y1.3 Picture Books,"Y Children's, YA & Educational"
2013-05-25,9780722532935,The Alchemist,"Coelho, Paulo",201321,360,2563.05,7.1196,9.99,Paperback,Thorsons,HarperCollins Grp,F1.1 General & Literary Fiction,F Adult Fiction
2013-05-25,9780241003008,The Very Hungry Caterpillar,"Carle, Eric",201321,760,4216.99,5.5487,7.99,Hardback,Puffin Books,Penguin Grp,Y1.3 Picture Books,"Y Children's, YA & Educational"
2013-06-01,9780722532935,The Alchemist,"Coelho, Paulo",201322,322,2274.32,7.0631,9.99,Paperback,Thorsons,HarperCollins Grp,F1.1 General & Literary Fiction,F Adult Fiction
2013-06-01,9780241003008,The Very Hungry Caterpillar,"Carle, Eric",201322,690,3800.67,5.5082,7.99,Hardback,Puffin Books,Penguin Grp,Y1.3 Picture Books,"Y Children's, YA & Educational"
2013-06-08,9780241003008,The Very Hungry Caterpillar,"Carle, Eric",201323,705,3949.65,5.6023,7.99,Hardback,Puffin Books,Penguin Grp,Y1.3 Picture Books,"Y Children's, YA & Educational"
2013-06-08,9780722532935,The Alchemist,"Coelho, Paulo",201323,404,2909.01,7.2005,9.99,Paperback,Thorsons,HarperCollins Grp,F1.1 General & Literary Fiction,F Adult Fiction
2013-06-15,9780241003008,The Very Hungry Caterpillar,"Carle, Eric",201324,739,4031.07,5.4548,7.99,Hardback,Puffin Books,Penguin Grp,Y1.3 Picture Books,"Y Children's, YA & Educational"
2013-06-15,9780722532935,The Alchemist,"Coelho, Paulo",201324,382,2683.26,7.0242,9.99,Paperback,Thorsons,HarperCollins Grp,F1.1 General & Literary Fiction,F Adult Fiction
2013-06-22,9780722532935,The Alchemist,"Coelho, Paulo",201325,323,2307.39,7.1436,9.99,Paperback,Thorsons,HarperCollins Grp,F1.1 General & Literary Fiction,F Adult Fiction
2013-06-22,9780241003008,The Very Hungry Caterpillar,"Carle, Eric",201325,696,3791.57,5.4477,7.99,Hardback,Puffin Books,Penguin Grp,Y1.3 Picture Books,"Y Children's, YA & Educational"
2013-06-29,9780722532935,The Alchemist,"Coelho, Paulo",201326,410,2955.65,7.2089,9.99,Paperback,Thorsons,HarperCollins Grp,F1.1 General & Literary Fiction,F Adult Fiction
2013-06-29,9780241003008,The Very Hungry Caterpillar,"Carle, Eric",201326,725,3959.31,5.4611,7.99,Hardback,Puffin Books,Penguin Grp,Y1.3 Picture Books,"Y Children's, YA & Educational"
2013-07-06,9780241003008,The Very Hungry Caterpillar,"Carle, Eric",201327,671,3800.32,5.6637,7.99,Hardback,Puffin Books,Penguin Grp,Y1.3 Picture Books,"Y Children's, YA & Educational"
2013-07-06,9780722532935,The Alchemist,"Coelho, Paulo",201327,382,2771.4,7.255,9.99,Paperback,Thorsons,HarperCollins Grp,F1.1 General & Literary Fiction,F Adult Fiction
2013-07-13,9780241003008,The Very Hungry Caterpillar,"Carle, Eric",201328,546,3078.41,5.6381,7.99,Hardback,Puffin Books,Penguin Grp,Y1.3 Picture Books,"Y Children's, YA & Educational"
2013-07-13,9780722532935,The Alchemist,"Coelho, Paulo",201328,420,3022.22,7.1958,9.99,Paperback,Thorsons,HarperCollins Grp,F1.1 General & Literary Fiction,F Adult Fiction
2013-07-20,9780241003008,The Very Hungry Caterpillar,"Carle, Eric",201329,644,3612.69,5.6098,7.99,Hardback,Puffin Books,Penguin Grp,Y1.3 Picture Books,"Y Children's, YA & Educational"
2013-07-20,9780722532935,The Alchemist,"Coelho, Paulo",201329,442,3167.11,7.1654,9.99,Paperback,Thorsons,HarperCollins Grp,F1.1 General & Literary Fiction,F Adult Fiction
2013-07-27,9780722532935,The Alchemist,"Coelho, Paulo",201330,432,3105.24,7.1881,9.99,Paperback,Thorsons,HarperCollins Grp,F1.1 General & Literary Fiction,F Adult Fiction
2013-07-27,9780241003008,The Very Hungry Caterpillar,"Carle, Eric",201330,658,3767.39,5.7255,7.99,Hardback,Puffin Books,Penguin Grp,Y1.3 Picture Books,"Y Children's, YA & Educational"
2013-08-03,9780241003008,The Very Hungry Caterpillar,"Carle, Eric",201331,730,4109.25,5.6291,7.99,Hardback,Puffin Books,Penguin Grp,Y1.3 Picture Books,"Y Children's, YA & Educational"
2013-08-03,9780722532935,The Alchemist,"Coelho, Paulo",201331,483,3491.62,7.229,9.99,Paperback,Thorsons,HarperCollins Grp,F1.1 General & Literary Fiction,F Adult Fiction
2013-08-10,9780722532935,The Alchemist,"Coelho, Paulo",201332,424,3076.68,7.2563,9.99,Paperback,Thorsons,HarperCollins Grp,F1.1 General & Literary Fiction,F Adult Fiction
2013-08-10,9780241003008,The Very Hungry Caterpillar,"Carle, Eric",201332,788,4427.11,5.6182,7.99,Hardback,Puffin Books,Penguin Grp,Y1.3 Picture Books,"Y Children's, YA & Educational"
2013-08-17,9780241003008,The Very Hungry Caterpillar,"Carle, Eric",201333,711,4010.85,5.6411,7.99,Hardback,Puffin Books,Penguin Grp,Y1.3 Picture Books,"Y Children's, YA & Educational"
2013-08-17,9780722532935,The Alchemist,"Coelho, Paulo",201333,418,3033.31,7.2567,9.99,Paperback,Thorsons,HarperCollins Grp,F1.1 General & Literary Fiction,F Adult Fiction
2013-08-24,9780722532935,The Alchemist,"Coelho, Paulo",201334,392,2826.96,7.2116,9.99,Paperback,Thorsons,HarperCollins Grp,F1.1 General & Literary Fiction,F Adult Fiction
2013-08-24,9780241003008,The Very Hungry Caterpillar,"Carle, Eric",201334,729,4105.79,5.6321,7.99,Hardback,Puffin Books,Penguin Grp,Y1.3 Picture Books,"Y Children's, YA & Educational"
2013-08-31,9780241003008,The Very Hungry Caterpillar,"Carle, Eric",201335,723,4044.37,5.5939,7.99,Hardback,Puffin Books,Penguin Grp,Y1.3 Picture Books,"Y Children's, YA & Educational"
2013-08-31,9780722532935,The Alchemist,"Coelho, Paulo",201335,417,2976.46,7.1378,9.99,Paperback,Thorsons,HarperCollins Grp,F1.1 General & Literary Fiction,F Adult Fiction
2013-09-07,9780241003008,The Very Hungry Caterpillar,"Carle, Eric",201336,693,3936.55,5.6804,7.99,Hardback,Puffin Books,Penguin Grp,Y1.3 Picture Books,"Y Children's, YA & Educational"
2013-09-07,9780722532935,The Alchemist,"Coelho, Paulo",201336,394,2846.06,7.2235,9.99,Paperback,Thorsons,HarperCollins Grp,F1.1 General & Literary Fiction,F Adult Fiction
2013-09-14,9780241003008,The Very Hungry Caterpillar,"Carle, Eric",201337,579,3278.14,5.6617,7.99,Hardback,Puffin Books,Penguin Grp,Y1.3 Picture Books,"Y Children's, YA & Educational"
2013-09-14,9780722532935,The Alchemist,"Coelho, Paulo",201337,343,2447.46,7.1355,9.99,Paperback,Thorsons,HarperCollins Grp,F1.1 General & Literary Fiction,F Adult Fiction
2013-09-21,9780241003008,The Very Hungry Caterpillar,"Carle, Eric",201338,544,3208.46,5.8979,7.99,Hardback,Puffin Books,Penguin Grp,Y1.3 Picture Books,"Y Children's, YA & Educational"
2013-09-21,9780722532935,The Alchemist,"Coelho, Paulo",201338,361,2569.38,7.1174,9.99,Paperback,Thorsons,HarperCollins Grp,F1.1 General & Literary Fiction,F Adult Fiction
2013-09-28,9780722532935,The Alchemist,"Coelho, Paulo",201339,350,2506.73,7.1621,9.99,Paperback,Thorsons,HarperCollins Grp,F1.1 General & Literary Fiction,F Adult Fiction
2013-09-28,9780241003008,The Very Hungry Caterpillar,"Carle, Eric",201339,494,2844.6,5.7583,7.99,Hardback,Puffin Books,Penguin Grp,Y1.3 Picture Books,"Y Children's, YA & Educational"
2013-10-05,9780241003008,The Very Hungry Caterpillar,"Carle, Eric",201340,582,3484.55,5.9872,7.99,Hardback,Puffin Books,Penguin Grp,Y1.3 Picture Books,"Y Children's, YA & Educational"
2013-10-05,9780722532935,The Alchemist,"Coelho, Paulo",201340,392,2811.64,7.1726,9.99,Paperback,Thorsons,HarperCollins Grp,F1.1 General & Literary Fiction,F Adult Fiction
2013-10-12,9780241003008,The Very Hungry Caterpillar,"Carle, Eric",201341,522,3142.05,6.0193,7.99,Hardback,Puffin Books,Penguin Grp,Y1.3 Picture Books,"Y Children's, YA & Educational"
2013-10-12,9780722532935,The Alchemist,"Coelho, Paulo",201341,364,2561.0,7.0357,9.99,Paperback,Thorsons,HarperCollins Grp,F1.1 General & Literary Fiction,F Adult Fiction
2013-10-19,9780722532935,The Alchemist,"Coelho, Paulo",201342,371,2582.69,6.9614,9.99,Paperback,Thorsons,HarperCollins Grp,F1.1 General & Literary Fiction,F Adult Fiction
2013-10-19,9780241003008,The Very Hungry Caterpillar,"Carle, Eric",201342,520,3130.89,6.0209,7.99,Hardback,Puffin Books,Penguin Grp,Y1.3 Picture Books,"Y Children's, YA & Educational"
2013-10-26,9780722532935,The Alchemist,"Coelho, Paulo",201343,348,2472.42,7.1047,9.99,Paperback,Thorsons,HarperCollins Grp,F1.1 General & Literary Fiction,F Adult Fiction
2013-10-26,9780241003008,The Very Hungry Caterpillar,"Carle, Eric",201343,573,3469.37,6.0547,7.99,Hardback,Puffin Books,Penguin Grp,Y1.3 Picture Books,"Y Children's, YA & Educational"
2013-11-02,9780241003008,The Very Hungry Caterpillar,"Carle, Eric",201344,639,3803.95,5.953,7.99,Hardback,Puffin Books,Penguin Grp,Y1.3 Picture Books,"Y Children's, YA & Educational"
2013-11-02,9780722532935,The Alchemist,"Coelho, Paulo",201344,344,2429.4,7.0622,9.99,Paperback,Thorsons,HarperCollins Grp,F1.1 General & Literary Fiction,F Adult Fiction
2013-11-09,9780722532935,The Alchemist,"Coelho, Paulo",201345,317,2267.21,7.1521,9.99,Paperback,Thorsons,HarperCollins Grp,F1.1 General & Literary Fiction,F Adult Fiction
2013-11-09,9780241003008,The Very Hungry Caterpillar,"Carle, Eric",201345,613,3632.59,5.9259,7.99,Hardback,Puffin Books,Penguin Grp,Y1.3 Picture Books,"Y Children's, YA & Educational"
2013-11-16,9780722532935,The Alchemist,"Coelho, Paulo",201346,306,2155.02,7.0425,9.99,Paperback,Thorsons,HarperCollins Grp,F1.1 General & Literary Fiction,F Adult Fiction
2013-11-16,9780241003008,The Very Hungry Caterpillar,"Carle, Eric",201346,635,3641.12,5.734,7.99,Hardback,Puffin Books,Penguin Grp,Y1.3 Picture Books,"Y Children's, YA & Educational"
2013-11-23,9780722532935,The Alchemist,"Coelho, Paulo",201347,428,2807.25,6.559,9.99,Paperback,Thorsons,HarperCollins Grp,F1.1 General & Literary Fiction,F Adult Fiction
2013-11-23,9780241003008,The Very Hungry Caterpillar,"Carle, Eric",201347,795,4385.29,5.5161,7.99,Hardback,Puffin Books,Penguin Grp,Y1.3 Picture Books,"Y Children's, YA & Educational"
2013-11-30,9780722532935,The Alchemist,"Coelho, Paulo",201348,438,2982.76,6.81,9.99,Paperback,Thorsons,HarperCollins Grp,F1.1 General & Literary Fiction,F Adult Fiction
2013-11-30,9780241003008,The Very Hungry Caterpillar,"Carle, Eric",201348,836,4634.54,5.5437,7.99,Hardback,Puffin Books,Penguin Grp,Y1.3 Picture Books,"Y Children's, YA & Educational"
2013-12-07,9780241003008,The Very Hungry Caterpillar,"Carle, Eric",201349,1059,6222.62,5.8759,7.99,Hardback,Puffin Books,Penguin Grp,Y1.3 Picture Books,"Y Children's, YA & Educational"
2013-12-07,9780722532935,The Alchemist,"Coelho, Paulo",201349,618,4181.45,6.7661,9.99,Paperback,Thorsons,HarperCollins Grp,F1.1 General & Literary Fiction,F Adult Fiction
2013-12-14,9780722532935,The Alchemist,"Coelho, Paulo",201350,758,5194.21,6.8525,9.99,Paperback,Thorsons,HarperCollins Grp,F1.1 General & Literary Fiction,F Adult Fiction
2013-12-14,9780241003008,The Very Hungry Caterpillar,"Carle, Eric",201350,1174,7091.92,6.0408,7.99,Hardback,Puffin Books,Penguin Grp,Y1.3 Picture Books,"Y Children's, YA & Educational"
2013-12-21,9780241003008,The Very Hungry Caterpillar,"Carle, Eric",201351,1295,7446.86,5.7505,7.99,Hardback,Puffin Books,Penguin Grp,Y1.3 Picture Books,"Y Children's, YA & Educational"
2013-12-21,9780722532935,The Alchemist,"Coelho, Paulo",201351,897,6819.31,7.6024,9.99,Paperback,Thorsons,HarperCollins Grp,F1.1 General & Literary Fiction,F Adult Fiction
2013-12-28,9780241003008,The Very Hungry Caterpillar,"Carle, Eric",201352,606,3638.38,6.0039,7.99,Hardback,Puffin Books,Penguin Grp,Y1.3 Picture Books,"Y Children's, YA & Educational"
2013-12-28,9780722532935,The Alchemist,"Coelho, Paulo",201352,634,4906.61,7.7391,9.99,Paperback,Thorsons,HarperCollins Grp,F1.1 General & Literary Fiction,F Adult Fiction
2014-01-04,9780241003008,The Very Hungry Caterpillar,"Carle, Eric",201401,426,2428.14,5.6999,7.99,Hardback,Puffin Books,Penguin Grp,Y1.3 Picture Books,"Y Children's, YA & Educational"
2014-01-04,9780722532935,The Alchemist,"Coelho, Paulo",201401,382,2662.12,6.9689,9.99,Paperback,Thorsons,HarperCollins Grp,F1.1 General & Literary Fiction,F Adult Fiction
2014-01-11,9780241003008,The Very Hungry Caterpillar,"Carle, Eric",201402,463,2719.85,5.8744,7.99,Hardback,Puffin Books,Penguin Grp,Y1.3 Picture Books,"Y Children's, YA & Educational"
2014-01-11,9780722532935,The Alchemist,"Coelho, Paulo",201402,563,3798.51,6.7469,9.99,Paperback,Thorsons,HarperCollins Grp,F1.1 General & Literary Fiction,F Adult Fiction
2014-01-18,9780722532935,The Alchemist,"Coelho, Paulo",201403,418,3035.9,7.2629,9.99,Paperback,Thorsons,HarperCollins Grp,F1.1 General & Literary Fiction,F Adult Fiction
2014-01-18,9780241003008,The Very Hungry Caterpillar,"Carle, Eric",201403,379,2130.86,5.6223,7.99,Hardback,Puffin Books,Penguin Grp,Y1.3 Picture Books,"Y Children's, YA & Educational"
2014-01-25,9780722532935,The Alchemist,"Coelho, Paulo",201404,398,2829.57,7.1095,9.99,Paperback,Thorsons,HarperCollins Grp,F1.1 General & Literary Fiction,F Adult Fiction
2014-01-25,9780241003008,The Very Hungry Caterpillar,"Carle, Eric",201404,465,2725.51,5.8613,7.99,Hardback,Puffin Books,Penguin Grp,Y1.3 Picture Books,"Y Children's, YA & Educational"
2014-02-01,9780722532935,The Alchemist,"Coelho, Paulo",201405,401,2718.39,6.779,9.99,Paperback,Thorsons,HarperCollins Grp,F1.1 General & Literary Fiction,F Adult Fiction
2014-02-01,9780241003008,The Very Hungry Caterpillar,"Carle, Eric",201405,553,3158.48,5.7115,7.99,Hardback,Puffin Books,Penguin Grp,Y1.3 Picture Books,"Y Children's, YA & Educational"
2014-02-08,9780722532935,The Alchemist,"Coelho, Paulo",201406,370,2584.47,6.9851,9.99,Paperback,Thorsons,HarperCollins Grp,F1.1 General & Literary Fiction,F Adult Fiction
2014-02-08,9780241003008,The Very Hungry Caterpillar,"Carle, Eric",201406,490,2793.11,5.7002,7.99,Hardback,Puffin Books,Penguin Grp,Y1.3 Picture Books,"Y Children's, YA & Educational"
2014-02-15,9780241003008,The Very Hungry Caterpillar,"Carle, Eric",201407,493,2891.12,5.8643,7.99,Hardback,Puffin Books,Penguin Grp,Y1.3 Picture Books,"Y Children's, YA & Educational"
2014-02-15,9780722532935,The Alchemist,"Coelho, Paulo",201407,408,2959.05,7.2526,9.99,Paperback,Thorsons,HarperCollins Grp,F1.1 General & Literary Fiction,F Adult Fiction
2014-02-22,9780241003008,The Very Hungry Caterpillar,"Carle, Eric",201408,556,3221.64,5.7943,7.99,Hardback,Puffin Books,Penguin Grp,Y1.3 Picture Books,"Y Children's, YA & Educational"
2014-02-22,9780722532935,The Alchemist,"Coelho, Paulo",201408,388,2792.71,7.1977,9.99,Paperback,Thorsons,HarperCollins Grp,F1.1 General & Literary Fiction,F Adult Fiction
2014-03-01,9780722532935,The Alchemist,"Coelho, Paulo",201409,394,2792.93,7.0887,9.99,Paperback,Thorsons,HarperCollins Grp,F1.1 General & Literary Fiction,F Adult Fiction
2014-03-01,9780241003008,The Very Hungry Caterpillar,"Carle, Eric",201409,573,3296.92,5.7538,7.99,Hardback,Puffin Books,Penguin Grp,Y1.3 Picture Books,"Y Children's, YA & Educational"
2014-03-08,9780241003008,The Very Hungry Caterpillar,"Carle, Eric",201410,718,4274.91,5.9539,7.99,Hardback,Puffin Books,Penguin Grp,Y1.3 Picture Books,"Y Children's, YA & Educational"
2014-03-08,9780722532935,The Alchemist,"Coelho, Paulo",201410,307,2166.09,7.0557,9.99,Paperback,Thorsons,HarperCollins Grp,F1.1 General & Literary Fiction,F Adult Fiction
2014-03-15,9780722532935,The Alchemist,"Coelho, Paulo",201411,302,2139.0,7.0828,9.99,Paperback,Thorsons,HarperCollins Grp,F1.1 General & Literary Fiction,F Adult Fiction
2014-03-15,9780241003008,The Very Hungry Caterpillar,"Carle, Eric",201411,549,3256.31,5.9313,7.99,Hardback,Puffin Books,Penguin Grp,Y1.3 Picture Books,"Y Children's, YA & Educational"
2014-03-22,9780241003008,The Very Hungry Caterpillar,"Carle, Eric",201412,544,3227.97,5.9338,7.99,Hardback,Puffin Books,Penguin Grp,Y1.3 Picture Books,"Y Children's, YA & Educational"
2014-03-22,9780722532935,The Alchemist,"Coelho, Paulo",201412,294,2115.66,7.1961,9.99,Paperback,Thorsons,HarperCollins Grp,F1.1 General & Literary Fiction,F Adult Fiction
2014-03-29,9780241003008,The Very Hungry Caterpillar,"Carle, Eric",201413,644,3773.99,5.8602,7.99,Hardback,Puffin Books,Penguin Grp,Y1.3 Picture Books,"Y Children's, YA & Educational"
2014-03-29,9780722532935,The Alchemist,"Coelho, Paulo",201413,394,2783.09,7.0637,9.99,Paperback,Thorsons,HarperCollins Grp,F1.1 General & Literary Fiction,F Adult Fiction
2014-04-05,9780722532935,The Alchemist,"Coelho, Paulo",201414,339,2402.34,7.0865,9.99,Paperback,Thorsons,HarperCollins Grp,F1.1 General & Literary Fiction,F Adult Fiction
2014-04-05,9780241003008,The Very Hungry Caterpillar,"Carle, Eric",201414,646,3634.5,5.6262,7.99,Hardback,Puffin Books,Penguin Grp,Y1.3 Picture Books,"Y Children's, YA & Educational"
2014-04-12,9780722532935,The Alchemist,"Coelho, Paulo",201415,366,2613.76,7.1414,9.99,Paperback,Thorsons,HarperCollins Grp,F1.1 General & Literary Fiction,F Adult Fiction
2014-04-12,9780241003008,The Very Hungry Caterpillar,"Carle, Eric",201415,694,4032.77,5.8109,7.99,Hardback,Puffin Books,Penguin Grp,Y1.3 Picture Books,"Y Children's, YA & Educational"
2014-04-19,9780722532935,The Alchemist,"Coelho, Paulo",201416,442,3142.1,7.1088,9.99,Paperback,Thorsons,HarperCollins Grp,F1.1 General & Literary Fiction,F Adult Fiction
2014-04-19,9780241003008,The Very Hungry Caterpillar,"Carle, Eric",201416,665,3650.82,5.49,7.99,Hardback,Puffin Books,Penguin Grp,Y1.3 Picture Books,"Y Children's, YA & Educational"
2014-04-26,9780722532935,The Alchemist,"Coelho, Paulo",201417,415,2983.5,7.1892,9.99,Paperback,Thorsons,HarperCollins Grp,F1.1 General & Literary Fiction,F Adult Fiction
2014-04-26,9780241003008,The Very Hungry Caterpillar,"Carle, Eric",201417,621,3437.07,5.5347,7.99,Hardback,Puffin Books,Penguin Grp,Y1.3 Picture Books,"Y Children's, YA & Educational"
2014-05-03,9780722532935,The Alchemist,"Coelho, Paulo",201418,415,2953.19,7.1161,9.99,Paperback,Thorsons,HarperCollins Grp,F1.1 General & Literary Fiction,F Adult Fiction
2014-05-03,9780241003008,The Very Hungry Caterpillar,"Carle, Eric",201418,693,3956.95,5.7099,7.99,Hardback,Puffin Books,Penguin Grp,Y1.3 Picture Books,"Y Children's, YA & Educational"
2014-05-10,9780241003008,The Very Hungry Caterpillar,"Carle, Eric",201419,694,3913.58,5.6392,7.99,Hardback,Puffin Books,Penguin Grp,Y1.3 Picture Books,"Y Children's, YA & Educational"
2014-05-10,9780722532935,The Alchemist,"Coelho, Paulo",201419,319,2255.64,7.071,9.99,Paperback,Thorsons,HarperCollins Grp,F1.1 General & Literary Fiction,F Adult Fiction
2014-05-17,9780241003008,The Very Hungry Caterpillar,"Carle, Eric",201420,619,3473.53,5.6115,7.99,Hardback,Puffin Books,Penguin Grp,Y1.3 Picture Books,"Y Children's, YA & Educational"
2014-05-17,9780722532935,The Alchemist,"Coelho, Paulo",201420,309,2188.25,7.0817,9.99,Paperback,Thorsons,HarperCollins Grp,F1.1 General & Literary Fiction,F Adult Fiction
2014-05-24,9780241003008,The Very Hungry Caterpillar,"Carle, Eric",201421,655,3644.59,5.5643,7.99,Hardback,Puffin Books,Penguin Grp,Y1.3 Picture Books,"Y Children's, YA & Educational"
2014-05-24,9780722532935,The Alchemist,"Coelho, Paulo",201421,367,2613.3,7.1207,9.99,Paperback,Thorsons,HarperCollins Grp,F1.1 General & Literary Fiction,F Adult Fiction
2014-05-31,9780241003008,The Very Hungry Caterpillar,"Carle, Eric",201422,662,3730.56,5.6353,7.99,Hardback,Puffin Books,Penguin Grp,Y1.3 Picture Books,"Y Children's, YA & Educational"
2014-05-31,9780722532935,The Alchemist,"Coelho, Paulo",201422,378,2616.38,6.9216,9.99,Paperback,Thorsons,HarperCollins Grp,F1.1 General & Literary Fiction,F Adult Fiction
2014-06-07,9780241003008,The Very Hungry Caterpillar,"Carle, Eric",201423,678,3818.03,5.6313,7.99,Hardback,Puffin Books,Penguin Grp,Y1.3 Picture Books,"Y Children's, YA & Educational"
2014-06-07,9780722532935,The Alchemist,"Coelho, Paulo",201423,491,3410.86,6.9468,9.99,Paperback,Thorsons,HarperCollins Grp,F1.1 General & Literary Fiction,F Adult Fiction
2014-06-14,9780241003008,The Very Hungry Caterpillar,"Carle, Eric",201424,624,3624.89,5.8091,7.99,Hardback,Puffin Books,Penguin Grp,Y1.3 Picture Books,"Y Children's, YA & Educational"
2014-06-14,9780722532935,The Alchemist,"Coelho, Paulo",201424,549,3770.46,6.8679,9.99,Paperback,Thorsons,HarperCollins Grp,F1.1 General & Literary Fiction,F Adult Fiction
2014-06-21,9780722532935,The Alchemist,"Coelho, Paulo",201425,471,3281.39,6.9669,9.99,Paperback,Thorsons,HarperCollins Grp,F1.1 General & Literary Fiction,F Adult Fiction
2014-06-21,9780241003008,The Very Hungry Caterpillar,"Carle, Eric",201425,577,3296.86,5.7138,7.99,Hardback,Puffin Books,Penguin Grp,Y1.3 Picture Books,"Y Children's, YA & Educational"
2014-06-28,9780241003008,The Very Hungry Caterpillar,"Carle, Eric",201426,571,3391.81,5.9401,7.99,Hardback,Puffin Books,Penguin Grp,Y1.3 Picture Books,"Y Children's, YA & Educational"
2014-06-28,9780722532935,The Alchemist,"Coelho, Paulo",201426,517,3623.25,7.0082,9.99,Paperback,Thorsons,HarperCollins Grp,F1.1 General & Literary Fiction,F Adult Fiction
2014-07-05,9780241003008,The Very Hungry Caterpillar,"Carle, Eric",201427,656,3808.22,5.8052,7.99,Hardback,Puffin Books,Penguin Grp,Y1.3 Picture Books,"Y Children's, YA & Educational"
2014-07-05,9780722532935,The Alchemist,"Coelho, Paulo",201427,466,3332.02,7.1503,9.99,Paperback,Thorsons,HarperCollins Grp,F1.1 General & Literary Fiction,F Adult Fiction
2014-07-12,9780241003008,The Very Hungry Caterpillar,"Carle, Eric",201428,660,3821.52,5.7902,7.99,Hardback,Puffin Books,Penguin Grp,Y1.3 Picture Books,"Y Children's, YA & Educational"
2014-07-12,9780722532935,The Alchemist,"Coelho, Paulo",201428,493,3494.97,7.0892,9.99,Paperback,Thorsons,HarperCollins Grp,F1.1 General & Literary Fiction,F Adult Fiction
2014-07-19,9780722532935,The Alchemist,"Coelho, Paulo",201429,482,3569.89,7.4064,9.99,Paperback,Thorsons,HarperCollins Grp,F1.1 General & Literary Fiction,F Adult Fiction
2014-07-19,9780241003008,The Very Hungry Caterpillar,"Carle, Eric",201429,693,4009.3,5.7854,7.99,Hardback,Puffin Books,Penguin Grp,Y1.3 Picture Books,"Y Children's, YA & Educational"
2014-07-26,9780241003008,The Very Hungry Caterpillar,"Carle, Eric",201430,667,4039.46,6.0562,7.99,Hardback,Puffin Books,Penguin Grp,Y1.3 Picture Books,"Y Children's, YA & Educational"
2014-07-26,9780722532935,The Alchemist,"Coelho, Paulo",201430,436,3404.08,7.8075,9.99,Paperback,Thorsons,HarperCollins Grp,F1.1 General & Literary Fiction,F Adult Fiction
2014-08-02,9780722532935,The Alchemist,"Coelho, Paulo",201431,447,3367.2,7.5329,9.99,Paperback,Thorsons,HarperCollins Grp,F1.1 General & Literary Fiction,F Adult Fiction
2014-08-02,9780241003008,The Very Hungry Caterpillar,"Carle, Eric",201431,734,4344.45,5.9189,7.99,Hardback,Puffin Books,Penguin Grp,Y1.3 Picture Books,"Y Children's, YA & Educational"
2014-08-09,9780722532935,The Alchemist,"Coelho, Paulo",201432,438,3369.25,7.6924,9.99,Paperback,Thorsons,HarperCollins Grp,F1.1 General & Literary Fiction,F Adult Fiction
2014-08-09,9780241003008,The Very Hungry Caterpillar,"Carle, Eric",201432,767,4547.18,5.9285,7.99,Hardback,Puffin Books,Penguin Grp,Y1.3 Picture Books,"Y Children's, YA & Educational"
2014-08-16,9780722532935,The Alchemist,"Coelho, Paulo",201433,468,3629.94,7.7563,9.99,Paperback,Thorsons,HarperCollins Grp,F1.1 General & Literary Fiction,F Adult Fiction
2014-08-16,9780241003008,The Very Hungry Caterpillar,"Carle, Eric",201433,738,4430.67,6.0036,7.99,Hardback,Puffin Books,Penguin Grp,Y1.3 Picture Books,"Y Children's, YA & Educational"
2014-08-23,9780722532935,The Alchemist,"Coelho, Paulo",201434,454,3507.49,7.7257,9.99,Paperback,Thorsons,HarperCollins Grp,F1.1 General & Literary Fiction,F Adult Fiction
2014-08-23,9780241003008,The Very Hungry Caterpillar,"Carle, Eric",201434,640,3711.12,5.7986,7.99,Hardback,Puffin Books,Penguin Grp,Y1.3 Picture Books,"Y Children's, YA & Educational"
2014-08-30,9780241003008,The Very Hungry Caterpillar,"Carle, Eric",201435,706,4147.15,5.8742,7.99,Hardback,Puffin Books,Penguin Grp,Y1.3 Picture Books,"Y Children's, YA & Educational"
2014-08-30,9780722532935,The Alchemist,"Coelho, Paulo",201435,428,3338.77,7.8009,9.99,Paperback,Thorsons,HarperCollins Grp,F1.1 General & Literary Fiction,F Adult Fiction
2014-09-06,9780722532935,The Alchemist,"Coelho, Paulo",201436,437,3242.58,7.4201,9.99,Paperback,Thorsons,HarperCollins Grp,F1.1 General & Literary Fiction,F Adult Fiction
2014-09-06,9780241003008,The Very Hungry Caterpillar,"Carle, Eric",201436,731,4171.76,5.7069,7.99,Hardback,Puffin Books,Penguin Grp,Y1.3 Picture Books,"Y Children's, YA & Educational"
2014-09-13,9780241003008,The Very Hungry Caterpillar,"Carle, Eric",201437,750,4169.81,5.5597,7.99,Hardback,Puffin Books,Penguin Grp,Y1.3 Picture Books,"Y Children's, YA & Educational"
2014-09-13,9780722532935,The Alchemist,"Coelho, Paulo",201437,510,3779.8,7.4114,9.99,Paperback,Thorsons,HarperCollins Grp,F1.1 General & Literary Fiction,F Adult Fiction
2014-09-20,9780241003008,The Very Hungry Caterpillar,"Carle, Eric",201438,714,4186.32,5.8632,7.99,Hardback,Puffin Books,Penguin Grp,Y1.3 Picture Books,"Y Children's, YA & Educational"
2014-09-20,9780722532935,The Alchemist,"Coelho, Paulo",201438,489,3685.17,7.5361,9.99,Paperback,Thorsons,HarperCollins Grp,F1.1 General & Literary Fiction,F Adult Fiction
2014-09-27,9780722532935,The Alchemist,"Coelho, Paulo",201439,396,3105.43,7.842,9.99,Paperback,Thorsons,HarperCollins Grp,F1.1 General & Literary Fiction,F Adult Fiction
2014-09-27,9780241003008,The Very Hungry Caterpillar,"Carle, Eric",201439,596,3592.36,6.0274,7.99,Hardback,Puffin Books,Penguin Grp,Y1.3 Picture Books,"Y Children's, YA & Educational"
2014-10-04,9780722532935,The Alchemist,"Coelho, Paulo",201440,432,3332.82,7.7149,9.99,Paperback,Thorsons,HarperCollins Grp,F1.1 General & Literary Fiction,F Adult Fiction
2014-10-04,9780241003008,The Very Hungry Caterpillar,"Carle, Eric",201440,641,3843.4,5.9959,7.99,Hardback,Puffin Books,Penguin Grp,Y1.3 Picture Books,"Y Children's, YA & Educational"
2014-10-11,9780241003008,The Very Hungry Caterpillar,"Carle, Eric",201441,527,3241.28,6.1504,7.99,Hardback,Puffin Books,Penguin Grp,Y1.3 Picture Books,"Y Children's, YA & Educational"
2014-10-11,9780722532935,The Alchemist,"Coelho, Paulo",201441,447,3471.88,7.7671,9.99,Paperback,Thorsons,HarperCollins Grp,F1.1 General & Literary Fiction,F Adult Fiction
2014-10-18,9780241003008,The Very Hungry Caterpillar,"Carle, Eric",201442,527,3308.45,6.2779,7.99,Hardback,Puffin Books,Penguin Grp,Y1.3 Picture Books,"Y Children's, YA & Educational"
2014-10-18,9780722532935,The Alchemist,"Coelho, Paulo",201442,390,2971.79,7.62,9.99,Paperback,Thorsons,HarperCollins Grp,F1.1 General & Literary Fiction,F Adult Fiction
2014-10-25,9780241003008,The Very Hungry Caterpillar,"Carle, Eric",201443,493,3091.93,6.2717,7.99,Hardback,Puffin Books,Penguin Grp,Y1.3 Picture Books,"Y Children's, YA & Educational"
2014-10-25,9780722532935,The Alchemist,"Coelho, Paulo",201443,425,3270.89,7.6962,9.99,Paperback,Thorsons,HarperCollins Grp,F1.1 General & Literary Fiction,F Adult Fiction
2014-11-01,9780241003008,The Very Hungry Caterpillar,"Carle, Eric",201444,614,3795.92,6.1823,7.99,Hardback,Puffin Books,Penguin Grp,Y1.3 Picture Books,"Y Children's, YA & Educational"
2014-11-01,9780722532935,The Alchemist,"Coelho, Paulo",201444,414,3244.96,7.8381,9.99,Paperback,Thorsons,HarperCollins Grp,F1.1 General & Literary Fiction,F Adult Fiction
2014-11-08,9780241003008,The Very Hungry Caterpillar,"Carle, Eric",201445,585,3576.41,6.1135,7.99,Hardback,Puffin Books,Penguin Grp,Y1.3 Picture Books,"Y Children's, YA & Educational"
2014-11-08,9780722532935,The Alchemist,"Coelho, Paulo",201445,403,3105.72,7.7065,9.99,Paperback,Thorsons,HarperCollins Grp,F1.1 General & Literary Fiction,F Adult Fiction
2014-11-15,9780722532935,The Alchemist,"Coelho, Paulo",201446,414,3201.32,7.7327,9.99,Paperback,Thorsons,HarperCollins Grp,F1.1 General & Literary Fiction,F Adult Fiction
2014-11-15,9780241003008,The Very Hungry Caterpillar,"Carle, Eric",201446,776,4777.96,6.1572,7.99,Hardback,Puffin Books,Penguin Grp,Y1.3 Picture Books,"Y Children's, YA & Educational"
2014-11-22,9780241003008,The Very Hungry Caterpillar,"Carle, Eric",201447,902,5421.92,6.011,7.99,Hardback,Puffin Books,Penguin Grp,Y1.3 Picture Books,"Y Children's, YA & Educational"
2014-11-22,9780722532935,The Alchemist,"Coelho, Paulo",201447,344,2789.23,8.1082,9.99,Paperback,Thorsons,HarperCollins Grp,F1.1 General & Literary Fiction,F Adult Fiction
2014-11-29,9780722532935,The Alchemist,"Coelho, Paulo",201448,434,3406.07,7.8481,9.99,Paperback,Thorsons,HarperCollins Grp,F1.1 General & Literary Fiction,F Adult Fiction
2014-11-29,9780241003008,The Very Hungry Caterpillar,"Carle, Eric",201448,1131,6787.49,6.0013,7.99,Hardback,Puffin Books,Penguin Grp,Y1.3 Picture Books,"Y Children's, YA & Educational"
2014-12-06,9780722532935,The Alchemist,"Coelho, Paulo",201449,624,4750.87,7.6136,9.99,Paperback,Thorsons,HarperCollins Grp,F1.1 General & Literary Fiction,F Adult Fiction
2014-12-06,9780241003008,The Very Hungry Caterpillar,"Carle, Eric",201449,1432,7678.95,5.3624,7.99,Hardback,Puffin Books,Penguin Grp,Y1.3 Picture Books,"Y Children's, YA & Educational"
2014-12-13,9780722532935,The Alchemist,"Coelho, Paulo",201450,698,5409.38,7.7498,9.99,Paperback,Thorsons,HarperCollins Grp,F1.1 General & Literary Fiction,F Adult Fiction
2014-12-13,9780241003008,The Very Hungry Caterpillar,"Carle, Eric",201450,1638,9273.81,5.6617,7.99,Hardback,Puffin Books,Penguin Grp,Y1.3 Picture Books,"Y Children's, YA & Educational"
2014-12-20,9780722532935,The Alchemist,"Coelho, Paulo",201451,1188,9397.0,7.9099,9.99,Paperback,Thorsons,HarperCollins Grp,F1.1 General & Literary Fiction,F Adult Fiction
2014-12-20,9780241003008,The Very Hungry Caterpillar,"Carle, Eric",201451,1995,11897.64,5.9637,7.99,Hardback,Puffin Books,Penguin Grp,Y1.3 Picture Books,"Y Children's, YA & Educational"
2014-12-27,9780722532935,The Alchemist,"Coelho, Paulo",201452,1035,8696.96,8.4029,9.99,Paperback,Thorsons,HarperCollins Grp,F1.1 General & Literary Fiction,F Adult Fiction
2014-12-27,9780241003008,The Very Hungry Caterpillar,"Carle, Eric",201452,1002,6296.95,6.2844,7.99,Hardback,Puffin Books,Penguin Grp,Y1.3 Picture Books,"Y Children's, YA & Educational"
2015-01-03,9780241003008,The Very Hungry Caterpillar,"Carle, Eric",201501,553,2962.45,5.3571,7.99,Hardback,Puffin Books,Penguin Grp,Y1.3 Picture Books,"Y Children's, YA & Educational"
2015-01-03,9780722532935,The Alchemist,"Coelho, Paulo",201501,412,3304.44,8.0205,9.99,Paperback,Thorsons,HarperCollins Grp,F1.1 General & Literary Fiction,F Adult Fiction
2015-01-10,9780722532935,The Alchemist,"Coelho, Paulo",201502,467,3670.55,7.8599,9.99,Paperback,Thorsons,HarperCollins Grp,F1.1 General & Literary Fiction,F Adult Fiction
2015-01-10,9780241003008,The Very Hungry Caterpillar,"Carle, Eric",201502,553,3204.4,5.7946,7.99,Hardback,Puffin Books,Penguin Grp,Y1.3 Picture Books,"Y Children's, YA & Educational"
2015-01-17,9780241003008,The Very Hungry Caterpillar,"Carle, Eric",201503,654,3379.21,5.167,7.99,Hardback,Puffin Books,Penguin Grp,Y1.3 Picture Books,"Y Children's, YA & Educational"
2015-01-17,9780722532935,The Alchemist,"Coelho, Paulo",201503,442,3507.83,7.9363,9.99,Paperback,Thorsons,HarperCollins Grp,F1.1 General & Literary Fiction,F Adult Fiction
2015-01-24,9780241003008,The Very Hungry Caterpillar,"Carle, Eric",201504,897,4284.25,4.7762,7.99,Hardback,Puffin Books,Penguin Grp,Y1.3 Picture Books,"Y Children's, YA & Educational"
2015-01-24,9780722532935,The Alchemist,"Coelho, Paulo",201504,375,3015.15,8.0404,9.99,Paperback,Thorsons,HarperCollins Grp,F1.1 General & Literary Fiction,F Adult Fiction
2015-01-31,9780241003008,The Very Hungry Caterpillar,"Carle, Eric",201505,970,4320.55,4.4542,7.99,Hardback,Puffin Books,Penguin Grp,Y1.3 Picture Books,"Y Children's, YA & Educational"
2015-01-31,9780722532935,The Alchemist,"Coelho, Paulo",201505,446,3485.03,7.814,9.99,Paperback,Thorsons,HarperCollins Grp,F1.1 General & Literary Fiction,F Adult Fiction
2015-02-07,9780241003008,The Very Hungry Caterpillar,"Carle, Eric",201506,649,3305.83,5.0937,7.99,Hardback,Puffin Books,Penguin Grp,Y1.3 Picture Books,"Y Children's, YA & Educational"
2015-02-07,9780722532935,The Alchemist,"Coelho, Paulo",201506,457,3588.84,7.853,9.99,Paperback,Thorsons,HarperCollins Grp,F1.1 General & Literary Fiction,F Adult Fiction
2015-02-14,9780241003008,The Very Hungry Caterpillar,"Carle, Eric",201507,1003,4675.32,4.6613,7.99,Hardback,Puffin Books,Penguin Grp,Y1.3 Picture Books,"Y Children's, YA & Educational"
2015-02-14,9780722532935,The Alchemist,"Coelho, Paulo",201507,523,4209.9,8.0495,9.99,Paperback,Thorsons,HarperCollins Grp,F1.1 General & Literary Fiction,F Adult Fiction
2015-02-21,9780241003008,The Very Hungry Caterpillar,"Carle, Eric",201508,1150,5287.25,4.5976,7.99,Hardback,Puffin Books,Penguin Grp,Y1.3 Picture Books,"Y Children's, YA & Educational"
2015-02-21,9780722532935,The Alchemist,"Coelho, Paulo",201508,380,3106.47,8.1749,9.99,Paperback,Thorsons,HarperCollins Grp,F1.1 General & Literary Fiction,F Adult Fiction
2015-02-28,9780722532935,The Alchemist,"Coelho, Paulo",201509,410,3294.73,8.0359,9.99,Paperback,Thorsons,HarperCollins Grp,F1.1 General & Literary Fiction,F Adult Fiction
2015-02-28,9780241003008,The Very Hungry Caterpillar,"Carle, Eric",201509,1182,5413.08,4.5796,7.99,Hardback,Puffin Books,Penguin Grp,Y1.3 Picture Books,"Y Children's, YA & Educational"
2015-03-07,9780722532935,The Alchemist,"Coelho, Paulo",201510,391,3158.96,8.0792,9.99,Paperback,Thorsons,HarperCollins Grp,F1.1 General & Literary Fiction,F Adult Fiction
2015-03-07,9780241003008,The Very Hungry Caterpillar,"Carle, Eric",201510,1313,6210.42,4.7299,7.99,Hardback,Puffin Books,Penguin Grp,Y1.3 Picture Books,"Y Children's, YA & Educational"
2015-03-14,9780722532935,The Alchemist,"Coelho, Paulo",201511,372,3012.59,8.0984,9.99,Paperback,Thorsons,HarperCollins Grp,F1.1 General & Literary Fiction,F Adult Fiction
2015-03-14,9780241003008,The Very Hungry Caterpillar,"Carle, Eric",201511,1165,5474.95,4.6995,7.99,Hardback,Puffin Books,Penguin Grp,Y1.3 Picture Books,"Y Children's, YA & Educational"
2015-03-21,9780722532935,The Alchemist,"Coelho, Paulo",201512,354,2813.52,7.9478,9.99,Paperback,Thorsons,HarperCollins Grp,F1.1 General & Literary Fiction,F Adult Fiction
2015-03-21,9780241003008,The Very Hungry Caterpillar,"Carle, Eric",201512,1158,5354.11,4.6236,7.99,Hardback,Puffin Books,Penguin Grp,Y1.3 Picture Books,"Y Children's, YA & Educational"
2015-03-28,9780241003008,The Very Hungry Caterpillar,"Carle, Eric",201513,1154,5377.09,4.6595,7.99,Hardback,Puffin Books,Penguin Grp,Y1.3 Picture Books,"Y Children's, YA & Educational"
2015-03-28,9780722532935,The Alchemist,"Coelho, Paulo",201513,390,3137.96,8.0461,9.99,Paperback,Thorsons,HarperCollins Grp,F1.1 General & Literary Fiction,F Adult Fiction
2015-04-04,9780241003008,The Very Hungry Caterpillar,"Carle, Eric",201514,1367,6482.08,4.7418,7.99,Hardback,Puffin Books,Penguin Grp,Y1.3 Picture Books,"Y Children's, YA & Educational"
2015-04-04,9780722532935,The Alchemist,"Coelho, Paulo",201514,358,2908.52,8.1244,9.99,Paperback,Thorsons,HarperCollins Grp,F1.1 General & Literary Fiction,F Adult Fiction
2015-04-11,9780241003008,The Very Hungry Caterpillar,"Carle, Eric",201515,925,4305.57,4.6547,7.99,Hardback,Puffin Books,Penguin Grp,Y1.3 Picture Books,"Y Children's, YA & Educational"
2015-04-11,9780722532935,The Alchemist,"Coelho, Paulo",201515,315,2509.8,7.9676,9.99,Paperback,Thorsons,HarperCollins Grp,F1.1 General & Literary Fiction,F Adult Fiction
2015-04-18,9780722532935,The Alchemist,"Coelho, Paulo",201516,373,2984.26,8.0007,9.99,Paperback,Thorsons,HarperCollins Grp,F1.1 General & Literary Fiction,F Adult Fiction
2015-04-18,9780241003008,The Very Hungry Caterpillar,"Carle, Eric",201516,1026,4704.48,4.5853,7.99,Hardback,Puffin Books,Penguin Grp,Y1.3 Picture Books,"Y Children's, YA & Educational"
2015-04-25,9780722532935,The Alchemist,"Coelho, Paulo",201517,366,2896.66,7.9144,9.99,Paperback,Thorsons,HarperCollins Grp,F1.1 General & Literary Fiction,F Adult Fiction
2015-04-25,9780241003008,The Very Hungry Caterpillar,"Carle, Eric",201517,1025,4736.13,4.6206,7.99,Hardback,Puffin Books,Penguin Grp,Y1.3 Picture Books,"Y Children's, YA & Educational"
2015-05-02,9780722532935,The Alchemist,"Coelho, Paulo",201518,374,2971.44,7.945,9.99,Paperback,Thorsons,HarperCollins Grp,F1.1 General & Literary Fiction,F Adult Fiction
2015-05-02,9780241003008,The Very Hungry Caterpillar,"Carle, Eric",201518,1106,5032.57,4.5502,7.99,Hardback,Puffin Books,Penguin Grp,Y1.3 Picture Books,"Y Children's, YA & Educational"
2015-05-09,9780241003008,The Very Hungry Caterpillar,"Carle, Eric",201519,1122,5180.47,4.6172,7.99,Hardback,Puffin Books,Penguin Grp,Y1.3 Picture Books,"Y Children's, YA & Educational"
2015-05-09,9780722532935,The Alchemist,"Coelho, Paulo",201519,332,2767.14,8.3348,9.99,Paperback,Thorsons,HarperCollins Grp,F1.1 General & Literary Fiction,F Adult Fiction
2015-05-16,9780722532935,The Alchemist,"Coelho, Paulo",201520,335,2710.24,8.0903,9.99,Paperback,Thorsons,HarperCollins Grp,F1.1 General & Literary Fiction,F Adult Fiction
2015-05-16,9780241003008,The Very Hungry Caterpillar,"Carle, Eric",201520,1061,4836.59,4.5585,7.99,Hardback,Puffin Books,Penguin Grp,Y1.3 Picture Books,"Y Children's, YA & Educational"
2015-05-23,9780241003008,The Very Hungry Caterpillar,"Carle, Eric",201521,1119,5122.87,4.5781,7.99,Hardback,Puffin Books,Penguin Grp,Y1.3 Picture Books,"Y Children's, YA & Educational"
2015-05-23,9780722532935,The Alchemist,"Coelho, Paulo",201521,339,2695.0,7.9499,9.99,Paperback,Thorsons,HarperCollins Grp,F1.1 General & Literary Fiction,F Adult Fiction
2015-05-30,9780722532935,The Alchemist,"Coelho, Paulo",201522,431,3429.58,7.9573,9.99,Paperback,Thorsons,HarperCollins Grp,F1.1 General & Literary Fiction,F Adult Fiction
2015-05-30,9780241003008,The Very Hungry Caterpillar,"Carle, Eric",201522,1070,4913.14,4.5917,7.99,Hardback,Puffin Books,Penguin Grp,Y1.3 Picture Books,"Y Children's, YA & Educational"
2015-06-06,9780241003008,The Very Hungry Caterpillar,"Carle, Eric",201523,1183,5389.87,4.5561,7.99,Hardback,Puffin Books,Penguin Grp,Y1.3 Picture Books,"Y Children's, YA & Educational"
2015-06-06,9780722532935,The Alchemist,"Coelho, Paulo",201523,484,3871.2,7.9983,9.99,Paperback,Thorsons,HarperCollins Grp,F1.1 General & Literary Fiction,F Adult Fiction
2015-06-13,9780722532935,The Alchemist,"Coelho, Paulo",201524,351,2856.89,8.1393,9.99,Paperback,Thorsons,HarperCollins Grp,F1.1 General & Literary Fiction,F Adult Fiction
2015-06-13,9780241003008,The Very Hungry Caterpillar,"Carle, Eric",201524,1059,5053.31,4.7718,7.99,Hardback,Puffin Books,Penguin Grp,Y1.3 Picture Books,"Y Children's, YA & Educational"
2015-06-20,9780241003008,The Very Hungry Caterpillar,"Carle, Eric",201525,1095,5134.39,4.6889,7.99,Hardback,Puffin Books,Penguin Grp,Y1.3 Picture Books,"Y Children's, YA & Educational"
2015-06-20,9780722532935,The Alchemist,"Coelho, Paulo",201525,326,2676.52,8.2102,9.99,Paperback,Thorsons,HarperCollins Grp,F1.1 General & Literary Fiction,F Adult Fiction
2015-06-27,9780241003008,The Very Hungry Caterpillar,"Carle, Eric",201526,894,4007.15,4.4823,7.99,Hardback,Puffin Books,Penguin Grp,Y1.3 Picture Books,"Y Children's, YA & Educational"
2015-06-27,9780722532935,The Alchemist,"Coelho, Paulo",201526,337,2803.59,8.3193,9.99,Paperback,Thorsons,HarperCollins Grp,F1.1 General & Literary Fiction,F Adult Fiction
2015-07-04,9780241003008,The Very Hungry Caterpillar,"Carle, Eric",201527,932,4017.76,4.3109,7.99,Hardback,Puffin Books,Penguin Grp,Y1.3 Picture Books,"Y Children's, YA & Educational"
2015-07-04,9780722532935,The Alchemist,"Coelho, Paulo",201527,334,2774.51,8.3069,9.99,Paperback,Thorsons,HarperCollins Grp,F1.1 General & Literary Fiction,F Adult Fiction
2015-07-11,9780241003008,The Very Hungry Caterpillar,"Carle, Eric",201528,1199,5399.55,4.5034,7.99,Hardback,Puffin Books,Penguin Grp,Y1.3 Picture Books,"Y Children's, YA & Educational"
2015-07-11,9780722532935,The Alchemist,"Coelho, Paulo",201528,311,2562.32,8.239,9.99,Paperback,Thorsons,HarperCollins Grp,F1.1 General & Literary Fiction,F Adult Fiction
2015-07-18,9780722532935,The Alchemist,"Coelho, Paulo",201529,334,2734.37,8.1867,9.99,Paperback,Thorsons,HarperCollins Grp,F1.1 General & Literary Fiction,F Adult Fiction
2015-07-18,9780241003008,The Very Hungry Caterpillar,"Carle, Eric",201529,1332,6283.64,4.7174,7.99,Hardback,Puffin Books,Penguin Grp,Y1.3 Picture Books,"Y Children's, YA & Educational"
2015-07-25,9780722532935,The Alchemist,"Coelho, Paulo",201530,387,3097.96,8.0051,9.99,Paperback,Thorsons,HarperCollins Grp,F1.1 General & Literary Fiction,F Adult Fiction
2015-07-25,9780241003008,The Very Hungry Caterpillar,"Carle, Eric",201530,1331,6154.67,4.6241,7.99,Hardback,Puffin Books,Penguin Grp,Y1.3 Picture Books,"Y Children's, YA & Educational"
2015-08-01,9780241003008,The Very Hungry Caterpillar,"Carle, Eric",201531,1342,6253.99,4.6602,7.99,Hardback,Puffin Books,Penguin Grp,Y1.3 Picture Books,"Y Children's, YA & Educational"
2015-08-01,9780722532935,The Alchemist,"Coelho, Paulo",201531,390,3188.9,8.1767,9.99,Paperback,Thorsons,HarperCollins Grp,F1.1 General & Literary Fiction,F Adult Fiction
2015-08-08,9780722532935,The Alchemist,"Coelho, Paulo",201532,430,3369.95,7.8371,9.99,Paperback,Thorsons,HarperCollins Grp,F1.1 General & Literary Fiction,F Adult Fiction
2015-08-08,9780241003008,The Very Hungry Caterpillar,"Carle, Eric",201532,1408,6221.2,4.4185,7.99,Hardback,Puffin Books,Penguin Grp,Y1.3 Picture Books,"Y Children's, YA & Educational"
2015-08-15,9780241003008,The Very Hungry Caterpillar,"Carle, Eric",201533,1342,6149.08,4.582,7.99,Hardback,Puffin Books,Penguin Grp,Y1.3 Picture Books,"Y Children's, YA & Educational"
2015-08-15,9780722532935,The Alchemist,"Coelho, Paulo",201533,434,3480.64,8.0199,9.99,Paperback,Thorsons,HarperCollins Grp,F1.1 General & Literary Fiction,F Adult Fiction
2015-08-22,9780241003008,The Very Hungry Caterpillar,"Carle, Eric",201534,1425,6532.05,4.5839,7.99,Hardback,Puffin Books,Penguin Grp,Y1.3 Picture Books,"Y Children's, YA & Educational"
2015-08-22,9780722532935,The Alchemist,"Coelho, Paulo",201534,403,3179.92,7.8906,9.99,Paperback,Thorsons,HarperCollins Grp,F1.1 General & Literary Fiction,F Adult Fiction
2015-08-29,9780722532935,The Alchemist,"Coelho, Paulo",201535,447,3540.9,7.9215,9.99,Paperback,Thorsons,HarperCollins Grp,F1.1 General & Literary Fiction,F Adult Fiction
2015-08-29,9780241003008,The Very Hungry Caterpillar,"Carle, Eric",201535,1437,6632.21,4.6153,7.99,Hardback,Puffin Books,Penguin Grp,Y1.3 Picture Books,"Y Children's, YA & Educational"
2015-09-05,9780722532935,The Alchemist,"Coelho, Paulo",201536,409,3205.22,7.8367,9.99,Paperback,Thorsons,HarperCollins Grp,F1.1 General & Literary Fiction,F Adult Fiction
2015-09-05,9780241003008,The Very Hungry Caterpillar,"Carle, Eric",201536,1376,6629.93,4.8183,7.99,Hardback,Puffin Books,Penguin Grp,Y1.3 Picture Books,"Y Children's, YA & Educational"
2015-09-12,9780722532935,The Alchemist,"Coelho, Paulo",201537,459,3606.7,7.8577,9.99,Paperback,Thorsons,HarperCollins Grp,F1.1 General & Literary Fiction,F Adult Fiction
2015-09-12,9780241003008,The Very Hungry Caterpillar,"Carle, Eric",201537,1369,6027.9,4.4031,7.99,Hardback,Puffin Books,Penguin Grp,Y1.3 Picture Books,"Y Children's, YA & Educational"
2015-09-19,9780241003008,The Very Hungry Caterpillar,"Carle, Eric",201538,1328,5771.52,4.346,7.99,Hardback,Puffin Books,Penguin Grp,Y1.3 Picture Books,"Y Children's, YA & Educational"
2015-09-19,9780722532935,The Alchemist,"Coelho, Paulo",201538,344,2709.51,7.8765,9.99,Paperback,Thorsons,HarperCollins Grp,F1.1 General & Literary Fiction,F Adult Fiction
2015-09-26,9780722532935,The Alchemist,"Coelho, Paulo",201539,381,3025.44,7.9408,9.99,Paperback,Thorsons,HarperCollins Grp,F1.1 General & Literary Fiction,F Adult Fiction
2015-09-26,9780241003008,The Very Hungry Caterpillar,"Carle, Eric",201539,1424,6253.75,4.3917,7.99,Hardback,Puffin Books,Penguin Grp,Y1.3 Picture Books,"Y Children's, YA & Educational"
2015-10-03,9780241003008,The Very Hungry Caterpillar,"Carle, Eric",201540,1585,6892.74,4.3487,7.99,Hardback,Puffin Books,Penguin Grp,Y1.3 Picture Books,"Y Children's, YA & Educational"
2015-10-03,9780722532935,The Alchemist,"Coelho, Paulo",201540,408,3235.8,7.9309,9.99,Paperback,Thorsons,HarperCollins Grp,F1.1 General & Literary Fiction,F Adult Fiction
2015-10-10,9780722532935,The Alchemist,"Coelho, Paulo",201541,355,2869.14,8.0821,9.99,Paperback,Thorsons,HarperCollins Grp,F1.1 General & Literary Fiction,F Adult Fiction
2015-10-10,9780241003008,The Very Hungry Caterpillar,"Carle, Eric",201541,1520,6642.3,4.3699,7.99,Hardback,Puffin Books,Penguin Grp,Y1.3 Picture Books,"Y Children's, YA & Educational"
2015-10-17,9780722532935,The Alchemist,"Coelho, Paulo",201542,310,2555.99,8.2451,9.99,Paperback,Thorsons,HarperCollins Grp,F1.1 General & Literary Fiction,F Adult Fiction
2015-10-17,9780241003008,The Very Hungry Caterpillar,"Carle, Eric",201542,1388,6080.06,4.3804,7.99,Hardback,Puffin Books,Penguin Grp,Y1.3 Picture Books,"Y Children's, YA & Educational"
2015-10-24,9780241003008,The Very Hungry Caterpillar,"Carle, Eric",201543,1363,5990.74,4.3953,7.99,Hardback,Puffin Books,Penguin Grp,Y1.3 Picture Books,"Y Children's, YA & Educational"
2015-10-24,9780722532935,The Alchemist,"Coelho, Paulo",201543,411,3110.44,7.568,9.99,Paperback,Thorsons,HarperCollins Grp,F1.1 General & Literary Fiction,F Adult Fiction
2015-10-31,9780241003008,The Very Hungry Caterpillar,"Carle, Eric",201544,1664,7137.49,4.2894,7.99,Hardback,Puffin Books,Penguin Grp,Y1.3 Picture Books,"Y Children's, YA & Educational"
2015-10-31,9780722532935,The Alchemist,"Coelho, Paulo",201544,411,3190.39,7.7625,9.99,Paperback,Thorsons,HarperCollins Grp,F1.1 General & Literary Fiction,F Adult Fiction
2015-11-07,9780722532935,The Alchemist,"Coelho, Paulo",201545,397,3135.97,7.8992,9.99,Paperback,Thorsons,HarperCollins Grp,F1.1 General & Literary Fiction,F Adult Fiction
2015-11-07,9780241003008,The Very Hungry Caterpillar,"Carle, Eric",201545,1410,7767.28,5.5087,7.99,Hardback,Puffin Books,Penguin Grp,Y1.3 Picture Books,"Y Children's, YA & Educational"
2015-11-14,9780241003008,The Very Hungry Caterpillar,"Carle, Eric",201546,1431,7902.54,5.5224,7.99,Hardback,Puffin Books,Penguin Grp,Y1.3 Picture Books,"Y Children's, YA & Educational"
2015-11-14,9780722532935,The Alchemist,"Coelho, Paulo",201546,377,2957.83,7.8457,9.99,Paperback,Thorsons,HarperCollins Grp,F1.1 General & Literary Fiction,F Adult Fiction
2015-11-21,9780241003008,The Very Hungry Caterpillar,"Carle, Eric",201547,1530,8179.37,5.346,7.99,Hardback,Puffin Books,Penguin Grp,Y1.3 Picture Books,"Y Children's, YA & Educational"
2015-11-21,9780722532935,The Alchemist,"Coelho, Paulo",201547,423,3254.89,7.6948,9.99,Paperback,Thorsons,HarperCollins Grp,F1.1 General & Literary Fiction,F Adult Fiction
2015-11-28,9780722532935,The Alchemist,"Coelho, Paulo",201548,477,3713.42,7.7849,9.99,Paperback,Thorsons,HarperCollins Grp,F1.1 General & Literary Fiction,F Adult Fiction
2015-11-28,9780241003008,The Very Hungry Caterpillar,"Carle, Eric",201548,2467,10235.84,4.1491,7.99,Hardback,Puffin Books,Penguin Grp,Y1.3 Picture Books,"Y Children's, YA & Educational"
2015-12-05,9780722532935,The Alchemist,"Coelho, Paulo",201549,548,4077.86,7.4414,9.99,Paperback,Thorsons,HarperCollins Grp,F1.1 General & Literary Fiction,F Adult Fiction
2015-12-05,9780241003008,The Very Hungry Caterpillar,"Carle, Eric",201549,3304,13086.06,3.9607,7.99,Hardback,Puffin Books,Penguin Grp,Y1.3 Picture Books,"Y Children's, YA & Educational"
2015-12-12,9780241003008,The Very Hungry Caterpillar,"Carle, Eric",201550,3806,15572.37,4.0915,7.99,Hardback,Puffin Books,Penguin Grp,Y1.3 Picture Books,"Y Children's, YA & Educational"
2015-12-12,9780722532935,The Alchemist,"Coelho, Paulo",201550,799,6148.58,7.6953,9.99,Paperback,Thorsons,HarperCollins Grp,F1.1 General & Literary Fiction,F Adult Fiction
2015-12-19,9780722532935,The Alchemist,"Coelho, Paulo",201551,1245,9736.2,7.8202,9.99,Paperback,Thorsons,HarperCollins Grp,F1.1 General & Literary Fiction,F Adult Fiction
2015-12-19,9780241003008,The Very Hungry Caterpillar,"Carle, Eric",201551,2501,11604.57,4.64,7.99,Hardback,Puffin Books,Penguin Grp,Y1.3 Picture Books,"Y Children's, YA & Educational"
2015-12-26,9780722532935,The Alchemist,"Coelho, Paulo",201552,1132,9360.17,8.2687,9.99,Paperback,Thorsons,HarperCollins Grp,F1.1 General & Literary Fiction,F Adult Fiction
2015-12-26,9780241003008,The Very Hungry Caterpillar,"Carle, Eric",201552,995,5858.61,5.8881,7.99,Hardback,Puffin Books,Penguin Grp,Y1.3 Picture Books,"Y Children's, YA & Educational"
2016-01-02,9780241003008,The Very Hungry Caterpillar,"Carle, Eric",201553,298,1717.75,5.7643,7.99,Hardback,Puffin Books,Penguin Grp,Y1.3 Picture Books,"Y Children's, YA & Educational"
2016-01-02,9780722532935,The Alchemist,"Coelho, Paulo",201553,482,3759.19,7.7991,9.99,Paperback,Thorsons,HarperCollins Grp,F1.1 General & Literary Fiction,F Adult Fiction
2016-01-09,9780241003008,The Very Hungry Caterpillar,"Carle, Eric",201601,326,1880.04,5.767,7.99,Hardback,Puffin Books,Penguin Grp,Y1.3 Picture Books,"Y Children's, YA & Educational"
2016-01-09,9780722532935,The Alchemist,"Coelho, Paulo",201601,565,4128.95,7.3079,9.99,Paperback,Thorsons,HarperCollins Grp,F1.1 General & Literary Fiction,F Adult Fiction
2016-01-16,9780722532935,The Alchemist,"Coelho, Paulo",201602,429,3305.59,7.7053,9.99,Paperback,Thorsons,HarperCollins Grp,F1.1 General & Literary Fiction,F Adult Fiction
2016-01-16,9780241003008,The Very Hungry Caterpillar,"Carle, Eric",201602,213,1212.73,5.6936,7.99,Hardback,Puffin Books,Penguin Grp,Y1.3 Picture Books,"Y Children's, YA & Educational"
2016-01-23,9780241003008,The Very Hungry Caterpillar,"Carle, Eric",201603,238,1454.53,6.1115,7.99,Hardback,Puffin Books,Penguin Grp,Y1.3 Picture Books,"Y Children's, YA & Educational"
2016-01-23,9780722532935,The Alchemist,"Coelho, Paulo",201603,426,3313.86,7.779,9.99,Paperback,Thorsons,HarperCollins Grp,F1.1 General & Literary Fiction,F Adult Fiction
2016-01-30,9780722532935,The Alchemist,"Coelho, Paulo",201604,448,3384.79,7.5553,9.99,Paperback,Thorsons,HarperCollins Grp,F1.1 General & Literary Fiction,F Adult Fiction
2016-01-30,9780241003008,The Very Hungry Caterpillar,"Carle, Eric",201604,213,1304.48,6.1243,7.99,Hardback,Puffin Books,Penguin Grp,Y1.3 Picture Books,"Y Children's, YA & Educational"
2016-02-06,9780722532935,The Alchemist,"Coelho, Paulo",201605,456,3488.74,7.6507,9.99,Paperback,Thorsons,HarperCollins Grp,F1.1 General & Literary Fiction,F Adult Fiction
2016-02-06,9780241003008,The Very Hungry Caterpillar,"Carle, Eric",201605,397,2124.18,5.3506,7.99,Hardback,Puffin Books,Penguin Grp,Y1.3 Picture Books,"Y Children's, YA & Educational"
2016-02-13,9780241003008,The Very Hungry Caterpillar,"Carle, Eric",201606,750,3809.24,5.079,7.99,Hardback,Puffin Books,Penguin Grp,Y1.3 Picture Books,"Y Children's, YA & Educational"
2016-02-13,9780722532935,The Alchemist,"Coelho, Paulo",201606,436,3346.77,7.6761,9.99,Paperback,Thorsons,HarperCollins Grp,F1.1 General & Literary Fiction,F Adult Fiction
2016-02-20,9780722532935,The Alchemist,"Coelho, Paulo",201607,414,3236.76,7.8183,9.99,Paperback,Thorsons,HarperCollins Grp,F1.1 General & Literary Fiction,F Adult Fiction
2016-02-20,9780241003008,The Very Hungry Caterpillar,"Carle, Eric",201607,1018,4785.2,4.7006,7.99,Hardback,Puffin Books,Penguin Grp,Y1.3 Picture Books,"Y Children's, YA & Educational"
2016-02-27,9780722532935,The Alchemist,"Coelho, Paulo",201608,396,2994.44,7.5617,9.99,Paperback,Thorsons,HarperCollins Grp,F1.1 General & Literary Fiction,F Adult Fiction
2016-02-27,9780241003008,The Very Hungry Caterpillar,"Carle, Eric",201608,1238,5509.34,4.4502,7.99,Hardback,Puffin Books,Penguin Grp,Y1.3 Picture Books,"Y Children's, YA & Educational"
2016-03-05,9780241003008,The Very Hungry Caterpillar,"Carle, Eric",201609,1316,5744.66,4.3652,7.99,Hardback,Puffin Books,Penguin Grp,Y1.3 Picture Books,"Y Children's, YA & Educational"
2016-03-05,9780722532935,The Alchemist,"Coelho, Paulo",201609,558,4107.22,7.3606,9.99,Paperback,Thorsons,HarperCollins Grp,F1.1 General & Literary Fiction,F Adult Fiction
2016-03-12,9780722532935,The Alchemist,"Coelho, Paulo",201610,493,3594.03,7.2901,9.99,Paperback,Thorsons,HarperCollins Grp,F1.1 General & Literary Fiction,F Adult Fiction
2016-03-12,9780241003008,The Very Hungry Caterpillar,"Carle, Eric",201610,1260,5471.38,4.3424,7.99,Hardback,Puffin Books,Penguin Grp,Y1.3 Picture Books,"Y Children's, YA & Educational"
2016-03-19,9780722532935,The Alchemist,"Coelho, Paulo",201611,451,3325.69,7.374,9.99,Paperback,Thorsons,HarperCollins Grp,F1.1 General & Literary Fiction,F Adult Fiction
2016-03-19,9780241003008,The Very Hungry Caterpillar,"Carle, Eric",201611,1231,5444.07,4.4225,7.99,Hardback,Puffin Books,Penguin Grp,Y1.3 Picture Books,"Y Children's, YA & Educational"
2016-03-26,9780722532935,The Alchemist,"Coelho, Paulo",201612,459,3327.22,7.2488,9.99,Paperback,Thorsons,HarperCollins Grp,F1.1 General & Literary Fiction,F Adult Fiction
2016-03-26,9780241003008,The Very Hungry Caterpillar,"Carle, Eric",201612,1178,5427.55,4.6074,7.99,Hardback,Puffin Books,Penguin Grp,Y1.3 Picture Books,"Y Children's, YA & Educational"
2016-04-02,9780241003008,The Very Hungry Caterpillar,"Carle, Eric",201613,1110,4972.81,4.48,7.99,Hardback,Puffin Books,Penguin Grp,Y1.3 Picture Books,"Y Children's, YA & Educational"
2016-04-02,9780722532935,The Alchemist,"Coelho, Paulo",201613,475,3468.12,7.3013,9.99,Paperback,Thorsons,HarperCollins Grp,F1.1 General & Literary Fiction,F Adult Fiction
2016-04-09,9780722532935,The Alchemist,"Coelho, Paulo",201614,485,3510.83,7.2388,9.99,Paperback,Thorsons,HarperCollins Grp,F1.1 General & Literary Fiction,F Adult Fiction
2016-04-09,9780241003008,The Very Hungry Caterpillar,"Carle, Eric",201614,1260,5632.03,4.4699,7.99,Hardback,Puffin Books,Penguin Grp,Y1.3 Picture Books,"Y Children's, YA & Educational"
2016-04-16,9780241003008,The Very Hungry Caterpillar,"Carle, Eric",201615,1213,5345.81,4.4071,7.99,Hardback,Puffin Books,Penguin Grp,Y1.3 Picture Books,"Y Children's, YA & Educational"
2016-04-16,9780722532935,The Alchemist,"Coelho, Paulo",201615,510,3681.85,7.2193,9.99,Paperback,Thorsons,HarperCollins Grp,F1.1 General & Literary Fiction,F Adult Fiction
2016-04-23,9780722532935,The Alchemist,"Coelho, Paulo",201616,483,3460.55,7.1647,9.99,Paperback,Thorsons,HarperCollins Grp,F1.1 General & Literary Fiction,F Adult Fiction
2016-04-23,9780241003008,The Very Hungry Caterpillar,"Carle, Eric",201616,1301,5494.32,4.2232,7.99,Hardback,Puffin Books,Penguin Grp,Y1.3 Picture Books,"Y Children's, YA & Educational"
2016-04-30,9780241003008,The Very Hungry Caterpillar,"Carle, Eric",201617,1302,5812.93,4.4646,7.99,Hardback,Puffin Books,Penguin Grp,Y1.3 Picture Books,"Y Children's, YA & Educational"
2016-04-30,9780722532935,The Alchemist,"Coelho, Paulo",201617,504,3781.88,7.5037,9.99,Paperback,Thorsons,HarperCollins Grp,F1.1 General & Literary Fiction,F Adult Fiction
2016-05-07,9780722532935,The Alchemist,"Coelho, Paulo",201618,375,2844.06,7.5842,9.99,Paperback,Thorsons,HarperCollins Grp,F1.1 General & Literary Fiction,F Adult Fiction
2016-05-07,9780241003008,The Very Hungry Caterpillar,"Carle, Eric",201618,1199,5290.1,4.4121,7.99,Hardback,Puffin Books,Penguin Grp,Y1.3 Picture Books,"Y Children's, YA & Educational"
2016-05-14,9780241003008,The Very Hungry Caterpillar,"Carle, Eric",201619,1215,5577.44,4.5905,7.99,Hardback,Puffin Books,Penguin Grp,Y1.3 Picture Books,"Y Children's, YA & Educational"
2016-05-14,9780722532935,The Alchemist,"Coelho, Paulo",201619,403,3066.43,7.609,9.99,Paperback,Thorsons,HarperCollins Grp,F1.1 General & Literary Fiction,F Adult Fiction
2016-05-21,9780722532935,The Alchemist,"Coelho, Paulo",201620,479,3576.22,7.466,9.99,Paperback,Thorsons,HarperCollins Grp,F1.1 General & Literary Fiction,F Adult Fiction
2016-05-21,9780241003008,The Very Hungry Caterpillar,"Carle, Eric",201620,1201,5703.86,4.7493,7.99,Hardback,Puffin Books,Penguin Grp,Y1.3 Picture Books,"Y Children's, YA & Educational"
2016-05-28,9780241003008,The Very Hungry Caterpillar,"Carle, Eric",201621,1224,6015.78,4.9149,7.99,Hardback,Puffin Books,Penguin Grp,Y1.3 Picture Books,"Y Children's, YA & Educational"
2016-05-28,9780722532935,The Alchemist,"Coelho, Paulo",201621,453,3360.53,7.4184,9.99,Paperback,Thorsons,HarperCollins Grp,F1.1 General & Literary Fiction,F Adult Fiction
2016-06-04,9780241003008,The Very Hungry Caterpillar,"Carle, Eric",201622,1354,5696.99,4.2075,7.99,Hardback,Puffin Books,Penguin Grp,Y1.3 Picture Books,"Y Children's, YA & Educational"
2016-06-04,9780722532935,The Alchemist,"Coelho, Paulo",201622,510,3778.67,7.4092,9.99,Paperback,Thorsons,HarperCollins Grp,F1.1 General & Literary Fiction,F Adult Fiction
2016-06-11,9780241003008,The Very Hungry Caterpillar,"Carle, Eric",201623,1075,5246.66,4.8806,7.99,Hardback,Puffin Books,Penguin Grp,Y1.3 Picture Books,"Y Children's, YA & Educational"
2016-06-11,9780722532935,The Alchemist,"Coelho, Paulo",201623,434,3130.5,7.2131,9.99,Paperback,Thorsons,HarperCollins Grp,F1.1 General & Literary Fiction,F Adult Fiction
2016-06-18,9780722532935,The Alchemist,"Coelho, Paulo",201624,478,3519.55,7.3631,9.99,Paperback,Thorsons,HarperCollins Grp,F1.1 General & Literary Fiction,F Adult Fiction
2016-06-18,9780241003008,The Very Hungry Caterpillar,"Carle, Eric",201624,1270,6230.13,4.9056,7.99,Hardback,Puffin Books,Penguin Grp,Y1.3 Picture Books,"Y Children's, YA & Educational"
2016-06-25,9780722532935,The Alchemist,"Coelho, Paulo",201625,409,3030.34,7.4091,9.99,Paperback,Thorsons,HarperCollins Grp,F1.1 General & Literary Fiction,F Adult Fiction
2016-06-25,9780241003008,The Very Hungry Caterpillar,"Carle, Eric",201625,1133,5387.8,4.7553,7.99,Hardback,Puffin Books,Penguin Grp,Y1.3 Picture Books,"Y Children's, YA & Educational"
2016-07-02,9780722532935,The Alchemist,"Coelho, Paulo",201626,462,3403.17,7.3662,9.99,Paperback,Thorsons,HarperCollins Grp,F1.1 General & Literary Fiction,F Adult Fiction
2016-07-02,9780241003008,The Very Hungry Caterpillar,"Carle, Eric",201626,1189,5574.08,4.688,7.99,Hardback,Puffin Books,Penguin Grp,Y1.3 Picture Books,"Y Children's, YA & Educational"
2016-07-09,9780241003008,The Very Hungry Caterpillar,"Carle, Eric",201627,1229,6052.22,4.9245,7.99,Hardback,Puffin Books,Penguin Grp,Y1.3 Picture Books,"Y Children's, YA & Educational"
2016-07-09,9780722532935,The Alchemist,"Coelho, Paulo",201627,552,4096.82,7.4218,9.99,Paperback,Thorsons,HarperCollins Grp,F1.1 General & Literary Fiction,F Adult Fiction
2016-07-16,9780241003008,The Very Hungry Caterpillar,"Carle, Eric",201628,1317,6301.22,4.7845,7.99,Hardback,Puffin Books,Penguin Grp,Y1.3 Picture Books,"Y Children's, YA & Educational"
2016-07-16,9780722532935,The Alchemist,"Coelho, Paulo",201628,483,3520.8,7.2894,9.99,Paperback,Thorsons,HarperCollins Grp,F1.1 General & Literary Fiction,F Adult Fiction
2016-07-23,9780722532935,The Alchemist,"Coelho, Paulo",201629,454,3403.46,7.4966,9.99,Paperback,Thorsons,HarperCollins Grp,F1.1 General & Literary Fiction,F Adult Fiction
2016-07-23,9780241003008,The Very Hungry Caterpillar,"Carle, Eric",201629,1036,5229.62,5.0479,7.99,Hardback,Puffin Books,Penguin Grp,Y1.3 Picture Books,"Y Children's, YA & Educational"
2016-07-30,9780241003008,The Very Hungry Caterpillar,"Carle, Eric",201630,1219,6119.39,5.02,7.99,Hardback,Puffin Books,Penguin Grp,Y1.3 Picture Books,"Y Children's, YA & Educational"
2016-07-30,9780722532935,The Alchemist,"Coelho, Paulo",201630,524,3863.06,7.3723,9.99,Paperback,Thorsons,HarperCollins Grp,F1.1 General & Literary Fiction,F Adult Fiction
2016-08-06,9780241003008,The Very Hungry Caterpillar,"Carle, Eric",201631,1233,6084.35,4.9346,7.99,Hardback,Puffin Books,Penguin Grp,Y1.3 Picture Books,"Y Children's, YA & Educational"
2016-08-06,9780722532935,The Alchemist,"Coelho, Paulo",201631,601,4486.59,7.4652,9.99,Paperback,Thorsons,HarperCollins Grp,F1.1 General & Literary Fiction,F Adult Fiction
2016-08-13,9780722532935,The Alchemist,"Coelho, Paulo",201632,590,4386.08,7.434,9.99,Paperback,Thorsons,HarperCollins Grp,F1.1 General & Literary Fiction,F Adult Fiction
2016-08-13,9780241003008,The Very Hungry Caterpillar,"Carle, Eric",201632,1173,5941.17,5.0649,7.99,Hardback,Puffin Books,Penguin Grp,Y1.3 Picture Books,"Y Children's, YA & Educational"
2016-08-20,9780241003008,The Very Hungry Caterpillar,"Carle, Eric",201633,1142,5636.2,4.9354,7.99,Hardback,Puffin Books,Penguin Grp,Y1.3 Picture Books,"Y Children's, YA & Educational"
2016-08-20,9780722532935,The Alchemist,"Coelho, Paulo",201633,512,3804.42,7.4305,9.99,Paperback,Thorsons,HarperCollins Grp,F1.1 General & Literary Fiction,F Adult Fiction
2016-08-27,9780241003008,The Very Hungry Caterpillar,"Carle, Eric",201634,1180,5890.09,4.9916,7.99,Hardback,Puffin Books,Penguin Grp,Y1.3 Picture Books,"Y Children's, YA & Educational"
2016-08-27,9780722532935,The Alchemist,"Coelho, Paulo",201634,541,4088.27,7.5569,9.99,Paperback,Thorsons,HarperCollins Grp,F1.1 General & Literary Fiction,F Adult Fiction
2016-09-03,9780241003008,The Very Hungry Caterpillar,"Carle, Eric",201635,1206,5891.94,4.8855,7.99,Hardback,Puffin Books,Penguin Grp,Y1.3 Picture Books,"Y Children's, YA & Educational"
2016-09-03,9780722532935,The Alchemist,"Coelho, Paulo",201635,523,3961.25,7.5741,9.99,Paperback,Thorsons,HarperCollins Grp,F1.1 General & Literary Fiction,F Adult Fiction
2016-09-10,9780722532935,The Alchemist,"Coelho, Paulo",201636,538,4114.72,7.6482,9.99,Paperback,Thorsons,HarperCollins Grp,F1.1 General & Literary Fiction,F Adult Fiction
2016-09-10,9780241003008,The Very Hungry Caterpillar,"Carle, Eric",201636,1263,6145.09,4.8655,7.99,Hardback,Puffin Books,Penguin Grp,Y1.3 Picture Books,"Y Children's, YA & Educational"
2016-09-17,9780722532935,The Alchemist,"Coelho, Paulo",201637,442,3468.82,7.848,9.99,Paperback,Thorsons,HarperCollins Grp,F1.1 General & Literary Fiction,F Adult Fiction
2016-09-17,9780241003008,The Very Hungry Caterpillar,"Carle, Eric",201637,722,4093.06,5.6691,7.99,Hardback,Puffin Books,Penguin Grp,Y1.3 Picture Books,"Y Children's, YA & Educational"
2016-09-24,9780722532935,The Alchemist,"Coelho, Paulo",201638,480,3764.13,7.8419,9.99,Paperback,Thorsons,HarperCollins Grp,F1.1 General & Literary Fiction,F Adult Fiction
2016-09-24,9780241003008,The Very Hungry Caterpillar,"Carle, Eric",201638,558,3274.6,5.8685,7.99,Hardback,Puffin Books,Penguin Grp,Y1.3 Picture Books,"Y Children's, YA & Educational"
2016-10-01,9780722532935,The Alchemist,"Coelho, Paulo",201639,441,3427.8,7.7728,9.99,Paperback,Thorsons,HarperCollins Grp,F1.1 General & Literary Fiction,F Adult Fiction
2016-10-01,9780241003008,The Very Hungry Caterpillar,"Carle, Eric",201639,1061,5654.6,5.3295,7.99,Hardback,Puffin Books,Penguin Grp,Y1.3 Picture Books,"Y Children's, YA & Educational"
2016-10-08,9780722532935,The Alchemist,"Coelho, Paulo",201640,407,3165.29,7.7771,9.99,Paperback,Thorsons,HarperCollins Grp,F1.1 General & Literary Fiction,F Adult Fiction
2016-10-08,9780241003008,The Very Hungry Caterpillar,"Carle, Eric",201640,1140,5702.87,5.0025,7.99,Hardback,Puffin Books,Penguin Grp,Y1.3 Picture Books,"Y Children's, YA & Educational"
2016-10-15,9780241003008,The Very Hungry Caterpillar,"Carle, Eric",201641,1331,5633.75,4.2327,7.99,Hardback,Puffin Books,Penguin Grp,Y1.3 Picture Books,"Y Children's, YA & Educational"
2016-10-15,9780722532935,The Alchemist,"Coelho, Paulo",201641,420,3152.63,7.5063,9.99,Paperback,Thorsons,HarperCollins Grp,F1.1 General & Literary Fiction,F Adult Fiction
2016-10-22,9780241003008,The Very Hungry Caterpillar,"Carle, Eric",201642,1179,5744.33,4.8722,7.99,Hardback,Puffin Books,Penguin Grp,Y1.3 Picture Books,"Y Children's, YA & Educational"
2016-10-22,9780722532935,The Alchemist,"Coelho, Paulo",201642,380,2953.69,7.7729,9.99,Paperback,Thorsons,HarperCollins Grp,F1.1 General & Literary Fiction,F Adult Fiction
2016-10-29,9780722532935,The Alchemist,"Coelho, Paulo",201643,457,3588.79,7.8529,9.99,Paperback,Thorsons,HarperCollins Grp,F1.1 General & Literary Fiction,F Adult Fiction
2016-10-29,9780241003008,The Very Hungry Caterpillar,"Carle, Eric",201643,1434,7068.62,4.9293,7.99,Hardback,Puffin Books,Penguin Grp,Y1.3 Picture Books,"Y Children's, YA & Educational"
2016-11-05,9780722532935,The Alchemist,"Coelho, Paulo",201644,427,3265.33,7.6471,9.99,Paperback,Thorsons,HarperCollins Grp,F1.1 General & Literary Fiction,F Adult Fiction
2016-11-05,9780241003008,The Very Hungry Caterpillar,"Carle, Eric",201644,1434,6987.21,4.8725,7.99,Hardback,Puffin Books,Penguin Grp,Y1.3 Picture Books,"Y Children's, YA & Educational"
2016-11-12,9780722532935,The Alchemist,"Coelho, Paulo",201645,396,2963.55,7.4837,9.99,Paperback,Thorsons,HarperCollins Grp,F1.1 General & Literary Fiction,F Adult Fiction
2016-11-12,9780241003008,The Very Hungry Caterpillar,"Carle, Eric",201645,1500,6648.94,4.4326,7.99,Hardback,Puffin Books,Penguin Grp,Y1.3 Picture Books,"Y Children's, YA & Educational"
2016-11-19,9780722532935,The Alchemist,"Coelho, Paulo",201646,391,2915.22,7.4558,9.99,Paperback,Thorsons,HarperCollins Grp,F1.1 General & Literary Fiction,F Adult Fiction
2016-11-19,9780241003008,The Very Hungry Caterpillar,"Carle, Eric",201646,1810,7083.44,3.9135,7.99,Hardback,Puffin Books,Penguin Grp,Y1.3 Picture Books,"Y Children's, YA & Educational"
2016-11-26,9780241003008,The Very Hungry Caterpillar,"Carle, Eric",201647,2223,10174.95,4.5771,7.99,Hardback,Puffin Books,Penguin Grp,Y1.3 Picture Books,"Y Children's, YA & Educational"
2016-11-26,9780722532935,The Alchemist,"Coelho, Paulo",201647,519,3806.78,7.3348,9.99,Paperback,Thorsons,HarperCollins Grp,F1.1 General & Literary Fiction,F Adult Fiction
2016-12-03,9780722532935,The Alchemist,"Coelho, Paulo",201648,637,4680.92,7.3484,9.99,Paperback,Thorsons,HarperCollins Grp,F1.1 General & Literary Fiction,F Adult Fiction
2016-12-03,9780241003008,The Very Hungry Caterpillar,"Carle, Eric",201648,2454,11722.29,4.7768,7.99,Hardback,Puffin Books,Penguin Grp,Y1.3 Picture Books,"Y Children's, YA & Educational"
2016-12-10,9780241003008,The Very Hungry Caterpillar,"Carle, Eric",201649,2790,13206.6,4.7335,7.99,Hardback,Puffin Books,Penguin Grp,Y1.3 Picture Books,"Y Children's, YA & Educational"
2016-12-10,9780722532935,The Alchemist,"Coelho, Paulo",201649,799,5935.38,7.4285,9.99,Paperback,Thorsons,HarperCollins Grp,F1.1 General & Literary Fiction,F Adult Fiction
2016-12-17,9780722532935,The Alchemist,"Coelho, Paulo",201650,1134,8720.87,7.6904,9.99,Paperback,Thorsons,HarperCollins Grp,F1.1 General & Literary Fiction,F Adult Fiction
2016-12-17,9780241003008,The Very Hungry Caterpillar,"Carle, Eric",201650,3009,14502.53,4.8197,7.99,Hardback,Puffin Books,Penguin Grp,Y1.3 Picture Books,"Y Children's, YA & Educational"
2016-12-24,9780722532935,The Alchemist,"Coelho, Paulo",201651,1438,11604.73,8.07,9.99,Paperback,Thorsons,HarperCollins Grp,F1.1 General & Literary Fiction,F Adult Fiction
2016-12-24,9780241003008,The Very Hungry Caterpillar,"Carle, Eric",201651,2351,11808.9,5.0229,7.99,Hardback,Puffin Books,Penguin Grp,Y1.3 Picture Books,"Y Children's, YA & Educational"
2016-12-31,9780241003008,The Very Hungry Caterpillar,"Carle, Eric",201652,546,2822.21,5.1689,7.99,Hardback,Puffin Books,Penguin Grp,Y1.3 Picture Books,"Y Children's, YA & Educational"
2016-12-31,9780722532935,The Alchemist,"Coelho, Paulo",201652,388,3196.1,8.2374,9.99,Paperback,Thorsons,HarperCollins Grp,F1.1 General & Literary Fiction,F Adult Fiction
2017-01-07,9780241003008,The Very Hungry Caterpillar,"Carle, Eric",201701,763,3647.32,4.7802,7.99,Hardback,Puffin Books,Penguin Grp,Y1.3 Picture Books,"Y Children's, YA & Educational"
2017-01-07,9780722532935,The Alchemist,"Coelho, Paulo",201701,537,4036.73,7.5172,9.99,Paperback,Thorsons,HarperCollins Grp,F1.1 General & Literary Fiction,F Adult Fiction
2017-01-14,9780241003008,The Very Hungry Caterpillar,"Carle, Eric",201702,776,3562.03,4.5902,7.99,Hardback,Puffin Books,Penguin Grp,Y1.3 Picture Books,"Y Children's, YA & Educational"
2017-01-14,9780722532935,The Alchemist,"Coelho, Paulo",201702,620,4735.94,7.6386,9.99,Paperback,Thorsons,HarperCollins Grp,F1.1 General & Literary Fiction,F Adult Fiction
2017-01-21,9780722532935,The Alchemist,"Coelho, Paulo",201703,627,4719.71,7.5274,9.99,Paperback,Thorsons,HarperCollins Grp,F1.1 General & Literary Fiction,F Adult Fiction
2017-01-21,9780241003008,The Very Hungry Caterpillar,"Carle, Eric",201703,843,3960.26,4.6978,7.99,Hardback,Puffin Books,Penguin Grp,Y1.3 Picture Books,"Y Children's, YA & Educational"
2017-01-28,9780722532935,The Alchemist,"Coelho, Paulo",201704,667,5199.67,7.7956,9.99,Paperback,Thorsons,HarperCollins Grp,F1.1 General & Literary Fiction,F Adult Fiction
2017-01-28,9780241003008,The Very Hungry Caterpillar,"Carle, Eric",201704,604,3072.31,5.0866,7.99,Hardback,Puffin Books,Penguin Grp,Y1.3 Picture Books,"Y Children's, YA & Educational"
2017-02-04,9780241003008,The Very Hungry Caterpillar,"Carle, Eric",201705,248,1589.03,6.4074,7.99,Hardback,Puffin Books,Penguin Grp,Y1.3 Picture Books,"Y Children's, YA & Educational"
2017-02-04,9780722532935,The Alchemist,"Coelho, Paulo",201705,629,4958.61,7.8833,9.99,Paperback,Thorsons,HarperCollins Grp,F1.1 General & Literary Fiction,F Adult Fiction
2017-02-11,9780722532935,The Alchemist,"Coelho, Paulo",201706,748,5733.89,7.6656,9.99,Paperback,Thorsons,HarperCollins Grp,F1.1 General & Literary Fiction,F Adult Fiction
2017-02-11,9780241003008,The Very Hungry Caterpillar,"Carle, Eric",201706,1199,5786.46,4.8261,7.99,Hardback,Puffin Books,Penguin Grp,Y1.3 Picture Books,"Y Children's, YA & Educational"
2017-02-18,9780722532935,The Alchemist,"Coelho, Paulo",201707,699,5323.16,7.6154,9.99,Paperback,Thorsons,HarperCollins Grp,F1.1 General & Literary Fiction,F Adult Fiction
2017-02-18,9780241003008,The Very Hungry Caterpillar,"Carle, Eric",201707,1121,5576.91,4.9749,7.99,Hardback,Puffin Books,Penguin Grp,Y1.3 Picture Books,"Y Children's, YA & Educational"
2017-02-25,9780722532935,The Alchemist,"Coelho, Paulo",201708,712,5336.91,7.4957,9.99,Paperback,Thorsons,HarperCollins Grp,F1.1 General & Literary Fiction,F Adult Fiction
2017-02-25,9780241003008,The Very Hungry Caterpillar,"Carle, Eric",201708,1193,5881.5,4.93,7.99,Hardback,Puffin Books,Penguin Grp,Y1.3 Picture Books,"Y Children's, YA & Educational"
2017-03-04,9780722532935,The Alchemist,"Coelho, Paulo",201709,759,5608.12,7.3888,9.99,Paperback,Thorsons,HarperCollins Grp,F1.1 General & Literary Fiction,F Adult Fiction
2017-03-04,9780241003008,The Very Hungry Caterpillar,"Carle, Eric",201709,1559,7541.15,4.8372,7.99,Hardback,Puffin Books,Penguin Grp,Y1.3 Picture Books,"Y Children's, YA & Educational"
2017-03-11,9780722532935,The Alchemist,"Coelho, Paulo",201710,739,5419.05,7.3329,9.99,Paperback,Thorsons,HarperCollins Grp,F1.1 General & Literary Fiction,F Adult Fiction
2017-03-11,9780241003008,The Very Hungry Caterpillar,"Carle, Eric",201710,1400,6900.54,4.929,7.99,Hardback,Puffin Books,Penguin Grp,Y1.3 Picture Books,"Y Children's, YA & Educational"
2017-03-18,9780241003008,The Very Hungry Caterpillar,"Carle, Eric",201711,989,5628.84,5.6914,7.99,Hardback,Puffin Books,Penguin Grp,Y1.3 Picture Books,"Y Children's, YA & Educational"
2017-03-18,9780722532935,The Alchemist,"Coelho, Paulo",201711,613,4456.57,7.2701,9.99,Paperback,Thorsons,HarperCollins Grp,F1.1 General & Literary Fiction,F Adult Fiction
2017-03-25,9780722532935,The Alchemist,"Coelho, Paulo",201712,571,4241.85,7.4288,9.99,Paperback,Thorsons,HarperCollins Grp,F1.1 General & Literary Fiction,F Adult Fiction
2017-03-25,9780241003008,The Very Hungry Caterpillar,"Carle, Eric",201712,867,4948.53,5.7076,7.99,Hardback,Puffin Books,Penguin Grp,Y1.3 Picture Books,"Y Children's, YA & Educational"
2017-04-01,9780722532935,The Alchemist,"Coelho, Paulo",201713,434,3184.66,7.3379,9.99,Paperback,Thorsons,HarperCollins Grp,F1.1 General & Literary Fiction,F Adult Fiction
2017-04-01,9780241003008,The Very Hungry Caterpillar,"Carle, Eric",201713,1008,5544.58,5.5006,7.99,Hardback,Puffin Books,Penguin Grp,Y1.3 Picture Books,"Y Children's, YA & Educational"
2017-04-08,9780241003008,The Very Hungry Caterpillar,"Carle, Eric",201714,1032,5565.36,5.3928,7.99,Hardback,Puffin Books,Penguin Grp,Y1.3 Picture Books,"Y Children's, YA & Educational"
2017-04-08,9780722532935,The Alchemist,"Coelho, Paulo",201714,597,4285.04,7.1776,9.99,Paperback,Thorsons,HarperCollins Grp,F1.1 General & Literary Fiction,F Adult Fiction
2017-04-15,9780722532935,The Alchemist,"Coelho, Paulo",201715,507,3780.65,7.4569,9.99,Paperback,Thorsons,HarperCollins Grp,F1.1 General & Literary Fiction,F Adult Fiction
2017-04-15,9780241003008,The Very Hungry Caterpillar,"Carle, Eric",201715,1118,5627.59,5.0336,7.99,Hardback,Puffin Books,Penguin Grp,Y1.3 Picture Books,"Y Children's, YA & Educational"
2017-04-22,9780241003008,The Very Hungry Caterpillar,"Carle, Eric",201716,1161,5587.99,4.8131,7.99,Hardback,Puffin Books,Penguin Grp,Y1.3 Picture Books,"Y Children's, YA & Educational"
2017-04-22,9780722532935,The Alchemist,"Coelho, Paulo",201716,484,3531.51,7.2965,9.99,Paperback,Thorsons,HarperCollins Grp,F1.1 General & Literary Fiction,F Adult Fiction
2017-04-29,9780241003008,The Very Hungry Caterpillar,"Carle, Eric",201717,1377,6589.52,4.7854,7.99,Hardback,Puffin Books,Penguin Grp,Y1.3 Picture Books,"Y Children's, YA & Educational"
2017-04-29,9780722532935,The Alchemist,"Coelho, Paulo",201717,541,3927.98,7.2606,9.99,Paperback,Thorsons,HarperCollins Grp,F1.1 General & Literary Fiction,F Adult Fiction
2017-05-06,9780722532935,The Alchemist,"Coelho, Paulo",201718,567,4337.86,7.6505,9.99,Paperback,Thorsons,HarperCollins Grp,F1.1 General & Literary Fiction,F Adult Fiction
2017-05-06,9780241003008,The Very Hungry Caterpillar,"Carle, Eric",201718,1279,6167.9,4.8224,7.99,Hardback,Puffin Books,Penguin Grp,Y1.3 Picture Books,"Y Children's, YA & Educational"
2017-05-13,9780241003008,The Very Hungry Caterpillar,"Carle, Eric",201719,1255,6019.19,4.7962,7.99,Hardback,Puffin Books,Penguin Grp,Y1.3 Picture Books,"Y Children's, YA & Educational"
2017-05-13,9780722532935,The Alchemist,"Coelho, Paulo",201719,573,4300.55,7.5053,9.99,Paperback,Thorsons,HarperCollins Grp,F1.1 General & Literary Fiction,F Adult Fiction
2017-05-20,9780722532935,The Alchemist,"Coelho, Paulo",201720,531,4150.21,7.8158,9.99,Paperback,Thorsons,HarperCollins Grp,F1.1 General & Literary Fiction,F Adult Fiction
2017-05-20,9780241003008,The Very Hungry Caterpillar,"Carle, Eric",201720,1238,6042.09,4.8805,7.99,Hardback,Puffin Books,Penguin Grp,Y1.3 Picture Books,"Y Children's, YA & Educational"
2017-05-27,9780722532935,The Alchemist,"Coelho, Paulo",201721,499,3810.08,7.6354,9.99,Paperback,Thorsons,HarperCollins Grp,F1.1 General & Literary Fiction,F Adult Fiction
2017-05-27,9780241003008,The Very Hungry Caterpillar,"Carle, Eric",201721,1082,5353.21,4.9475,7.99,Hardback,Puffin Books,Penguin Grp,Y1.3 Picture Books,"Y Children's, YA & Educational"
2017-06-03,9780722532935,The Alchemist,"Coelho, Paulo",201722,612,4682.22,7.6507,9.99,Paperback,Thorsons,HarperCollins Grp,F1.1 General & Literary Fiction,F Adult Fiction
2017-06-03,9780241003008,The Very Hungry Caterpillar,"Carle, Eric",201722,1267,6345.38,5.0082,7.99,Hardback,Puffin Books,Penguin Grp,Y1.3 Picture Books,"Y Children's, YA & Educational"
2017-06-10,9780722532935,The Alchemist,"Coelho, Paulo",201723,546,4216.99,7.7234,9.99,Paperback,Thorsons,HarperCollins Grp,F1.1 General & Literary Fiction,F Adult Fiction
2017-06-10,9780241003008,The Very Hungry Caterpillar,"Carle, Eric",201723,1233,6224.91,5.0486,7.99,Hardback,Puffin Books,Penguin Grp,Y1.3 Picture Books,"Y Children's, YA & Educational"
2017-06-17,9780241003008,The Very Hungry Caterpillar,"Carle, Eric",201724,1195,5879.0,4.9197,7.99,Hardback,Puffin Books,Penguin Grp,Y1.3 Picture Books,"Y Children's, YA & Educational"
2017-06-17,9780722532935,The Alchemist,"Coelho, Paulo",201724,578,4375.65,7.5703,9.99,Paperback,Thorsons,HarperCollins Grp,F1.1 General & Literary Fiction,F Adult Fiction
2017-06-24,9780241003008,The Very Hungry Caterpillar,"Carle, Eric",201725,1087,5348.15,4.9201,7.99,Hardback,Puffin Books,Penguin Grp,Y1.3 Picture Books,"Y Children's, YA & Educational"
2017-06-24,9780722532935,The Alchemist,"Coelho, Paulo",201725,542,4142.79,7.6435,9.99,Paperback,Thorsons,HarperCollins Grp,F1.1 General & Literary Fiction,F Adult Fiction
2017-07-01,9780241003008,The Very Hungry Caterpillar,"Carle, Eric",201726,1313,6669.03,5.0792,7.99,Hardback,Puffin Books,Penguin Grp,Y1.3 Picture Books,"Y Children's, YA & Educational"
2017-07-01,9780722532935,The Alchemist,"Coelho, Paulo",201726,554,4344.18,7.8415,9.99,Paperback,Thorsons,HarperCollins Grp,F1.1 General & Literary Fiction,F Adult Fiction
2017-07-08,9780722532935,The Alchemist,"Coelho, Paulo",201727,533,4070.5,7.637,9.99,Paperback,Thorsons,HarperCollins Grp,F1.1 General & Literary Fiction,F Adult Fiction
2017-07-08,9780241003008,The Very Hungry Caterpillar,"Carle, Eric",201727,895,4697.32,5.2484,7.99,Hardback,Puffin Books,Penguin Grp,Y1.3 Picture Books,"Y Children's, YA & Educational"
2017-07-15,9780722532935,The Alchemist,"Coelho, Paulo",201728,585,4397.44,7.517,9.99,Paperback,Thorsons,HarperCollins Grp,F1.1 General & Literary Fiction,F Adult Fiction
2017-07-15,9780241003008,The Very Hungry Caterpillar,"Carle, Eric",201728,539,3342.57,6.2014,7.99,Hardback,Puffin Books,Penguin Grp,Y1.3 Picture Books,"Y Children's, YA & Educational"
2017-07-22,9780241003008,The Very Hungry Caterpillar,"Carle, Eric",201729,969,5353.11,5.5244,7.99,Hardback,Puffin Books,Penguin Grp,Y1.3 Picture Books,"Y Children's, YA & Educational"
2017-07-22,9780722532935,The Alchemist,"Coelho, Paulo",201729,616,4726.35,7.6726,9.99,Paperback,Thorsons,HarperCollins Grp,F1.1 General & Literary Fiction,F Adult Fiction
2017-07-29,9780241003008,The Very Hungry Caterpillar,"Carle, Eric",201730,787,4472.19,5.6826,7.99,Hardback,Puffin Books,Penguin Grp,Y1.3 Picture Books,"Y Children's, YA & Educational"
2017-07-29,9780722532935,The Alchemist,"Coelho, Paulo",201730,566,4393.26,7.7619,9.99,Paperback,Thorsons,HarperCollins Grp,F1.1 General & Literary Fiction,F Adult Fiction
2017-08-05,9780722532935,The Alchemist,"Coelho, Paulo",201731,593,4502.82,7.5933,9.99,Paperback,Thorsons,HarperCollins Grp,F1.1 General & Literary Fiction,F Adult Fiction
2017-08-05,9780241003008,The Very Hungry Caterpillar,"Carle, Eric",201731,1167,5620.27,4.816,7.99,Hardback,Puffin Books,Penguin Grp,Y1.3 Picture Books,"Y Children's, YA & Educational"
2017-08-12,9780241003008,The Very Hungry Caterpillar,"Carle, Eric",201732,1184,5845.5,4.9371,7.99,Hardback,Puffin Books,Penguin Grp,Y1.3 Picture Books,"Y Children's, YA & Educational"
2017-08-12,9780722532935,The Alchemist,"Coelho, Paulo",201732,619,4640.43,7.4967,9.99,Paperback,Thorsons,HarperCollins Grp,F1.1 General & Literary Fiction,F Adult Fiction
2017-08-19,9780722532935,The Alchemist,"Coelho, Paulo",201733,701,5369.29,7.6595,9.99,Paperback,Thorsons,HarperCollins Grp,F1.1 General & Literary Fiction,F Adult Fiction
2017-08-19,9780241003008,The Very Hungry Caterpillar,"Carle, Eric",201733,1163,5642.35,4.8515,7.99,Hardback,Puffin Books,Penguin Grp,Y1.3 Picture Books,"Y Children's, YA & Educational"
2017-08-26,9780241003008,The Very Hungry Caterpillar,"Carle, Eric",201734,898,4479.5,4.9883,7.99,Hardback,Puffin Books,Penguin Grp,Y1.3 Picture Books,"Y Children's, YA & Educational"
2017-08-26,9780722532935,The Alchemist,"Coelho, Paulo",201734,682,5436.03,7.9707,9.99,Paperback,Thorsons,HarperCollins Grp,F1.1 General & Literary Fiction,F Adult Fiction
2017-09-02,9780241003008,The Very Hungry Caterpillar,"Carle, Eric",201735,1155,5530.12,4.788,7.99,Hardback,Puffin Books,Penguin Grp,Y1.3 Picture Books,"Y Children's, YA & Educational"
2017-09-02,9780722532935,The Alchemist,"Coelho, Paulo",201735,561,4478.58,7.9832,9.99,Paperback,Thorsons,HarperCollins Grp,F1.1 General & Literary Fiction,F Adult Fiction
2017-09-09,9780241003008,The Very Hungry Caterpillar,"Carle, Eric",201736,1337,6662.06,4.9828,7.99,Hardback,Puffin Books,Penguin Grp,Y1.3 Picture Books,"Y Children's, YA & Educational"
2017-09-09,9780722532935,The Alchemist,"Coelho, Paulo",201736,611,4859.3,7.953,9.99,Paperback,Thorsons,HarperCollins Grp,F1.1 General & Literary Fiction,F Adult Fiction
2017-09-16,9780722532935,The Alchemist,"Coelho, Paulo",201737,529,4259.27,8.0516,9.99,Paperback,Thorsons,HarperCollins Grp,F1.1 General & Literary Fiction,F Adult Fiction
2017-09-16,9780241003008,The Very Hungry Caterpillar,"Carle, Eric",201737,1324,6316.78,4.771,7.99,Hardback,Puffin Books,Penguin Grp,Y1.3 Picture Books,"Y Children's, YA & Educational"
2017-09-23,9780241003008,The Very Hungry Caterpillar,"Carle, Eric",201738,1284,6330.98,4.9307,7.99,Hardback,Puffin Books,Penguin Grp,Y1.3 Picture Books,"Y Children's, YA & Educational"
2017-09-23,9780722532935,The Alchemist,"Coelho, Paulo",201738,507,4180.68,8.2459,9.99,Paperback,Thorsons,HarperCollins Grp,F1.1 General & Literary Fiction,F Adult Fiction
2017-09-30,9780722532935,The Alchemist,"Coelho, Paulo",201739,589,4907.67,8.3322,9.99,Paperback,Thorsons,HarperCollins Grp,F1.1 General & Literary Fiction,F Adult Fiction
2017-09-30,9780241003008,The Very Hungry Caterpillar,"Carle, Eric",201739,1091,5673.52,5.2003,7.99,Hardback,Puffin Books,Penguin Grp,Y1.3 Picture Books,"Y Children's, YA & Educational"
2017-10-07,9780241003008,The Very Hungry Caterpillar,"Carle, Eric",201740,1004,5954.65,5.9309,7.99,Hardback,Puffin Books,Penguin Grp,Y1.3 Picture Books,"Y Children's, YA & Educational"
2017-10-07,9780722532935,The Alchemist,"Coelho, Paulo",201740,604,5023.04,8.3163,9.99,Paperback,Thorsons,HarperCollins Grp,F1.1 General & Literary Fiction,F Adult Fiction
2017-10-14,9780722532935,The Alchemist,"Coelho, Paulo",201741,508,4297.37,8.4594,9.99,Paperback,Thorsons,HarperCollins Grp,F1.1 General & Literary Fiction,F Adult Fiction
2017-10-14,9780241003008,The Very Hungry Caterpillar,"Carle, Eric",201741,1035,5543.89,5.3564,7.99,Hardback,Puffin Books,Penguin Grp,Y1.3 Picture Books,"Y Children's, YA & Educational"
2017-10-21,9780722532935,The Alchemist,"Coelho, Paulo",201742,543,4622.9,8.5136,9.99,Paperback,Thorsons,HarperCollins Grp,F1.1 General & Literary Fiction,F Adult Fiction
2017-10-21,9780241003008,The Very Hungry Caterpillar,"Carle, Eric",201742,1288,6135.95,4.7639,7.99,Hardback,Puffin Books,Penguin Grp,Y1.3 Picture Books,"Y Children's, YA & Educational"
2017-10-28,9780722532935,The Alchemist,"Coelho, Paulo",201743,538,4643.31,8.6307,9.99,Paperback,Thorsons,HarperCollins Grp,F1.1 General & Literary Fiction,F Adult Fiction
2017-10-28,9780241003008,The Very Hungry Caterpillar,"Carle, Eric",201743,1393,6609.32,4.7447,7.99,Hardback,Puffin Books,Penguin Grp,Y1.3 Picture Books,"Y Children's, YA & Educational"
2017-11-04,9780722532935,The Alchemist,"Coelho, Paulo",201744,522,4431.47,8.4894,9.99,Paperback,Thorsons,HarperCollins Grp,F1.1 General & Literary Fiction,F Adult Fiction
2017-11-04,9780241003008,The Very Hungry Caterpillar,"Carle, Eric",201744,1438,7046.91,4.9005,7.99,Hardback,Puffin Books,Penguin Grp,Y1.3 Picture Books,"Y Children's, YA & Educational"
2017-11-11,9780241003008,The Very Hungry Caterpillar,"Carle, Eric",201745,1541,7272.42,4.7193,7.99,Hardback,Puffin Books,Penguin Grp,Y1.3 Picture Books,"Y Children's, YA & Educational"
2017-11-11,9780722532935,The Alchemist,"Coelho, Paulo",201745,485,4125.39,8.506,9.99,Paperback,Thorsons,HarperCollins Grp,F1.1 General & Literary Fiction,F Adult Fiction
2017-11-18,9780241003008,The Very Hungry Caterpillar,"Carle, Eric",201746,1675,8005.32,4.7793,7.99,Hardback,Puffin Books,Penguin Grp,Y1.3 Picture Books,"Y Children's, YA & Educational"
2017-11-18,9780722532935,The Alchemist,"Coelho, Paulo",201746,510,4480.56,8.7854,9.99,Paperback,Thorsons,HarperCollins Grp,F1.1 General & Literary Fiction,F Adult Fiction
2017-11-25,9780241003008,The Very Hungry Caterpillar,"Carle, Eric",201747,1991,9397.4,4.7199,7.99,Hardback,Puffin Books,Penguin Grp,Y1.3 Picture Books,"Y Children's, YA & Educational"
2017-11-25,9780722532935,The Alchemist,"Coelho, Paulo",201747,550,4615.55,8.3919,9.99,Paperback,Thorsons,HarperCollins Grp,F1.1 General & Literary Fiction,F Adult Fiction
2017-12-02,9780722532935,The Alchemist,"Coelho, Paulo",201748,651,5319.15,8.1707,9.99,Paperback,Thorsons,HarperCollins Grp,F1.1 General & Literary Fiction,F Adult Fiction
2017-12-02,9780241003008,The Very Hungry Caterpillar,"Carle, Eric",201748,2559,11621.98,4.5416,7.99,Hardback,Puffin Books,Penguin Grp,Y1.3 Picture Books,"Y Children's, YA & Educational"
2017-12-09,9780722532935,The Alchemist,"Coelho, Paulo",201749,843,6792.81,8.0579,9.99,Paperback,Thorsons,HarperCollins Grp,F1.1 General & Literary Fiction,F Adult Fiction
2017-12-09,9780241003008,The Very Hungry Caterpillar,"Carle, Eric",201749,2878,13626.5,4.7347,7.99,Hardback,Puffin Books,Penguin Grp,Y1.3 Picture Books,"Y Children's, YA & Educational"
2017-12-16,9780241003008,The Very Hungry Caterpillar,"Carle, Eric",201750,2330,12712.63,5.4561,7.99,Hardback,Puffin Books,Penguin Grp,Y1.3 Picture Books,"Y Children's, YA & Educational"
2017-12-16,9780722532935,The Alchemist,"Coelho, Paulo",201750,1095,9094.11,8.3051,9.99,Paperback,Thorsons,HarperCollins Grp,F1.1 General & Literary Fiction,F Adult Fiction
2017-12-23,9780722532935,The Alchemist,"Coelho, Paulo",201751,1565,13689.42,8.7472,9.99,Paperback,Thorsons,HarperCollins Grp,F1.1 General & Literary Fiction,F Adult Fiction
2017-12-23,9780241003008,The Very Hungry Caterpillar,"Carle, Eric",201751,2396,13509.89,5.6385,7.99,Hardback,Puffin Books,Penguin Grp,Y1.3 Picture Books,"Y Children's, YA & Educational"
2017-12-30,9780722532935,The Alchemist,"Coelho, Paulo",201752,612,5628.97,9.1977,9.99,Paperback,Thorsons,HarperCollins Grp,F1.1 General & Literary Fiction,F Adult Fiction
2017-12-30,9780241003008,The Very Hungry Caterpillar,"Carle, Eric",201752,506,2992.14,5.9133,7.99,Hardback,Puffin Books,Penguin Grp,Y1.3 Picture Books,"Y Children's, YA & Educational"
2018-01-06,9780722532935,The Alchemist,"Coelho, Paulo",201801,559,4919.39,8.8003,9.99,Paperback,Thorsons,HarperCollins Grp,F1.1 General & Literary Fiction,F Adult Fiction
2018-01-06,9780241003008,The Very Hungry Caterpillar,"Carle, Eric",201801,534,3059.84,5.73,7.99,Hardback,Puffin Books,Penguin Grp,Y1.3 Picture Books,"Y Children's, YA & Educational"
2018-01-13,9780241003008,The Very Hungry Caterpillar,"Carle, Eric",201802,598,3376.96,5.6471,7.99,Hardback,Puffin Books,Penguin Grp,Y1.3 Picture Books,"Y Children's, YA & Educational"
2018-01-13,9780722532935,The Alchemist,"Coelho, Paulo",201802,564,4685.84,8.3082,9.99,Paperback,Thorsons,HarperCollins Grp,F1.1 General & Literary Fiction,F Adult Fiction
2018-01-20,9780241003008,The Very Hungry Caterpillar,"Carle, Eric",201803,597,3357.16,5.6234,7.99,Hardback,Puffin Books,Penguin Grp,Y1.3 Picture Books,"Y Children's, YA & Educational"
2018-01-20,9780722532935,The Alchemist,"Coelho, Paulo",201803,528,4310.14,8.1631,9.99,Paperback,Thorsons,HarperCollins Grp,F1.1 General & Literary Fiction,F Adult Fiction
2018-01-27,9780722532935,The Alchemist,"Coelho, Paulo",201804,492,4092.08,8.3172,9.99,Paperback,Thorsons,HarperCollins Grp,F1.1 General & Literary Fiction,F Adult Fiction
2018-01-27,9780241003008,The Very Hungry Caterpillar,"Carle, Eric",201804,714,4061.84,5.6889,7.99,Hardback,Puffin Books,Penguin Grp,Y1.3 Picture Books,"Y Children's, YA & Educational"
2018-02-03,9780722532935,The Alchemist,"Coelho, Paulo",201805,578,4759.46,8.2344,9.99,Paperback,Thorsons,HarperCollins Grp,F1.1 General & Literary Fiction,F Adult Fiction
2018-02-03,9780241003008,The Very Hungry Caterpillar,"Carle, Eric",201805,1298,5724.65,4.4104,7.99,Hardback,Puffin Books,Penguin Grp,Y1.3 Picture Books,"Y Children's, YA & Educational"
2018-02-10,9780722532935,The Alchemist,"Coelho, Paulo",201806,547,4608.38,8.4248,9.99,Paperback,Thorsons,HarperCollins Grp,F1.1 General & Literary Fiction,F Adult Fiction
2018-02-10,9780241003008,The Very Hungry Caterpillar,"Carle, Eric",201806,984,5358.77,5.4459,7.99,Hardback,Puffin Books,Penguin Grp,Y1.3 Picture Books,"Y Children's, YA & Educational"
2018-02-17,9780722532935,The Alchemist,"Coelho, Paulo",201807,573,4840.69,8.448,9.99,Paperback,Thorsons,HarperCollins Grp,F1.1 General & Literary Fiction,F Adult Fiction
2018-02-17,9780241003008,The Very Hungry Caterpillar,"Carle, Eric",201807,1181,5763.95,4.8806,7.99,Hardback,Puffin Books,Penguin Grp,Y1.3 Picture Books,"Y Children's, YA & Educational"
2018-02-24,9780722532935,The Alchemist,"Coelho, Paulo",201808,518,4238.78,8.183,9.99,Paperback,Thorsons,HarperCollins Grp,F1.1 General & Literary Fiction,F Adult Fiction
2018-02-24,9780241003008,The Very Hungry Caterpillar,"Carle, Eric",201808,1228,5881.2,4.7893,7.99,Hardback,Puffin Books,Penguin Grp,Y1.3 Picture Books,"Y Children's, YA & Educational"
2018-03-03,9780722532935,The Alchemist,"Coelho, Paulo",201809,500,4106.9,8.2138,9.99,Paperback,Thorsons,HarperCollins Grp,F1.1 General & Literary Fiction,F Adult Fiction
2018-03-03,9780241003008,The Very Hungry Caterpillar,"Carle, Eric",201809,1258,6006.43,4.7746,7.99,Hardback,Puffin Books,Penguin Grp,Y1.3 Picture Books,"Y Children's, YA & Educational"
2018-03-10,9780241003008,The Very Hungry Caterpillar,"Carle, Eric",201810,1490,7235.48,4.856,7.99,Hardback,Puffin Books,Penguin Grp,Y1.3 Picture Books,"Y Children's, YA & Educational"
2018-03-10,9780722532935,The Alchemist,"Coelho, Paulo",201810,545,4509.01,8.2734,9.99,Paperback,Thorsons,HarperCollins Grp,F1.1 General & Literary Fiction,F Adult Fiction
2018-03-17,9780722532935,The Alchemist,"Coelho, Paulo",201811,510,4278.35,8.3889,9.99,Paperback,Thorsons,HarperCollins Grp,F1.1 General & Literary Fiction,F Adult Fiction
2018-03-17,9780241003008,The Very Hungry Caterpillar,"Carle, Eric",201811,1251,5945.81,4.7528,7.99,Hardback,Puffin Books,Penguin Grp,Y1.3 Picture Books,"Y Children's, YA & Educational"
2018-03-24,9780722532935,The Alchemist,"Coelho, Paulo",201812,514,4326.45,8.4172,9.99,Paperback,Thorsons,HarperCollins Grp,F1.1 General & Literary Fiction,F Adult Fiction
2018-03-24,9780241003008,The Very Hungry Caterpillar,"Carle, Eric",201812,1500,6964.85,4.6432,7.99,Hardback,Puffin Books,Penguin Grp,Y1.3 Picture Books,"Y Children's, YA & Educational"
2018-03-31,9780722532935,The Alchemist,"Coelho, Paulo",201813,518,4452.9,8.5963,9.99,Paperback,Thorsons,HarperCollins Grp,F1.1 General & Literary Fiction,F Adult Fiction
2018-03-31,9780241003008,The Very Hungry Caterpillar,"Carle, Eric",201813,1728,7506.44,4.344,7.99,Hardback,Puffin Books,Penguin Grp,Y1.3 Picture Books,"Y Children's, YA & Educational"
2018-04-07,9780241003008,The Very Hungry Caterpillar,"Carle, Eric",201814,1391,6549.82,4.7087,7.99,Hardback,Puffin Books,Penguin Grp,Y1.3 Picture Books,"Y Children's, YA & Educational"
2018-04-07,9780722532935,The Alchemist,"Coelho, Paulo",201814,555,4201.43,7.5701,9.99,Paperback,Thorsons,HarperCollins Grp,F1.1 General & Literary Fiction,F Adult Fiction
2018-04-14,9780722532935,The Alchemist,"Coelho, Paulo",201815,615,4073.25,6.6232,9.99,Paperback,Thorsons,HarperCollins Grp,F1.1 General & Literary Fiction,F Adult Fiction
2018-04-14,9780241003008,The Very Hungry Caterpillar,"Carle, Eric",201815,1463,6849.51,4.6818,7.99,Hardback,Puffin Books,Penguin Grp,Y1.3 Picture Books,"Y Children's, YA & Educational"
2018-04-21,9780241003008,The Very Hungry Caterpillar,"Carle, Eric",201816,1299,5959.43,4.5877,7.99,Hardback,Puffin Books,Penguin Grp,Y1.3 Picture Books,"Y Children's, YA & Educational"
2018-04-21,9780722532935,The Alchemist,"Coelho, Paulo",201816,513,3379.89,6.5885,9.99,Paperback,Thorsons,HarperCollins Grp,F1.1 General & Literary Fiction,F Adult Fiction
2018-04-28,9780241003008,The Very Hungry Caterpillar,"Carle, Eric",201817,1355,7202.23,5.3153,7.99,Hardback,Puffin Books,Penguin Grp,Y1.3 Picture Books,"Y Children's, YA & Educational"
2018-04-28,9780722532935,The Alchemist,"Coelho, Paulo",201817,642,4109.25,6.4007,9.99,Paperback,Thorsons,HarperCollins Grp,F1.1 General & Literary Fiction,F Adult Fiction
2018-05-05,9780722532935,The Alchemist,"Coelho, Paulo",201818,538,4123.97,7.6654,9.99,Paperback,Thorsons,HarperCollins Grp,F1.1 General & Literary Fiction,F Adult Fiction
2018-05-05,9780241003008,The Very Hungry Caterpillar,"Carle, Eric",201818,1674,7503.8,4.4826,7.99,Hardback,Puffin Books,Penguin Grp,Y1.3 Picture Books,"Y Children's, YA & Educational"
2018-05-12,9780241003008,The Very Hungry Caterpillar,"Carle, Eric",201819,1795,7947.86,4.4278,7.99,Hardback,Puffin Books,Penguin Grp,Y1.3 Picture Books,"Y Children's, YA & Educational"
2018-05-12,9780722532935,The Alchemist,"Coelho, Paulo",201819,389,3446.05,8.8587,9.99,Paperback,Thorsons,HarperCollins Grp,F1.1 General & Literary Fiction,F Adult Fiction
2018-05-19,9780722532935,The Alchemist,"Coelho, Paulo",201820,370,3263.65,8.8207,9.99,Paperback,Thorsons,HarperCollins Grp,F1.1 General & Literary Fiction,F Adult Fiction
2018-05-19,9780241003008,The Very Hungry Caterpillar,"Carle, Eric",201820,1858,7538.24,4.0572,7.99,Hardback,Puffin Books,Penguin Grp,Y1.3 Picture Books,"Y Children's, YA & Educational"
2018-05-26,9780241003008,The Very Hungry Caterpillar,"Carle, Eric",201821,1724,7172.41,4.1603,7.99,Hardback,Puffin Books,Penguin Grp,Y1.3 Picture Books,"Y Children's, YA & Educational"
2018-05-26,9780722532935,The Alchemist,"Coelho, Paulo",201821,603,4060.24,6.7334,9.99,Paperback,Thorsons,HarperCollins Grp,F1.1 General & Literary Fiction,F Adult Fiction
2018-06-02,9780241003008,The Very Hungry Caterpillar,"Carle, Eric",201822,1777,7496.74,4.2188,7.99,Hardback,Puffin Books,Penguin Grp,Y1.3 Picture Books,"Y Children's, YA & Educational"
2018-06-02,9780722532935,The Alchemist,"Coelho, Paulo",201822,443,3755.01,8.4763,9.99,Paperback,Thorsons,HarperCollins Grp,F1.1 General & Literary Fiction,F Adult Fiction
2018-06-09,9780241003008,The Very Hungry Caterpillar,"Carle, Eric",201823,1720,7370.13,4.285,7.99,Hardback,Puffin Books,Penguin Grp,Y1.3 Picture Books,"Y Children's, YA & Educational"
2018-06-09,9780722532935,The Alchemist,"Coelho, Paulo",201823,426,3691.11,8.6646,9.99,Paperback,Thorsons,HarperCollins Grp,F1.1 General & Literary Fiction,F Adult Fiction
2018-06-16,9780241003008,The Very Hungry Caterpillar,"Carle, Eric",201824,1585,7230.58,4.5619,7.99,Hardback,Puffin Books,Penguin Grp,Y1.3 Picture Books,"Y Children's, YA & Educational"
2018-06-16,9780722532935,The Alchemist,"Coelho, Paulo",201824,452,3930.73,8.6963,9.99,Paperback,Thorsons,HarperCollins Grp,F1.1 General & Literary Fiction,F Adult Fiction
2018-06-23,9780241003008,The Very Hungry Caterpillar,"Carle, Eric",201825,1293,6582.6,5.091,7.99,Hardback,Puffin Books,Penguin Grp,Y1.3 Picture Books,"Y Children's, YA & Educational"
2018-06-23,9780722532935,The Alchemist,"Coelho, Paulo",201825,416,3599.25,8.652,9.99,Paperback,Thorsons,HarperCollins Grp,F1.1 General & Literary Fiction,F Adult Fiction
2018-06-30,9780722532935,The Alchemist,"Coelho, Paulo",201826,428,3737.36,8.7321,9.99,Paperback,Thorsons,HarperCollins Grp,F1.1 General & Literary Fiction,F Adult Fiction
2018-06-30,9780241003008,The Very Hungry Caterpillar,"Carle, Eric",201826,1111,5561.37,5.0057,7.99,Hardback,Puffin Books,Penguin Grp,Y1.3 Picture Books,"Y Children's, YA & Educational"
2018-07-07,9780722532935,The Alchemist,"Coelho, Paulo",201827,486,4188.69,8.6187,9.99,Paperback,Thorsons,HarperCollins Grp,F1.1 General & Literary Fiction,F Adult Fiction
2018-07-07,9780241003008,The Very Hungry Caterpillar,"Carle, Eric",201827,1565,7514.53,4.8016,7.99,Hardback,Puffin Books,Penguin Grp,Y1.3 Picture Books,"Y Children's, YA & Educational"
2018-07-14,9780241003008,The Very Hungry Caterpillar,"Carle, Eric",201828,1753,8181.52,4.6672,7.99,Hardback,Puffin Books,Penguin Grp,Y1.3 Picture Books,"Y Children's, YA & Educational"
2018-07-14,9780722532935,The Alchemist,"Coelho, Paulo",201828,598,4658.9,7.7908,9.99,Paperback,Thorsons,HarperCollins Grp,F1.1 General & Literary Fiction,F Adult Fiction
2018-07-21,9780722532935,The Alchemist,"Coelho, Paulo",201829,1005,7797.66,7.7589,9.99,Paperback,Thorsons,HarperCollins Grp,F1.1 General & Literary Fiction,F Adult Fiction
2018-07-21,9780241003008,The Very Hungry Caterpillar,"Carle, Eric",201829,1962,8704.2,4.4364,7.99,Hardback,Puffin Books,Penguin Grp,Y1.3 Picture Books,"Y Children's, YA & Educational"
2018-07-28,9780722532935,The Alchemist,"Coelho, Paulo",201830,580,4870.34,8.3971,9.99,Paperback,Thorsons,HarperCollins Grp,F1.1 General & Literary Fiction,F Adult Fiction
2018-07-28,9780241003008,The Very Hungry Caterpillar,"Carle, Eric",201830,1832,8311.35,4.5368,7.99,Hardback,Puffin Books,Penguin Grp,Y1.3 Picture Books,"Y Children's, YA & Educational"
2018-08-04,9780241003008,The Very Hungry Caterpillar,"Carle, Eric",201831,1984,9211.73,4.643,7.99,Hardback,Puffin Books,Penguin Grp,Y1.3 Picture Books,"Y Children's, YA & Educational"
2018-08-04,9780722532935,The Alchemist,"Coelho, Paulo",201831,653,5458.5,8.3591,9.99,Paperback,Thorsons,HarperCollins Grp,F1.1 General & Literary Fiction,F Adult Fiction
2018-08-11,9780722532935,The Alchemist,"Coelho, Paulo",201832,627,5075.67,8.0952,9.99,Paperback,Thorsons,HarperCollins Grp,F1.1 General & Literary Fiction,F Adult Fiction
2018-08-11,9780241003008,The Very Hungry Caterpillar,"Carle, Eric",201832,2055,9177.81,4.4661,7.99,Hardback,Puffin Books,Penguin Grp,Y1.3 Picture Books,"Y Children's, YA & Educational"
2018-08-18,9780241003008,The Very Hungry Caterpillar,"Carle, Eric",201833,2003,9028.68,4.5076,7.99,Hardback,Puffin Books,Penguin Grp,Y1.3 Picture Books,"Y Children's, YA & Educational"
2018-08-18,9780722532935,The Alchemist,"Coelho, Paulo",201833,670,5617.01,8.3836,9.99,Paperback,Thorsons,HarperCollins Grp,F1.1 General & Literary Fiction,F Adult Fiction
2018-08-25,9780722532935,The Alchemist,"Coelho, Paulo",201834,534,4562.19,8.5434,9.99,Paperback,Thorsons,HarperCollins Grp,F1.1 General & Literary Fiction,F Adult Fiction
2018-08-25,9780241003008,The Very Hungry Caterpillar,"Carle, Eric",201834,2076,8860.04,4.2678,7.99,Hardback,Puffin Books,Penguin Grp,Y1.3 Picture Books,"Y Children's, YA & Educational"
2018-09-01,9780241003008,The Very Hungry Caterpillar,"Carle, Eric",201835,2171,9183.32,4.23,7.99,Hardback,Puffin Books,Penguin Grp,Y1.3 Picture Books,"Y Children's, YA & Educational"
2018-09-01,9780722532935,The Alchemist,"Coelho, Paulo",201835,606,5021.72,8.2867,9.99,Paperback,Thorsons,HarperCollins Grp,F1.1 General & Literary Fiction,F Adult Fiction
2018-09-08,9780241003008,The Very Hungry Caterpillar,"Carle, Eric",201836,2148,9225.1,4.2947,7.99,Hardback,Puffin Books,Penguin Grp,Y1.3 Picture Books,"Y Children's, YA & Educational"
2018-09-08,9780722532935,The Alchemist,"Coelho, Paulo",201836,613,4933.52,8.0482,9.99,Paperback,Thorsons,HarperCollins Grp,F1.1 General & Literary Fiction,F Adult Fiction
2018-09-15,9780241003008,The Very Hungry Caterpillar,"Carle, Eric",201837,2402,10281.95,4.2806,7.99,Hardback,Puffin Books,Penguin Grp,Y1.3 Picture Books,"Y Children's, YA & Educational"
2018-09-15,9780722532935,The Alchemist,"Coelho, Paulo",201837,723,4803.82,6.6443,9.99,Paperback,Thorsons,HarperCollins Grp,F1.1 General & Literary Fiction,F Adult Fiction
2018-09-22,9780722532935,The Alchemist,"Coelho, Paulo",201838,690,4497.31,6.5178,9.99,Paperback,Thorsons,HarperCollins Grp,F1.1 General & Literary Fiction,F Adult Fiction
2018-09-22,9780241003008,The Very Hungry Caterpillar,"Carle, Eric",201838,2081,9402.78,4.5184,7.99,Hardback,Puffin Books,Penguin Grp,Y1.3 Picture Books,"Y Children's, YA & Educational"
2018-09-29,9780241003008,The Very Hungry Caterpillar,"Carle, Eric",201839,2088,9314.4,4.4609,7.99,Hardback,Puffin Books,Penguin Grp,Y1.3 Picture Books,"Y Children's, YA & Educational"
2018-09-29,9780722532935,The Alchemist,"Coelho, Paulo",201839,649,5232.51,8.0624,9.99,Paperback,Thorsons,HarperCollins Grp,F1.1 General & Literary Fiction,F Adult Fiction
2018-10-06,9780722532935,The Alchemist,"Coelho, Paulo",201840,645,5251.62,8.142,9.99,Paperback,Thorsons,HarperCollins Grp,F1.1 General & Literary Fiction,F Adult Fiction
2018-10-06,9780241003008,The Very Hungry Caterpillar,"Carle, Eric",201840,2096,9299.29,4.4367,7.99,Hardback,Puffin Books,Penguin Grp,Y1.3 Picture Books,"Y Children's, YA & Educational"
2018-10-13,9780241003008,The Very Hungry Caterpillar,"Carle, Eric",201841,1881,8444.01,4.4891,7.99,Hardback,Puffin Books,Penguin Grp,Y1.3 Picture Books,"Y Children's, YA & Educational"
2018-10-13,9780722532935,The Alchemist,"Coelho, Paulo",201841,606,4934.03,8.142,9.99,Paperback,Thorsons,HarperCollins Grp,F1.1 General & Literary Fiction,F Adult Fiction
2018-10-20,9780722532935,The Alchemist,"Coelho, Paulo",201842,540,4607.82,8.533,9.99,Paperback,Thorsons,HarperCollins Grp,F1.1 General & Literary Fiction,F Adult Fiction
2018-10-20,9780241003008,The Very Hungry Caterpillar,"Carle, Eric",201842,2195,9578.29,4.3637,7.99,Hardback,Puffin Books,Penguin Grp,Y1.3 Picture Books,"Y Children's, YA & Educational"
2018-10-27,9780722532935,The Alchemist,"Coelho, Paulo",201843,486,4199.58,8.6411,9.99,Paperback,Thorsons,HarperCollins Grp,F1.1 General & Literary Fiction,F Adult Fiction
2018-10-27,9780241003008,The Very Hungry Caterpillar,"Carle, Eric",201843,2220,9870.8,4.4463,7.99,Hardback,Puffin Books,Penguin Grp,Y1.3 Picture Books,"Y Children's, YA & Educational"
2018-11-03,9780241003008,The Very Hungry Caterpillar,"Carle, Eric",201844,2126,9552.72,4.4933,7.99,Hardback,Puffin Books,Penguin Grp,Y1.3 Picture Books,"Y Children's, YA & Educational"
2018-11-03,9780722532935,The Alchemist,"Coelho, Paulo",201844,534,4505.42,8.4371,9.99,Paperback,Thorsons,HarperCollins Grp,F1.1 General & Literary Fiction,F Adult Fiction
2018-11-10,9780241003008,The Very Hungry Caterpillar,"Carle, Eric",201845,2224,9851.6,4.4297,7.99,Hardback,Puffin Books,Penguin Grp,Y1.3 Picture Books,"Y Children's, YA & Educational"
2018-11-10,9780722532935,The Alchemist,"Coelho, Paulo",201845,578,4835.13,8.3653,9.99,Paperback,Thorsons,HarperCollins Grp,F1.1 General & Literary Fiction,F Adult Fiction
2018-11-17,9780241003008,The Very Hungry Caterpillar,"Carle, Eric",201846,2543,11092.75,4.3621,7.99,Hardback,Puffin Books,Penguin Grp,Y1.3 Picture Books,"Y Children's, YA & Educational"
2018-11-17,9780722532935,The Alchemist,"Coelho, Paulo",201846,565,4711.92,8.3397,9.99,Paperback,Thorsons,HarperCollins Grp,F1.1 General & Literary Fiction,F Adult Fiction
2018-11-24,9780241003008,The Very Hungry Caterpillar,"Carle, Eric",201847,2733,11805.13,4.3195,7.99,Hardback,Puffin Books,Penguin Grp,Y1.3 Picture Books,"Y Children's, YA & Educational"
2018-11-24,9780722532935,The Alchemist,"Coelho, Paulo",201847,789,5341.33,6.7697,9.99,Paperback,Thorsons,HarperCollins Grp,F1.1 General & Literary Fiction,F Adult Fiction
2018-12-01,9780241003008,The Very Hungry Caterpillar,"Carle, Eric",201848,3088,12837.01,4.1571,7.99,Hardback,Puffin Books,Penguin Grp,Y1.3 Picture Books,"Y Children's, YA & Educational"
2018-12-01,9780722532935,The Alchemist,"Coelho, Paulo",201848,875,5462.48,6.2428,9.99,Paperback,Thorsons,HarperCollins Grp,F1.1 General & Literary Fiction,F Adult Fiction
2018-12-08,9780722532935,The Alchemist,"Coelho, Paulo",201849,853,6832.18,8.0096,9.99,Paperback,Thorsons,HarperCollins Grp,F1.1 General & Literary Fiction,F Adult Fiction
2018-12-08,9780241003008,The Very Hungry Caterpillar,"Carle, Eric",201849,2563,12114.52,4.7267,7.99,Hardback,Puffin Books,Penguin Grp,Y1.3 Picture Books,"Y Children's, YA & Educational"
2018-12-15,9780722532935,The Alchemist,"Coelho, Paulo",201850,1209,9705.2,8.0275,9.99,Paperback,Thorsons,HarperCollins Grp,F1.1 General & Literary Fiction,F Adult Fiction
2018-12-15,9780241003008,The Very Hungry Caterpillar,"Carle, Eric",201850,2100,10648.3,5.0706,7.99,Hardback,Puffin Books,Penguin Grp,Y1.3 Picture Books,"Y Children's, YA & Educational"
2018-12-22,9780722532935,The Alchemist,"Coelho, Paulo",201851,1698,14166.94,8.3433,9.99,Paperback,Thorsons,HarperCollins Grp,F1.1 General & Literary Fiction,F Adult Fiction
2018-12-22,9780241003008,The Very Hungry Caterpillar,"Carle, Eric",201851,3112,15012.28,4.824,7.99,Hardback,Puffin Books,Penguin Grp,Y1.3 Picture Books,"Y Children's, YA & Educational"
2018-12-29,9780722532935,The Alchemist,"Coelho, Paulo",201852,835,7552.29,9.0447,9.99,Paperback,Thorsons,HarperCollins Grp,F1.1 General & Literary Fiction,F Adult Fiction
2018-12-29,9780241003008,The Very Hungry Caterpillar,"Carle, Eric",201852,1066,5380.06,5.047,7.99,Hardback,Puffin Books,Penguin Grp,Y1.3 Picture Books,"Y Children's, YA & Educational"
2019-01-05,9780241003008,The Very Hungry Caterpillar,"Carle, Eric",201901,792,3974.64,5.0185,7.99,Hardback,Puffin Books,Penguin Grp,Y1.3 Picture Books,"Y Children's, YA & Educational"
2019-01-05,9780722532935,The Alchemist,"Coelho, Paulo",201901,585,4869.28,8.3236,9.99,Paperback,Thorsons,HarperCollins Grp,F1.1 General & Literary Fiction,F Adult Fiction
2019-01-12,9780241003008,The Very Hungry Caterpillar,"Carle, Eric",201902,816,4091.71,5.0144,7.99,Hardback,Puffin Books,Penguin Grp,Y1.3 Picture Books,"Y Children's, YA & Educational"
2019-01-12,9780722532935,The Alchemist,"Coelho, Paulo",201902,607,5079.29,8.3679,9.99,Paperback,Thorsons,HarperCollins Grp,F1.1 General & Literary Fiction,F Adult Fiction
2019-01-19,9780241003008,The Very Hungry Caterpillar,"Carle, Eric",201903,1368,6035.98,4.4123,7.99,Hardback,Puffin Books,Penguin Grp,Y1.3 Picture Books,"Y Children's, YA & Educational"
2019-01-19,9780722532935,The Alchemist,"Coelho, Paulo",201903,578,4868.1,8.4223,9.99,Paperback,Thorsons,HarperCollins Grp,F1.1 General & Literary Fiction,F Adult Fiction
2019-01-26,9780722532935,The Alchemist,"Coelho, Paulo",201904,495,4082.66,8.2478,9.99,Paperback,Thorsons,HarperCollins Grp,F1.1 General & Literary Fiction,F Adult Fiction
2019-01-26,9780241003008,The Very Hungry Caterpillar,"Carle, Eric",201904,1751,7370.15,4.2091,7.99,Hardback,Puffin Books,Penguin Grp,Y1.3 Picture Books,"Y Children's, YA & Educational"
2019-02-02,9780722532935,The Alchemist,"Coelho, Paulo",201905,658,5043.34,7.6647,9.99,Paperback,Thorsons,HarperCollins Grp,F1.1 General & Literary Fiction,F Adult Fiction
2019-02-02,9780241003008,The Very Hungry Caterpillar,"Carle, Eric",201905,1663,7091.63,4.2644,7.99,Hardback,Puffin Books,Penguin Grp,Y1.3 Picture Books,"Y Children's, YA & Educational"
2019-02-09,9780241003008,The Very Hungry Caterpillar,"Carle, Eric",201906,1721,7561.37,4.3936,7.99,Hardback,Puffin Books,Penguin Grp,Y1.3 Picture Books,"Y Children's, YA & Educational"
2019-02-09,9780722532935,The Alchemist,"Coelho, Paulo",201906,535,4273.93,7.9887,9.99,Paperback,Thorsons,HarperCollins Grp,F1.1 General & Literary Fiction,F Adult Fiction
2019-02-16,9780722532935,The Alchemist,"Coelho, Paulo",201907,518,4275.11,8.2531,9.99,Paperback,Thorsons,HarperCollins Grp,F1.1 General & Literary Fiction,F Adult Fiction
2019-02-16,9780241003008,The Very Hungry Caterpillar,"Carle, Eric",201907,1716,7636.74,4.4503,7.99,Hardback,Puffin Books,Penguin Grp,Y1.3 Picture Books,"Y Children's, YA & Educational"
2019-02-23,9780722532935,The Alchemist,"Coelho, Paulo",201908,456,3866.77,8.4798,9.99,Paperback,Thorsons,HarperCollins Grp,F1.1 General & Literary Fiction,F Adult Fiction
2019-02-23,9780241003008,The Very Hungry Caterpillar,"Carle, Eric",201908,1772,7725.94,4.36,7.99,Hardback,Puffin Books,Penguin Grp,Y1.3 Picture Books,"Y Children's, YA & Educational"
2019-03-02,9780241003008,The Very Hungry Caterpillar,"Carle, Eric",201909,1723,7538.95,4.3755,7.99,Hardback,Puffin Books,Penguin Grp,Y1.3 Picture Books,"Y Children's, YA & Educational"
2019-03-02,9780722532935,The Alchemist,"Coelho, Paulo",201909,504,3904.04,7.7461,9.99,Paperback,Thorsons,HarperCollins Grp,F1.1 General & Literary Fiction,F Adult Fiction
2019-03-09,9780241003008,The Very Hungry Caterpillar,"Carle, Eric",201910,1082,5090.47,4.7047,7.99,Hardback,Puffin Books,Penguin Grp,Y1.3 Picture Books,"Y Children's, YA & Educational"
2019-03-09,9780722532935,The Alchemist,"Coelho, Paulo",201910,516,4259.11,8.2541,9.99,Paperback,Thorsons,HarperCollins Grp,F1.1 General & Literary Fiction,F Adult Fiction
2019-03-16,9780722532935,The Alchemist,"Coelho, Paulo",201911,476,3855.9,8.1006,9.99,Paperback,Thorsons,HarperCollins Grp,F1.1 General & Literary Fiction,F Adult Fiction
2019-03-16,9780241003008,The Very Hungry Caterpillar,"Carle, Eric",201911,819,3912.54,4.7772,7.99,Hardback,Puffin Books,Penguin Grp,Y1.3 Picture Books,"Y Children's, YA & Educational"
2019-03-23,9780722532935,The Alchemist,"Coelho, Paulo",201912,477,3953.19,8.2876,9.99,Paperback,Thorsons,HarperCollins Grp,F1.1 General & Literary Fiction,F Adult Fiction
2019-03-23,9780241003008,The Very Hungry Caterpillar,"Carle, Eric",201912,1101,5401.08,4.9056,7.99,Hardback,Puffin Books,Penguin Grp,Y1.3 Picture Books,"Y Children's, YA & Educational"
2019-03-30,9780241003008,The Very Hungry Caterpillar,"Carle, Eric",201913,1341,5883.51,4.3874,7.99,Hardback,Puffin Books,Penguin Grp,Y1.3 Picture Books,"Y Children's, YA & Educational"
2019-03-30,9780722532935,The Alchemist,"Coelho, Paulo",201913,452,3819.06,8.4492,9.99,Paperback,Thorsons,HarperCollins Grp,F1.1 General & Literary Fiction,F Adult Fiction
2019-04-06,9780241003008,The Very Hungry Caterpillar,"Carle, Eric",201914,1727,7603.63,4.4028,7.99,Hardback,Puffin Books,Penguin Grp,Y1.3 Picture Books,"Y Children's, YA & Educational"
2019-04-06,9780722532935,The Alchemist,"Coelho, Paulo",201914,589,4743.25,8.0531,9.99,Paperback,Thorsons,HarperCollins Grp,F1.1 General & Literary Fiction,F Adult Fiction
2019-04-13,9780241003008,The Very Hungry Caterpillar,"Carle, Eric",201915,1962,8068.84,4.1126,7.99,Hardback,Puffin Books,Penguin Grp,Y1.3 Picture Books,"Y Children's, YA & Educational"
2019-04-13,9780722532935,The Alchemist,"Coelho, Paulo",201915,479,3986.93,8.3234,9.99,Paperback,Thorsons,HarperCollins Grp,F1.1 General & Literary Fiction,F Adult Fiction
2019-04-20,9780722532935,The Alchemist,"Coelho, Paulo",201916,418,3472.3,8.3069,9.99,Paperback,Thorsons,HarperCollins Grp,F1.1 General & Literary Fiction,F Adult Fiction
2019-04-20,9780241003008,The Very Hungry Caterpillar,"Carle, Eric",201916,1950,7690.55,3.9439,7.99,Hardback,Puffin Books,Penguin Grp,Y1.3 Picture Books,"Y Children's, YA & Educational"
2019-04-27,9780722532935,The Alchemist,"Coelho, Paulo",201917,370,3175.28,8.5818,9.99,Paperback,Thorsons,HarperCollins Grp,F1.1 General & Literary Fiction,F Adult Fiction
2019-04-27,9780241003008,The Very Hungry Caterpillar,"Carle, Eric",201917,2017,7490.32,3.7136,7.99,Hardback,Puffin Books,Penguin Grp,Y1.3 Picture Books,"Y Children's, YA & Educational"
2019-05-04,9780241003008,The Very Hungry Caterpillar,"Carle, Eric",201918,1991,8377.49,4.2077,7.99,Hardback,Puffin Books,Penguin Grp,Y1.3 Picture Books,"Y Children's, YA & Educational"
2019-05-04,9780722532935,The Alchemist,"Coelho, Paulo",201918,465,3818.17,8.2111,9.99,Paperback,Thorsons,HarperCollins Grp,F1.1 General & Literary Fiction,F Adult Fiction
2019-05-11,9780722532935,The Alchemist,"Coelho, Paulo",201919,475,3735.57,7.8644,9.99,Paperback,Thorsons,HarperCollins Grp,F1.1 General & Literary Fiction,F Adult Fiction
2019-05-11,9780241003008,The Very Hungry Caterpillar,"Carle, Eric",201919,1904,8328.43,4.3742,7.99,Hardback,Puffin Books,Penguin Grp,Y1.3 Picture Books,"Y Children's, YA & Educational"
2019-05-18,9780722532935,The Alchemist,"Coelho, Paulo",201920,422,3366.06,7.9764,9.99,Paperback,Thorsons,HarperCollins Grp,F1.1 General & Literary Fiction,F Adult Fiction
2019-05-18,9780241003008,The Very Hungry Caterpillar,"Carle, Eric",201920,1924,8120.12,4.2204,7.99,Hardback,Puffin Books,Penguin Grp,Y1.3 Picture Books,"Y Children's, YA & Educational"
2019-05-25,9780241003008,The Very Hungry Caterpillar,"Carle, Eric",201921,1833,7890.65,4.3048,7.99,Hardback,Puffin Books,Penguin Grp,Y1.3 Picture Books,"Y Children's, YA & Educational"
2019-05-25,9780722532935,The Alchemist,"Coelho, Paulo",201921,458,3816.24,8.3324,9.99,Paperback,Thorsons,HarperCollins Grp,F1.1 General & Literary Fiction,F Adult Fiction
2019-06-01,9780722532935,The Alchemist,"Coelho, Paulo",201922,501,4194.15,8.3716,9.99,Paperback,Thorsons,HarperCollins Grp,F1.1 General & Literary Fiction,F Adult Fiction
2019-06-01,9780241003008,The Very Hungry Caterpillar,"Carle, Eric",201922,2011,9016.48,4.4836,7.99,Hardback,Puffin Books,Penguin Grp,Y1.3 Picture Books,"Y Children's, YA & Educational"
2019-06-08,9780722532935,The Alchemist,"Coelho, Paulo",201923,467,3981.01,8.5246,9.99,Paperback,Thorsons,HarperCollins Grp,F1.1 General & Literary Fiction,F Adult Fiction
2019-06-08,9780241003008,The Very Hungry Caterpillar,"Carle, Eric",201923,2051,8358.0,4.0751,7.99,Hardback,Puffin Books,Penguin Grp,Y1.3 Picture Books,"Y Children's, YA & Educational"
2019-06-15,9780241003008,The Very Hungry Caterpillar,"Carle, Eric",201924,2305,9865.5,4.28,7.99,Hardback,Puffin Books,Penguin Grp,Y1.3 Picture Books,"Y Children's, YA & Educational"
2019-06-15,9780722532935,The Alchemist,"Coelho, Paulo",201924,524,4281.35,8.1705,9.99,Paperback,Thorsons,HarperCollins Grp,F1.1 General & Literary Fiction,F Adult Fiction
2019-06-22,9780722532935,The Alchemist,"Coelho, Paulo",201925,456,3919.42,8.5952,9.99,Paperback,Thorsons,HarperCollins Grp,F1.1 General & Literary Fiction,F Adult Fiction
2019-06-22,9780241003008,The Very Hungry Caterpillar,"Carle, Eric",201925,1846,8353.89,4.5254,7.99,Hardback,Puffin Books,Penguin Grp,Y1.3 Picture Books,"Y Children's, YA & Educational"
2019-06-29,9780722532935,The Alchemist,"Coelho, Paulo",201926,466,3972.91,8.5256,9.99,Paperback,Thorsons,HarperCollins Grp,F1.1 General & Literary Fiction,F Adult Fiction
2019-06-29,9780241003008,The Very Hungry Caterpillar,"Carle, Eric",201926,1636,8229.76,5.0304,7.99,Hardback,Puffin Books,Penguin Grp,Y1.3 Picture Books,"Y Children's, YA & Educational"
2019-07-06,9780241003008,The Very Hungry Caterpillar,"Carle, Eric",201927,1605,8261.23,5.1472,7.99,Hardback,Puffin Books,Penguin Grp,Y1.3 Picture Books,"Y Children's, YA & Educational"
2019-07-06,9780722532935,The Alchemist,"Coelho, Paulo",201927,557,4701.66,8.441,9.99,Paperback,Thorsons,HarperCollins Grp,F1.1 General & Literary Fiction,F Adult Fiction
2019-07-13,9780241003008,The Very Hungry Caterpillar,"Carle, Eric",201928,1724,8547.17,4.9578,7.99,Hardback,Puffin Books,Penguin Grp,Y1.3 Picture Books,"Y Children's, YA & Educational"
2019-07-13,9780722532935,The Alchemist,"Coelho, Paulo",201928,514,4339.7,8.443,9.99,Paperback,Thorsons,HarperCollins Grp,F1.1 General & Literary Fiction,F Adult Fiction
2019-07-20,9780241003008,The Very Hungry Caterpillar,"Carle, Eric",201929,1741,8760.24,5.0317,7.99,Hardback,Puffin Books,Penguin Grp,Y1.3 Picture Books,"Y Children's, YA & Educational"
2019-07-20,9780722532935,The Alchemist,"Coelho, Paulo",201929,512,4570.06,8.9259,9.99,Paperback,Thorsons,HarperCollins Grp,F1.1 General & Literary Fiction,F Adult Fiction
2019-07-27,9780241003008,The Very Hungry Caterpillar,"Carle, Eric",201930,1537,7653.05,4.9792,7.99,Hardback,Puffin Books,Penguin Grp,Y1.3 Picture Books,"Y Children's, YA & Educational"
2019-07-27,9780722532935,The Alchemist,"Coelho, Paulo",201930,438,3799.74,8.6752,9.99,Paperback,Thorsons,HarperCollins Grp,F1.1 General & Literary Fiction,F Adult Fiction
2019-08-03,9780722532935,The Alchemist,"Coelho, Paulo",201931,560,4926.64,8.7976,9.99,Paperback,Thorsons,HarperCollins Grp,F1.1 General & Literary Fiction,F Adult Fiction
2019-08-03,9780241003008,The Very Hungry Caterpillar,"Carle, Eric",201931,1698,8681.08,5.1125,7.99,Hardback,Puffin Books,Penguin Grp,Y1.3 Picture Books,"Y Children's, YA & Educational"
2019-08-10,9780722532935,The Alchemist,"Coelho, Paulo",201932,562,4758.87,8.4677,9.99,Paperback,Thorsons,HarperCollins Grp,F1.1 General & Literary Fiction,F Adult Fiction
2019-08-10,9780241003008,The Very Hungry Caterpillar,"Carle, Eric",201932,1798,9077.3,5.0486,7.99,Hardback,Puffin Books,Penguin Grp,Y1.3 Picture Books,"Y Children's, YA & Educational"
2019-08-17,9780722532935,The Alchemist,"Coelho, Paulo",201933,560,4666.7,8.3334,9.99,Paperback,Thorsons,HarperCollins Grp,F1.1 General & Literary Fiction,F Adult Fiction
2019-08-17,9780241003008,The Very Hungry Caterpillar,"Carle, Eric",201933,1730,8875.0,5.1301,7.99,Hardback,Puffin Books,Penguin Grp,Y1.3 Picture Books,"Y Children's, YA & Educational"
2019-08-24,9780722532935,The Alchemist,"Coelho, Paulo",201934,558,4702.85,8.428,9.99,Paperback,Thorsons,HarperCollins Grp,F1.1 General & Literary Fiction,F Adult Fiction
2019-08-24,9780241003008,The Very Hungry Caterpillar,"Carle, Eric",201934,1499,7651.62,5.1045,7.99,Hardback,Puffin Books,Penguin Grp,Y1.3 Picture Books,"Y Children's, YA & Educational"
2019-08-31,9780241003008,The Very Hungry Caterpillar,"Carle, Eric",201935,1540,7751.56,5.0335,7.99,Hardback,Puffin Books,Penguin Grp,Y1.3 Picture Books,"Y Children's, YA & Educational"
2019-08-31,9780722532935,The Alchemist,"Coelho, Paulo",201935,500,4233.93,8.4679,9.99,Paperback,Thorsons,HarperCollins Grp,F1.1 General & Literary Fiction,F Adult Fiction
2019-09-07,9780241003008,The Very Hungry Caterpillar,"Carle, Eric",201936,1611,8129.01,5.0459,7.99,Hardback,Puffin Books,Penguin Grp,Y1.3 Picture Books,"Y Children's, YA & Educational"
2019-09-07,9780722532935,The Alchemist,"Coelho, Paulo",201936,514,4279.71,8.3263,9.99,Paperback,Thorsons,HarperCollins Grp,F1.1 General & Literary Fiction,F Adult Fiction
2019-09-14,9780241003008,The Very Hungry Caterpillar,"Carle, Eric",201937,1558,7973.11,5.1175,7.99,Hardback,Puffin Books,Penguin Grp,Y1.3 Picture Books,"Y Children's, YA & Educational"
2019-09-14,9780722532935,The Alchemist,"Coelho, Paulo",201937,484,4089.67,8.4497,9.99,Paperback,Thorsons,HarperCollins Grp,F1.1 General & Literary Fiction,F Adult Fiction
2019-09-21,9780722532935,The Alchemist,"Coelho, Paulo",201938,439,3686.63,8.3978,9.99,Paperback,Thorsons,HarperCollins Grp,F1.1 General & Literary Fiction,F Adult Fiction
2019-09-21,9780241003008,The Very Hungry Caterpillar,"Carle, Eric",201938,1460,7339.22,5.0269,7.99,Hardback,Puffin Books,Penguin Grp,Y1.3 Picture Books,"Y Children's, YA & Educational"
2019-09-28,9780241003008,The Very Hungry Caterpillar,"Carle, Eric",201939,1640,8331.41,5.0801,7.99,Hardback,Puffin Books,Penguin Grp,Y1.3 Picture Books,"Y Children's, YA & Educational"
2019-09-28,9780722532935,The Alchemist,"Coelho, Paulo",201939,478,3770.97,7.8891,9.99,Paperback,Thorsons,HarperCollins Grp,F1.1 General & Literary Fiction,F Adult Fiction
2019-10-05,9780241003008,The Very Hungry Caterpillar,"Carle, Eric",201940,1635,8128.55,4.9716,7.99,Hardback,Puffin Books,Penguin Grp,Y1.3 Picture Books,"Y Children's, YA & Educational"
2019-10-05,9780722532935,The Alchemist,"Coelho, Paulo",201940,576,4091.07,7.1026,9.99,Paperback,Thorsons,HarperCollins Grp,F1.1 General & Literary Fiction,F Adult Fiction
2019-10-12,9780722532935,The Alchemist,"Coelho, Paulo",201941,489,4001.96,8.184,9.99,Paperback,Thorsons,HarperCollins Grp,F1.1 General & Literary Fiction,F Adult Fiction
2019-10-12,9780241003008,The Very Hungry Caterpillar,"Carle, Eric",201941,1664,8298.89,4.9873,7.99,Hardback,Puffin Books,Penguin Grp,Y1.3 Picture Books,"Y Children's, YA & Educational"
2019-10-19,9780722532935,The Alchemist,"Coelho, Paulo",201942,512,4079.61,7.968,9.99,Paperback,Thorsons,HarperCollins Grp,F1.1 General & Literary Fiction,F Adult Fiction
2019-10-19,9780241003008,The Very Hungry Caterpillar,"Carle, Eric",201942,1631,8176.73,5.0133,7.99,Hardback,Puffin Books,Penguin Grp,Y1.3 Picture Books,"Y Children's, YA & Educational"
2019-10-26,9780241003008,The Very Hungry Caterpillar,"Carle, Eric",201943,1618,8181.34,5.0565,7.99,Hardback,Puffin Books,Penguin Grp,Y1.3 Picture Books,"Y Children's, YA & Educational"
2019-10-26,9780722532935,The Alchemist,"Coelho, Paulo",201943,492,3908.08,7.9433,9.99,Paperback,Thorsons,HarperCollins Grp,F1.1 General & Literary Fiction,F Adult Fiction
2019-11-02,9780722532935,The Alchemist,"Coelho, Paulo",201944,558,4352.6,7.8004,9.99,Paperback,Thorsons,HarperCollins Grp,F1.1 General & Literary Fiction,F Adult Fiction
2019-11-02,9780241003008,The Very Hungry Caterpillar,"Carle, Eric",201944,1546,7665.91,4.9585,7.99,Hardback,Puffin Books,Penguin Grp,Y1.3 Picture Books,"Y Children's, YA & Educational"
2019-11-09,9780722532935,The Alchemist,"Coelho, Paulo",201945,492,3910.67,7.9485,9.99,Paperback,Thorsons,HarperCollins Grp,F1.1 General & Literary Fiction,F Adult Fiction
2019-11-09,9780241003008,The Very Hungry Caterpillar,"Carle, Eric",201945,1695,8410.79,4.9621,7.99,Hardback,Puffin Books,Penguin Grp,Y1.3 Picture Books,"Y Children's, YA & Educational"
2019-11-16,9780241003008,The Very Hungry Caterpillar,"Carle, Eric",201946,1718,8565.56,4.9858,7.99,Hardback,Puffin Books,Penguin Grp,Y1.3 Picture Books,"Y Children's, YA & Educational"
2019-11-16,9780722532935,The Alchemist,"Coelho, Paulo",201946,468,3525.18,7.5324,9.99,Paperback,Thorsons,HarperCollins Grp,F1.1 General & Literary Fiction,F Adult Fiction
2019-11-23,9780241003008,The Very Hungry Caterpillar,"Carle, Eric",201947,1749,8740.15,4.9972,7.99,Hardback,Puffin Books,Penguin Grp,Y1.3 Picture Books,"Y Children's, YA & Educational"
2019-11-23,9780722532935,The Alchemist,"Coelho, Paulo",201947,559,3841.78,6.8726,9.99,Paperback,Thorsons,HarperCollins Grp,F1.1 General & Literary Fiction,F Adult Fiction
2019-11-30,9780241003008,The Very Hungry Caterpillar,"Carle, Eric",201948,2274,11211.5,4.9303,7.99,Hardback,Puffin Books,Penguin Grp,Y1.3 Picture Books,"Y Children's, YA & Educational"
2019-11-30,9780722532935,The Alchemist,"Coelho, Paulo",201948,697,4692.35,6.7322,9.99,Paperback,Thorsons,HarperCollins Grp,F1.1 General & Literary Fiction,F Adult Fiction
2019-12-07,9780241003008,The Very Hungry Caterpillar,"Carle, Eric",201949,2589,13096.19,5.0584,7.99,Hardback,Puffin Books,Penguin Grp,Y1.3 Picture Books,"Y Children's, YA & Educational"
2019-12-07,9780722532935,The Alchemist,"Coelho, Paulo",201949,767,5628.25,7.338,9.99,Paperback,Thorsons,HarperCollins Grp,F1.1 General & Literary Fiction,F Adult Fiction
2019-12-14,9780241003008,The Very Hungry Caterpillar,"Carle, Eric",201950,2701,14186.89,5.2525,7.99,Hardback,Puffin Books,Penguin Grp,Y1.3 Picture Books,"Y Children's, YA & Educational"
2019-12-14,9780722532935,The Alchemist,"Coelho, Paulo",201950,931,7520.19,8.0775,9.99,Paperback,Thorsons,HarperCollins Grp,F1.1 General & Literary Fiction,F Adult Fiction
2019-12-21,9780241003008,The Very Hungry Caterpillar,"Carle, Eric",201951,3271,17257.55,5.2759,7.99,Hardback,Puffin Books,Penguin Grp,Y1.3 Picture Books,"Y Children's, YA & Educational"
2019-12-21,9780722532935,The Alchemist,"Coelho, Paulo",201951,1178,9996.98,8.4864,9.99,Paperback,Thorsons,HarperCollins Grp,F1.1 General & Literary Fiction,F Adult Fiction
2019-12-28,9780722532935,The Alchemist,"Coelho, Paulo",201952,794,7509.82,9.4582,9.99,Paperback,Thorsons,HarperCollins Grp,F1.1 General & Literary Fiction,F Adult Fiction
2019-12-28,9780241003008,The Very Hungry Caterpillar,"Carle, Eric",201952,1667,8236.31,4.9408,7.99,Hardback,Puffin Books,Penguin Grp,Y1.3 Picture Books,"Y Children's, YA & Educational"
2020-01-04,9780241003008,The Very Hungry Caterpillar,"Carle, Eric",202001,888,4460.12,5.0227,7.99,Hardback,Puffin Books,Penguin Grp,Y1.3 Picture Books,"Y Children's, YA & Educational"
2020-01-04,9780722532935,The Alchemist,"Coelho, Paulo",202001,428,3683.65,8.6067,9.99,Paperback,Thorsons,HarperCollins Grp,F1.1 General & Literary Fiction,F Adult Fiction
2020-01-11,9780722532935,The Alchemist,"Coelho, Paulo",202002,532,4450.9,8.3664,9.99,Paperback,Thorsons,HarperCollins Grp,F1.1 General & Literary Fiction,F Adult Fiction
2020-01-11,9780241003008,The Very Hungry Caterpillar,"Carle, Eric",202002,1024,5204.8,5.0828,7.99,Hardback,Puffin Books,Penguin Grp,Y1.3 Picture Books,"Y Children's, YA & Educational"
2020-01-18,9780722532935,The Alchemist,"Coelho, Paulo",202003,461,3855.13,8.3625,9.99,Paperback,Thorsons,HarperCollins Grp,F1.1 General & Literary Fiction,F Adult Fiction
2020-01-18,9780241003008,The Very Hungry Caterpillar,"Carle, Eric",202003,990,4954.77,5.0048,7.99,Hardback,Puffin Books,Penguin Grp,Y1.3 Picture Books,"Y Children's, YA & Educational"
2020-01-25,9780722532935,The Alchemist,"Coelho, Paulo",202004,442,3724.32,8.4261,9.99,Paperback,Thorsons,HarperCollins Grp,F1.1 General & Literary Fiction,F Adult Fiction
2020-01-25,9780241003008,The Very Hungry Caterpillar,"Carle, Eric",202004,1641,7422.7,4.5233,7.99,Hardback,Puffin Books,Penguin Grp,Y1.3 Picture Books,"Y Children's, YA & Educational"
2020-02-01,9780241003008,The Very Hungry Caterpillar,"Carle, Eric",202005,1741,8357.99,4.8007,7.99,Hardback,Puffin Books,Penguin Grp,Y1.3 Picture Books,"Y Children's, YA & Educational"
2020-02-01,9780722532935,The Alchemist,"Coelho, Paulo",202005,495,4160.54,8.4051,9.99,Paperback,Thorsons,HarperCollins Grp,F1.1 General & Literary Fiction,F Adult Fiction
2020-02-08,9780241003008,The Very Hungry Caterpillar,"Carle, Eric",202006,1683,8172.7,4.856,7.99,Hardback,Puffin Books,Penguin Grp,Y1.3 Picture Books,"Y Children's, YA & Educational"
2020-02-08,9780722532935,The Alchemist,"Coelho, Paulo",202006,525,4331.77,8.251,9.99,Paperback,Thorsons,HarperCollins Grp,F1.1 General & Literary Fiction,F Adult Fiction
2020-02-15,9780241003008,The Very Hungry Caterpillar,"Carle, Eric",202007,1640,7838.37,4.7795,7.99,Hardback,Puffin Books,Penguin Grp,Y1.3 Picture Books,"Y Children's, YA & Educational"
2020-02-15,9780722532935,The Alchemist,"Coelho, Paulo",202007,496,4156.68,8.3804,9.99,Paperback,Thorsons,HarperCollins Grp,F1.1 General & Literary Fiction,F Adult Fiction
2020-02-22,9780241003008,The Very Hungry Caterpillar,"Carle, Eric",202008,1594,7847.2,4.923,7.99,Hardback,Puffin Books,Penguin Grp,Y1.3 Picture Books,"Y Children's, YA & Educational"
2020-02-22,9780722532935,The Alchemist,"Coelho, Paulo",202008,456,3858.59,8.4618,9.99,Paperback,Thorsons,HarperCollins Grp,F1.1 General & Literary Fiction,F Adult Fiction
2020-02-29,9780722532935,The Alchemist,"Coelho, Paulo",202009,448,3713.57,8.2892,9.99,Paperback,Thorsons,HarperCollins Grp,F1.1 General & Literary Fiction,F Adult Fiction
2020-02-29,9780241003008,The Very Hungry Caterpillar,"Carle, Eric",202009,1711,8420.1,4.9212,7.99,Hardback,Puffin Books,Penguin Grp,Y1.3 Picture Books,"Y Children's, YA & Educational"
2020-03-07,9780722532935,The Alchemist,"Coelho, Paulo",202010,422,3542.32,8.3941,9.99,Paperback,Thorsons,HarperCollins Grp,F1.1 General & Literary Fiction,F Adult Fiction
2020-03-07,9780241003008,The Very Hungry Caterpillar,"Carle, Eric",202010,2163,10849.79,5.0161,7.99,Hardback,Puffin Books,Penguin Grp,Y1.3 Picture Books,"Y Children's, YA & Educational"
2020-03-14,9780722532935,The Alchemist,"Coelho, Paulo",202011,429,3610.23,8.4155,9.99,Paperback,Thorsons,HarperCollins Grp,F1.1 General & Literary Fiction,F Adult Fiction
2020-03-14,9780241003008,The Very Hungry Caterpillar,"Carle, Eric",202011,1443,7181.93,4.9771,7.99,Hardback,Puffin Books,Penguin Grp,Y1.3 Picture Books,"Y Children's, YA & Educational"
2020-03-21,9780241003008,The Very Hungry Caterpillar,"Carle, Eric",202012,914,4382.64,4.795,7.99,Hardback,Puffin Books,Penguin Grp,Y1.3 Picture Books,"Y Children's, YA & Educational"
2020-03-21,9780722532935,The Alchemist,"Coelho, Paulo",202012,540,4413.61,8.1734,9.99,Paperback,Thorsons,HarperCollins Grp,F1.1 General & Literary Fiction,F Adult Fiction
2020-06-20,9780722532935,The Alchemist,"Coelho, Paulo",202025,659,5324.59,8.0798,9.99,Paperback,Thorsons,HarperCollins Grp,F1.1 General & Literary Fiction,F Adult Fiction
2020-06-20,9780241003008,The Very Hungry Caterpillar,"Carle, Eric",202025,1849,9846.93,5.3255,7.99,Hardback,Puffin Books,Penguin Grp,Y1.3 Picture Books,"Y Children's, YA & Educational"
2020-06-27,9780241003008,The Very Hungry Caterpillar,"Carle, Eric",202026,1602,8566.36,5.3473,7.99,Hardback,Puffin Books,Penguin Grp,Y1.3 Picture Books,"Y Children's, YA & Educational"
2020-06-27,9780722532935,The Alchemist,"Coelho, Paulo",202026,548,4469.49,8.156,9.99,Paperback,Thorsons,HarperCollins Grp,F1.1 General & Literary Fiction,F Adult Fiction
2020-07-04,9780241003008,The Very Hungry Caterpillar,"Carle, Eric",202027,1931,10714.12,5.5485,7.99,Hardback,Puffin Books,Penguin Grp,Y1.3 Picture Books,"Y Children's, YA & Educational"
2020-07-04,9780722532935,The Alchemist,"Coelho, Paulo",202027,672,5549.74,8.2585,9.99,Paperback,Thorsons,HarperCollins Grp,F1.1 General & Literary Fiction,F Adult Fiction
2020-07-11,9780241003008,The Very Hungry Caterpillar,"Carle, Eric",202028,1693,9900.79,5.8481,7.99,Hardback,Puffin Books,Penguin Grp,Y1.3 Picture Books,"Y Children's, YA & Educational"
2020-07-11,9780722532935,The Alchemist,"Coelho, Paulo",202028,582,4801.77,8.2505,9.99,Paperback,Thorsons,HarperCollins Grp,F1.1 General & Literary Fiction,F Adult Fiction
2020-07-18,9780722532935,The Alchemist,"Coelho, Paulo",202029,474,3910.64,8.2503,9.99,Paperback,Thorsons,HarperCollins Grp,F1.1 General & Literary Fiction,F Adult Fiction
2020-07-18,9780241003008,The Very Hungry Caterpillar,"Carle, Eric",202029,1440,8448.4,5.8669,7.99,Hardback,Puffin Books,Penguin Grp,Y1.3 Picture Books,"Y Children's, YA & Educational"
2020-07-25,9780241003008,The Very Hungry Caterpillar,"Carle, Eric",202030,1387,7958.64,5.738,7.99,Hardback,Puffin Books,Penguin Grp,Y1.3 Picture Books,"Y Children's, YA & Educational"
2020-07-25,9780722532935,The Alchemist,"Coelho, Paulo",202030,502,4236.26,8.4388,9.99,Paperback,Thorsons,HarperCollins Grp,F1.1 General & Literary Fiction,F Adult Fiction
2020-08-01,9780722532935,The Alchemist,"Coelho, Paulo",202031,585,4860.6,8.3087,9.99,Paperback,Thorsons,HarperCollins Grp,F1.1 General & Literary Fiction,F Adult Fiction
2020-08-01,9780241003008,The Very Hungry Caterpillar,"Carle, Eric",202031,1704,8303.22,4.8728,7.99,Hardback,Puffin Books,Penguin Grp,Y1.3 Picture Books,"Y Children's, YA & Educational"
2020-08-08,9780241003008,The Very Hungry Caterpillar,"Carle, Eric",202032,1553,7626.87,4.9111,7.99,Hardback,Puffin Books,Penguin Grp,Y1.3 Picture Books,"Y Children's, YA & Educational"
2020-08-08,9780722532935,The Alchemist,"Coelho, Paulo",202032,541,4528.32,8.3703,9.99,Paperback,Thorsons,HarperCollins Grp,F1.1 General & Literary Fiction,F Adult Fiction
2020-08-15,9780241003008,The Very Hungry Caterpillar,"Carle, Eric",202033,1400,7435.07,5.3108,7.99,Hardback,Puffin Books,Penguin Grp,Y1.3 Picture Books,"Y Children's, YA & Educational"
2020-08-15,9780722532935,The Alchemist,"Coelho, Paulo",202033,483,4056.8,8.3992,9.99,Paperback,Thorsons,HarperCollins Grp,F1.1 General & Literary Fiction,F Adult Fiction
2020-08-22,9780722532935,The Alchemist,"Coelho, Paulo",202034,497,4256.31,8.564,9.99,Paperback,Thorsons,HarperCollins Grp,F1.1 General & Literary Fiction,F Adult Fiction
2020-08-22,9780241003008,The Very Hungry Caterpillar,"Carle, Eric",202034,1494,8033.59,5.3772,7.99,Hardback,Puffin Books,Penguin Grp,Y1.3 Picture Books,"Y Children's, YA & Educational"
2020-08-29,9780722532935,The Alchemist,"Coelho, Paulo",202035,519,4297.54,8.2804,9.99,Paperback,Thorsons,HarperCollins Grp,F1.1 General & Literary Fiction,F Adult Fiction
2020-08-29,9780241003008,The Very Hungry Caterpillar,"Carle, Eric",202035,1604,8072.38,5.0327,7.99,Hardback,Puffin Books,Penguin Grp,Y1.3 Picture Books,"Y Children's, YA & Educational"
2020-09-05,9780241003008,The Very Hungry Caterpillar,"Carle, Eric",202036,1574,7905.41,5.0225,7.99,Hardback,Puffin Books,Penguin Grp,Y1.3 Picture Books,"Y Children's, YA & Educational"
2020-09-05,9780722532935,The Alchemist,"Coelho, Paulo",202036,487,4141.58,8.5043,9.99,Paperback,Thorsons,HarperCollins Grp,F1.1 General & Literary Fiction,F Adult Fiction
2020-09-12,9780241003008,The Very Hungry Caterpillar,"Carle, Eric",202037,1387,7388.17,5.3267,7.99,Hardback,Puffin Books,Penguin Grp,Y1.3 Picture Books,"Y Children's, YA & Educational"
2020-09-12,9780722532935,The Alchemist,"Coelho, Paulo",202037,470,4008.13,8.5279,9.99,Paperback,Thorsons,HarperCollins Grp,F1.1 General & Literary Fiction,F Adult Fiction
2020-09-19,9780241003008,The Very Hungry Caterpillar,"Carle, Eric",202038,1284,6831.05,5.3201,7.99,Hardback,Puffin Books,Penguin Grp,Y1.3 Picture Books,"Y Children's, YA & Educational"
2020-09-19,9780722532935,The Alchemist,"Coelho, Paulo",202038,425,3567.7,8.3946,9.99,Paperback,Thorsons,HarperCollins Grp,F1.1 General & Literary Fiction,F Adult Fiction
2020-09-26,9780722532935,The Alchemist,"Coelho, Paulo",202039,436,3703.74,8.4948,9.99,Paperback,Thorsons,HarperCollins Grp,F1.1 General & Literary Fiction,F Adult Fiction
2020-09-26,9780241003008,The Very Hungry Caterpillar,"Carle, Eric",202039,1443,7564.41,5.2421,7.99,Hardback,Puffin Books,Penguin Grp,Y1.3 Picture Books,"Y Children's, YA & Educational"
2020-10-03,9780722532935,The Alchemist,"Coelho, Paulo",202040,394,3332.28,8.4576,9.99,Paperback,Thorsons,HarperCollins Grp,F1.1 General & Literary Fiction,F Adult Fiction
2020-10-03,9780241003008,The Very Hungry Caterpillar,"Carle, Eric",202040,1702,8741.52,5.136,7.99,Hardback,Puffin Books,Penguin Grp,Y1.3 Picture Books,"Y Children's, YA & Educational"
2020-10-10,9780241003008,The Very Hungry Caterpillar,"Carle, Eric",202041,1805,9521.28,5.2749,7.99,Hardback,Puffin Books,Penguin Grp,Y1.3 Picture Books,"Y Children's, YA & Educational"
2020-10-10,9780722532935,The Alchemist,"Coelho, Paulo",202041,200,1874.11,9.3706,9.99,Paperback,Thorsons,HarperCollins Grp,F1.1 General & Literary Fiction,F Adult Fiction
2020-10-17,9780241003008,The Very Hungry Caterpillar,"Carle, Eric",202042,1695,9133.47,5.3885,7.99,Hardback,Puffin Books,Penguin Grp,Y1.3 Picture Books,"Y Children's, YA & Educational"
2020-10-17,9780722532935,The Alchemist,"Coelho, Paulo",202042,187,1753.55,9.3773,9.99,Paperback,Thorsons,HarperCollins Grp,F1.1 General & Literary Fiction,F Adult Fiction
2020-10-24,9780241003008,The Very Hungry Caterpillar,"Carle, Eric",202043,1759,9320.09,5.2985,7.99,Hardback,Puffin Books,Penguin Grp,Y1.3 Picture Books,"Y Children's, YA & Educational"
2020-10-24,9780722532935,The Alchemist,"Coelho, Paulo",202043,340,2982.42,8.7718,9.99,Paperback,Thorsons,HarperCollins Grp,F1.1 General & Literary Fiction,F Adult Fiction
2020-10-31,9780722532935,The Alchemist,"Coelho, Paulo",202044,319,2830.96,8.8745,9.99,Paperback,Thorsons,HarperCollins Grp,F1.1 General & Literary Fiction,F Adult Fiction
2020-10-31,9780241003008,The Very Hungry Caterpillar,"Carle, Eric",202044,1599,9087.88,5.6835,7.99,Hardback,Puffin Books,Penguin Grp,Y1.3 Picture Books,"Y Children's, YA & Educational"
2020-11-07,9780241003008,The Very Hungry Caterpillar,"Carle, Eric",202045,1644,9668.68,5.8812,7.99,Hardback,Puffin Books,Penguin Grp,Y1.3 Picture Books,"Y Children's, YA & Educational"
2020-11-07,9780722532935,The Alchemist,"Coelho, Paulo",202045,353,3091.99,8.7592,9.99,Paperback,Thorsons,HarperCollins Grp,F1.1 General & Literary Fiction,F Adult Fiction
2020-12-12,9780722532935,The Alchemist,"Coelho, Paulo",202050,781,6711.2,8.5931,9.99,Paperback,Thorsons,HarperCollins Grp,F1.1 General & Literary Fiction,F Adult Fiction
2020-12-12,9780241003008,The Very Hungry Caterpillar,"Carle, Eric",202050,3078,18517.26,6.016,7.99,Hardback,Puffin Books,Penguin Grp,Y1.3 Picture Books,"Y Children's, YA & Educational"
2020-12-19,9780722532935,The Alchemist,"Coelho, Paulo",202051,1178,10214.36,8.6709,9.99,Paperback,Thorsons,HarperCollins Grp,F1.1 General & Literary Fiction,F Adult Fiction
2020-12-19,9780241003008,The Very Hungry Caterpillar,"Carle, Eric",202051,2951,17637.78,5.9769,7.99,Hardback,Puffin Books,Penguin Grp,Y1.3 Picture Books,"Y Children's, YA & Educational"
2020-12-26,9780241003008,The Very Hungry Caterpillar,"Carle, Eric",202052,1595,8519.7,5.3415,7.99,Hardback,Puffin Books,Penguin Grp,Y1.3 Picture Books,"Y Children's, YA & Educational"
2020-12-26,9780722532935,The Alchemist,"Coelho, Paulo",202052,732,6342.92,8.6652,9.99,Paperback,Thorsons,HarperCollins Grp,F1.1 General & Literary Fiction,F Adult Fiction
2021-03-20,9780241003008,The Very Hungry Caterpillar,"Carle, Eric",202111,2013,10207.02,5.0706,7.99,Hardback,Puffin Books,Penguin Grp,Y1.3 Picture Books,"Y Children's, YA & Educational"
2021-03-20,9780722532935,The Alchemist,"Coelho, Paulo",202111,523,3698.28,7.0713,9.99,Paperback,Thorsons,HarperCollins Grp,F1.1 General & Literary Fiction,F Adult Fiction
2021-03-27,9780241003008,The Very Hungry Caterpillar,"Carle, Eric",202112,2126,10711.29,5.0382,7.99,Hardback,Puffin Books,Penguin Grp,Y1.3 Picture Books,"Y Children's, YA & Educational"
2021-03-27,9780722532935,The Alchemist,"Coelho, Paulo",202112,477,3395.79,7.1191,9.99,Paperback,Thorsons,HarperCollins Grp,F1.1 General & Literary Fiction,F Adult Fiction
2021-04-03,9780722532935,The Alchemist,"Coelho, Paulo",202113,421,3083.49,7.3242,9.99,Paperback,Thorsons,HarperCollins Grp,F1.1 General & Literary Fiction,F Adult Fiction
2021-04-03,9780241003008,The Very Hungry Caterpillar,"Carle, Eric",202113,1814,9535.01,5.2563,7.99,Hardback,Puffin Books,Penguin Grp,Y1.3 Picture Books,"Y Children's, YA & Educational"
2021-04-10,9780241003008,The Very Hungry Caterpillar,"Carle, Eric",202114,1512,7698.22,5.0914,7.99,Hardback,Puffin Books,Penguin Grp,Y1.3 Picture Books,"Y Children's, YA & Educational"
2021-04-10,9780722532935,The Alchemist,"Coelho, Paulo",202114,402,2987.48,7.4315,9.99,Paperback,Thorsons,HarperCollins Grp,F1.1 General & Literary Fiction,F Adult Fiction
2021-04-17,9780241003008,The Very Hungry Caterpillar,"Carle, Eric",202115,1751,9568.23,5.4644,7.99,Hardback,Puffin Books,Penguin Grp,Y1.3 Picture Books,"Y Children's, YA & Educational"
2021-04-17,9780722532935,The Alchemist,"Coelho, Paulo",202115,503,3943.86,7.8407,9.99,Paperback,Thorsons,HarperCollins Grp,F1.1 General & Literary Fiction,F Adult Fiction
2021-04-24,9780241003008,The Very Hungry Caterpillar,"Carle, Eric",202116,1604,8468.3,5.2795,7.99,Hardback,Puffin Books,Penguin Grp,Y1.3 Picture Books,"Y Children's, YA & Educational"
2021-04-24,9780722532935,The Alchemist,"Coelho, Paulo",202116,450,3596.17,7.9915,9.99,Paperback,Thorsons,HarperCollins Grp,F1.1 General & Literary Fiction,F Adult Fiction
2021-05-01,9780722532935,The Alchemist,"Coelho, Paulo",202117,534,4171.03,7.8109,9.99,Paperback,Thorsons,HarperCollins Grp,F1.1 General & Literary Fiction,F Adult Fiction
2021-05-01,9780241003008,The Very Hungry Caterpillar,"Carle, Eric",202117,1819,9659.22,5.3102,7.99,Hardback,Puffin Books,Penguin Grp,Y1.3 Picture Books,"Y Children's, YA & Educational"
2021-05-08,9780241003008,The Very Hungry Caterpillar,"Carle, Eric",202118,1760,9411.74,5.3476,7.99,Hardback,Puffin Books,Penguin Grp,Y1.3 Picture Books,"Y Children's, YA & Educational"
2021-05-08,9780722532935,The Alchemist,"Coelho, Paulo",202118,548,4375.78,7.985,9.99,Paperback,Thorsons,HarperCollins Grp,F1.1 General & Literary Fiction,F Adult Fiction
2021-05-15,9780241003008,The Very Hungry Caterpillar,"Carle, Eric",202119,1853,9922.84,5.355,7.99,Hardback,Puffin Books,Penguin Grp,Y1.3 Picture Books,"Y Children's, YA & Educational"
2021-05-15,9780722532935,The Alchemist,"Coelho, Paulo",202119,512,3979.97,7.7734,9.99,Paperback,Thorsons,HarperCollins Grp,F1.1 General & Literary Fiction,F Adult Fiction
2021-05-22,9780722532935,The Alchemist,"Coelho, Paulo",202120,447,3551.05,7.9442,9.99,Paperback,Thorsons,HarperCollins Grp,F1.1 General & Literary Fiction,F Adult Fiction
2021-05-22,9780241003008,The Very Hungry Caterpillar,"Carle, Eric",202120,1613,8750.16,5.4248,7.99,Hardback,Puffin Books,Penguin Grp,Y1.3 Picture Books,"Y Children's, YA & Educational"
2021-05-29,9780241003008,The Very Hungry Caterpillar,"Carle, Eric",202121,2297,12476.8,5.4318,7.99,Hardback,Puffin Books,Penguin Grp,Y1.3 Picture Books,"Y Children's, YA & Educational"
2021-05-29,9780722532935,The Alchemist,"Coelho, Paulo",202121,535,4290.7,8.02,9.99,Paperback,Thorsons,HarperCollins Grp,F1.1 General & Literary Fiction,F Adult Fiction
2021-06-05,9780722532935,The Alchemist,"Coelho, Paulo",202122,449,3565.81,7.9417,9.99,Paperback,Thorsons,HarperCollins Grp,F1.1 General & Literary Fiction,F Adult Fiction
2021-06-05,9780241003008,The Very Hungry Caterpillar,"Carle, Eric",202122,1346,7768.34,5.7714,7.99,Hardback,Puffin Books,Penguin Grp,Y1.3 Picture Books,"Y Children's, YA & Educational"
2021-06-12,9780241003008,The Very Hungry Caterpillar,"Carle, Eric",202123,1693,9315.23,5.5022,7.99,Hardback,Puffin Books,Penguin Grp,Y1.3 Picture Books,"Y Children's, YA & Educational"
2021-06-12,9780722532935,The Alchemist,"Coelho, Paulo",202123,425,3472.46,8.1705,9.99,Paperback,Thorsons,HarperCollins Grp,F1.1 General & Literary Fiction,F Adult Fiction
2021-06-19,9780241003008,The Very Hungry Caterpillar,"Carle, Eric",202124,1599,8765.8,5.4821,7.99,Hardback,Puffin Books,Penguin Grp,Y1.3 Picture Books,"Y Children's, YA & Educational"
2021-06-19,9780722532935,The Alchemist,"Coelho, Paulo",202124,504,4143.1,8.2204,9.99,Paperback,Thorsons,HarperCollins Grp,F1.1 General & Literary Fiction,F Adult Fiction
2021-06-26,9780241003008,The Very Hungry Caterpillar,"Carle, Eric",202125,1838,10049.69,5.4677,7.99,Hardback,Puffin Books,Penguin Grp,Y1.3 Picture Books,"Y Children's, YA & Educational"
2021-06-26,9780722532935,The Alchemist,"Coelho, Paulo",202125,493,4100.41,8.3173,9.99,Paperback,Thorsons,HarperCollins Grp,F1.1 General & Literary Fiction,F Adult Fiction
2021-07-03,9780241003008,The Very Hungry Caterpillar,"Carle, Eric",202126,1652,9600.13,5.8112,7.99,Hardback,Puffin Books,Penguin Grp,Y1.3 Picture Books,"Y Children's, YA & Educational"
2021-07-03,9780722532935,The Alchemist,"Coelho, Paulo",202126,570,4670.33,8.1936,9.99,Paperback,Thorsons,HarperCollins Grp,F1.1 General & Literary Fiction,F Adult Fiction
2021-07-10,9780722532935,The Alchemist,"Coelho, Paulo",202127,540,4445.87,8.2331,9.99,Paperback,Thorsons,HarperCollins Grp,F1.1 General & Literary Fiction,F Adult Fiction
2021-07-10,9780241003008,The Very Hungry Caterpillar,"Carle, Eric",202127,1360,8167.31,6.0054,7.99,Hardback,Puffin Books,Penguin Grp,Y1.3 Picture Books,"Y Children's, YA & Educational"
2021-07-17,9780722532935,The Alchemist,"Coelho, Paulo",202128,484,4003.71,8.2721,9.99,Paperback,Thorsons,HarperCollins Grp,F1.1 General & Literary Fiction,F Adult Fiction
2021-07-17,9780241003008,The Very Hungry Caterpillar,"Carle, Eric",202128,1429,8203.09,5.7404,7.99,Hardback,Puffin Books,Penguin Grp,Y1.3 Picture Books,"Y Children's, YA & Educational"
2021-07-24,9780722532935,The Alchemist,"Coelho, Paulo",202129,543,4541.47,8.3637,9.99,Paperback,Thorsons,HarperCollins Grp,F1.1 General & Literary Fiction,F Adult Fiction
2021-07-24,9780241003008,The Very Hungry Caterpillar,"Carle, Eric",202129,1354,7472.82,5.5191,7.99,Hardback,Puffin Books,Penguin Grp,Y1.3 Picture Books,"Y Children's, YA & Educational"
2021-07-31,9780241003008,The Very Hungry Caterpillar,"Carle, Eric",202130,1690,9446.69,5.5898,7.99,Hardback,Puffin Books,Penguin Grp,Y1.3 Picture Books,"Y Children's, YA & Educational"
2021-07-31,9780722532935,The Alchemist,"Coelho, Paulo",202130,565,4900.49,8.6734,9.99,Paperback,Thorsons,HarperCollins Grp,F1.1 General & Literary Fiction,F Adult Fiction
2021-08-07,9780722532935,The Alchemist,"Coelho, Paulo",202131,548,4664.89,8.5126,9.99,Paperback,Thorsons,HarperCollins Grp,F1.1 General & Literary Fiction,F Adult Fiction
2021-08-07,9780241003008,The Very Hungry Caterpillar,"Carle, Eric",202131,1702,9498.55,5.5808,7.99,Hardback,Puffin Books,Penguin Grp,Y1.3 Picture Books,"Y Children's, YA & Educational"
2021-08-14,9780241003008,The Very Hungry Caterpillar,"Carle, Eric",202132,1663,9337.32,5.6147,7.99,Hardback,Puffin Books,Penguin Grp,Y1.3 Picture Books,"Y Children's, YA & Educational"
2021-08-14,9780722532935,The Alchemist,"Coelho, Paulo",202132,518,4309.32,8.3192,9.99,Paperback,Thorsons,HarperCollins Grp,F1.1 General & Literary Fiction,F Adult Fiction
2021-08-21,9780722532935,The Alchemist,"Coelho, Paulo",202133,513,4369.67,8.5179,9.99,Paperback,Thorsons,HarperCollins Grp,F1.1 General & Literary Fiction,F Adult Fiction
2021-08-21,9780241003008,The Very Hungry Caterpillar,"Carle, Eric",202133,1701,9517.66,5.5953,7.99,Hardback,Puffin Books,Penguin Grp,Y1.3 Picture Books,"Y Children's, YA & Educational"
2021-08-28,9780722532935,The Alchemist,"Coelho, Paulo",202134,497,4194.3,8.4392,9.99,Paperback,Thorsons,HarperCollins Grp,F1.1 General & Literary Fiction,F Adult Fiction
2021-08-28,9780241003008,The Very Hungry Caterpillar,"Carle, Eric",202134,1683,9292.91,5.5216,7.99,Hardback,Puffin Books,Penguin Grp,Y1.3 Picture Books,"Y Children's, YA & Educational"
2021-09-04,9780722532935,The Alchemist,"Coelho, Paulo",202135,494,4239.78,8.5826,9.99,Paperback,Thorsons,HarperCollins Grp,F1.1 General & Literary Fiction,F Adult Fiction
2021-09-04,9780241003008,The Very Hungry Caterpillar,"Carle, Eric",202135,1528,9019.32,5.9027,7.99,Hardback,Puffin Books,Penguin Grp,Y1.3 Picture Books,"Y Children's, YA & Educational"
2021-09-11,9780722532935,The Alchemist,"Coelho, Paulo",202136,589,5001.1,8.4908,9.99,Paperback,Thorsons,HarperCollins Grp,F1.1 General & Literary Fiction,F Adult Fiction
2021-09-11,9780241003008,The Very Hungry Caterpillar,"Carle, Eric",202136,1361,8279.34,6.0833,7.99,Hardback,Puffin Books,Penguin Grp,Y1.3 Picture Books,"Y Children's, YA & Educational"
2021-09-18,9780241003008,The Very Hungry Caterpillar,"Carle, Eric",202137,1476,8260.25,5.5964,7.99,Hardback,Puffin Books,Penguin Grp,Y1.3 Picture Books,"Y Children's, YA & Educational"
2021-09-18,9780722532935,The Alchemist,"Coelho, Paulo",202137,549,4639.18,8.4502,9.99,Paperback,Thorsons,HarperCollins Grp,F1.1 General & Literary Fiction,F Adult Fiction
2021-09-25,9780241003008,The Very Hungry Caterpillar,"Carle, Eric",202138,1497,8417.17,5.6227,7.99,Hardback,Puffin Books,Penguin Grp,Y1.3 Picture Books,"Y Children's, YA & Educational"
2021-09-25,9780722532935,The Alchemist,"Coelho, Paulo",202138,589,5140.1,8.7268,9.99,Paperback,Thorsons,HarperCollins Grp,F1.1 General & Literary Fiction,F Adult Fiction
2021-10-02,9780722532935,The Alchemist,"Coelho, Paulo",202139,498,4296.55,8.6276,9.99,Paperback,Thorsons,HarperCollins Grp,F1.1 General & Literary Fiction,F Adult Fiction
2021-10-02,9780241003008,The Very Hungry Caterpillar,"Carle, Eric",202139,1590,8867.06,5.5768,7.99,Hardback,Puffin Books,Penguin Grp,Y1.3 Picture Books,"Y Children's, YA & Educational"
2021-10-09,9780722532935,The Alchemist,"Coelho, Paulo",202140,464,4064.51,8.7597,9.99,Paperback,Thorsons,HarperCollins Grp,F1.1 General & Literary Fiction,F Adult Fiction
2021-10-09,9780241003008,The Very Hungry Caterpillar,"Carle, Eric",202140,1584,8833.0,5.5764,7.99,Hardback,Puffin Books,Penguin Grp,Y1.3 Picture Books,"Y Children's, YA & Educational"
2021-10-16,9780722532935,The Alchemist,"Coelho, Paulo",202141,490,4297.23,8.7699,9.99,Paperback,Thorsons,HarperCollins Grp,F1.1 General & Literary Fiction,F Adult Fiction
2021-10-16,9780241003008,The Very Hungry Caterpillar,"Carle, Eric",202141,1618,9057.39,5.5979,7.99,Hardback,Puffin Books,Penguin Grp,Y1.3 Picture Books,"Y Children's, YA & Educational"
2021-10-23,9780722532935,The Alchemist,"Coelho, Paulo",202142,515,4519.66,8.776,9.99,Paperback,Thorsons,HarperCollins Grp,F1.1 General & Literary Fiction,F Adult Fiction
2021-10-23,9780241003008,The Very Hungry Caterpillar,"Carle, Eric",202142,1624,9076.66,5.5891,7.99,Hardback,Puffin Books,Penguin Grp,Y1.3 Picture Books,"Y Children's, YA & Educational"
2021-10-30,9780722532935,The Alchemist,"Coelho, Paulo",202143,482,4221.06,8.7574,9.99,Paperback,Thorsons,HarperCollins Grp,F1.1 General & Literary Fiction,F Adult Fiction
2021-10-30,9780241003008,The Very Hungry Caterpillar,"Carle, Eric",202143,1841,10310.34,5.6004,7.99,Hardback,Puffin Books,Penguin Grp,Y1.3 Picture Books,"Y Children's, YA & Educational"
2021-11-06,9780241003008,The Very Hungry Caterpillar,"Carle, Eric",202144,1594,9726.62,6.102,7.99,Hardback,Puffin Books,Penguin Grp,Y1.3 Picture Books,"Y Children's, YA & Educational"
2021-11-06,9780722532935,The Alchemist,"Coelho, Paulo",202144,586,5101.65,8.7059,9.99,Paperback,Thorsons,HarperCollins Grp,F1.1 General & Literary Fiction,F Adult Fiction
2021-11-13,9780722532935,The Alchemist,"Coelho, Paulo",202145,560,4871.75,8.6996,9.99,Paperback,Thorsons,HarperCollins Grp,F1.1 General & Literary Fiction,F Adult Fiction
2021-11-13,9780241003008,The Very Hungry Caterpillar,"Carle, Eric",202145,1758,10807.24,6.1475,7.99,Hardback,Puffin Books,Penguin Grp,Y1.3 Picture Books,"Y Children's, YA & Educational"
2021-11-20,9780241003008,The Very Hungry Caterpillar,"Carle, Eric",202146,1833,11312.09,6.1714,7.99,Hardback,Puffin Books,Penguin Grp,Y1.3 Picture Books,"Y Children's, YA & Educational"
2021-11-20,9780722532935,The Alchemist,"Coelho, Paulo",202146,574,4995.21,8.7025,9.99,Paperback,Thorsons,HarperCollins Grp,F1.1 General & Literary Fiction,F Adult Fiction
2021-11-27,9780722532935,The Alchemist,"Coelho, Paulo",202147,550,4821.7,8.7667,9.99,Paperback,Thorsons,HarperCollins Grp,F1.1 General & Literary Fiction,F Adult Fiction
2021-11-27,9780241003008,The Very Hungry Caterpillar,"Carle, Eric",202147,1860,11499.83,6.1827,7.99,Hardback,Puffin Books,Penguin Grp,Y1.3 Picture Books,"Y Children's, YA & Educational"
2021-12-04,9780241003008,The Very Hungry Caterpillar,"Carle, Eric",202148,2297,14142.4,6.1569,7.99,Hardback,Puffin Books,Penguin Grp,Y1.3 Picture Books,"Y Children's, YA & Educational"
2021-12-04,9780722532935,The Alchemist,"Coelho, Paulo",202148,905,7775.2,8.5914,9.99,Paperback,Thorsons,HarperCollins Grp,F1.1 General & Literary Fiction,F Adult Fiction
2021-12-11,9780722532935,The Alchemist,"Coelho, Paulo",202149,1056,9094.01,8.6118,9.99,Paperback,Thorsons,HarperCollins Grp,F1.1 General & Literary Fiction,F Adult Fiction
2021-12-11,9780241003008,The Very Hungry Caterpillar,"Carle, Eric",202149,2433,15055.16,6.1879,7.99,Hardback,Puffin Books,Penguin Grp,Y1.3 Picture Books,"Y Children's, YA & Educational"
2021-12-18,9780722532935,The Alchemist,"Coelho, Paulo",202150,1355,11795.45,8.7051,9.99,Paperback,Thorsons,HarperCollins Grp,F1.1 General & Literary Fiction,F Adult Fiction
2021-12-18,9780241003008,The Very Hungry Caterpillar,"Carle, Eric",202150,2754,16889.81,6.1328,7.99,Hardback,Puffin Books,Penguin Grp,Y1.3 Picture Books,"Y Children's, YA & Educational"
2021-12-25,9780241003008,The Very Hungry Caterpillar,"Carle, Eric",202151,2287,13546.61,5.9233,7.99,Hardback,Puffin Books,Penguin Grp,Y1.3 Picture Books,"Y Children's, YA & Educational"
2021-12-25,9780722532935,The Alchemist,"Coelho, Paulo",202151,1221,11085.34,9.0789,9.99,Paperback,Thorsons,HarperCollins Grp,F1.1 General & Literary Fiction,F Adult Fiction
2022-01-01,9780722532935,The Alchemist,"Coelho, Paulo",202152,793,6759.22,8.5236,9.99,Paperback,Thorsons,HarperCollins Grp,F1.1 General & Literary Fiction,F Adult Fiction
2022-01-01,9780241003008,The Very Hungry Caterpillar,"Carle, Eric",202152,853,4416.41,5.1775,7.99,Hardback,Puffin Books,Penguin Grp,Y1.3 Picture Books,"Y Children's, YA & Educational"
2022-01-08,9780241003008,The Very Hungry Caterpillar,"Carle, Eric",202201,1210,6427.42,5.3119,7.99,Hardback,Puffin Books,Penguin Grp,Y1.3 Picture Books,"Y Children's, YA & Educational"
2022-01-08,9780722532935,The Alchemist,"Coelho, Paulo",202201,915,7724.92,8.4425,9.99,Paperback,Thorsons,HarperCollins Grp,F1.1 General & Literary Fiction,F Adult Fiction
2022-01-15,9780722532935,The Alchemist,"Coelho, Paulo",202202,726,6131.59,8.4457,9.99,Paperback,Thorsons,HarperCollins Grp,F1.1 General & Literary Fiction,F Adult Fiction
2022-01-15,9780241003008,The Very Hungry Caterpillar,"Carle, Eric",202202,1220,6448.71,5.2858,7.99,Hardback,Puffin Books,Penguin Grp,Y1.3 Picture Books,"Y Children's, YA & Educational"
2022-01-22,9780722532935,The Alchemist,"Coelho, Paulo",202203,640,5479.38,8.5615,9.99,Paperback,Thorsons,HarperCollins Grp,F1.1 General & Literary Fiction,F Adult Fiction
2022-01-22,9780241003008,The Very Hungry Caterpillar,"Carle, Eric",202203,1289,6844.28,5.3098,7.99,Hardback,Puffin Books,Penguin Grp,Y1.3 Picture Books,"Y Children's, YA & Educational"
2022-01-29,9780722532935,The Alchemist,"Coelho, Paulo",202204,660,5652.4,8.5642,9.99,Paperback,Thorsons,HarperCollins Grp,F1.1 General & Literary Fiction,F Adult Fiction
2022-01-29,9780241003008,The Very Hungry Caterpillar,"Carle, Eric",202204,1393,7336.1,5.2664,7.99,Hardback,Puffin Books,Penguin Grp,Y1.3 Picture Books,"Y Children's, YA & Educational"
2022-02-05,9780241003008,The Very Hungry Caterpillar,"Carle, Eric",202205,1729,8885.59,5.1391,7.99,Hardback,Puffin Books,Penguin Grp,Y1.3 Picture Books,"Y Children's, YA & Educational"
2022-02-05,9780722532935,The Alchemist,"Coelho, Paulo",202205,662,5596.01,8.4532,9.99,Paperback,Thorsons,HarperCollins Grp,F1.1 General & Literary Fiction,F Adult Fiction
2022-02-12,9780722532935,The Alchemist,"Coelho, Paulo",202206,557,4761.76,8.5489,9.99,Paperback,Thorsons,HarperCollins Grp,F1.1 General & Literary Fiction,F Adult Fiction
2022-02-12,9780241003008,The Very Hungry Caterpillar,"Carle, Eric",202206,1871,9343.46,4.9938,7.99,Hardback,Puffin Books,Penguin Grp,Y1.3 Picture Books,"Y Children's, YA & Educational"
2022-02-19,9780722532935,The Alchemist,"Coelho, Paulo",202207,641,5445.44,8.4952,9.99,Paperback,Thorsons,HarperCollins Grp,F1.1 General & Literary Fiction,F Adult Fiction
2022-02-19,9780241003008,The Very Hungry Caterpillar,"Carle, Eric",202207,1849,9276.81,5.0172,7.99,Hardback,Puffin Books,Penguin Grp,Y1.3 Picture Books,"Y Children's, YA & Educational"
2022-02-26,9780241003008,The Very Hungry Caterpillar,"Carle, Eric",202208,2325,11579.24,4.9803,7.99,Hardback,Puffin Books,Penguin Grp,Y1.3 Picture Books,"Y Children's, YA & Educational"
2022-02-26,9780722532935,The Alchemist,"Coelho, Paulo",202208,655,5621.35,8.5822,9.99,Paperback,Thorsons,HarperCollins Grp,F1.1 General & Literary Fiction,F Adult Fiction
2022-03-05,9780241003008,The Very Hungry Caterpillar,"Carle, Eric",202209,2846,14284.44,5.0191,7.99,Hardback,Puffin Books,Penguin Grp,Y1.3 Picture Books,"Y Children's, YA & Educational"
2022-03-05,9780722532935,The Alchemist,"Coelho, Paulo",202209,726,6279.04,8.6488,9.99,Paperback,Thorsons,HarperCollins Grp,F1.1 General & Literary Fiction,F Adult Fiction
2022-03-12,9780241003008,The Very Hungry Caterpillar,"Carle, Eric",202210,2080,10775.04,5.1803,7.99,Hardback,Puffin Books,Penguin Grp,Y1.3 Picture Books,"Y Children's, YA & Educational"
2022-03-12,9780722532935,The Alchemist,"Coelho, Paulo",202210,657,5688.44,8.6582,9.99,Paperback,Thorsons,HarperCollins Grp,F1.1 General & Literary Fiction,F Adult Fiction
2022-03-19,9780722532935,The Alchemist,"Coelho, Paulo",202211,543,4718.93,8.6905,9.99,Paperback,Thorsons,HarperCollins Grp,F1.1 General & Literary Fiction,F Adult Fiction
2022-03-19,9780241003008,The Very Hungry Caterpillar,"Carle, Eric",202211,1711,8944.99,5.2279,7.99,Hardback,Puffin Books,Penguin Grp,Y1.3 Picture Books,"Y Children's, YA & Educational"
2022-03-26,9780722532935,The Alchemist,"Coelho, Paulo",202212,632,5475.21,8.6633,9.99,Paperback,Thorsons,HarperCollins Grp,F1.1 General & Literary Fiction,F Adult Fiction
2022-03-26,9780241003008,The Very Hungry Caterpillar,"Carle, Eric",202212,1584,8281.15,5.228,7.99,Hardback,Puffin Books,Penguin Grp,Y1.3 Picture Books,"Y Children's, YA & Educational"
2022-04-02,9780241003008,The Very Hungry Caterpillar,"Carle, Eric",202213,1615,8764.37,5.4269,7.99,Hardback,Puffin Books,Penguin Grp,Y1.3 Picture Books,"Y Children's, YA & Educational"
2022-04-02,9780722532935,The Alchemist,"Coelho, Paulo",202213,613,5387.94,8.7895,9.99,Paperback,Thorsons,HarperCollins Grp,F1.1 General & Literary Fiction,F Adult Fiction
2022-04-09,9780241003008,The Very Hungry Caterpillar,"Carle, Eric",202214,1668,9252.39,5.547,7.99,Hardback,Puffin Books,Penguin Grp,Y1.3 Picture Books,"Y Children's, YA & Educational"
2022-04-09,9780722532935,The Alchemist,"Coelho, Paulo",202214,601,5349.23,8.9005,9.99,Paperback,Thorsons,HarperCollins Grp,F1.1 General & Literary Fiction,F Adult Fiction
2022-04-16,9780722532935,The Alchemist,"Coelho, Paulo",202215,526,4736.72,9.0052,9.99,Paperback,Thorsons,HarperCollins Grp,F1.1 General & Literary Fiction,F Adult Fiction
2022-04-16,9780241003008,The Very Hungry Caterpillar,"Carle, Eric",202215,1602,8806.1,5.4969,7.99,Hardback,Puffin Books,Penguin Grp,Y1.3 Picture Books,"Y Children's, YA & Educational"
2022-04-23,9780722532935,The Alchemist,"Coelho, Paulo",202216,489,4319.47,8.8333,9.99,Paperback,Thorsons,HarperCollins Grp,F1.1 General & Literary Fiction,F Adult Fiction
2022-04-23,9780241003008,The Very Hungry Caterpillar,"Carle, Eric",202216,1227,7100.19,5.7866,7.99,Hardback,Puffin Books,Penguin Grp,Y1.3 Picture Books,"Y Children's, YA & Educational"
2022-04-30,9780241003008,The Very Hungry Caterpillar,"Carle, Eric",202217,1356,8041.11,5.93,7.99,Hardback,Puffin Books,Penguin Grp,Y1.3 Picture Books,"Y Children's, YA & Educational"
2022-04-30,9780722532935,The Alchemist,"Coelho, Paulo",202217,614,5435.86,8.8532,9.99,Paperback,Thorsons,HarperCollins Grp,F1.1 General & Literary Fiction,F Adult Fiction
2022-05-07,9780722532935,The Alchemist,"Coelho, Paulo",202218,601,4986.92,8.2977,9.99,Paperback,Thorsons,HarperCollins Grp,F1.1 General & Literary Fiction,F Adult Fiction
2022-05-07,9780241003008,The Very Hungry Caterpillar,"Carle, Eric",202218,1250,7545.41,6.0363,7.99,Hardback,Puffin Books,Penguin Grp,Y1.3 Picture Books,"Y Children's, YA & Educational"
2022-05-14,9780241003008,The Very Hungry Caterpillar,"Carle, Eric",202219,1201,7245.03,6.0325,7.99,Hardback,Puffin Books,Penguin Grp,Y1.3 Picture Books,"Y Children's, YA & Educational"
2022-05-14,9780722532935,The Alchemist,"Coelho, Paulo",202219,593,4854.92,8.187,9.99,Paperback,Thorsons,HarperCollins Grp,F1.1 General & Literary Fiction,F Adult Fiction
2022-05-21,9780241003008,The Very Hungry Caterpillar,"Carle, Eric",202220,1074,6575.17,6.1221,7.99,Hardback,Puffin Books,Penguin Grp,Y1.3 Picture Books,"Y Children's, YA & Educational"
2022-05-21,9780722532935,The Alchemist,"Coelho, Paulo",202220,583,4829.35,8.2836,9.99,Paperback,Thorsons,HarperCollins Grp,F1.1 General & Literary Fiction,F Adult Fiction
2022-05-28,9780241003008,The Very Hungry Caterpillar,"Carle, Eric",202221,1169,6942.95,5.9392,7.99,Hardback,Puffin Books,Penguin Grp,Y1.3 Picture Books,"Y Children's, YA & Educational"
2022-05-28,9780722532935,The Alchemist,"Coelho, Paulo",202221,586,4751.53,8.1084,9.99,Paperback,Thorsons,HarperCollins Grp,F1.1 General & Literary Fiction,F Adult Fiction
2022-06-04,9780722532935,The Alchemist,"Coelho, Paulo",202222,619,5249.32,8.4803,9.99,Paperback,Thorsons,HarperCollins Grp,F1.1 General & Literary Fiction,F Adult Fiction
2022-06-04,9780241003008,The Very Hungry Caterpillar,"Carle, Eric",202222,1029,5905.67,5.7392,7.99,Hardback,Puffin Books,Penguin Grp,Y1.3 Picture Books,"Y Children's, YA & Educational"
2022-06-11,9780241003008,The Very Hungry Caterpillar,"Carle, Eric",202223,1369,6935.55,5.0661,7.99,Hardback,Puffin Books,Penguin Grp,Y1.3 Picture Books,"Y Children's, YA & Educational"
2022-06-11,9780722532935,The Alchemist,"Coelho, Paulo",202223,661,5795.52,8.7678,9.99,Paperback,Thorsons,HarperCollins Grp,F1.1 General & Literary Fiction,F Adult Fiction
2022-06-18,9780722532935,The Alchemist,"Coelho, Paulo",202224,577,5081.81,8.8073,9.99,Paperback,Thorsons,HarperCollins Grp,F1.1 General & Literary Fiction,F Adult Fiction
2022-06-18,9780241003008,The Very Hungry Caterpillar,"Carle, Eric",202224,1284,6141.92,4.7834,7.99,Hardback,Puffin Books,Penguin Grp,Y1.3 Picture Books,"Y Children's, YA & Educational"
2022-06-25,9780722532935,The Alchemist,"Coelho, Paulo",202225,546,4850.67,8.884,9.99,Paperback,Thorsons,HarperCollins Grp,F1.1 General & Literary Fiction,F Adult Fiction
2022-06-25,9780241003008,The Very Hungry Caterpillar,"Carle, Eric",202225,1301,6114.28,4.6997,7.99,Hardback,Puffin Books,Penguin Grp,Y1.3 Picture Books,"Y Children's, YA & Educational"
2022-07-02,9780722532935,The Alchemist,"Coelho, Paulo",202226,675,5877.21,8.707,9.99,Paperback,Thorsons,HarperCollins Grp,F1.1 General & Literary Fiction,F Adult Fiction
2022-07-02,9780241003008,The Very Hungry Caterpillar,"Carle, Eric",202226,1488,6624.28,4.4518,7.99,Hardback,Puffin Books,Penguin Grp,Y1.3 Picture Books,"Y Children's, YA & Educational"
2022-07-09,9780241003008,The Very Hungry Caterpillar,"Carle, Eric",202227,1493,6812.31,4.5628,7.99,Hardback,Puffin Books,Penguin Grp,Y1.3 Picture Books,"Y Children's, YA & Educational"
2022-07-09,9780722532935,The Alchemist,"Coelho, Paulo",202227,561,4896.82,8.7287,9.99,Paperback,Thorsons,HarperCollins Grp,F1.1 General & Literary Fiction,F Adult Fiction
2022-07-16,9780241003008,The Very Hungry Caterpillar,"Carle, Eric",202228,1487,6789.28,4.5658,7.99,Hardback,Puffin Books,Penguin Grp,Y1.3 Picture Books,"Y Children's, YA & Educational"
2022-07-16,9780722532935,The Alchemist,"Coelho, Paulo",202228,563,4890.61,8.6867,9.99,Paperback,Thorsons,HarperCollins Grp,F1.1 General & Literary Fiction,F Adult Fiction
2022-07-23,9780722532935,The Alchemist,"Coelho, Paulo",202229,662,5676.21,8.5743,9.99,Paperback,Thorsons,HarperCollins Grp,F1.1 General & Literary Fiction,F Adult Fiction
2022-07-23,9780241003008,The Very Hungry Caterpillar,"Carle, Eric",202229,1321,5873.36,4.4461,7.99,Hardback,Puffin Books,Penguin Grp,Y1.3 Picture Books,"Y Children's, YA & Educational"
2022-07-30,9780241003008,The Very Hungry Caterpillar,"Carle, Eric",202230,1626,7459.9,4.5879,7.99,Hardback,Puffin Books,Penguin Grp,Y1.3 Picture Books,"Y Children's, YA & Educational"
2022-07-30,9780722532935,The Alchemist,"Coelho, Paulo",202230,643,5365.19,8.344,9.99,Paperback,Thorsons,HarperCollins Grp,F1.1 General & Literary Fiction,F Adult Fiction
2022-08-06,9780241003008,The Very Hungry Caterpillar,"Carle, Eric",202231,1599,7351.42,4.5975,7.99,Hardback,Puffin Books,Penguin Grp,Y1.3 Picture Books,"Y Children's, YA & Educational"
2022-08-06,9780722532935,The Alchemist,"Coelho, Paulo",202231,655,5454.72,8.3278,9.99,Paperback,Thorsons,HarperCollins Grp,F1.1 General & Literary Fiction,F Adult Fiction
2022-08-13,9780241003008,The Very Hungry Caterpillar,"Carle, Eric",202232,1695,7817.01,4.6118,7.99,Hardback,Puffin Books,Penguin Grp,Y1.3 Picture Books,"Y Children's, YA & Educational"
2022-08-13,9780722532935,The Alchemist,"Coelho, Paulo",202232,726,6135.38,8.4509,9.99,Paperback,Thorsons,HarperCollins Grp,F1.1 General & Literary Fiction,F Adult Fiction
2022-08-20,9780241003008,The Very Hungry Caterpillar,"Carle, Eric",202233,1833,8620.27,4.7028,7.99,Hardback,Puffin Books,Penguin Grp,Y1.3 Picture Books,"Y Children's, YA & Educational"
2022-08-20,9780722532935,The Alchemist,"Coelho, Paulo",202233,806,6951.76,8.625,9.99,Paperback,Thorsons,HarperCollins Grp,F1.1 General & Literary Fiction,F Adult Fiction
2022-08-27,9780722532935,The Alchemist,"Coelho, Paulo",202234,884,7475.1,8.456,9.99,Paperback,Thorsons,HarperCollins Grp,F1.1 General & Literary Fiction,F Adult Fiction
2022-08-27,9780241003008,The Very Hungry Caterpillar,"Carle, Eric",202234,1754,8336.09,4.7526,7.99,Hardback,Puffin Books,Penguin Grp,Y1.3 Picture Books,"Y Children's, YA & Educational"
2022-09-03,9780722532935,The Alchemist,"Coelho, Paulo",202235,567,5020.28,8.8541,9.99,Paperback,Thorsons,HarperCollins Grp,F1.1 General & Literary Fiction,F Adult Fiction
2022-09-03,9780241003008,The Very Hungry Caterpillar,"Carle, Eric",202235,1682,8065.15,4.795,7.99,Hardback,Puffin Books,Penguin Grp,Y1.3 Picture Books,"Y Children's, YA & Educational"
2022-09-10,9780241003008,The Very Hungry Caterpillar,"Carle, Eric",202236,1307,6535.15,5.0001,7.99,Hardback,Puffin Books,Penguin Grp,Y1.3 Picture Books,"Y Children's, YA & Educational"
2022-09-10,9780722532935,The Alchemist,"Coelho, Paulo",202236,810,6927.4,8.5523,9.99,Paperback,Thorsons,HarperCollins Grp,F1.1 General & Literary Fiction,F Adult Fiction
2022-09-17,9780241003008,The Very Hungry Caterpillar,"Carle, Eric",202237,1391,6866.79,4.9366,7.99,Hardback,Puffin Books,Penguin Grp,Y1.3 Picture Books,"Y Children's, YA & Educational"
2022-09-17,9780722532935,The Alchemist,"Coelho, Paulo",202237,785,6380.72,8.1283,9.99,Paperback,Thorsons,HarperCollins Grp,F1.1 General & Literary Fiction,F Adult Fiction
2022-09-24,9780241003008,The Very Hungry Caterpillar,"Carle, Eric",202238,1420,6825.55,4.8067,7.99,Hardback,Puffin Books,Penguin Grp,Y1.3 Picture Books,"Y Children's, YA & Educational"
2022-09-24,9780722532935,The Alchemist,"Coelho, Paulo",202238,624,5283.31,8.4668,9.99,Paperback,Thorsons,HarperCollins Grp,F1.1 General & Literary Fiction,F Adult Fiction
2022-10-01,9780241003008,The Very Hungry Caterpillar,"Carle, Eric",202239,1447,7107.38,4.9118,7.99,Hardback,Puffin Books,Penguin Grp,Y1.3 Picture Books,"Y Children's, YA & Educational"
2022-10-01,9780722532935,The Alchemist,"Coelho, Paulo",202239,617,5267.32,8.537,9.99,Paperback,Thorsons,HarperCollins Grp,F1.1 General & Literary Fiction,F Adult Fiction
2022-10-08,9780722532935,The Alchemist,"Coelho, Paulo",202240,585,4983.59,8.519,9.99,Paperback,Thorsons,HarperCollins Grp,F1.1 General & Literary Fiction,F Adult Fiction
2022-10-08,9780241003008,The Very Hungry Caterpillar,"Carle, Eric",202240,1941,8823.04,4.5456,7.99,Hardback,Puffin Books,Penguin Grp,Y1.3 Picture Books,"Y Children's, YA & Educational"
2022-10-15,9780722532935,The Alchemist,"Coelho, Paulo",202241,551,4808.88,8.7275,9.99,Paperback,Thorsons,HarperCollins Grp,F1.1 General & Literary Fiction,F Adult Fiction
2022-10-15,9780241003008,The Very Hungry Caterpillar,"Carle, Eric",202241,2103,9426.58,4.4824,7.99,Hardback,Puffin Books,Penguin Grp,Y1.3 Picture Books,"Y Children's, YA & Educational"
2022-10-22,9780241003008,The Very Hungry Caterpillar,"Carle, Eric",202242,2008,8845.17,4.405,7.99,Hardback,Puffin Books,Penguin Grp,Y1.3 Picture Books,"Y Children's, YA & Educational"
2022-10-22,9780722532935,The Alchemist,"Coelho, Paulo",202242,574,5049.37,8.7968,9.99,Paperback,Thorsons,HarperCollins Grp,F1.1 General & Literary Fiction,F Adult Fiction
2022-10-29,9780241003008,The Very Hungry Caterpillar,"Carle, Eric",202243,2131,9604.75,4.5072,7.99,Hardback,Puffin Books,Penguin Grp,Y1.3 Picture Books,"Y Children's, YA & Educational"
2022-10-29,9780722532935,The Alchemist,"Coelho, Paulo",202243,603,5300.57,8.7903,9.99,Paperback,Thorsons,HarperCollins Grp,F1.1 General & Literary Fiction,F Adult Fiction
2022-11-05,9780241003008,The Very Hungry Caterpillar,"Carle, Eric",202244,2381,10637.88,4.4678,7.99,Hardback,Puffin Books,Penguin Grp,Y1.3 Picture Books,"Y Children's, YA & Educational"
2022-11-05,9780722532935,The Alchemist,"Coelho, Paulo",202244,611,5521.64,9.0371,9.99,Paperback,Thorsons,HarperCollins Grp,F1.1 General & Literary Fiction,F Adult Fiction
2022-11-12,9780722532935,The Alchemist,"Coelho, Paulo",202245,692,6126.47,8.8533,9.99,Paperback,Thorsons,HarperCollins Grp,F1.1 General & Literary Fiction,F Adult Fiction
2022-11-12,9780241003008,The Very Hungry Caterpillar,"Carle, Eric",202245,2126,10792.66,5.0765,7.99,Hardback,Puffin Books,Penguin Grp,Y1.3 Picture Books,"Y Children's, YA & Educational"
2022-11-19,9780241003008,The Very Hungry Caterpillar,"Carle, Eric",202246,2704,12532.85,4.6349,7.99,Hardback,Puffin Books,Penguin Grp,Y1.3 Picture Books,"Y Children's, YA & Educational"
2022-11-19,9780722532935,The Alchemist,"Coelho, Paulo",202246,651,5632.45,8.652,9.99,Paperback,Thorsons,HarperCollins Grp,F1.1 General & Literary Fiction,F Adult Fiction
2022-11-26,9780722532935,The Alchemist,"Coelho, Paulo",202247,718,6131.31,8.5394,9.99,Paperback,Thorsons,HarperCollins Grp,F1.1 General & Literary Fiction,F Adult Fiction
2022-11-26,9780241003008,The Very Hungry Caterpillar,"Carle, Eric",202247,3100,14117.6,4.5541,7.99,Hardback,Puffin Books,Penguin Grp,Y1.3 Picture Books,"Y Children's, YA & Educational"
2022-12-03,9780241003008,The Very Hungry Caterpillar,"Carle, Eric",202248,3176,14778.42,4.6532,7.99,Hardback,Puffin Books,Penguin Grp,Y1.3 Picture Books,"Y Children's, YA & Educational"
2022-12-03,9780722532935,The Alchemist,"Coelho, Paulo",202248,979,8300.46,8.4785,9.99,Paperback,Thorsons,HarperCollins Grp,F1.1 General & Literary Fiction,F Adult Fiction
2022-12-10,9780241003008,The Very Hungry Caterpillar,"Carle, Eric",202249,3316,15863.84,4.784,7.99,Hardback,Puffin Books,Penguin Grp,Y1.3 Picture Books,"Y Children's, YA & Educational"
2022-12-10,9780722532935,The Alchemist,"Coelho, Paulo",202249,1297,10830.32,8.3503,9.99,Paperback,Thorsons,HarperCollins Grp,F1.1 General & Literary Fiction,F Adult Fiction
2022-12-17,9780241003008,The Very Hungry Caterpillar,"Carle, Eric",202250,3499,16678.11,4.7665,7.99,Hardback,Puffin Books,Penguin Grp,Y1.3 Picture Books,"Y Children's, YA & Educational"
2022-12-17,9780722532935,The Alchemist,"Coelho, Paulo",202250,1584,13743.65,8.6765,9.99,Paperback,Thorsons,HarperCollins Grp,F1.1 General & Literary Fiction,F Adult Fiction
2022-12-24,9780722532935,The Alchemist,"Coelho, Paulo",202251,1860,16345.85,8.7881,9.99,Paperback,Thorsons,HarperCollins Grp,F1.1 General & Literary Fiction,F Adult Fiction
2022-12-24,9780241003008,The Very Hungry Caterpillar,"Carle, Eric",202251,3905,19096.6,4.8903,7.99,Hardback,Puffin Books,Penguin Grp,Y1.3 Picture Books,"Y Children's, YA & Educational"
2022-12-31,9780722532935,The Alchemist,"Coelho, Paulo",202252,813,7275.4,8.9488,9.99,Paperback,Thorsons,HarperCollins Grp,F1.1 General & Literary Fiction,F Adult Fiction
2022-12-31,9780241003008,The Very Hungry Caterpillar,"Carle, Eric",202252,1156,5631.08,4.8712,7.99,Hardback,Puffin Books,Penguin Grp,Y1.3 Picture Books,"Y Children's, YA & Educational"
2023-01-07,9780241003008,The Very Hungry Caterpillar,"Carle, Eric",202301,1545,7265.84,4.7028,7.99,Hardback,Puffin Books,Penguin Grp,Y1.3 Picture Books,"Y Children's, YA & Educational"
2023-01-07,9780722532935,The Alchemist,"Coelho, Paulo",202301,790,7036.54,8.907,9.99,Paperback,Thorsons,HarperCollins Grp,F1.1 General & Literary Fiction,F Adult Fiction
2023-01-14,9780241003008,The Very Hungry Caterpillar,"Carle, Eric",202302,1464,7012.12,4.7897,7.99,Hardback,Puffin Books,Penguin Grp,Y1.3 Picture Books,"Y Children's, YA & Educational"
2023-01-14,9780722532935,The Alchemist,"Coelho, Paulo",202302,818,7106.31,8.6874,9.99,Paperback,Thorsons,HarperCollins Grp,F1.1 General & Literary Fiction,F Adult Fiction
2023-01-21,9780722532935,The Alchemist,"Coelho, Paulo",202303,668,6012.45,9.0007,9.99,Paperback,Thorsons,HarperCollins Grp,F1.1 General & Literary Fiction,F Adult Fiction
2023-01-21,9780241003008,The Very Hungry Caterpillar,"Carle, Eric",202303,1855,8628.06,4.6512,7.99,Hardback,Puffin Books,Penguin Grp,Y1.3 Picture Books,"Y Children's, YA & Educational"
2023-01-28,9780241003008,The Very Hungry Caterpillar,"Carle, Eric",202304,2036,9457.53,4.6452,7.99,Hardback,Puffin Books,Penguin Grp,Y1.3 Picture Books,"Y Children's, YA & Educational"
2023-01-28,9780722532935,The Alchemist,"Coelho, Paulo",202304,674,6025.62,8.9401,9.99,Paperback,Thorsons,HarperCollins Grp,F1.1 General & Literary Fiction,F Adult Fiction
2023-02-04,9780241003008,The Very Hungry Caterpillar,"Carle, Eric",202305,2476,11341.89,4.5807,7.99,Hardback,Puffin Books,Penguin Grp,Y1.3 Picture Books,"Y Children's, YA & Educational"
2023-02-04,9780722532935,The Alchemist,"Coelho, Paulo",202305,688,6187.33,8.9932,9.99,Paperback,Thorsons,HarperCollins Grp,F1.1 General & Literary Fiction,F Adult Fiction
2023-02-11,9780241003008,The Very Hungry Caterpillar,"Carle, Eric",202306,2196,10691.39,4.8686,7.99,Hardback,Puffin Books,Penguin Grp,Y1.3 Picture Books,"Y Children's, YA & Educational"
2023-02-11,9780722532935,The Alchemist,"Coelho, Paulo",202306,579,5173.22,8.9347,9.99,Paperback,Thorsons,HarperCollins Grp,F1.1 General & Literary Fiction,F Adult Fiction
2023-02-18,9780241003008,The Very Hungry Caterpillar,"Carle, Eric",202307,2132,10242.64,4.8042,7.99,Hardback,Puffin Books,Penguin Grp,Y1.3 Picture Books,"Y Children's, YA & Educational"
2023-02-18,9780722532935,The Alchemist,"Coelho, Paulo",202307,584,5159.74,8.8352,9.99,Paperback,Thorsons,HarperCollins Grp,F1.1 General & Literary Fiction,F Adult Fiction
2023-02-25,9780722532935,The Alchemist,"Coelho, Paulo",202308,566,4911.36,8.6773,9.99,Paperback,Thorsons,HarperCollins Grp,F1.1 General & Literary Fiction,F Adult Fiction
2023-02-25,9780241003008,The Very Hungry Caterpillar,"Carle, Eric",202308,2547,12014.96,4.7173,7.99,Hardback,Puffin Books,Penguin Grp,Y1.3 Picture Books,"Y Children's, YA & Educational"
2023-03-04,9780241003008,The Very Hungry Caterpillar,"Carle, Eric",202309,3550,15955.84,4.4946,7.99,Hardback,Puffin Books,Penguin Grp,Y1.3 Picture Books,"Y Children's, YA & Educational"
2023-03-04,9780722532935,The Alchemist,"Coelho, Paulo",202309,654,5691.48,8.7026,9.99,Paperback,Thorsons,HarperCollins Grp,F1.1 General & Literary Fiction,F Adult Fiction
2023-03-11,9780722532935,The Alchemist,"Coelho, Paulo",202310,554,4708.4,8.4989,9.99,Paperback,Thorsons,HarperCollins Grp,F1.1 General & Literary Fiction,F Adult Fiction
2023-03-11,9780241003008,The Very Hungry Caterpillar,"Carle, Eric",202310,2391,10680.09,4.4668,7.99,Hardback,Puffin Books,Penguin Grp,Y1.3 Picture Books,"Y Children's, YA & Educational"
2023-03-18,9780722532935,The Alchemist,"Coelho, Paulo",202311,626,5277.63,8.4307,9.99,Paperback,Thorsons,HarperCollins Grp,F1.1 General & Literary Fiction,F Adult Fiction
2023-03-18,9780241003008,The Very Hungry Caterpillar,"Carle, Eric",202311,2104,9461.0,4.4967,7.99,Hardback,Puffin Books,Penguin Grp,Y1.3 Picture Books,"Y Children's, YA & Educational"
2023-03-25,9780722532935,The Alchemist,"Coelho, Paulo",202312,665,5673.68,8.5318,9.99,Paperback,Thorsons,HarperCollins Grp,F1.1 General & Literary Fiction,F Adult Fiction
2023-03-25,9780241003008,The Very Hungry Caterpillar,"Carle, Eric",202312,2154,9683.68,4.4957,7.99,Hardback,Puffin Books,Penguin Grp,Y1.3 Picture Books,"Y Children's, YA & Educational"
2023-04-01,9780722532935,The Alchemist,"Coelho, Paulo",202313,674,5779.91,8.5755,9.99,Paperback,Thorsons,HarperCollins Grp,F1.1 General & Literary Fiction,F Adult Fiction
2023-04-01,9780241003008,The Very Hungry Caterpillar,"Carle, Eric",202313,2364,10527.87,4.4534,7.99,Hardback,Puffin Books,Penguin Grp,Y1.3 Picture Books,"Y Children's, YA & Educational"
2023-04-08,9780241003008,The Very Hungry Caterpillar,"Carle, Eric",202314,2321,10455.81,4.5049,7.99,Hardback,Puffin Books,Penguin Grp,Y1.3 Picture Books,"Y Children's, YA & Educational"
2023-04-08,9780722532935,The Alchemist,"Coelho, Paulo",202314,545,4714.51,8.6505,9.99,Paperback,Thorsons,HarperCollins Grp,F1.1 General & Literary Fiction,F Adult Fiction
2023-04-15,9780241003008,The Very Hungry Caterpillar,"Carle, Eric",202315,1603,7773.18,4.8491,7.99,Hardback,Puffin Books,Penguin Grp,Y1.3 Picture Books,"Y Children's, YA & Educational"
2023-04-15,9780722532935,The Alchemist,"Coelho, Paulo",202315,505,4437.29,8.7867,9.99,Paperback,Thorsons,HarperCollins Grp,F1.1 General & Literary Fiction,F Adult Fiction
2023-04-22,9780722532935,The Alchemist,"Coelho, Paulo",202316,509,4352.87,8.5518,9.99,Paperback,Thorsons,HarperCollins Grp,F1.1 General & Literary Fiction,F Adult Fiction
2023-04-22,9780241003008,The Very Hungry Caterpillar,"Carle, Eric",202316,1582,8266.84,5.2256,7.99,Hardback,Puffin Books,Penguin Grp,Y1.3 Picture Books,"Y Children's, YA & Educational"
2023-04-29,9780241003008,The Very Hungry Caterpillar,"Carle, Eric",202317,2084,9500.37,4.5587,7.99,Hardback,Puffin Books,Penguin Grp,Y1.3 Picture Books,"Y Children's, YA & Educational"
2023-04-29,9780722532935,The Alchemist,"Coelho, Paulo",202317,548,4741.57,8.6525,9.99,Paperback,Thorsons,HarperCollins Grp,F1.1 General & Literary Fiction,F Adult Fiction
2023-05-06,9780722532935,The Alchemist,"Coelho, Paulo",202318,567,4984.08,8.7903,9.99,Paperback,Thorsons,HarperCollins Grp,F1.1 General & Literary Fiction,F Adult Fiction
2023-05-06,9780241003008,The Very Hungry Caterpillar,"Carle, Eric",202318,1880,8488.3,4.5151,7.99,Hardback,Puffin Books,Penguin Grp,Y1.3 Picture Books,"Y Children's, YA & Educational"
2023-05-13,9780722532935,The Alchemist,"Coelho, Paulo",202319,519,4416.27,8.5092,9.99,Paperback,Thorsons,HarperCollins Grp,F1.1 General & Literary Fiction,F Adult Fiction
2023-05-13,9780241003008,The Very Hungry Caterpillar,"Carle, Eric",202319,1860,8524.76,4.5832,7.99,Hardback,Puffin Books,Penguin Grp,Y1.3 Picture Books,"Y Children's, YA & Educational"
2023-05-20,9780722532935,The Alchemist,"Coelho, Paulo",202320,546,4681.7,8.5745,9.99,Paperback,Thorsons,HarperCollins Grp,F1.1 General & Literary Fiction,F Adult Fiction
2023-05-20,9780241003008,The Very Hungry Caterpillar,"Carle, Eric",202320,1796,8257.74,4.5979,7.99,Hardback,Puffin Books,Penguin Grp,Y1.3 Picture Books,"Y Children's, YA & Educational"
2023-05-27,9780241003008,The Very Hungry Caterpillar,"Carle, Eric",202321,1748,8079.26,4.622,7.99,Hardback,Puffin Books,Penguin Grp,Y1.3 Picture Books,"Y Children's, YA & Educational"
2023-05-27,9780722532935,The Alchemist,"Coelho, Paulo",202321,569,4931.62,8.6672,9.99,Paperback,Thorsons,HarperCollins Grp,F1.1 General & Literary Fiction,F Adult Fiction
2023-06-03,9780241003008,The Very Hungry Caterpillar,"Carle, Eric",202322,1745,8179.83,4.6876,7.99,Hardback,Puffin Books,Penguin Grp,Y1.3 Picture Books,"Y Children's, YA & Educational"
2023-06-03,9780722532935,The Alchemist,"Coelho, Paulo",202322,674,5816.75,8.6302,9.99,Paperback,Thorsons,HarperCollins Grp,F1.1 General & Literary Fiction,F Adult Fiction
2023-06-10,9780722532935,The Alchemist,"Coelho, Paulo",202323,629,5422.14,8.6203,9.99,Paperback,Thorsons,HarperCollins Grp,F1.1 General & Literary Fiction,F Adult Fiction
2023-06-10,9780241003008,The Very Hungry Caterpillar,"Carle, Eric",202323,1834,8612.87,4.6962,7.99,Hardback,Puffin Books,Penguin Grp,Y1.3 Picture Books,"Y Children's, YA & Educational"
2023-06-17,9780722532935,The Alchemist,"Coelho, Paulo",202324,558,4828.87,8.6539,9.99,Paperback,Thorsons,HarperCollins Grp,F1.1 General & Literary Fiction,F Adult Fiction
2023-06-17,9780241003008,The Very Hungry Caterpillar,"Carle, Eric",202324,1513,7082.51,4.6811,7.99,Hardback,Puffin Books,Penguin Grp,Y1.3 Picture Books,"Y Children's, YA & Educational"
2023-06-24,9780241003008,The Very Hungry Caterpillar,"Carle, Eric",202325,1454,7007.33,4.8193,7.99,Hardback,Puffin Books,Penguin Grp,Y1.3 Picture Books,"Y Children's, YA & Educational"
2023-06-24,9780722532935,The Alchemist,"Coelho, Paulo",202325,646,5561.26,8.6088,9.99,Paperback,Thorsons,HarperCollins Grp,F1.1 General & Literary Fiction,F Adult Fiction
2023-07-01,9780241003008,The Very Hungry Caterpillar,"Carle, Eric",202326,1812,8642.74,4.7697,7.99,Hardback,Puffin Books,Penguin Grp,Y1.3 Picture Books,"Y Children's, YA & Educational"
2023-07-01,9780722532935,The Alchemist,"Coelho, Paulo",202326,663,5729.39,8.6416,9.99,Paperback,Thorsons,HarperCollins Grp,F1.1 General & Literary Fiction,F Adult Fiction
2023-07-08,9780722532935,The Alchemist,"Coelho, Paulo",202327,678,5766.82,8.5056,9.99,Paperback,Thorsons,HarperCollins Grp,F1.1 General & Literary Fiction,F Adult Fiction
2023-07-08,9780241003008,The Very Hungry Caterpillar,"Carle, Eric",202327,1869,9502.78,5.0844,7.99,Hardback,Puffin Books,Penguin Grp,Y1.3 Picture Books,"Y Children's, YA & Educational"
2023-07-15,9780722532935,The Alchemist,"Coelho, Paulo",202328,760,6518.72,8.5773,9.99,Paperback,Thorsons,HarperCollins Grp,F1.1 General & Literary Fiction,F Adult Fiction
2023-07-15,9780241003008,The Very Hungry Caterpillar,"Carle, Eric",202328,2489,11531.82,4.6331,7.99,Hardback,Puffin Books,Penguin Grp,Y1.3 Picture Books,"Y Children's, YA & Educational"
2023-07-22,9780241003008,The Very Hungry Caterpillar,"Carle, Eric",202329,1861,9148.82,4.9161,7.99,Hardback,Puffin Books,Penguin Grp,Y1.3 Picture Books,"Y Children's, YA & Educational"
2023-07-22,9780722532935,The Alchemist,"Coelho, Paulo",202329,680,5848.91,8.6013,9.99,Paperback,Thorsons,HarperCollins Grp,F1.1 General & Literary Fiction,F Adult Fiction
2023-07-29,9780722532935,The Alchemist,"Coelho, Paulo",202330,729,6345.59,8.7045,9.99,Paperback,Thorsons,HarperCollins Grp,F1.1 General & Literary Fiction,F Adult Fiction
2023-07-29,9780241003008,The Very Hungry Caterpillar,"Carle, Eric",202330,2109,10150.91,4.8131,7.99,Hardback,Puffin Books,Penguin Grp,Y1.3 Picture Books,"Y Children's, YA & Educational"
2023-08-05,9780241003008,The Very Hungry Caterpillar,"Carle, Eric",202331,2123,10384.72,4.8915,7.99,Hardback,Puffin Books,Penguin Grp,Y1.3 Picture Books,"Y Children's, YA & Educational"
2023-08-05,9780722532935,The Alchemist,"Coelho, Paulo",202331,743,6437.41,8.6641,9.99,Paperback,Thorsons,HarperCollins Grp,F1.1 General & Literary Fiction,F Adult Fiction
2023-08-12,9780722532935,The Alchemist,"Coelho, Paulo",202332,834,7107.7,8.5224,9.99,Paperback,Thorsons,HarperCollins Grp,F1.1 General & Literary Fiction,F Adult Fiction
2023-08-12,9780241003008,The Very Hungry Caterpillar,"Carle, Eric",202332,1692,8758.21,5.1762,7.99,Hardback,Puffin Books,Penguin Grp,Y1.3 Picture Books,"Y Children's, YA & Educational"
2023-08-19,9780722532935,The Alchemist,"Coelho, Paulo",202333,694,6098.79,8.7879,9.99,Paperback,Thorsons,HarperCollins Grp,F1.1 General & Literary Fiction,F Adult Fiction
2023-08-19,9780241003008,The Very Hungry Caterpillar,"Carle, Eric",202333,1775,8561.02,4.8231,7.99,Hardback,Puffin Books,Penguin Grp,Y1.3 Picture Books,"Y Children's, YA & Educational"
2023-08-26,9780241003008,The Very Hungry Caterpillar,"Carle, Eric",202334,1848,8992.52,4.8661,7.99,Hardback,Puffin Books,Penguin Grp,Y1.3 Picture Books,"Y Children's, YA & Educational"
2023-08-26,9780722532935,The Alchemist,"Coelho, Paulo",202334,743,6801.31,9.1538,9.99,Paperback,Thorsons,HarperCollins Grp,F1.1 General & Literary Fiction,F Adult Fiction
2023-09-02,9780722532935,The Alchemist,"Coelho, Paulo",202335,709,6568.74,9.2648,9.99,Paperback,Thorsons,HarperCollins Grp,F1.1 General & Literary Fiction,F Adult Fiction
2023-09-02,9780241003008,The Very Hungry Caterpillar,"Carle, Eric",202335,1966,9432.17,4.7976,7.99,Hardback,Puffin Books,Penguin Grp,Y1.3 Picture Books,"Y Children's, YA & Educational"
2023-09-09,9780722532935,The Alchemist,"Coelho, Paulo",202336,580,5467.47,9.4267,9.99,Paperback,Thorsons,HarperCollins Grp,F1.1 General & Literary Fiction,F Adult Fiction
2023-09-09,9780241003008,The Very Hungry Caterpillar,"Carle, Eric",202336,1803,8490.69,4.7092,7.99,Hardback,Puffin Books,Penguin Grp,Y1.3 Picture Books,"Y Children's, YA & Educational"
2023-09-16,9780241003008,The Very Hungry Caterpillar,"Carle, Eric",202337,1988,9473.56,4.7654,7.99,Hardback,Puffin Books,Penguin Grp,Y1.3 Picture Books,"Y Children's, YA & Educational"
2023-09-16,9780722532935,The Alchemist,"Coelho, Paulo",202337,618,5847.49,9.462,9.99,Paperback,Thorsons,HarperCollins Grp,F1.1 General & Literary Fiction,F Adult Fiction
2023-09-23,9780241003008,The Very Hungry Caterpillar,"Carle, Eric",202338,1820,8604.14,4.7275,7.99,Hardback,Puffin Books,Penguin Grp,Y1.3 Picture Books,"Y Children's, YA & Educational"
2023-09-23,9780722532935,The Alchemist,"Coelho, Paulo",202338,702,6607.34,9.4122,9.99,Paperback,Thorsons,HarperCollins Grp,F1.1 General & Literary Fiction,F Adult Fiction
2023-09-30,9780722532935,The Alchemist,"Coelho, Paulo",202339,652,6204.07,9.5154,9.99,Paperback,Thorsons,HarperCollins Grp,F1.1 General & Literary Fiction,F Adult Fiction
2023-09-30,9780241003008,The Very Hungry Caterpillar,"Carle, Eric",202339,1860,8896.99,4.7833,7.99,Hardback,Puffin Books,Penguin Grp,Y1.3 Picture Books,"Y Children's, YA & Educational"
2023-10-07,9780722532935,The Alchemist,"Coelho, Paulo",202340,673,6430.14,9.5544,9.99,Paperback,Thorsons,HarperCollins Grp,F1.1 General & Literary Fiction,F Adult Fiction
2023-10-07,9780241003008,The Very Hungry Caterpillar,"Carle, Eric",202340,1970,9457.94,4.801,7.99,Hardback,Puffin Books,Penguin Grp,Y1.3 Picture Books,"Y Children's, YA & Educational"
2023-10-14,9780722532935,The Alchemist,"Coelho, Paulo",202341,564,5396.82,9.5688,9.99,Paperback,Thorsons,HarperCollins Grp,F1.1 General & Literary Fiction,F Adult Fiction
2023-10-14,9780241003008,The Very Hungry Caterpillar,"Carle, Eric",202341,1927,9220.54,4.7849,7.99,Hardback,Puffin Books,Penguin Grp,Y1.3 Picture Books,"Y Children's, YA & Educational"
2023-10-21,9780241003008,The Very Hungry Caterpillar,"Carle, Eric",202342,1859,8723.95,4.6928,7.99,Hardback,Puffin Books,Penguin Grp,Y1.3 Picture Books,"Y Children's, YA & Educational"
2023-10-21,9780722532935,The Alchemist,"Coelho, Paulo",202342,585,5589.84,9.5553,9.99,Paperback,Thorsons,HarperCollins Grp,F1.1 General & Literary Fiction,F Adult Fiction
2023-10-28,9780241003008,The Very Hungry Caterpillar,"Carle, Eric",202343,2051,9731.49,4.7448,7.99,Hardback,Puffin Books,Penguin Grp,Y1.3 Picture Books,"Y Children's, YA & Educational"
2023-10-28,9780722532935,The Alchemist,"Coelho, Paulo",202343,602,5742.7,9.5394,9.99,Paperback,Thorsons,HarperCollins Grp,F1.1 General & Literary Fiction,F Adult Fiction
2023-11-04,9780241003008,The Very Hungry Caterpillar,"Carle, Eric",202344,2164,10319.41,4.7687,7.99,Hardback,Puffin Books,Penguin Grp,Y1.3 Picture Books,"Y Children's, YA & Educational"
2023-11-04,9780722532935,The Alchemist,"Coelho, Paulo",202344,621,5908.34,9.5142,9.99,Paperback,Thorsons,HarperCollins Grp,F1.1 General & Literary Fiction,F Adult Fiction
2023-11-11,9780241003008,The Very Hungry Caterpillar,"Carle, Eric",202345,2185,10459.66,4.787,7.99,Hardback,Puffin Books,Penguin Grp,Y1.3 Picture Books,"Y Children's, YA & Educational"
2023-11-11,9780722532935,The Alchemist,"Coelho, Paulo",202345,599,5724.0,9.5559,9.99,Paperback,Thorsons,HarperCollins Grp,F1.1 General & Literary Fiction,F Adult Fiction
2023-11-18,9780241003008,The Very Hungry Caterpillar,"Carle, Eric",202346,2413,11387.05,4.719,7.99,Hardback,Puffin Books,Penguin Grp,Y1.3 Picture Books,"Y Children's, YA & Educational"
2023-11-18,9780722532935,The Alchemist,"Coelho, Paulo",202346,572,5450.69,9.5292,9.99,Paperback,Thorsons,HarperCollins Grp,F1.1 General & Literary Fiction,F Adult Fiction
2023-11-25,9780241003008,The Very Hungry Caterpillar,"Carle, Eric",202347,2976,13664.14,4.5914,7.99,Hardback,Puffin Books,Penguin Grp,Y1.3 Picture Books,"Y Children's, YA & Educational"
2023-11-25,9780722532935,The Alchemist,"Coelho, Paulo",202347,637,6063.18,9.5183,9.99,Paperback,Thorsons,HarperCollins Grp,F1.1 General & Literary Fiction,F Adult Fiction
2023-12-02,9780241003008,The Very Hungry Caterpillar,"Carle, Eric",202348,2896,13662.18,4.7176,7.99,Hardback,Puffin Books,Penguin Grp,Y1.3 Picture Books,"Y Children's, YA & Educational"
2023-12-02,9780722532935,The Alchemist,"Coelho, Paulo",202348,716,6753.63,9.4324,9.99,Paperback,Thorsons,HarperCollins Grp,F1.1 General & Literary Fiction,F Adult Fiction
2023-12-09,9780722532935,The Alchemist,"Coelho, Paulo",202349,979,9269.28,9.4681,9.99,Paperback,Thorsons,HarperCollins Grp,F1.1 General & Literary Fiction,F Adult Fiction
2023-12-09,9780241003008,The Very Hungry Caterpillar,"Carle, Eric",202349,2804,13839.82,4.9357,7.99,Hardback,Puffin Books,Penguin Grp,Y1.3 Picture Books,"Y Children's, YA & Educational"
2023-12-16,9780722532935,The Alchemist,"Coelho, Paulo",202350,1260,11730.87,9.3102,9.99,Paperback,Thorsons,HarperCollins Grp,F1.1 General & Literary Fiction,F Adult Fiction
2023-12-16,9780241003008,The Very Hungry Caterpillar,"Carle, Eric",202350,2794,14054.09,5.0301,7.99,Hardback,Puffin Books,Penguin Grp,Y1.3 Picture Books,"Y Children's, YA & Educational"
2023-12-23,9780241003008,The Very Hungry Caterpillar,"Carle, Eric",202351,3527,17669.87,5.0099,7.99,Hardback,Puffin Books,Penguin Grp,Y1.3 Picture Books,"Y Children's, YA & Educational"
2023-12-23,9780722532935,The Alchemist,"Coelho, Paulo",202351,2201,19766.67,8.9808,9.99,Paperback,Thorsons,HarperCollins Grp,F1.1 General & Literary Fiction,F Adult Fiction
2023-12-30,9780722532935,The Alchemist,"Coelho, Paulo",202352,1050,9717.41,9.2547,9.99,Paperback,Thorsons,HarperCollins Grp,F1.1 General & Literary Fiction,F Adult Fiction
2023-12-30,9780241003008,The Very Hungry Caterpillar,"Carle, Eric",202352,1151,5710.76,4.9616,7.99,Hardback,Puffin Books,Penguin Grp,Y1.3 Picture Books,"Y Children's, YA & Educational"
2024-01-06,9780722532935,The Alchemist,"Coelho, Paulo",202401,806,7520.45,9.3306,9.99,Paperback,Thorsons,HarperCollins Grp,F1.1 General & Literary Fiction,F Adult Fiction
2024-01-06,9780241003008,The Very Hungry Caterpillar,"Carle, Eric",202401,1273,5980.26,4.6978,7.99,Hardback,Puffin Books,Penguin Grp,Y1.3 Picture Books,"Y Children's, YA & Educational"
2024-01-13,9780722532935,The Alchemist,"Coelho, Paulo",202402,748,6766.41,9.046,9.99,Paperback,Thorsons,HarperCollins Grp,F1.1 General & Literary Fiction,F Adult Fiction
2024-01-13,9780241003008,The Very Hungry Caterpillar,"Carle, Eric",202402,1421,6606.67,4.6493,7.99,Hardback,Puffin Books,Penguin Grp,Y1.3 Picture Books,"Y Children's, YA & Educational"
2024-01-20,9780722532935,The Alchemist,"Coelho, Paulo",202403,695,6285.29,9.0436,9.99,Paperback,Thorsons,HarperCollins Grp,F1.1 General & Literary Fiction,F Adult Fiction
2024-01-20,9780241003008,The Very Hungry Caterpillar,"Carle, Eric",202403,1679,7791.5,4.6406,7.99,Hardback,Puffin Books,Penguin Grp,Y1.3 Picture Books,"Y Children's, YA & Educational"
2024-01-27,9780241003008,The Very Hungry Caterpillar,"Carle, Eric",202404,2062,9302.41,4.5114,7.99,Hardback,Puffin Books,Penguin Grp,Y1.3 Picture Books,"Y Children's, YA & Educational"
2024-01-27,9780722532935,The Alchemist,"Coelho, Paulo",202404,724,6502.21,8.981,9.99,Paperback,Thorsons,HarperCollins Grp,F1.1 General & Literary Fiction,F Adult Fiction
2024-02-03,9780241003008,The Very Hungry Caterpillar,"Carle, Eric",202405,2595,11563.23,4.456,7.99,Hardback,Puffin Books,Penguin Grp,Y1.3 Picture Books,"Y Children's, YA & Educational"
2024-02-03,9780722532935,The Alchemist,"Coelho, Paulo",202405,664,6169.66,9.2917,9.99,Paperback,Thorsons,HarperCollins Grp,F1.1 General & Literary Fiction,F Adult Fiction
2024-02-10,9780722532935,The Alchemist,"Coelho, Paulo",202406,682,6287.92,9.2198,9.99,Paperback,Thorsons,HarperCollins Grp,F1.1 General & Literary Fiction,F Adult Fiction
2024-02-10,9780241003008,The Very Hungry Caterpillar,"Carle, Eric",202406,2755,12033.6,4.3679,7.99,Hardback,Puffin Books,Penguin Grp,Y1.3 Picture Books,"Y Children's, YA & Educational"
2024-02-17,9780722532935,The Alchemist,"Coelho, Paulo",202407,618,5659.02,9.157,9.99,Paperback,Thorsons,HarperCollins Grp,F1.1 General & Literary Fiction,F Adult Fiction
2024-02-17,9780241003008,The Very Hungry Caterpillar,"Carle, Eric",202407,2558,11173.17,4.3679,7.99,Hardback,Puffin Books,Penguin Grp,Y1.3 Picture Books,"Y Children's, YA & Educational"
2024-02-24,9780722532935,The Alchemist,"Coelho, Paulo",202408,509,4575.85,8.9899,9.99,Paperback,Thorsons,HarperCollins Grp,F1.1 General & Literary Fiction,F Adult Fiction
2024-02-24,9780241003008,The Very Hungry Caterpillar,"Carle, Eric",202408,2198,9606.04,4.3704,7.99,Hardback,Puffin Books,Penguin Grp,Y1.3 Picture Books,"Y Children's, YA & Educational"
2024-03-02,9780241003008,The Very Hungry Caterpillar,"Carle, Eric",202409,2675,11694.8,4.3719,7.99,Hardback,Puffin Books,Penguin Grp,Y1.3 Picture Books,"Y Children's, YA & Educational"
2024-03-02,9780722532935,The Alchemist,"Coelho, Paulo",202409,569,4935.96,8.6748,9.99,Paperback,Thorsons,HarperCollins Grp,F1.1 General & Literary Fiction,F Adult Fiction
2024-03-09,9780722532935,The Alchemist,"Coelho, Paulo",202410,440,4131.48,9.3897,9.99,Paperback,Thorsons,HarperCollins Grp,F1.1 General & Literary Fiction,F Adult Fiction
2024-03-09,9780241003008,The Very Hungry Caterpillar,"Carle, Eric",202410,3496,15289.19,4.3733,7.99,Hardback,Puffin Books,Penguin Grp,Y1.3 Picture Books,"Y Children's, YA & Educational"
2024-03-16,9780722532935,The Alchemist,"Coelho, Paulo",202411,366,3500.44,9.564,9.99,Paperback,Thorsons,HarperCollins Grp,F1.1 General & Literary Fiction,F Adult Fiction
2024-03-16,9780241003008,The Very Hungry Caterpillar,"Carle, Eric",202411,2605,11710.24,4.4953,7.99,Hardback,Puffin Books,Penguin Grp,Y1.3 Picture Books,"Y Children's, YA & Educational"
2024-03-23,9780722532935,The Alchemist,"Coelho, Paulo",202412,406,3830.29,9.4342,9.99,Paperback,Thorsons,HarperCollins Grp,F1.1 General & Literary Fiction,F Adult Fiction
2024-03-23,9780241003008,The Very Hungry Caterpillar,"Carle, Eric",202412,2427,10790.99,4.4462,7.99,Hardback,Puffin Books,Penguin Grp,Y1.3 Picture Books,"Y Children's, YA & Educational"
2024-03-30,9780722532935,The Alchemist,"Coelho, Paulo",202413,410,3934.67,9.5968,9.99,Paperback,Thorsons,HarperCollins Grp,F1.1 General & Literary Fiction,F Adult Fiction
2024-03-30,9780241003008,The Very Hungry Caterpillar,"Carle, Eric",202413,2746,11974.03,4.3605,7.99,Hardback,Puffin Books,Penguin Grp,Y1.3 Picture Books,"Y Children's, YA & Educational"
2024-04-06,9780241003008,The Very Hungry Caterpillar,"Carle, Eric",202414,1831,8171.22,4.4627,7.99,Hardback,Puffin Books,Penguin Grp,Y1.3 Picture Books,"Y Children's, YA & Educational"
2024-04-06,9780722532935,The Alchemist,"Coelho, Paulo",202414,375,3566.67,9.5111,9.99,Paperback,Thorsons,HarperCollins Grp,F1.1 General & Literary Fiction,F Adult Fiction
2024-04-13,9780722532935,The Alchemist,"Coelho, Paulo",202415,314,3066.56,9.7661,9.99,Paperback,Thorsons,HarperCollins Grp,F1.1 General & Literary Fiction,F Adult Fiction
2024-04-13,9780241003008,The Very Hungry Caterpillar,"Carle, Eric",202415,1926,8619.52,4.4753,7.99,Hardback,Puffin Books,Penguin Grp,Y1.3 Picture Books,"Y Children's, YA & Educational"
2024-04-20,9780241003008,The Very Hungry Caterpillar,"Carle, Eric",202416,1748,7774.21,4.4475,7.99,Hardback,Puffin Books,Penguin Grp,Y1.3 Picture Books,"Y Children's, YA & Educational"
2024-04-20,9780722532935,The Alchemist,"Coelho, Paulo",202416,347,3244.59,9.3504,9.99,Paperback,Thorsons,HarperCollins Grp,F1.1 General & Literary Fiction,F Adult Fiction
2024-04-27,9780241003008,The Very Hungry Caterpillar,"Carle, Eric",202417,1648,7334.76,4.4507,7.99,Hardback,Puffin Books,Penguin Grp,Y1.3 Picture Books,"Y Children's, YA & Educational"
2024-04-27,9780722532935,The Alchemist,"Coelho, Paulo",202417,498,4509.77,9.0558,9.99,Paperback,Thorsons,HarperCollins Grp,F1.1 General & Literary Fiction,F Adult Fiction
2024-05-04,9780241003008,The Very Hungry Caterpillar,"Carle, Eric",202418,1002,4589.21,4.58,7.99,Hardback,Puffin Books,Penguin Grp,Y1.3 Picture Books,"Y Children's, YA & Educational"
2024-05-04,9780722532935,The Alchemist,"Coelho, Paulo",202418,616,5515.26,8.9533,9.99,Paperback,Thorsons,HarperCollins Grp,F1.1 General & Literary Fiction,F Adult Fiction
2024-05-11,9780722532935,The Alchemist,"Coelho, Paulo",202419,404,3774.07,9.3418,9.99,Paperback,Thorsons,HarperCollins Grp,F1.1 General & Literary Fiction,F Adult Fiction
2024-05-11,9780241003008,The Very Hungry Caterpillar,"Carle, Eric",202419,1635,7383.54,4.5159,7.99,Hardback,Puffin Books,Penguin Grp,Y1.3 Picture Books,"Y Children's, YA & Educational"
2024-05-18,9780722532935,The Alchemist,"Coelho, Paulo",202420,389,3652.05,9.3883,9.99,Paperback,Thorsons,HarperCollins Grp,F1.1 General & Literary Fiction,F Adult Fiction
2024-05-18,9780241003008,The Very Hungry Caterpillar,"Carle, Eric",202420,1917,8367.83,4.3651,7.99,Hardback,Puffin Books,Penguin Grp,Y1.3 Picture Books,"Y Children's, YA & Educational"
2024-05-25,9780241003008,The Very Hungry Caterpillar,"Carle, Eric",202421,1997,9007.99,4.5108,7.99,Hardback,Puffin Books,Penguin Grp,Y1.3 Picture Books,"Y Children's, YA & Educational"
2024-05-25,9780722532935,The Alchemist,"Coelho, Paulo",202421,345,3215.26,9.3196,9.99,Paperback,Thorsons,HarperCollins Grp,F1.1 General & Literary Fiction,F Adult Fiction
2024-06-01,9780722532935,The Alchemist,"Coelho, Paulo",202422,618,5527.16,8.9436,9.99,Paperback,Thorsons,HarperCollins Grp,F1.1 General & Literary Fiction,F Adult Fiction
2024-06-01,9780241003008,The Very Hungry Caterpillar,"Carle, Eric",202422,2200,10346.66,4.703,7.99,Hardback,Puffin Books,Penguin Grp,Y1.3 Picture Books,"Y Children's, YA & Educational"
2024-06-08,9780241003008,The Very Hungry Caterpillar,"Carle, Eric",202423,2306,10302.08,4.4675,7.99,Hardback,Puffin Books,Penguin Grp,Y1.3 Picture Books,"Y Children's, YA & Educational"
2024-06-08,9780722532935,The Alchemist,"Coelho, Paulo",202423,531,4640.36,8.7389,9.99,Paperback,Thorsons,HarperCollins Grp,F1.1 General & Literary Fiction,F Adult Fiction
2024-06-15,9780241003008,The Very Hungry Caterpillar,"Carle, Eric",202424,2197,10170.1,4.6291,7.99,Hardback,Puffin Books,Penguin Grp,Y1.3 Picture Books,"Y Children's, YA & Educational"
2024-06-15,9780722532935,The Alchemist,"Coelho, Paulo",202424,669,5883.61,8.7946,9.99,Paperback,Thorsons,HarperCollins Grp,F1.1 General & Literary Fiction,F Adult Fiction
2024-06-22,9780722532935,The Alchemist,"Coelho, Paulo",202425,590,5182.65,8.7842,9.99,Paperback,Thorsons,HarperCollins Grp,F1.1 General & Literary Fiction,F Adult Fiction
2024-06-22,9780241003008,The Very Hungry Caterpillar,"Carle, Eric",202425,1985,9126.36,4.5977,7.99,Hardback,Puffin Books,Penguin Grp,Y1.3 Picture Books,"Y Children's, YA & Educational"
2024-06-29,9780241003008,The Very Hungry Caterpillar,"Carle, Eric",202426,2097,9517.24,4.5385,7.99,Hardback,Puffin Books,Penguin Grp,Y1.3 Picture Books,"Y Children's, YA & Educational"
2024-06-29,9780722532935,The Alchemist,"Coelho, Paulo",202426,627,5530.58,8.8207,9.99,Paperback,Thorsons,HarperCollins Grp,F1.1 General & Literary Fiction,F Adult Fiction
2024-07-06,9780241003008,The Very Hungry Caterpillar,"Carle, Eric",202427,2448,10974.1,4.4829,7.99,Hardback,Puffin Books,Penguin Grp,Y1.3 Picture Books,"Y Children's, YA & Educational"
2024-07-06,9780722532935,The Alchemist,"Coelho, Paulo",202427,672,5947.09,8.8498,9.99,Paperback,Thorsons,HarperCollins Grp,F1.1 General & Literary Fiction,F Adult Fiction
2024-07-13,9780722532935,The Alchemist,"Coelho, Paulo",202428,510,4638.63,9.0954,9.99,Paperback,Thorsons,HarperCollins Grp,F1.1 General & Literary Fiction,F Adult Fiction
2024-07-13,9780241003008,The Very Hungry Caterpillar,"Carle, Eric",202428,2482,11441.03,4.6096,7.99,Hardback,Puffin Books,Penguin Grp,Y1.3 Picture Books,"Y Children's, YA & Educational"
2024-07-20,9780722532935,The Alchemist,"Coelho, Paulo",202429,408,3782.61,9.2711,9.99,Paperback,Thorsons,HarperCollins Grp,F1.1 General & Literary Fiction,F Adult Fiction
2024-07-20,9780241003008,The Very Hungry Caterpillar,"Carle, Eric",202429,2574,11507.46,4.4707,7.99,Hardback,Puffin Books,Penguin Grp,Y1.3 Picture Books,"Y Children's, YA & Educational"
