location,review_date,comments,score,latitude,longitude,country
Cambridge Leisure Park,2024-05-09 22:48:39,many students two local colleges go leave rubbish changing rooms sit like canteen. going years cancel membership go gym group. gym disgusting students hanging around machines messing around like school. crowded.( ceo supports genocide civilians israel). disgusting people!!,1,52.1900026,0.1367799,GB
Bristol Union Gate,2024-05-09 21:48:00,"(current member) gym quite dirty, often there's soap bathroom. zero airflow gym, like sauna here. also gym often overcrowded anytime 3pm. good thing gym location bring buddy thing",1,51.4574315,-2.5919625,GB
New Barnet,2024-05-09 20:16:04,"gym way hot even workout in. windows open ac barely works. staff near friendly always rude, especially men. clients doesn’t mean don’t work here.",2,51.6497449,-0.1751403,GB
Manchester Cheetham Hill,2024-05-09 17:03:50,"access wc 😢. empty assistance gain access, fault forgot pin see stay enable assistance.",2,53.5032866,-2.2344764,GB
Newcastle Eldon Garden,2024-05-09 08:38:07,"gym year finally leaving. gutted staff pts lovely, can't stand overcrowded gym hours day, lack equipment relation this. st james puregym going closing june even new upgrade eldon, can't see going work ! gym already crowded think bit extra equipment help. mention hot times year (i can't understand need heating gym supposed busting sweat!) becomes unbearable summer impossible complete workout. lack aircon st james gym closing reason left - ridiculously overcrowded",2,54.9757161,-1.6168648,GB
London Oval,2024-05-08 22:31:31,gym huge equipment? could easily fit double amount equipment. expect usual grumpy pure gym goers facilities. shame lack equipment potential actually half decent gym.,1,51.4818339,-0.1123953,GB
New Barnet,2024-05-08 20:20:02,air-conditioning doesnt work,1,51.6497449,-0.1751403,GB
Rochdale,2024-05-08 19:59:48,"friend new gym, joined struggling get scanner working get enter code. instead helping lads kept unable get in. even smirked it. also areas smell badly bo sickening. rude members etiquette. cancelled memberships that.",1,53.6153659,-2.1557561,GB
Liverpool Kirkby,2024-05-08 19:29:28,"extremely disappointed level hygiene gym, mention rude unhelpful staff. returning.",1,53.4821071,-2.8886045,GB
Liverpool Kirkby,2024-05-08 19:29:28,"go kirkby times morning stopped going due fact there's gang eastern europeans hanging around weight benches nothing even working out, others watched poor guy ignored asked could use weight bench.... sit using phones... funny there's going riot underhanded things phones ( rumours going around it)....",1,53.4821071,-2.8886045,GB
Salford,2024-05-08 15:06:34,gym definitely spacious. cancel membership full. work shifts go certain times. ridiculously small. gym set better might bit better still small. many influencers trying film staff nothing stop nothing people leaving weights everywhere.,1,53.4877463,-2.2891921,GB
Coventry Skydome,2024-05-08 06:51:03,"maintenance, something always broken, zero management, nobody takes complaints seriously, staff likely bullies",1,52.4075589,-1.5184111,GB
London Holloway Road,2024-05-08 02:58:32,"became super overcrowded, impossible workout 5pm",1,51.5528674,-0.1130095,GB
Byfleet,2024-05-08 00:47:07,compact..need space equipment.,2,51.3401727,-0.472897,GB
Reading Caversham Road,2024-05-07 21:04:40,hour cancellation policy really? suspended classes planned week! cancelled classes hours classes loads spaces left! find better gym realistic cancellation policy!,1,51.4606403,-0.9756087,GB
London Greenwich,2024-05-07 20:24:14,"used good gym, manager clearly decided lock windows provided lot healthy, fresh, clean air upstairs cardio section is. now, windows constantly locked. hot air rises downstairs. sauna steam cardio sessions on. get sorted. free wifi either little signal downloading music.",2,51.4686256,0.0488306,GB
London Hoxton,2024-05-07 14:10:01,"pure gym staff allowed blame annoying people hoxton ? get second time working guy clear brown hair , work gym ,start blame dressing heavy metal -shirt. singer band criminal past that's pure gym employee blaming me. wonder guy make circus hip hop rock shirt. go amy winehouse shirt would like pure gym staff bother telling drug addicted ; what's point this? suggest pure gym better choose page wages. guy ruined mood work today.",1,51.5323935,-0.086078,GB
Walsall Crown Wharf,2024-05-07 12:59:12,"absolute filthy toilet machines, machines usually broken timeline fix. cleaners don’t seem clean machine, covid sanitisation stations removed like didn’t learn anything that. went christmas got sick straight away. loads times hand wash toilet. tissue tissue dispensers wall. gym closes randomly without prior notice except piece paper saying closed today sorry inconvenience. always hotbed germs. proper aircon. staff seem ignorant times, some. abit shame really. better",1,52.5872454,-1.9883526,GB
london Croydon,2024-05-07 05:44:16,"could rate zero stars would. worst puregym branch i’ve to. it’s disgustingly dirty everywhere. matts falling pieces, equipment never gets cleaned smell unbearable. it’s one thing old equipment it’s another thing feel scared touch machines. i’ve never seen cleaner gym really shows.",1,51.3550556,-0.0643104,GB
Manchester Eccles,2024-05-06 22:59:53,"came local shops, never again... awful layout machines congested together get anything one person machine. enough equipment even quiet time. worst puregym",1,53.4840887,-2.3375175,GB
Bristol Brislington,2024-05-06 22:09:21,"really busy cant train peak times, gym really gone hill, cancelled membership, weights put away place, thats type people train here, full people sitting around really training phones, definitely cheap gym many members enough equipment, equipment ok missing lots stuff gyms have, lot variation here, place cheap gym people want pay cheap prices basic stuff. you’re serious trainer would avoid, want go bits bobs place might ok you. clean anymore, doesn’t look like cleaners lot, mens changing rooms stink, toilets filthy, people drinking water fountain putting mouth it, can’t believe staff allow this, unhygienic. get pay places, definitely me.",1,51.4377965,-2.5445382,GB
London Acton,2024-05-06 21:18:48,terrible experience enid ago. made fun “bad” slow times were. trainer make everyone feel comfortable regardless starting times skill levels. felt incredibly uncomfortable motivated kept saying slow shape lot done. wasn’t encouraging mainly negative skills. sure anyone trains gets results.,2,51.5027051,-0.2799643,GB
London Farringdon,2024-05-06 19:37:39,robbed twice locked locker gym . unbelievable. lockers safe - open even locked padlock . sad disappointed,1,51.519964,-0.104555,GB
London Streatham,2024-05-06 19:07:19,"unfortunately aircon gym, sweaty there, best avoided warmer months !",2,51.429769,-0.1311105,GB
Birmingham Snow Hill,2024-05-06 14:54:22,"gym ok, could please lower music volume? everyone shares musical tastes, like enjoy music without loud background noise",1,52.4834796,-1.8992405,GB
Leicester St Georges Way,2024-05-06 05:17:56,worst gym ever!! took wife gym theres hardly machines asked customer service lady men advanced work machines compared women. rude lady told stop focusing little egg muscle. im trying really yeah called egg muscle,1,52.635872,-1.1231787,GB
Leeds Thorpe Park,2024-05-06 01:55:49,"going since moved thorpe park months ago. facilities ok. sometimes able get equipment want to, busy times, staff never spoken including manager. tried make eye contact look way. unfriendly. happily talk anyone click. went leeds council gym years always chat bit banter. saying want stand conversation forever, least known name least acknowledge hi. seriously. really customer interaction needs addressing. want feel welcomed paying customer. upper management really need address this. always get impression really want go motions. please resolve culture. even thinking moving back old leeds council gym.",2,53.8006255,-1.4261013,GB
London Shoreditch High Street,2024-05-06 00:24:50,good,2,51.5232534,-0.0744674,GB
Lichfield,2024-05-06 00:14:44,"pure gym lichfield decided give new equipment miss. machines since day dot! pop newer gyms lichfield, shock new tech machines equipment's . still rocking ancient shoulder press machine, can't tweak could number shoulder. quite folks ended nursing shoulder injuries. there's old abs machine lingering about,",1,52.68064,-1.8243992,GB
Bristol Harbourside,2024-05-05 20:02:01,"time ago using gym, remember annoying broken one two lifts (for nearly year...) long needed wait start exercises. equipment good, complain really increadable busy rush hour.",2,51.450363,-2.600511,GB
Lisburn Laganbank,2024-05-05 09:14:56,hygiene levels terrible since disinfectant blue roll removed. actual pools sweat left treadmill cup holders gym equipment become unsanitary. spoke two members staff said agree removal cleaning products negative response pure gym budget gym cleaning products pre covid. really disappointing available equipment decent 24/7 opening hours great shift workers.,1,54.5092116,-6.0413824,GB
Aberdeen Kittybrewster,2024-05-05 08:24:21,l left staff gym locker return l found locker broken padlock missing.spoke staff member l told threw away staff.who that.that disrespectful.you dont break someone's locker throw away staff.i felt disrespected,1,57.1616343,-2.1132396,GB
London Seven Sisters,2024-05-04 21:57:33,u don’t wanna get fit place go poorly equipped lockers whole gym,2,51.5817795,-0.0739615,GB
London Wandsworth,2024-05-04 19:25:53,"gym ultimately reason withdrew puregym membership. previously purley paying less, moved wandsworth. however, bathroom (male) facilities always bad smell, toilets really untidy. addition, feel like work could done orientation weights placed people use sprint track. equipment, unfortunately gym good me, air conditioning null. gyms give fresh sense enter one doesn't. nuffield health.",2,51.4570271,-0.1932607,GB
London Waterloo,2024-05-04 18:05:00,expensive,1,51.5028379,-0.112801,GB
Galashiels,2024-05-04 16:13:46,bit disappointed lack equipment gym,2,55.6156505,-2.8061618,GB
London Kingston,2024-05-04 15:02:59,gym missing cleaning stations. i’m going wipe machine i’m using it’s already wet? safe workout environment all!,1,51.4129277,-0.3018577,GB
London Kidbrooke Village,2024-05-04 14:42:46,bike stolen,1,51.4614006,0.0259584,GB
Canterbury Sturry Road,2024-05-04 10:09:46,poor layout pretty small compared pure gyms,2,51.2927473,1.1051201,GB
London Bermondsey,2024-05-04 05:36:47,dumbbells shelves dusty dirty one pays attention also soap ever toilets a/c working properly gym smells bad,1,51.4970125,-0.063268,GB
London Beckton,2024-05-04 03:35:32,never,1,51.5160797,0.0594257,GB
London Beckton,2024-05-04 03:35:32,"staff aggressive violent, thought safe place protected puregym staff case. puregym staff ones charge square face wanting fight you. avoid gym costs won’t protected staff complaints procedure. get bad books think twice attack threaten violence. exactly happened tuesday 30/04/24 days ago since management team say still investigating. emailed management team, ray marshall today asking update, got one liner back saying looking it. due uncertainty happen, question puregym safe train weekend ignored. it’s unbelievable big company like puregym deals serious complaints nature shows it’s customers empathy lack customer care seems urgency finding solution. happy customer all, safe avoid staff don’t know react.",1,51.5160797,0.0594257,GB
Maldon,2024-05-04 01:14:02,"terrible gym, don’t recommend anyone joining, member puregym black water maldon cm9 happy service, paying member, now, lost pin app always logging out, pin also always keeps changing that's save down, time showers always cold, equipment always state, gym never gets new equipment, treadmills ain't never working half time plus monthly pay keeps going up, staff never around, even early, i’ve trying get emails, get pin get back app, hours later yet still one single response, literally staff contact, ever help, struggling sign back in, yeah don’t advise anybody joining pure gyms honest cos joke….",1,51.731198,0.6791849,GB
London North Finchley,2024-05-03 03:39:33,arash bodybuilder friends mocking whilst training… friend came started talking trash front good laugh. friends also walking around gym rude aggressive. really big guys acting like bullies smaller people. it’s disgusting. toxic gym culture it’s worst. where’s joey swoll need him?,1,51.6124905,-0.1756922,GB
Bletchley,2024-05-03 01:07:54,love pure gym......but many problems membership froze due injury blue getting notification saying £39.99 trying taken pure gym membership frozen. sorting stopped going. shane staff amazing.,1,51.9943694,-0.7325655,GB
Nottingham Basford,2024-05-02 22:56:27,"must one worst puregyms i’ve to, desperately needs refurb, weights always everywhere never put back people aren’t told to, hand sanitizer never filled, toilets aren’t cleaned nowhere else",2,52.9816725,-1.1783596,GB
Romford,2024-05-02 20:14:38,"gym always quite busy equipment left out. changing rooms gym spaces never seem clean, gym often closes days due flooding",1,51.5760462,0.1822646,GB
London Waterloo,2024-05-02 18:03:08,"lots order equipment dirty equipment lack sanitizer sprays, always empty, need go round look one ask manager say covering actually sitting office scroling phone sanitary bins full sewage smell noisy bike drinks machine guys broke actually studios often occupied people dancing space others mat work lot weight equipment used males feel intimidated, area designated weights female",1,51.5028379,-0.112801,GB
Stoke on Trent North,2024-05-02 12:09:03,"avoid gym, parking ridiculous. building work outside, car park use. another carpark dreams/ puregym sign - bays unmonitored, others get £100 fine puregym takes responsibility they’re owned dreams. wouldn’t bothered coming known situation",1,52.9860695,-2.1751228,GB
New Barnet,2024-05-02 08:16:19,terrible,1,51.6497449,-0.1751403,GB
London Leytonstone,2024-05-02 04:43:57,"convenient location narrow range equipment, sustained damage years. none broken getting shabby. lack proper air conditioning makes real sweat pit summer months.",2,51.5684052,0.0111701,GB
Leeds Thorpe Park,2024-05-02 01:52:08,i’ve going gym months keep noticing one staff always think cleaner there. always looks women & starts talking training think nonse never work every time see he’s always looking women less half age people training noticed aswell needs sacking,1,53.8006255,-1.4261013,GB
London Holborn,2024-05-01 22:09:42,"tiny gym, classes always public gym areas nowhere stretch lift free weights.",1,51.5195982,-0.1137266,GB
London Leytonstone,2024-05-01 16:46:04,"gym nice, always crowded, can't go want specific times slots, otherwise exercising becomes pain machines never free, classes, small studio alway full. buy upper floor extend it, would space machines available people. even sure safe legal 80-90 people small space, case fire emergency easy evacuate everyone",2,51.5684052,0.0111701,GB
London Clapham,2024-05-01 14:44:43,first time going gym it’s closed due leak. next time let us know app instead wasting time,1,51.4614469,-0.138627,GB
London Wandsworth,2024-05-01 07:29:57,really like gym fact i’m 5am train lights main gym area ridiculous dangerous. there’s literally people working dark i’ve already injured once. joke,1,51.4570271,-0.1932607,GB
Bournemouth - Mallard Road,2024-05-01 03:57:42,mens changing rooms disgusting 6am always dirty sinks toilets floors needs proper cleaning.no toilet paper.staff dont care.when complain day cleaner hasnt turned up! disgrace .no standards.,1,50.7503219,-1.846402,GB
New Barnet,2024-04-30 20:22:48,"gym used pre covid.i joined back last year years break still shocked state it.i finally decided cancel membership. gym dirty, lockers changing rooms broken,gym classes loud, it’s unbearable. since rejoined i’ve never enjoyed workout. machines always busy, it’s overcrowded. overall atmosphere used be.it’s tense groups semi aggressive teenagers occupying machines stand there. stay away gym.",1,51.6497449,-0.1751403,GB
London Muswell Hill,2024-04-30 14:56:17,"member puregym generally enjoy experience. however, recent visit branch, muswell hill extremely disappointing. encountered unprofessional behavior staff member, rude behaviour. experience made hesitant return, never branch. even worth giving star.",1,51.5910395,-0.1420768,GB
Coleraine,2024-04-30 06:20:27,"showers broken today changing rooms dirty, would recommend",1,55.1315912,-6.671861,GB
Southampton Bitterne,2024-04-30 05:19:46,"could leave stars would, gym great cancelled entirely overwhelming amount people it’s impossible move either waiting new jd gym open might go gym group",1,50.9181488,-1.3769392,GB
London Muswell Hill,2024-04-30 03:04:06,"worst gym management ever, ever use branch ever again.",1,51.5910395,-0.1420768,GB
Brighton London Road,2024-04-30 02:54:01,"personal trainer laith awful human being, calling friend obese, made misogynistc comments clearly problems takes women. recommend utterly appalled. boycott laith",1,50.83681,-0.1362631,GB
London Bromley,2024-04-30 00:12:28,zero,1,51.3668569,0.0617091,GB
Hemel Hempstead,2024-04-29 15:07:08,parking hours,1,51.7511784,-0.472528,GB
Milton Keynes Kingston Centre,2024-04-29 15:07:08,"full underaged teens evenings messing around machines. busy get machine, that’s find one works. basic machines, winterhill better. wifi never works. always hot",1,52.0353815,-0.688128,GB
Swindon Mannington Retail Park,2024-04-29 14:57:02,tiny gym minimal equipment available. you’re screwed come rush hour.,1,51.5540137,-1.8131711,GB
Manchester Urban Exchange,2024-04-29 13:05:59,"member gym days it’s worst days gym. peak membership would think means it’s less busy… nope it’s impossible get equipment, people sit phones equipment minutes plus without completing set ask use equip say one set left takes minutes do. worst thing gym equipment, it’s left everywhere one puts anything away, want use dumbbells forget half constantly missing scattered around gym, it’s seems trainers staff don’t put effort trying return equipment right places people use, benches scattered everywhere, come across one middle cardio section already within visits gym. can’t keep number members maybe put stop taking new members rectify clear issues gym.",1,53.4817408,-2.2283336,GB
Manchester Exchange Quay,2024-04-29 12:45:47,dear influencers- stop using kit store/ set filming equipment ? dont cheap - buy camera tripod something. realize people need use gym equipment too? it’s filming training sessions,1,53.4663229,-2.2822821,GB
London Beckton,2024-04-29 03:40:33,busy smell genuinely awful! gym bad ventilation positive loads parking back.,1,51.5160797,0.0594257,GB
Manchester Urban Exchange,2024-04-29 01:09:08,"staff/ management needs pay attention dumbell area… like wild wild west, dumbells right place holder anymore, they’re even pairs. random next 8, next 32, care people training staff clean up. gym generally seems understaffed (takes ages bathrooms restocked, water flavours restocked etc)",2,53.4817408,-2.2283336,GB
London Greenwich,2024-04-28 20:16:25,"wish read reviews stepping foot gym. disgusting unhygienic. absolute disgrace compared pure gyms. there’s years worth gathered dust machines rusty even broken. using ladies changing facilities felt sick. floors dirty. toilet area filthy worst black mould showers dirty floors!!!!!!! gym kept clean hygienic. people visit health, surrounded dirt dust mould!!!! gym needs closed completely actually cleaner.",1,51.4686256,0.0488306,GB
London Wandsworth,2024-04-28 19:25:57,"quality dropping again! today, sunday, gym cruelly dirty! walls, mirrors, floor, everything! bathrooms always trouble men's bathroom, flush area, smell like sewage mold.",1,51.4570271,-0.1932607,GB
Telford,2024-04-28 18:35:27,worst experience. can’t able access gym using pin. assistance support puregym. everybody able access problem accessing gym. literally feel bad situation.,1,52.6780532,-2.4514219,GB
Rushden,2024-04-28 16:44:23,"wanted take moment share feedback regarding puregym rushden. firstly, must commend overall atmosphere gym, find lovely, friendly demeanor staff members alike. range services courses provided commendable, generally positive experiences time gym still do. however, would like address issue encountered personal training services. despite paying advance pt sessions, experienced multiple cancellations within hour sessions, significantly disrupted schedule caused inconvenience. wasted time also resulted financial loss due upfront payment still sessions despite paid it. unfortunately, lack reliability professionalism regarding pt sessions left feeling disappointed. suggestion, would advise paying advance personal training sessions. appreciate time reading hope feedback helpful. thank you.",2,52.2911567,-0.5988177,GB
London Holloway Road,2024-04-28 14:53:17,"gym fine, instructors play music obnoxiously loud becomes unbearable. stabbing situation review sound good...",2,51.5528674,-0.1130095,GB
Southampton Shirley,2024-04-28 01:35:41,bad considering price clean it’s extremely hot inside feels like sauna finish exercise despite air conditioning non working actually one working cables area left entrance hope turn,2,50.9214711,-1.4323205,GB
Norwich Aylsham Road,2024-04-28 00:55:20,"recently move another part uk. joined gym place exactly best shape. whilst necessary equipment several peices equipment run down, buttons treadmill good example. also noticed showers clean there. also lot reviews saying pretty cheap gym however without form discounts gym similar priced gyms norwich, may look around",2,52.6411579,1.2882664,GB
London Piccadilly,2024-04-27 08:25:48,upgrade complete,2,51.5060854,-0.1441691,GB
London Enfield,2024-04-27 06:54:54,worst gym ponderend stinks piss everytime air conditioning 😑,1,51.6517156,-0.0786839,GB
South Ruislip,2024-04-26 12:34:19,cold 🥶 cleaning paper,1,51.5569909,-0.3990635,GB
London Lewisham,2024-04-26 08:21:53,poor equipment,1,51.4656437,-0.0139562,GB
Blackburn The Mall,2024-04-26 03:49:16,closed,1,53.7489149,-2.4826216,GB
West Bromwich,2024-04-25 14:51:33,"canceling meny classes peak hours, almost forcing pay upgrade membership go peak hour classes",2,52.5186579,-1.9923114,GB
Torquay,2024-04-25 12:30:08,"like place, it’s roomy nice modern. gym offers large selection classes everyone various times choose from. general bad chain gym 20£ month. ladies changing room stink like sewer pipe. definitely plumbing issues. gym utterly overcrowded, attempting sense 10pm 5am. outside hours wait equipment exercise. weirdest thing still take people. madness",2,50.4652392,-3.5211361,GB
Nottingham Beeston,2024-04-25 06:56:55,nice enough gym good luck issue door. i’ve moved gyms gone buddy memberships. first time didn’t work get staff let in. emailed ‘sort’ it. second time didn’t work staff let (but leaving minutes 24/7 gym staffed every often). third time came different day match staffed hours better case happens again. door fails. cal assistance buzzer multiple times minutes give up. again. nice enough gym get really detracts.,2,52.9209026,-1.2075548,GB
London Leytonstone,2024-04-25 04:45:42,"dirty, terrible smell, needs deep cleaning",2,51.5684052,0.0111701,GB
Aldershot - Westgate,2024-04-25 01:33:56,decent size gym sometimes get busy reason people come gym especially rude aggressive reason ask questions politely honestly might switch gym due amount people gym attitude vibe people wouldn’t recommend busy people people want get session without interaction,1,51.2500865,-0.7702792,GB
Glasgow Robroyston,2024-04-24 19:10:18,"gym experiencing overcrowding, leading longer wait times equipment usage. dumbbell rack often empty, number equipment inadequate number gym members. cleanliness restrooms inconsistent, insufficient mirrors. boxing class located treadmill elliptical machines, disruptive distracting. gym would benefit space overall upgrade enhance member experience.",2,55.886885,-4.1743912,GB
Dagenham,2024-04-24 09:24:27,"weeks' maintenance works closing pm. understood time time constantly. could attend half times time could time quality poor, crowded rushin. alternatives provided miles away. joined local 24/7 gym still charged for, - pm miles away",1,51.5413271,0.1481142,GB
London Sydenham,2024-04-24 08:54:10,"need sell less memberships- end working small area- inches away people peak times. stretch room far worst- lighting intense workout floor directly headache-inducing lights. major concern showers- built like us toilets- stand tippy toes see them- huge gap underneath too. give privacy. think stupid design anyone walk look right door. staff though super friendly helpful, classes okay decently clean. less members, less painful lights shower re-design would hundred times better.",2,51.427742,-0.0542215,GB
Blackburn The Mall,2024-04-24 03:51:16,well equipped gym. however gym atmosphere poor. seems crowded times. college students probably even school students good. seen one student vaping gym too. poor gym etiquette. can’t even find weights need them. need staff monitor control.,2,53.7489149,-2.4826216,GB
London Great Portland Street,2024-04-24 02:10:20,"gym quite small sufficient, impossible take shower, water warm cold. complain, nobody really cares...",2,51.5238146,-0.1437048,GB
Byfleet,2024-04-24 00:49:34,dirty always busy,1,51.3401727,-0.472897,GB
Maidenhead,2024-04-24 00:09:11,unbelievably crowded ridiculous staff attitude needing help always waiting someone answer speak gym team button waited 20mins never evan came outrageous recommend maidenhead puregym,1,51.522743,-0.7197368,GB
Nottingham Basford,2024-04-23 22:48:25,"completely inappropriate pt session nearly killed me, writing hospital caused gym. new starter gym avoid!!! edit: tried sending email given response robot trying get book class. need email address read human. p.s name isn’t andy",1,52.9816725,-1.1783596,GB
Bournemouth the triangle,2024-04-23 20:37:08,…,2,50.7202399,-1.8840071,GB
New Barnet,2024-04-23 20:16:56,"man, organised equipment gym? earth would put cardio machines facing wall staircase middle, back windows, back mirrors. must taken lot effort too, considering windows around somehow one machine facing them. 💀 really think prefer stare wall running look outside window? whyyyy?",1,51.6497449,-0.1751403,GB
Manchester First Street,2024-04-23 15:34:04,"gym since opened.. recently cancelled. gym one focus - get many students possible. becoming unusable gym, matter time day go. universities holiday gets even worse. student tower blocks construction metres away... gym limit members expand - bother. open app see busy laugh.",2,53.4723654,-2.246418,GB
Cardiff Western Avenue,2024-04-23 04:37:42,meh average gym equipment gyms price extortionate is. paying 13.99 gym even petrol costs considered want 18.99 “off peak hours” £25.00 “24/7”. 13.99 includes hour access peak rubbish? emailed saying hey i’ll 13.99 & closer gym gain something said loss. tried gym day pass extortionate ever heard free trial guys? gym & became member since there’s nothing gym doesn’t & £25.00 simply laugh.,2,51.5008931,-3.2063977,GB
London St Pauls,2024-04-23 02:56:46,"lockers protect anything, could opened lock attached. way wallet emptied today. find gym ok price. aware thieves operating there!",1,51.5100825,-0.0679695,GB
London Kentish Town,2024-04-23 01:36:02,"place definitley needs care. seeing broken equipment, unorganised dumbell racks broken lockers. also vibe gym really social one. tried make connections successful. positive thing lot equipment albiet old. mention flies times.",2,51.5500554,-0.1425712,GB
London Lambeth,2024-04-22 22:44:26,decent gym costumer service lacking. tried contacting buy one day access phone number that's listed answering machine saying accept phone calls. reach fb messenger announce 12hr wait answers. website can't find anything buying one day access without cancelling current subscription another branch,2,51.4952111,-0.1163354,GB
Ashton Under Lyne,2024-04-22 22:04:03,many people time.,1,53.4865407,-2.098691,GB
Shrewsbury Meole Brace,2024-04-22 20:12:59,"cancelled membership didn’t get confirmation email, didn’t get charged month cancelled membership month later charged monthly amount warning reason",1,52.6885014,-2.7581954,GB
London Lambeth,2024-04-22 10:47:19,decent gym necessary equipment. problem it’s always packed need wait quite bit able use machine. tried early 7am late 9pm. crowded,2,51.4952111,-0.1163354,GB
London Kingston,2024-04-22 03:02:56,"went weekday evening. crowded. waiting attendant almost minutes outside gym, pressed help button many times still one attended, staff looking outside one reached out. person working reached us didn’t greet properly didn’t even gave us proper gym tour. arrogant.",1,51.4129277,-0.3018577,GB
Bristol Brislington,2024-04-21 22:10:16,"train hours work now. that, gym constantly treated like crap. people don’t return dumbbells plates come from. machines poorest quality find, fair expected gyms like mostly rent mass produced equipment. seems like puregym doesn’t staff around evening rush clear equipment; company, staff. one irritating things gym however almost every cable machine ridiculous sheet plastic stopping adding extra weight stack help progressive overload. means scratch knuckles simply trying use machine - borderline insanity. machines usually also take ages get fixed. kind shame is. works now. go legends gym bishopsworth live near serious.",2,51.4377965,-2.5445382,GB
London Colindale,2024-04-21 20:59:34,"underground, half machines working, overcrowded. would never come back",2,51.5954091,-0.2499296,GB
Romford,2024-04-21 20:19:12,"next step bring shower. money spent always (a little honest) service offered: nice work, guys!!!",1,51.5760462,0.1822646,GB
London Fulham,2024-04-21 19:38:50,"don’t like cold showers, go",2,51.474408,-0.206809,GB
London Enfield,2024-04-21 18:48:21,workers there/personal trainers extremely rude . aged 16-18 always give dirty looks like don’t know also rude asking things. also talk clients rude. look us like don’t belong even though pay much others. clarify workers like however alot are.,1,51.6517156,-0.0786839,GB
Birmingham Longbridge,2024-04-21 14:25:52,"cleaning stations often available around gym. removed cleaning stations, ones don’t work best times.",2,52.3940521,-1.9807506,GB
London Bermondsey,2024-04-21 05:30:55,"dirty! equipment full sweat, toilets overflowing, soap sink ( ladies ). super crowded too. awful smell everywhere.",1,51.4970125,-0.063268,GB
London Woolwich,2024-04-20 19:25:21,equipment decent enough hardest part decent work actually getting use it. place always crowded whatever time day decide come. like cardio would fine weight area horrible. recommend unless standing around getting nothing done want gym experience. awful gym.,1,51.4919328,0.0703949,GB
Chelmsford - The Meadows,2024-04-20 14:02:21,"title: disappointing experience pure gym chelmsford recently visited pure gym chelmsford high hopes fulfilling workout session, unfortunately, experience fell short expectations. visit marred multitude issues, primarily revolving around faulty equipment disappointing lack adherence basic gym etiquette. firstly, state equipment appalling. several machines order, indication would fixed. limited variety exercises could perform also resulted unnecessary waiting times patrons jostled functioning machines available. disheartening pay gym membership find oneself unable use essential equipment due maintenance neglect. furthermore, overall gym atmosphere left much desired terms cleanliness organization. gym floor seemed perpetually cluttered, making difficult navigate machines without bumping gym-goers abandoned equipment. lack regular cleaning evident, sweat-stained benches sticky floors detracting overall experience. perhaps disappointing lack respect gym etiquette among fellow patrons. notable absence individuals re-racking weights wiping machines use, creating unhygienic chaotic environment. disconcerting witness blatant disregard basic gym rules, ultimately detracts experience everyone present. overall, visit pure gym chelmsford regrettable one. combination faulty equipment, poor cleanliness, lack adherence gym etiquette significantly diminished quality workout. seeking reliable well-maintained gym environment, would advise looking elsewhere issues addressed resolved.",2,51.7318661,0.4756173,GB
London Charlton,2024-04-20 08:29:15,barely weights free weight section. air con terrible. layout dreadful. always packed.,1,51.4826053,0.0365359,GB
Burgess Hill,2024-04-20 04:06:50,"diluting sanitising spray, paper towel dispensers sometimes empty. equipment defective takes weeks repair.",2,50.9575365,-0.1332853,GB
Leeds City Centre South,2024-04-19 22:43:49,hijaby friendly....,1,53.3803135,-1.4706053,GB
Peterborough Serpentine,2024-04-19 20:02:20,"nice gym. one star cuz gym bros park bmws parent & child even disabled spots people really need either park regular narrow spot park side car park. no, tesco put stupid warning sign solution",1,52.5403778,-0.2632194,GB
London - Twickenham,2024-04-19 15:18:55,"manager josh rude arrogant think he’s racist people ain’t white. knowledge mental health ability speak skills manager. he’s stuck up. i’ve seen times getting rude assistant manager female. like go gym, feel really unsafe get anxiety see don’t like training he’s there. however pt works nice respectful friendly approachable try lot people however josh needs changed. shouldn’t manager.",1,51.4505786,-0.3288402,GB
Dagenham,2024-04-19 09:25:45,gym can't even operate correct opening times. joke.,1,51.5413271,0.1481142,GB
Leeds Kirkstall Bridge,2024-04-19 00:10:51,"mind enter reg parking here, easy notice since there's notices gym find enter read small print website. worst thing gave reg number still got ticket parking night? website says ""accept responsibility parking charges"" suppose even system work? regardless appealed anyway. hopefully puregym kind enough remove charge like places experience, since first time happened me.",1,53.8157377,-1.6074046,GB
Nottingham Colwick,2024-04-18 21:59:43,fined £85 using gym,1,52.9486418,-1.088899,GB
Harrogate,2024-04-18 21:09:17,"started classes outside studious have, taking space including squat racks pull bar. every time go now, taken wait hour",1,53.9921491,-1.5391039,GB
London Catford,2024-04-18 19:58:40,"strongly advise anyone reading join gym. one worst experiences had. renewing membership rude one managers was. accidentally placed dumbbell wrong rack, scolded me, saying, ""i manager, go put dumbbell correct rack."" complied, tried explain new know, cut said, ""next time, that; put dumbbell back place"" rudest manner possible. happened ramadan fasting, energy address behavior. personal trainer speak someone like that.",1,51.4444696,-0.0261521,GB
Sunderland,2024-04-18 18:17:46,tescos never went.....,1,54.9058512,-1.3828727,GB
Nottingham Castle Marina,2024-04-18 15:56:31,"cons gym etiquette - weights everywhere gym floor, groups students everywhere sharing benches/sitting phone. alot users respecting gym users space whilst mid lift. characters, seem give bigun' gym full stone year olds nearly enough 20kg plates - find free bench, half workout searching 20kg plates. busy/oversubscribed relatively small gym - gyms get busy peak times, past year gym become busy usable. app show amount users gym go quieter...issue always busy (unless go 12am weekday 2pm saturday) used decent gym, could improve simply stacking benches squat racks normal amount 20kg plates enforcing abit gym etiquette (i.e. gym staff asking/telling members leave weights put back using, gym staff clearing people- times fair) sum hard get good workout in, busy get bench machine, enough weights, people respecting space users sitting machines/benches phones/taking pictures instagram pros 24hour opening - rare occasions get decent session quieter",1,52.9453218,-1.1685107,GB
London Canary Wharf,2024-04-18 07:42:11,"member puregym canary wharf quite time now, unfortunately, experience far satisfactory. tricep holder lacking grip since january, making difficult effectively use equipment. despite bringing issue attention staff multiple times, seems like nobody cares enough address it. effective equipment maintenance crucial positive gym experience, lack attention detail puregym canary wharf concerning. disappointing see negligence gym prides providing quality facilities services. hope management takes concerns seriously works improve overall experience members. then, can't recommend puregym canary wharf others looking reliable well-maintained gym.",1,51.5048954,-0.0190006,GB
London Stratford,2024-04-18 05:31:02,"one star even generous . i’ve going gym . decided class hadn’t done one gym . i’m assuming regular people classes knew needed equipment wise . walked , man tattooed face introduce even say hi , didn’t tell equipment needed rather left someone else class tell . didn’t explain class would go , explain certain exercises could clearly see confused . obviously doesn’t care job helping people taking part classes . hygiene gym disgusting , soap ladies toilets month . never see cleaner one time see cleaner sitting phone changing rooms actually cleaning . toilets downstairs flooded floors gym soaking wet disgusting . cleaning stations always empty , point installing there’s never spray tissue .overall stuff need retrained hire people brain cells cleaner actually cleans needs hired it’s filthy",1,51.541289,-0.0035472,GB
London Colney,2024-04-17 23:27:46,"awful. wanted test joined, allowed. know cheap gym, seems like everything squeezed in. machines effective me. gym goer like real machines let cheat. matrix machines designed beginner provide much assistance. machine liked eliptical. enough free weights. hack squat. note also one machine norm days. end waiting giving moving on. dark there. importantly full chavs absolutely atmosphere. please think carefully joining. cotlandswick gym simular price, marginally much better this. going back nuffield, know much expensive, price worth paying.",1,51.7238759,-0.2956639,GB
Derby,2024-04-17 19:55:54,look around would consider going membership ardmore ways stopped lot cheaper,2,52.9142235,-1.4719885,GB
Basildon,2024-04-17 19:55:54,"machines order, dont care fix them, dont bring anything new gym, maybe change gym",1,51.5754602,0.4757363,GB
Basildon,2024-04-17 19:55:54,"happy gym, lot machines order days, dont care fix them, think change gym cause nothing new least fix one them.",1,51.5754602,0.4757363,GB
London Woolwich,2024-04-17 19:25:38,"course, everyone says, even ""quiet"" time single machine available. however, put mostly wipe station disinfect machines. additionally, one using towel. asked it, said company decided remove disinfection stations covid want make using towel gyn policy. so, suggest using towel anything regarding issue.",1,51.4919328,0.0703949,GB
London Enfield,2024-04-17 18:55:22,"£33 month spend time looking weights working out. equipment scattered everywhere untidy. full annoying college kids bozos common sense. toilets filthy , gym packed 24/7.🤮 worst gym ive london.",1,51.6517156,-0.0786839,GB
Southampton Bitterne,2024-04-17 17:14:29,"men's changing room, tap one adjustment option, sprays like pressure washer, washing hands, definitely wet. wash hands soap, recommend bringing home, small chance soap container full up.",2,50.9181488,-1.3769392,GB
Gloucester Retail Park,2024-04-17 16:34:07,didnt visit,2,51.859848,-2.2163951,GB
Bracknell,2024-04-17 11:01:11,"gym genuinely fine maybe wanting another flat benchpress station thought behind use space. real issues lay atmosphere generated gym users specific ""staff members"" (most pts clearly interested beyond clients classes). usual teenage ""roadmen"" nuisance, wannabe powerlifters hogging kit staff dealing it, people caught staring female gym users staff anything told it. gym user obviously staring female friend everytime turned back. initially held back escalate it, went told duty staff member; anything. unsurprisingly, went challenged person staff member actually took notice. take someone job suddenly find spine. shame actually decently maintained gym.",1,51.4143513,-0.7449925,GB
Byfleet,2024-04-17 00:45:48,gym puregym byfleet correct terms equipment. complain far lady teaching zoom evenings...she loud (there door) one quietly work-out! nightmare...,2,51.3401727,-0.472897,GB
Billericay,2024-04-16 21:13:57,"avoid…. terrible place, parking run smartplc ended £170 parking fine even minutes called “free parking”.. , much better gyms local one waste time",1,51.6284395,0.4218142,GB
Eastbourne,2024-04-16 16:51:39,"worst gym ever looking forward place opening live minutes away. tried day pass, worst experience.. place tiny packed, getting machines nightmare. parking nightmare even run classes gym downstairs, understand massive empty room upstairs really small cramped gym going back",1,50.7664372,0.2781546,GB
Cardiff Bay,2024-04-16 16:11:16,"small gym now, since gyms closed area, far busy. it’s 6am every single bench, squat rack cable machine use. cardio equipment also use making effort get go gym early, used quiet period, faced unable proper workout. it’s bad today gave left. need pause new memberships pure gym. i’ll looking elsewhere it’s impossible decent workout even go 5.30 am. i’ve using gym nearly years recent influx new members ruined it.",1,51.4639553,-3.1641374,GB
London Great Portland Street,2024-04-16 14:10:11,arrived gym customer service. clicked help response gym staff,1,51.5238146,-0.1437048,GB
Manchester Exchange Quay,2024-04-16 12:39:23,"gym weeks got issue busy, gym, going be! however booked onto classes trainer time class, however still ends time, classes first thing morning low numbers noone seems turn arent notified going cancelled, good, needs looking at!",2,53.4663229,-2.2822821,GB
Leeds Bramley,2024-04-16 09:27:43,busy can’t get equipment!,1,53.8118759,-1.6251903,GB
Merthyr Tydfil,2024-04-16 08:57:28,thought stuff would safe lockers pure gym no! someone stole bank card spent £4.20 there. proper scum there.,1,51.7455659,-3.3786082,GB
Hereford,2024-04-16 00:53:11,usual gym testosteroned members makes worth joining hate gyms people look see others watching train chuckling beacuse people better health stopped tracks im one individual wont missing membership,1,52.0553813,-2.7151735,GB
London Colney,2024-04-15 23:32:28,hot there. wipes use clean equipment staff don’t seem want clean much either time sat chatting. enough plates bars.,1,51.7238759,-0.2956639,GB
London Finchley,2024-04-15 19:40:27,single shower working morning luke warm. go work sweetie. get grip “pure” zorica evetovic name passed office. please contact urgently members fed human person address appalling state basic facilities !!!!,1,51.5973246,-0.1805587,GB
London Enfield,2024-04-15 18:50:00,"qr codes lobby work. bought day pass, sent pin email access to. sent two requests via website pin sent changing email. never received pin way ask help staff lobby. even tried installing app every time reached 100% said install it. terrible experience.",1,51.6517156,-0.0786839,GB
Staines,2024-04-15 06:43:35,"never years life, happened walk past door",1,51.434012,-0.511044,GB
Chester,2024-04-14 05:50:36,"reception, doorbell intercom, phone number call, whatsapp, nothing.. min waiting managed get attention someone working inside, called someone… already great start. told staff member it’s possible little tour gym joining. need check pictures online could bothered opening door showing facilities equipment minutes. disappointed",1,53.1908873,-2.8908955,GB
Wakefield,2024-04-14 02:49:00,"size gym simply enough machines, prepared wait use some. hack squat machine unusable padding non existent. entrance system annoying. beginner, casual gym goer someone wants lose weight using cardio machines gym would suitable. experienced serious lifters, would recommend it.",2,53.6829541,-1.4967286,GB
Dunfermline,2024-04-13 23:17:10,"previously visited gyms network always satisfied quality. however, moving dunfermline, choose another branch. want note cleanliness wide selection equipment provided here. yesterday's incident disappointing: attempting perform ""glute bridge"" exercise smith machine, encountered unexpected obstacle – safety catches lower low enough. surprise me, never experienced difficulties machines before. rethink workout plan prefer perform exercise specifically smith machine. additionally, attempting leg raises cable crossover also proved unsuccessful due lack ankle cuffs. long time, tried find staff member ask question, one site. gym also turned quite cramped crowded, especially teenagers occupy machines groups prolonged periods time.",1,56.0713724,-3.4616183,GB
London Holborn,2024-04-13 22:06:33,came newcastle london weekend. realised additional membership use london gyms. showed member staff app asked help. rude dismissive telling known london different. walked left help. disappointed poor level service compared excellent staff newcastle longbenton.,1,51.5195982,-0.1137266,GB
West Thurrock,2024-04-13 17:54:19,"gym ok, workout 10pm prepare mentally remember reg number every single time go there, otherwise surprised unforgivable pcn euro car parks insane pay membership still getting pcn type reg number every single time come gym. better way member fined. challenge euro car parks care issue pcn anyway. even prove member gym",2,51.47712,0.2721259,GB
London Stratford,2024-04-13 17:34:09,went gym thursday assistant manager rude,1,51.541289,-0.0035472,GB
Nottingham Basford,2024-04-13 10:50:31,female male pts nice people. lot give dirty looks gossip clients don’t like look certain way.. smile give dirty looks back especially female personal trainers.,1,52.9816725,-1.1783596,GB
Aintree,2024-04-13 03:36:46,good,1,53.4803632,-2.9376261,GB
London Holloway Road,2024-04-13 02:56:26,"went low expectations puregym member before, even get tour... waited ~30min one came 4.30-5pm (staffed hours) despite ringing button multiple times. lack service says lot location's management already",1,51.5528674,-0.1130095,GB
Leeds Regent Street,2024-04-12 20:02:48,wish could give zero stars.it’s horrible gym lot wired people . last night somebody stole jacket paid around 300£ also money inside jacket ask check camer wasn’t helpful said unfortunately can’t anything bad guys careful don’t come gym 👎👎,1,53.799097,-1.5352944,GB
Stratford-Upon-Avon,2024-04-12 19:22:27,"following say reviews website details confusing. one comes work train, that's fine right? people wanna come like actually train , maybe bc upcoming fight etc. says nowhere allowed train boxer. happened got kicked wanting train upcoming fight apparently thats acceptable? rule yet still got kicked bc one person felt uncomfortable. u feel uncomfortable, please look away distance yourself. used private room reason, peace disturb anyone yet still get punished wanting train sport fitness specialised area, make sense? pay we? issue, irritating confusing, informations website misleading people can't work peace . alone, private, disturbing anyone sure go ahead. tyvm nothing",1,52.1927803,-1.70634,GB
Stratford-Upon-Avon,2024-04-12 19:22:27,boxing doin pads light touch spar mate fight commin got asked leave acount sports would get scraping hard nicely training,1,52.1927803,-1.70634,GB
Manchester First Street,2024-04-12 15:30:25,"enough equipment, rude staff, absolutely acceptable costumer service. better choose another pure gym.",1,53.4723654,-2.246418,GB
Leeds Bramley,2024-04-12 09:27:15,"good loud, banging music inconsiderately play classes!",2,53.8118759,-1.6251903,GB
Harrogate,2024-04-12 09:07:04,"first time visiting joining week previous....can't even get in. code scanner front, doors open...guessing like going midnight",1,53.9921491,-1.5391039,GB
London Park Royal,2024-04-11 21:31:01,staff time can’t get tour,2,51.5264341,-0.2839348,GB
Bicester,2024-04-11 13:26:43,bad communication staff manager. someone stole property gym don’t care all. disappointed.,1,51.8988832,-1.1518287,GB
Leeds City Centre South,2024-04-11 10:45:17,"worst gym ever signed - smell unbearable. wish spend workout breathing farts, go ahead sign up. changing rooms dirty run workout involves anything machines, cramped tiny smelly space next person inches you. avoid.",1,53.3803135,-1.4706053,GB
Liverpool Kirkby,2024-04-11 07:23:33,"unfortunate conditions gym in. total disaster. urinal blocked two days still cleaned showers disgusting step on, contract infection since public poorly maintained place.",1,53.4821071,-2.8886045,GB
Stratford-Upon-Avon,2024-04-11 07:23:33,"appalling customer service, used good gym gone downhill. half machines faulty working properly, spending half time looking cable weight hooks seem go missing time.",1,52.1927803,-1.70634,GB
London Colney,2024-04-10 23:29:23,"difficulty entry main doors, found workout areas untidy crowded",1,51.7238759,-0.2956639,GB
Sheffield Meadowhall,2024-04-10 19:47:28,"class good, entry system working, means nothing tracked app, including class. also, lockers work certain sized padlocks either. best 1st experience.",2,53.4138268,-1.4124334,GB
London East Sheen,2024-04-10 19:37:22,"ill finding another gym month. simply busy every hour day. easily people hour. waiting machines even desperately searching exact plate weight need. terms people, pretty polite. powerwankers usually avoid them. ""straight"" benchpress defective imo slight incline towards head section. quite frustrating feel blood tilt head try lift. typical city puregym experience. id pay meant deal less overcrowdedness...",2,51.4623706,-0.267094,GB
Liverpool Edge Lane,2024-04-10 17:16:09,"place needs cleaned. came gym sunday gunk front lockers. gunk still couple days later. bathrooms flooded splashed water, dirty counters, hand soap smells foul, like rotten popcorn. there’s also cleaning station workout equipment, standard even pre covid puregyms i’ve attended. feels really gross able wipe equipment large sweaty man using it!",1,53.4094112,-2.9365796,GB
Crewe Grand Junction Retail Park,2024-04-10 16:35:47,"terrible experience one personal trainers’s puregym crewe (oliver holmes). posting review absolute last resort something wanted do. however, lack professionalism, communication manners left choice. started pting ollie september fine initial months. last payment end november sessions. fast forward months now, sessions. past months constant cancelled sessions weekly basis, occasions show severe lack communication. offered refund remaining sessions due weeks ago (which received), promised 4th april & still getting excuses yet. consistently getting ignored & follow messages send, experience extremely draining & distressing. patient understanding past months given plenty chances rectify situation prior writing review continues mess around. service horrific, cannot steal people expect ok behaviour without consequences. would avoid service avoid unnecessary stress. heard & seen great feedback puregym crewe pts wish gone instead.",1,53.0959254,-2.4345425,GB
Edinburgh Quartermile,2024-04-10 11:23:00,"member around 2.5years, never issues start year. since january year noticed massive increase number people every time go. gym become seriously cramped subscribed. equipment feels dirty, find experience pretty unenjoyable every time go now.",2,55.9438167,-3.1941413,GB
London Stratford,2024-04-10 05:29:57,rudest stuff want find gym instead nice costumers like don’t time you.,1,51.541289,-0.0035472,GB
Ipswich Ravenswood,2024-04-10 05:19:52,"needs punch bag 2, know people love energie gym nearby due punch bag area back. looking new gym closed can’t find one allow keep boxing training.",2,52.0303337,1.1968831,GB
London Whitechapel,2024-04-10 01:07:39,"please clean men's changing room, 1) bad smell 2) dirty lockers 3) showers mould dirt around also stingy water showers",2,51.5174861,-0.0659685,GB
Walsall Crown Wharf,2024-04-10 00:57:34,busy. flat barbell bench only. loads kids chilling go 5. someone also wears old spice deodorant got like george floyd mid set walk past. wouldn’t recommend.,2,52.5872454,-1.9883526,GB
Selby,2024-04-09 23:16:40,"waste time joining here. tried join recently, took money account set direct debit. still received membership information really way contacting customer services. days waiting response still nothing.",1,53.785097,-1.0990407,GB
Birmingham City Centre,2024-04-09 22:56:29,nothing works,1,52.4856896,-1.871104,GB
Portsmouth North Harbour,2024-04-09 17:03:22,"always busy, lacks equipment",2,50.8449611,-1.0944889,GB
London Holloway Road,2024-04-09 14:52:14,"serious personal safety threat. attend gym. issue required police prosecution. threatened stabbed another member morning appalled staff handled situation. individual continually insulted me, urged fight outside, threatened stab changing rooms outside. particularly ended losing membership. initial trigger thinking condescending towards him. on-floor staff - later told training conflict management - refused address violent individual, despite screaming behaving clearly belligerent manner. addressed me, implied contributed issue. witnesses footage show, nothing calm measured throughout. nevertheless, asked leave situation violent individual allowed finish workout retained membership. must repeat: heated argument, stabbing threat london. one interested taking seriously me, you. staff also informed cctv may reach respective area gym. cctv may available internet down. shocked lightly puregym consider stabbing threat premises. committed chasing case consequences faced. mean time, attend gym. personal safety concerns.",1,51.5528674,-0.1130095,GB
Byfleet,2024-04-09 00:44:56,really noisy. consider playing music speakers everybody using headphones. classes play music loud can’t hear think.,1,51.3401727,-0.472897,GB
London Canary Wharf,2024-04-08 19:42:18,"made official complaint via email recommend women same, see via reviews (and imagine haven’t said anything) fares mahhediene guy really issue women. love gym, equipment classes he’s really making hard come back. detailed everything via email gym would like also make “students” aware alone. picks people, see it’s vulnerable ones, maybe first class, asking help - shouldn’t really put vulnerable position gym safe space, right? everyone trying improve know struggles limits. guy unprofessional personal trainer i’ve ever met, he’s definitely wrong job role. needs therapy!",1,51.5048954,-0.0190006,GB
Liverpool Kirkby,2024-04-08 19:22:07,"filthy. drinking water month. non existent manager. mop buckets dirty water left in. absolutely stinks, doubt it’s cleaned since christmas.",1,53.4821071,-2.8886045,GB
Telford,2024-04-08 18:31:40,"second week gym buy water, tragedy manager!!!",1,52.6780532,-2.4514219,GB
Runcorn,2024-04-07 23:51:53,"omg disgrace puregym!!! 😔😶🤐 first of: wifi members sport water refill machine???? second: equipment outdated missing misplaced??? dirty walls floors old filthy. highly disappointing place, pain go 😕😞 plus manager there? shame 😡",1,53.3421509,-2.7334941,GB
Bradford Thornbury,2024-04-07 22:11:00,"dirty gym, machines wiped - sweat marks everywhere. wish better gym, worth £20 pay month. machines aren’t great either :/",1,53.8030213,-1.7048953,GB
Northampton Weston Favell,2024-04-07 18:08:55,never therr,1,52.2577432,-0.8369027,GB
Ipswich Buttermarket,2024-04-07 17:28:32,"must due refurb soon? place needs thorough, deep clean. various parts never touched, cleaning station, water machine, filthy. lockers old, broken dirty. weights never returned correct place. blame members this, staff seen it, eventually would become normal. appear problem pures.",2,52.0571564,1.1545049,GB
Glasgow Bath Street,2024-04-07 14:47:08,shame!!! class running 😡 also one office help,1,55.8637839,-4.2559582,GB
Merthyr Tydfil,2024-04-07 08:54:05,constantly way overcrowded.,1,51.7455659,-3.3786082,GB
Coleraine,2024-04-07 06:12:43,"payed day pass assumed lasted hours… didn’t, arrived gym find expires midnight day booking. absolute shambles scam mention day pass cost pounds reject door within hours booking it, i’ll sticking gym this, better equipment somebody speak there’s problem!",1,55.1315912,-6.671861,GB
London Holborn,2024-04-06 21:58:23,"honestly, one worst gyms joined. gym big looks, isnt much equipment equipment organised - making gym really stuffy. isnt much space. crowded expensive. staff arent helpful membership expensive. save money go somewhere else!",1,51.5195982,-0.1137266,GB
London Sydenham,2024-04-06 20:47:47,unsafe gym. someone tried hit me. nobody help me. even staff member. im gonna stop membership right gonna change gym. incident happened april around 7pm-7.20pm. informed police well.,1,51.427742,-0.0542215,GB
Peterborough Serpentine,2024-04-06 19:57:21,"overall experience puregym peterborough serpentine branch truly positive rewarding one zumba sessions lovely russell yoga ,spin forgetting pilates sessions lift ! sadly positive following extremely disheartening experience class/session witnessed recently . appreciate given times personal challenges sometimes feel upset frustrated given times pure gym session nowhere let steam . (okay maybe save using equipment :)) session feel safe inclusive non judgemental !and words indeed! perhaps particular instructor taking class time might benefit anger management sessions practice ways keep voice even toned upset frustrated trying communicate ? it’s positive experience untoward behaviour addressed",1,52.5403778,-0.2632194,GB
London Streatham,2024-04-06 07:10:40,"não tem local próprio para estacionar,e não tem ninguém para mostrar academia pergunto aonde estão os funcionários",1,51.429769,-0.1311105,GB
London Wembley,2024-04-06 04:59:30,"stinks, everything dirty, nothing even works, close cuz!!!!",1,51.5560695,-0.2796034,GB
London Bromley,2024-04-06 00:15:37,"first floor smells really bad, smells like urine",1,51.3668569,0.0617091,GB
Bristol Harbourside,2024-04-05 20:03:27,replace machines ones without in-built ac feature? 😭,2,51.450363,-2.600511,GB
London Wandsworth,2024-04-05 19:23:06,"lazy gym managers need fix horrendous dumbell situation here, considering nothing else stand around looking people phones",1,51.4570271,-0.1932607,GB
Salisbury,2024-04-05 18:52:50,"gym lovely. company behind win award incompetence however. checkout process make remotely clear price given promotion, y'know, annoying oh well. issues continue. finally transferring correct plan (which, tbf, easy), unable add bolt ons account. followed help article letter, option simply there. fair enough suppose, bugs happen. sent email promptly replied help article previously read (again, fair enough), however follow emails received answer. advertised different price one charged (granted made clear afterwards), unable add advertised extras account, support nonexistent. redeeming feature point like physical gym itself, massive headaches around subscription starting get way that.",2,51.0690613,-1.7954134,GB
Birmingham Beaufort Park,2024-04-05 03:24:41,"don’t turn aircon always humid hot everyone breathing others air, disabled toilet order months still fix, multiple machines fix",1,52.493268,-1.8171797,GB
London Whitechapel,2024-04-05 01:03:25,"utterly disappointed experience puregym whitechapel, much would give zero stars could. recently, made mistake leaving locker unattended, containing valuable items shoes, gymshark band, nike hoodie, gloves, even kylie jenner lipstick. according policy, items kept least week disposal unclaimed. however, staff took upon discard potentially keep belongings personal use without adhering guidelines. adding insult injury, gym's cleanliness organization severely lacking. facilities consistently dirty, toilets deplorable state. instead prioritizing hygiene maintenance, seems staff preoccupied rummaging lockers disposing pilfering personal items. overall experience puregym whitechapel nothing short terrible. strongly advise anyone considering joining steer clear establishment.",1,51.5174861,-0.0659685,GB
Sevenoaks,2024-04-04 17:29:19,"day passes 24hours, i.e day. till end day. scammed £12.99",1,51.2745218,0.1961166,GB
Sheffield Millhouses,2024-04-04 17:09:08,batterd gym. reason still member 24hour. definitely needs money spending new equipment even calf machine. need grind away. personal trainers/staff good helpful.,2,53.3459759,-1.4969316,GB
Walsall Crown Wharf,2024-04-04 12:56:53,nis,1,52.5872454,-1.9883526,GB
Bristol Union Gate,2024-04-04 09:35:06,"good gym, recent refurb missed mark. please bring bad double/triple sets lighter dumbbells, set 1-25kgs dbs per people peak times crazy. also, please, please, please bring back thicker bars, new ones nicer knurling, harder grip heavier weight. nice see investment, shame aimed improving weaknesses instead removing strengths.",2,51.4574315,-2.5919625,GB
Harlow,2024-04-04 05:32:57,never used,1,51.7685568,0.0949036,GB
Nottingham West Bridgford,2024-04-04 01:30:51,"great gym, posted before, but...an issue becoming problematic dealt management number users sitting equipment whilst scrolling/messaging phones long periods time. times benches free weights area occupied customers reading phones...i've seen regular basis asked much longer even told "" oh finished mate"" ha ha! fault encouraged gym regard users. interested know mangements stance this. thanks response (below) erm...no going provide dates times names :-))",2,52.9310754,-1.1256663,GB
Glasgow Milngavie,2024-04-03 20:18:05,"signs bearsden/milngavie area saying £0 joining fee however true, £15 joining fee. man named martin also posting facebook groups area would discounted prices joining, true either. staff gym blatantly lie teeth costs attract customers want money. unhelpful staff inside gym well draw dirty looks make feel judged uncomfortable they’re meant qualified give advice? it’s shame got rid pool much better gym much better staff replace nonsense.",1,55.935487,-4.3137971,GB
Sutton Times Square,2024-04-03 19:37:44,"booked day pass thinking see gym is. based planning go monthly membership. went gym, code didn’t work :( contacted phone line, noone responded. contacted support twitter(x), response. conclusion: didn’t get paid for(day pass). joining gym.",1,51.3643147,-0.1915453,GB
Salisbury,2024-04-03 18:47:17,"never never , looks busy",1,51.0690613,-1.7954134,GB
Sevenoaks,2024-04-03 17:26:34,town weekend went 7pm looking day pass. get building begin without qr code useless showed up. eventually worked get website price day pass £12:99 open 8pm.,1,51.2745218,0.1961166,GB
London - Twickenham,2024-04-03 15:15:25,"real gym area reasonable price. that’s reason i’ve going last years. equipment relatively new machines matrix brand. poor choice equip gym with. certain machines okay others feel ineffective best unsafe worst. gym also busy times. needs member limit clearly many people subscribed. addition, made decision hold circuits sessions main gym dedicated closed room next door. separate room never use yet decide make overcrowding issue worse using it. blaring music bleep test like beeps circuit sessions makes gym floor overwhelming claustrophobic space. think effective remedy situation would lower membership prices figure suitable experience.",2,51.4505786,-0.3288402,GB
Milton Keynes Kingston Centre,2024-04-03 15:05:19,cold water showers. massage chairs,1,52.0353815,-0.688128,GB
Milton Keynes Kingston Centre,2024-04-03 15:05:19,take ages fix broken machines. staff helpful. customer services non existent,1,52.0353815,-0.688128,GB
Milton Keynes Kingston Centre,2024-04-03 15:05:19,"price would plus, cheap. even off-peak busy, gym mainly weight training. busy weight training gym want cheap find here. tho.",1,52.0353815,-0.688128,GB
Milton Keynes Kingston Centre,2024-04-03 15:05:19,price plus. equipment maintained. better chose different gym.,2,52.0353815,-0.688128,GB
Bath Victoria Park,2024-04-03 12:23:54,"good value money. generally feels neglected. number machines never batteries changed, scale broken months, drinking fountain broken weeks door didn’t work last week go fire escape. spent minutes trying get staff attention misplaced property staff members ignoring desperately avoiding eye contact",2,51.3856653,-2.3766501,GB
London Woolwich,2024-04-03 11:43:32,"classic woolwich experience, full inconsiderate people. gyms rammed time, people hogging equipment. dont even think open hours would help. gave chance weeks left. awful, waste time money dive.",1,51.4919328,0.0703949,GB
London Colney,2024-04-03 11:33:20,"way hot, want keep hot today may well advertise gym sauna. couldn’t see water vending machines. plenty adjustable bench’s dumbells 50kg absolutely plates floor space use dumbells front mirror benches. flat bench, decline bench, incline bench (all directly bright lights) smith machines x 20kg plates, x 10kg plates 2.5kg plates, that’s nonsense. equipment machines average rubbish matrix. think half deflated balloons hidden side entrance summarized experience perfectly… deflating… edit: found little water fountain tucked away corner. still hot, still plates nothing standard matrix handles cable machines. overall it’s good hotel gym that’s it. weights already left floor re-racked. stars clean least plus free parking drive around enough times find space.",2,51.7238759,-0.2956639,GB
Eastbourne,2024-04-03 11:33:20,"horrible gym packed small place , recommend",1,50.7664372,0.2781546,GB
London Woolwich,2024-04-03 11:33:20,"oversubscribed members. provided feedback gym email, kept getting told ""peak hours"". crowded time! find lots people hogging machines blatantly scrolling phones. quite lot people standing around, chatting friends. place resembles public socialising area gym. recently que use treadmills every cardio machine use. cleaning stations see layers hair dust equipment. gross woolwich needs another gym asap",1,51.4919328,0.0703949,GB
London Seven Sisters,2024-04-03 11:33:20,"enough lockers. temperature high really training, degrees maximum - melting here!?",2,51.5817795,-0.0739615,GB
Eastbourne,2024-04-03 11:33:20,"wanted try new place workout regret making choice go gym packed people trying get workout limited machines, broken new gym seem like equipment par. changing room small can't walk around four trying change little amounts lockers people want change workout. going gym instead much better facilities layout plenty machines, staff massive changing area everyone change in.",1,50.7664372,0.2781546,GB
London Seven Sisters,2024-04-03 11:33:20,"good place, good equipment. changing room unisex bathrooms terrible.",2,51.5817795,-0.0739615,GB
London Woolwich,2024-04-03 11:33:20,"poorly managed gym, always overcrowded prepared wait around equipment probably longer 24hr gym, since autumn 2023! gym vague 'noise related issues' caused gym operate limited hours due ongoing maintenance. transparency members would much appreciated months same.",2,51.4919328,0.0703949,GB
Watford Waterfields,2024-04-03 11:33:20,gym small clean. showers cold though (after workout). reported numerous times nothing done. shower head anyone would feet tall maybe would benefit heat.,2,51.6523792,-0.3894354,GB
London Seven Sisters,2024-04-03 11:33:20,"stuff rude care money. receive penalty reason. now, need email get money back. thanks puregym another headache.",1,51.5817795,-0.0739615,GB
Eastbourne,2024-04-03 11:33:20,"gym full newest equipment it’s pleasant gym train at… except manager jess. evident first managing job seen poor job. made horrid comment one friends, calling blind, is…. . experience rudeness, don’t exepct established gym chain. i’m writing comment think action needs done regarding management.",1,50.7664372,0.2781546,GB
London Woolwich,2024-04-03 11:33:20,"great, always busy, it’s difficult find space workout. closing hours supposed 24/7 gym.",1,51.4919328,0.0703949,GB
London Woolwich,2024-04-03 11:33:20,"limited opening hours make place crowded times open, experience staff aggressively shouting people leave minutes closing time nice. hours shorter puregyms, price significantly reduced.",2,51.4919328,0.0703949,GB
Eastbourne,2024-04-03 11:33:20,"first visit manager rude ! gave worst impression. people skills ever. signed son followed ( giving free day pass) approached desk ask it, instead talking like human explaining pressed bell waited etc. said 'get gym now, here'. awful. back since.",1,50.7664372,0.2781546,GB
London Seven Sisters,2024-04-03 11:33:20,ain't even tried it. live around area thought join.. well level seen enough hefty price tag. convience got money guess.,1,51.5817795,-0.0739615,GB
Eastbourne,2024-04-03 11:33:20,"rubbish, one talk press yellow button staff seen, wasted trips bexhill. payment system keeps saying error phone number call. bother place!",1,50.7664372,0.2781546,GB
Eastbourne,2024-04-03 11:33:20,still early days gym things still getting place appreciate. music classes soooo loud. cycle class middle gym downstairs door ceiling instructor mic shouting music unnecessary. hear music headphones gym. avoid going cycle class sure would like addressed. deafening. enough treadmills - regularly wait use one oddly positioned. ones upstairs huge tube light face. feel like way much weight equipment gym enough anything else. evening classes super hard get onto found. join waitlist means show class even though might get depending shows. good system. plus would pay extra £2 yoga! learn lift dom - knowledgeable friendly learnt lot. likely continue gym see improvements made. equipment right entrance constantly use wind cold hit anything near door.,2,50.7664372,0.2781546,GB
London Seven Sisters,2024-04-03 11:33:20,handful lockers. benches. water machine. worst pure gym london,1,51.5817795,-0.0739615,GB
London Woolwich,2024-04-03 11:33:20,dirty staff letting.other free while.others pay call jungle gym,1,51.4919328,0.0703949,GB
Eastbourne,2024-04-03 11:33:20,"horrible manager super rude, makes gym boring like it’s matrix, i’d better gym session b&q gym due attitude rudeness unprofessionalism",1,50.7664372,0.2781546,GB
London Woolwich,2024-04-03 11:33:20,"overcrowded limited gym hours. initially advertised hours signed up. recently even increased membership price guess what, gym closes 10pm. point gym literally busy 5-10pm. disappointing!",2,51.4919328,0.0703949,GB
London Seven Sisters,2024-04-03 11:33:20,mało sprzętu cardio. mało miejsca w szatni. nie gdzie zostawić plecaka bo wszystko zajęte. jedyny plus że wszystko jest świeże... bo jest nowe. za jakiś czas już nie będzie. kiepsko ogólnie,2,51.5817795,-0.0739615,GB
Eastbourne,2024-04-03 11:33:20,poor opening offer £12.99 increased £17.99 within first days opening. would expect opening offer last least first week,2,50.7664372,0.2781546,GB
Eastbourne,2024-04-03 11:33:20,first trip new pure gym partner approached manager jess introduce even give smile thee disgusting people skills ever come across especially manager. took upon stand face totally disrespected personal space said ' pt'ing her' waffled nonsense walked away absolutely disgusting attitude shame gym lovly manner attitude totally unprofessional left partner seriously bad taste first trip new gym. upset suggest act asap.,1,50.7664372,0.2781546,GB
London Seven Sisters,2024-04-03 11:33:20,new gym charged dont even enough lockers,1,51.5817795,-0.0739615,GB
London Woolwich,2024-04-03 11:33:20,"never again. overcrowded, bad equipment placement. everyone whatever want can't normal training session. certain groups occupy equipment long like think private home gym. want nice atmosphere manners friendly people around share equipment place suggest go somewhere else.",1,51.4919328,0.0703949,GB
London Woolwich,2024-04-03 11:33:20,"unfortunately, experience facility highly disappointing, feel compelled share following issues: overcrowded gym: regardless season, whether winter summer, gym perpetually crowded. constant overcrowding severely hampers quality workout experience. lack cleaning stations: unlike gyms visited, one lacks cleaning stations. significant oversight, especially considering importance hygiene communal exercise environment. reduced operating hours: despite advertised 24/7 gym, facility recently started closing pm. initially introduced temporary measure, unfortunately become permanent. change particularly inconvenient us rely off-peak hours avoid crowds fit workouts schedules. issues greatly diminished satisfaction gym, impacting convenience usability. hope feedback taken seriously improvements made better customer experience.",1,51.4919328,0.0703949,GB
London Woolwich,2024-04-03 11:33:20,"terrible rude gym staff, male staff shouting customers ""making way out""! make feel criminal suspects, think things wrong e.g. clothe look sport enough eyes need evict immdiedietly. customer service respect. manager seem care staff's service",1,51.4919328,0.0703949,GB
London Seven Sisters,2024-04-03 11:33:20,"expensive offer. compared gyms lower prices, unlimited water one water fountain whole gym, cleaning stations, massaging chairs, lockers maybe 25-30 mixed changing room toilets showers issue busy times. place big, many machines cardio. space could used different ways added machines things missing. worth price.",2,51.5817795,-0.0739615,GB
London Seven Sisters,2024-04-03 11:33:20,"it’s worse pure gym london. since opened december shut twice already, currently shut. informations reopening received company, refund offered days lost already. less lockers total sort bad joke considering busy place less one month opening. cheap equipment spaces offered. managed save even walls doors, fact “studio” doors walls ceiling, result everyone gym listen extremely loud music playing classes. real nightmare overall, cancel membership asap.",1,51.5817795,-0.0739615,GB
London Seven Sisters,2024-04-03 11:33:20,"current state gym terrible. managed extremely poor fashion. unannounced closure many days without information closes 10pm longer 24/7? bit joke. many issues: co-ed showers changing room - advertised joining, enough equipment enough variety (the place half empty), sanitation station, privacy people bus stop feet away. wasted time money getting kiss door. resigned previous gym pay joining fee paying nothing here, might well swap back gym...",1,51.5817795,-0.0739615,GB
London Woolwich,2024-04-03 11:33:20,"christmas eve says open webesite nobody updating website nobody cares manager useless came far cause open apparently find later closed travel like idiot top h anymore give acces gyms don’t care u open gym make sure u good space u don’t get complains , int gym staff rude go slow control weight leave alone try put bench cables guy came tell u allowed ? since when? can’t train want pay pure gym horror bad experience don’t choice cause closes definitely one worst gyms i’ve wish could give review minus star",1,51.4919328,0.0703949,GB
London Seven Sisters,2024-04-03 11:33:20,"pros: - new gym, everything new, clean tidy. cons: - lack lot equipment, machines free weights. nothing calves, inclined declined bench presses, one machine abduction adduction, more. also cardio equipment. - enough lockers, taken people leave stuff there. quite frustrating leave stuff safely. - ""changing room"" cubicles (like fitting rooms clothes shops) shared men women. showers toilets. comfortable. - staff, though friendly, knowledgeable. approach one ladies ask advice replace exercises routine due lack equipment kept repeating ""we machine"". - price!!! kept price £17, say ok. £25? much gym offers. £32??? big no.. def worth price, way hell. compare: gym tottenham high road (about times size, price £25 so) yeah, sorry bit harsh, quite different gyms london able compare, honest review. there's certainly room improvement, though, get machines, benches, cardio, etc... rethink bit price, perhaps could good gym. ps: reviews stated, issue closure less two weeks lack communication. hopefully that's exception happen again.",1,51.5817795,-0.0739615,GB
London Seven Sisters,2024-04-03 11:33:20,"it’s fine - wish would clean often. changing area always gross, showers grim toilets filthy. it’s open month though, hopefully creases need ironing out. also, it’s supposed gym, closed two days closed prior warning!",2,51.5817795,-0.0739615,GB
London Seven Sisters,2024-04-03 11:33:20,"drove way crouch end try gym i’ve wanting try since opened, park tesco walk way gym, find closed!!!! never go back gym… could least sent notification say you’re closed! poor!",1,51.5817795,-0.0739615,GB
London Seven Sisters,2024-04-03 11:33:20,"open couple week ago, much equipments close morning without notice send emails members informed …",1,51.5817795,-0.0739615,GB
London Seven Sisters,2024-04-03 11:33:20,closed without notice..excellent beginning 😞,1,51.5817795,-0.0739615,GB
Watford Waterfields,2024-04-03 11:33:20,blaring music cycling classes disrupts rest gym. clown organization.,1,51.6523792,-0.3894354,GB
London Seven Sisters,2024-04-03 11:33:20,"pay multi-gym membership, pay seven sisters wasn’t included list gyms (bit ridiculous). shrugged gym mins away home, thought it’d save travelling way finsbury park tube. honestly, disappointed gym. utilise space well it’s small, feels exposed treadmills stairmasters directly infront bus stop. girls, you’ll probably stared glass. studio lights seem set timer switch back amount time. lights also glarey - you’re floor exercises, you’ve got find spot isn’t underneath light. many bars weights studio barbells. decent amount variety machines though, haven’t ever wait machines since going here. haven’t seen cleaning stations around gym yet. great considering like wipe yoga mats use. disappointing thing upstairs changing area: separated male/female changing rooms, cubicles, btw usually dirty and/or rubbish them. individual unisex toilet cubicles never clean - literally poo stains every time i’ve lol. there’s like lockers, pretty small, you’re unlucky get one go, there’s exposed cupboards leave things in, come now, it’s seven sisters, hardly safe leave anything out, better yet carry belongings around you. pros: - good variety machines weights - ceilings tall feels spacious cons: - it’s actually small gym - doesn’t seem like gets cleaned often - there’s single water fountain member’s drinks machine, thought gyms would you’re paying premium membership - changing area unisex, don’t go you’re comfortable seeing people walking around naked - month it’s already closed consecutive days maintenance. announced last minute. new gym, i’m impressed gym offer. probably going re-set finsbury park main gym every aspect much worth money.",1,51.5817795,-0.0739615,GB
London Seven Sisters,2024-04-03 11:33:20,"closed notice. wasted time. can't book induction time slots in-between. cheap equipment much choice. pay extra classes. staff ever available. great, little privacy streets co-ed changing/ shower handful lockers. average.",1,51.5817795,-0.0739615,GB
Watford Waterfields,2024-04-03 11:33:20,"martin woodward manager rude …. guy really needs therapy urgently … girls, careful him!",1,51.6523792,-0.3894354,GB
Watford Waterfields,2024-04-03 11:33:20,tried contact answer nothing,1,51.6523792,-0.3894354,GB
Watford Waterfields,2024-04-03 11:33:20,manager: martin woodward staring cleavage several time. felt intimidated. going come back :(,1,51.6523792,-0.3894354,GB
London Woolwich,2024-04-03 11:33:20,toilet brush gents foul instrument satan,1,51.4919328,0.0703949,GB
London Woolwich,2024-04-03 11:33:20,"24/7 three months. joined gym late june. probably got receive service paid (24/7 feature) little month reduced hours significantly long period time. poor communication compared previous gym also reduce hours one point. spoke someone via email reached answered survey poorly. conversation amounted nothing nothing useful add, honest. initially reluctant leave i’d paid joining fee decided cancel join another gym.",1,51.4919328,0.0703949,GB
London Woolwich,2024-04-03 11:33:20,"great equipment, usually overcrowded. recently changed opening time, open 8am 8pm weekend. today, sunday 12th november, 8:20 am.l, gym still closerld. unacceptable!",2,51.4919328,0.0703949,GB
London Woolwich,2024-04-03 11:33:20,"open 24hrs again, it’s months since gym 24hrs open. alway closes 10pm weekends 8pm - i’m paying useless subscription incompetent gym. get worth together, it’s overly crowded anyway",1,51.4919328,0.0703949,GB
London Woolwich,2024-04-03 11:33:20,much maintenance everyone go gym early. join near house close early reopen close months member even cheap.,1,51.4919328,0.0703949,GB
London Woolwich,2024-04-03 11:33:20,"worst gym i’ve ever to. barely equipment many machines missing pure gym comparison pure gyms i’ve attended. queue almost every time due lack equipment machines. gym also extremely small get extremely crowded due lack space machines well large amount people walking around queueing. atmosphere best either, maybe it’s environment actually put away working out. i’ve felt way gyms i’ve first. week woolwich pure gym changed home gym different pure gym website, pay extra money though.",1,51.4919328,0.0703949,GB
London Woolwich,2024-04-03 11:33:20,one minute hours next hours. paid hours,2,51.4919328,0.0703949,GB
London Woolwich,2024-04-03 11:33:20,"false advertisement , says it’s hrs hasn’t hrs months .",1,51.4919328,0.0703949,GB
London Woolwich,2024-04-03 11:33:20,"recently quit gym. whilst love company lot branches, i’m disappointed say didn’t meet expectations. female, private space work priority; woolwich pure, you’d lucky find available equipment even non peak hours. there’s good selection equipment gym floor small demand. likewise holds excellent studio room (which could improved include dumbells) usually busy want go work. would thought post pandemic would abundance cleaning facilities finding hand sanitiser rare find. cleaning equipment seems non-existent (is legal?), sharing sweaty equipment trend. i’m giving star equipment friendly staff. little bit time, try go charlton gym. lot bang buck!",2,51.4919328,0.0703949,GB
London Woolwich,2024-04-03 11:33:20,"join! cancelled following reasons: constantly packed. management could give f. i’ve asked four different times change treadmills metric, something perfectly doable based treadmills online manual, every time i’ve told “we’ll look it” yet nothing ever happens. members don’t wipe equipment. biggest issue - 24/7. runs till weekdays till weekends. due ongoing complaints residents due noise. complaints previous gym well, honest god don’t know even got licence first place. said temporary work underway doubt fix issue considering level vibrations caused weights dropped etc. conclusion - opened first place i’m guessing won’t around much longer.",1,51.4919328,0.0703949,GB
London Woolwich,2024-04-03 11:33:20,"gym crowded midnight. constantly people gym except midnight sunday evening. number equipments match users’ need all. there’s always need queue equipments. example, fewer benches fewer weight machines people come weight training. apart crowdedness, place well managed weights found everywhere floor. rather dangerous small space. big regret registering",1,51.4919328,0.0703949,GB
London Woolwich,2024-04-03 11:33:20,worst gym ever. see people going behind others without pay instructors pretending see them. also never around need problem. worthy. pay others go free. last week someone push enter behind me.,1,51.4919328,0.0703949,GB
London Woolwich,2024-04-03 11:33:20,"gym facilities fine days need go hunt 2.5kg/5kg plates people leave equipment around. 100+ people weekdays literally 5-10pm, also busy around 10-1pm, ridiculous",2,51.4919328,0.0703949,GB
Cardiff Western Avenue,2024-04-03 11:33:19,"james replacement paris 5.15pm spin class. disappointed. feel motivated class welcome us in, music poor, hear anything saying muffled, anyone new idea intro movements (hover), finished mins early, mention resistance feel gave advice direction advanced beginners. appreciate paris poorly taking make want come recommend anyone else. written behalf lizzie pottage poppy blythe.",1,51.5008931,-3.2063977,GB
Cardiff Western Avenue,2024-04-03 11:33:19,gym cold winter! come guys basic maintenance,1,51.5008931,-3.2063977,GB
Cardiff Western Avenue,2024-04-03 11:33:19,"one puts weights away, wrong places constantly. plates left floor, gym etiquette either.",1,51.5008931,-3.2063977,GB
Cardiff Western Avenue,2024-04-03 11:33:19,fair amount equipment gym gents changing rooms really disgusting mornings. girlfriend goes says theres never toilet roll womens,2,51.5008931,-3.2063977,GB
St Ives Cambridgeshire,2024-04-03 11:33:19,four months grinding,1,52.3239055,-0.0741991,GB
Redditch Ringway,2024-04-03 11:23:04,"gym limited number equipment, it’s consistently crowded, especially pm pm, resembling zoo. people bump other, unfortunately, individuals display lack manners, spending excessive time phones regard others may time constraints due work. loud music adds environment, top off, one treadmills perpetually broken – quite amusing, say least.”",1,52.3087539,-1.9434403,GB
Redditch Ringway,2024-04-03 11:23:04,"poor layout, busy, seems puregym accepting people's money without giving capacity consideration, parking shocking peak times. great job work unsociable hours. much preferred old gym kingfisher, transferring membership bromsgrove next month.",2,52.3087539,-1.9434403,GB
Redditch Ringway,2024-04-03 11:23:04,"real poor gym lay out, makes places feel cramped dangerous going peak times, like dodge dive people machines. also places needs age check, way many people old enough here.",1,52.3087539,-1.9434403,GB
Redditch Ringway,2024-04-03 11:23:04,"new building nice enough parking, parking much better gym located within kingfisher. many people there, exaggerating single piece weight equipment left space use free weights. unless come regular working hours bother coming here.",1,52.3087539,-1.9434403,GB
Redditch Ringway,2024-04-03 11:23:04,okay weights cardio terrible 10/15 treadmills face wall rowing machines. least town centre gym treadmills looking gym space see activity’s use tvs walls. new one quite small crammed lot time feels weights… disappointing,2,52.3087539,-1.9434403,GB
Redditch Ringway,2024-04-03 11:23:04,much equipment small area .. lift incline bench somebody takeing lond dumbels. guy hit barbel guy,2,52.3087539,-1.9434403,GB
Redditch Ringway,2024-04-03 11:23:04,equipmet ok enough space use safely free waight area .. incline bench close long dumbel rack safe .. fitness havy lifts,2,52.3087539,-1.9434403,GB
Liverpool Edge Lane,2024-04-03 11:23:03,"joined puregym opened summer good value opening offer one year. renewing. started great, course did, new, cracks really began show september university student rush stretched numbers. astounded badly downhill gone matter months. ever since place badly maintained absolutely disgusting terms cleanliness. know there's enough staff given jobs. pictured state women's toilets, scroll reviews little see similar examples months ago, parroting puregym ""make improvements"". dryer broken months, taps stuck on, water floors, litter, toilet paper, even mention showers. get new cleaners get cleaners, something working. what's perhaps insulting occasional survey send asking opinion, give, explain issues get lip service back ""striving improve"". jack. stop lying. care customers. here's simple easy solution majority problems: get staff actually use test machines day. job report dangerously broken equipment warn gym goers use even bother marking ""out order"". stuff like hip abduction dangerously broken weeks. none staff noticed? can't report things hours staff, email ignored. many things fix god knows going it. 100% returning jd unless colossal improvement made year subscription up. jd problems, say them, never dirty filthy, staff visible, broken machines marked fixed. sort struggling summer everyone's enough. puregym? pure something. edit: response reply puregym, raised concerns management, already said, via useless surveys reply back false intentions anything, emailed directly broken equipment. maybe put effort actually something awful gym making excuses.",1,53.4094112,-2.9365796,GB
Nottingham Colwick,2024-04-03 11:23:03,"bad layout, machines good, poor rom. classes held open must nice people taking part it’s certainly annoying everyone else gym.",2,52.9486418,-1.088899,GB
Liverpool Edge Lane,2024-04-03 11:23:03,awful prices worth going back jd,1,53.4094112,-2.9365796,GB
Liverpool Edge Lane,2024-04-03 11:23:03,"go jd gyms also another establishment enjoys robbing vulnerable customers direct debit, robbed £100 company. similar thing happened jd, happily refunded pure gyms website detailed policies giving money back doubt kind jd. don’t make enough money.",1,53.4094112,-2.9365796,GB
Sheffield Crystal Peaks,2024-04-03 11:23:03,first time going tonight got packed equipment needed use workout many people tiny gym one queens road far better one,1,53.342416,-1.3502367,GB
Liverpool Edge Lane,2024-04-03 11:23:03,"cleaning staff, toilet’s disgusting, one day day even worse. complained email & facebook response. duty care clients, shame puregym.",1,53.4094112,-2.9365796,GB
Liverpool Edge Lane,2024-04-03 11:23:03,"took months fix pec fly machine, starters. music almost always way loud, can't talk whomever close you, good luck trying get tips correct form. staff spends time hanging arround looking phones instead something useful keep gym organized. enough work done justify prices membership.",1,53.4094112,-2.9365796,GB
Consett,2024-04-03 11:23:03,gym good clothing staff (in particular certain pt) wear completely unacceptable borderline lingerie. needs regulating urgently dress code put it’s causing users feel uncomfortable.,2,54.8518781,-1.8333741,GB
Sheffield Crystal Peaks,2024-04-03 11:23:03,limited equipment (especially leg machines). poor cleanliness (no members carry towels towels sanitiser site all). cheap though hour access handy.,2,53.342416,-1.3502367,GB
Sheffield Crystal Peaks,2024-04-03 11:23:03,"lovely staff, slimy policies. day passes used consecutive days, pounds visit. disgusting.",1,53.342416,-1.3502367,GB
Derby Kingsway,2024-04-03 11:23:03,"good gym. one town centre much better. cramped, poor placement equipment. can't get drink machine unless card (apple pay work). can't set without people bumping get equipment workout station blocks in. clean inside brand new gym expected",2,52.9151192,-1.5085685,GB
Consett,2024-04-03 11:23:03,"interested joining questions tried calling number tells there’s one speak tried messenger also you’re trying outfox robot get answer you’re looking for. give up, i’ll go somewhere else speak human.",1,54.8518781,-1.8333741,GB
Nottingham Colwick,2024-04-03 11:23:03,like sauna inside. thick horrible air air con reason. it’s also pretty small one non-cardio equipment,1,52.9486418,-1.088899,GB
Redditch Ringway,2024-04-03 11:23:03,"enough parking others said, enough cardio equipment peak times classes massively subscribed. gym isn’t big enough compared previous one premises fit purpose sadly",1,52.3087539,-1.9434403,GB
Derby Kingsway,2024-04-03 11:23:03,"please provide paper towels, people’s sweaty head marks found equipment benches already, it’s putting unhygienic.",2,52.9151192,-1.5085685,GB
Liverpool Edge Lane,2024-04-03 11:23:03,worst puregym cleanliness. toilet paper mens changing room toilet seat hanging off.,1,53.4094112,-2.9365796,GB
Redditch Ringway,2024-04-03 11:23:03,enough parking. location less convenient. enough equipment. equipment laid nonsensical way. equipment unsafe bolted floor. busy. music loud. prices raised again.,1,52.3087539,-1.9434403,GB
Derby Kingsway,2024-04-03 11:23:03,rude staff,1,52.9151192,-1.5085685,GB
Redditch Ringway,2024-04-03 11:23:03,"went today, yes xmas day closed. could updated hours web page app like puregyms london birmingham. requires bit effort save customers wasting time holiday period. looks like reopens tomorrow 8am. could read holiday opening hours clearly displayed inside access gates. could main entrance outside building. little bit common sense staff needed puregym customers plan ahead time wasted.",2,52.3087539,-1.9434403,GB
Nottingham Colwick,2024-04-03 11:23:03,fining customers parking there's enormous car park that's never capacity ridiculous. puregym ashamed. thinking joining saw reviews.,1,52.9486418,-1.088899,GB
Nottingham Colwick,2024-04-03 11:23:03,"fined £85 parking, never ever seen indication can’t park anything saying need type reg, ridiculous. cancelling membership.",1,52.9486418,-1.088899,GB
Nottingham Colwick,2024-04-03 11:23:03,register car visit sainsbury's starbucks go gym? easy forget make mistake typing in. got two fines euro car parks already.,1,52.9486418,-1.088899,GB
Nottingham Colwick,2024-04-03 11:23:03,"several others mentioned, members never told register car reg every time enter gym. result several members received parking charges £85. management never took responsibility clearly evident 1) free parking allowed available access gym 2) mention parking situation included joining instructions terms. instead, problem emerged, management silently added a4 paper warning need enter car reg tablet almost hidden behind wall. waste time, money sanity become member. cancelling mine.",1,52.9486418,-1.088899,GB
Liverpool Edge Lane,2024-04-03 11:23:03,"booked get started class, arrived mins schedule, turns available instructor. bad start, cancelled class instead.",1,53.4094112,-2.9365796,GB
Nottingham Colwick,2024-04-03 11:23:03,"using gym weeks already received £85 parking fine. ask members register car reg every single day avoid parking fines, that's ridiculous. update: appeal rejected puregym still help. customer service says nothing them.",1,52.9486418,-1.088899,GB
Nottingham Colwick,2024-04-03 11:23:03,"received parking ticket, despite inputting reg computer.",1,52.9486418,-1.088899,GB
Nottingham Colwick,2024-04-03 11:23:03,"****be careful thinking joining gym euro car parks try catch out***** forgot type reg machine inside wich easily missed forgotten way pure gym care neither, pure gym need send better emails put bigger signage stop people getting stung parking fines",2,52.9486418,-1.088899,GB
Nottingham Colwick,2024-04-03 11:23:03,rubbish. havent even got revolving straight bar cable machines. £20 puregym,1,52.9486418,-1.088899,GB
Nottingham Colwick,2024-04-03 11:23:03,equipment hygiene needs improve. tissues cleaning sprays.,2,52.9486418,-1.088899,GB
Nottingham Colwick,2024-04-03 11:23:03,"people say, customers fined £85 parking!",1,52.9486418,-1.088899,GB
Nottingham Colwick,2024-04-03 11:23:03,"poor show pure gym. posted social media times day weeks trying get people door stating free parking sainsbury’s forgot mention caveat need put registration details in. signage state small pad easily display aren’t looking communication via email. 12.99 month sounds fantastic it’s quid park. put bit focus social media/ communications emails let customers know, quite clearly reading reviews facebook communications issue pure gym quite frankly customers reinstated lack communication, putting website little late",1,52.9486418,-1.088899,GB
Nottingham Colwick,2024-04-03 11:23:03,hour gym yet get £85 parking fine hour session…,1,52.9486418,-1.088899,GB
Nottingham Colwick,2024-04-03 11:23:03,"£85 parking ticket training less hours, without stress, pay monthly membership expect parking free says free parking",1,52.9486418,-1.088899,GB
Sheffield Crystal Peaks,2024-04-03 11:23:03,"want workout sauna place. know there's aircon installed, use it.",2,53.342416,-1.3502367,GB
Sheffield Crystal Peaks,2024-04-03 11:23:03,staff great atmosphere good. however enough fitness equipment real shame. sorry pure gym facilities normal excellent gym use space well.,2,53.342416,-1.3502367,GB
Liverpool Edge Lane,2024-04-03 11:23:03,"first day gym hot water showers , lads saying it’s first time probably cheap membership hot water showers .. disappointed 😔",1,53.4094112,-2.9365796,GB
Liverpool Edge Lane,2024-04-03 11:23:03,pays dot cross s. lift working showers cold. mm fur coat .....,2,53.4094112,-2.9365796,GB
Liverpool Edge Lane,2024-04-03 11:23:03,really disappointed layout gym way cardio front one recline bike. everyone looks enter gym. open like big cube hear everyone breathing open like empty warehouse there's music thing hear peep stop start every machine hope gets better first impression great. properly worst layout gym to. brunswick l8 10x better. frustrated expectations high. gets better second day half cardio machines turned changing rooms closed night.. missing lot equipment well shoulder chest basic equipment available .,2,53.4094112,-2.9365796,GB
Sheffield Crystal Peaks,2024-04-03 11:23:03,"old places gym member pure gym done anything changing rooms, male still old lockers, old shower's work places like fact cut number cardio equipment focused weights. everyone wants look like arnie.... poor.",1,53.342416,-1.3502367,GB
Birmingham City Centre,2024-04-03 11:02:46,"member gym years pure gym account holder years. recent machine changes removed small amount variety machine gym without replacing making harder navigate gym. really disappointing, i’m ending membership moving nuffield gym",1,52.4856896,-1.871104,GB
London Muswell Hill,2024-04-03 02:58:35,"managed miracle shrinking men's locker 'expanding' gym. can't adult men sitting/changing locker now/ loads lockers across gym unless want us change middle floor, absolute ridiculous. add expansion work going past months (more?), would recommend gym wanting workout construction zone. actively searching another option area.",1,51.5910395,-0.1420768,GB
London Tottenham Court Road,2024-04-02 23:36:49,"gym ok price. however, mens bathroom stinks. blame cleaner, blame plumbing system. walk changing room nose gets terrorised smell foul breathing becomes difficult. attempting mouth breath help almost taste it. management puregym invest money making pipes clean everything unblocked. also power racks need safeties. know budget cuts introduced unable safeties.",1,51.5163525,-0.1313917,GB
Cambridge Leisure Park,2024-04-02 22:46:22,"staff helpful. however, seems nothing done teenagers leave weights area mess, take space stand large groups around equipment don’t use. vending machine doesn’t work well, emailing receiving product after-hours, months ago, there’s still response refund. lockers extremely neglected, i’ve also mentioned staff forcing open definitely ideal.",1,52.1900026,0.1367799,GB
Yate,2024-04-02 00:04:20,it’s really gone hill since opened. hot there. hot? circulation air feels stuffy it’s horrible you’re exercising point makes feel ill. please put air con on!!!! also always rubbish lying around? example i’ll see water bottle tissue floor visit later week it’s still there!!! needs better hygiene standards.,1,51.5403113,-2.4134281,GB
Staines,2024-04-01 18:41:31,really stuffy equipment old. went unstaffed time untidy. classes good gym always packed. plus air quality inside awful always get lightheaded- ideal you’re exercising.,1,51.434012,-0.511044,GB
Coleraine,2024-04-01 18:21:21,"ramadan posters face, one mention easter. pandering 0.5% puregym coleraine members.",1,55.1315912,-6.671861,GB
London Shoreditch High Street,2024-04-01 12:18:13,"year, months lift still repaired. inclusive gym care disabled customers!! decided ages ago puregrim would never get another penny think important keep highlighting issue regardless. reply asking contact anybody issue already have, numerous times useful paper drill. also elaborate- single button lift malfunctioned, lift still regularly used members staff take rubbish bags ground floor street level! gross company!",1,51.5232534,-0.0744674,GB
Poole,2024-04-01 12:18:13,"good gym, ridiculously crowded time. hard find somewhere stretch classes on.",2,50.7179472,-1.981521,GB
Sutton Times Square,2024-04-01 07:45:47,"there's nothing real alot staff see health guru nothing respectful offer, would rather use pure gym lack respect shown personal wellbeing. expectations pure gym improvements made. #purley_puregym #suttontimesquare_puregym #kingston_puregym noticed regular suspicious behaviour pattern various people purley puregym indirect comments various staff unfortunately never talk need fix get life. #rude",1,51.3643147,-0.1915453,GB
Leeds City Centre North,2024-03-31 23:51:46,ridiculously busy,2,53.9558121,-1.1229892,GB
Hednesford Cannock,2024-03-31 22:00:48,well could see glass members use disabled spaces outside.,2,52.7113843,-2.0025384,GB
Maidstone - The Mall,2024-03-31 17:18:22,"two stars fact yes able use gym 24/7 great put lot work app, however really need expand build another gym ashford maidstone. live right travel mins crowded gym small size. lowest count around people even 11pm!! ever get use treadmill rowing machine. equipment close together really feel like personal bubble. makes feel uncomfortable. cancel membership.",2,51.2730013,0.5255069,GB
Manchester Stretford,2024-03-31 17:18:22,literally filthiest place ever experienced,1,53.4680344,-2.2457149,GB
Edinburgh Exchange Crescent,2024-03-31 13:46:34,"compacted basement area, old machines, wifi weak. many cardio machines fill place. space weights racks would nice.",2,55.9471483,-3.2090253,GB
Fareham,2024-03-31 13:16:19,tried book twice they’ve cancelled appointments reason.,1,50.8526637,-1.1783134,GB
Bletchley,2024-03-31 12:56:08,go,1,51.9943694,-0.7325655,GB
Woking,2024-03-31 03:21:15,"serious gym goer, go woking puregym. social club teenagers work groups hogging machines working instead talk, scroll phones dump bags others could using them. wanted use machine boys hanging around using, say using spent 10mins sitting scrolling phones, set left - point?! gym floor always dirty. literally spit floor smith squat machine 🤢 carpet always mud stains (hope mud😳). wrappers garbarge floor. gym serious adult serious gym goers longer come gym, one close us sucks! gym want work leaving due frustration. dont waste money find another decent gym.",1,51.3201891,-0.5564726,GB
Belfast Adelaide Street,2024-03-31 03:21:15,"going back forth years , maybe years ago rate 4.5 gyms belfast advanced stars max good day compared gyms one falling behind equipment hardly new equipment added last years compared jd gyms especially glute machines poorly layed also ... cable machine often handles bathrooms fkn stink spray ! scales come go music horrendous",2,54.5936289,-5.9282801,GB
Manchester Exchange Quay,2024-03-30 23:39:54,"well, rejoined gym month hiatus. major surgery decided gradual return im still healing abdominal surgery . today, pin work despite buying core (any gym) membership. buzz staff. get friendly welcome even showed receipt. saw selected urban quay (mistake) instead exchange quay. staff member said exchange quay urban exchange. replied, didn’t matter bc paid “any gym” membership. put pin showed didn’t work. asked app. explained still downloading . stated, “i’ll let today i’d find left issue pin. want say thanks treating like criminal. would nice received friendly welcome especially since error pin work. also paid membership. urban exchange expensive exchange quays membership. i’ve decided today gym temporary membership only. soon i’m fully recovered surgery, i’ll find another gym go to..",1,53.4663229,-2.2822821,GB
Leeds City Centre North,2024-03-30 22:49:28,bad • one puts weights away • site mess equipment everywhere • roof leeks treadmills • music loud (and awful) others said can’t hear music even noise cancelling headphones • classes annoying close functional fitness areas good • location • amount cardio equipment,2,53.9558121,-1.1229892,GB
Birmingham City Centre,2024-03-30 21:59:03,parking improved equipment old times broken. number gyms attend membership reduced cases far useful.,2,52.4856896,-1.871104,GB
Walton-on-Thames,2024-03-30 21:18:42,"bad smell mold going gym several times, clean all, dirty, employees work care all.",1,51.3856837,-0.419814,GB
London Crouch End,2024-03-30 20:08:06,"people walking directly gym floor upstairs far idea keep pausing let people pass almost punched couple accidentally lat raises cable machine. wouldn’t less dangerous marked corridor round outside training area? also, younger members allowed hang clothes changing room like it’s nursery school? aren’t lockers used?",2,51.5796918,-0.1236831,GB
Peterborough Brotherhood Retail Park,2024-03-30 01:08:25,overcrowded.,2,52.6002891,-0.2642011,GB
London Piccadilly,2024-03-29 19:15:26,hard install working wifi?! gym open years still wifi even though it’s located basement little signal. basic requirement.,2,51.5060854,-0.1441691,GB
London Stratford,2024-03-29 16:23:56,"always busy, enough space equipment accommodate everyone there's always people hanging waiting use equipment. agree others quite unsanitary gym could use improvement area. staff unapproachable.",1,51.541289,-0.0035472,GB
Leicester St Georges Way,2024-03-29 16:13:51,"gym good size plenty equipment, visit rarely absolutely stinks",2,52.635872,-1.1231787,GB
Epsom,2024-03-29 15:13:17,equipment need upgrade. little room studio area.,2,51.3326098,-0.2678212,GB
Birmingham West,2024-03-28 07:36:57,"great staffs personal trainers, serious lack hygiene gym amount money pay monthly. toilets always smelling unkept hence even use changing room without throwing up.",2,52.4796992,-1.9026911,GB
Salford,2024-03-28 02:04:07,posters blocking view like want look plain view running 🏃‍♂️,1,53.4877463,-2.2891921,GB
Birmingham Snow Hill,2024-03-28 01:43:57,"number gyms. one standard gym lots equipments absolutely well maintained managed. lost cash even locked locker, cash taken away workout, padlock… plus, air inside gym fresh, always stink. site could better managed sure.",1,52.4834796,-1.8992405,GB
Leeds City Centre South,2024-03-27 21:41:55,"really pushes boundary even remote acceptability, music instructors obliterate eardrums every minutes new class begins (even noise cancelling headphone barely stifle oppression), free weight section packs absolutely many possible benches space already small less foot benches weight rack making virtually inaccessible gym full deeply uncomfortable rest time, weights never correct spot. never thought gym could smell worse normally pure gym leeds bring us new realm awful. expensive gym less space less available.",2,53.3803135,-1.4706053,GB
London Borough,2024-03-27 19:20:42,"oh dear, good start. first time visit puregym, booked induction session. got gym, no-one ask needed go booked class. wasted minutes trying find member staff. eventually one gym-goers took pity showed around gym equipment. left without done class, find it. slightly regret joining now.",2,51.5011444,-0.0932926,GB
Leeds Hunslet,2024-03-27 17:59:58,"coming while, music way loud gym today!!! could hear well headphones. like music gym plays want able hear choice. good, hope permanent thing.",2,53.7786185,-1.5282492,GB
London Stratford,2024-03-27 16:29:11,"changing rooms toilets almost always dirty that's annoying thing. main annoying thing wifi months now. one works seems know fixed. gym needs app uses internet enter exit gym, that's problematic, especially considering there's signal building use internet data...",2,51.541289,-0.0035472,GB
London Kidbrooke Village,2024-03-27 01:41:34,"unfortunately gym going , use active classes, pm super full , many teens messing around many people particularly womans)doing videos ""workouts"", audience..plus rising price definitely gonna help keeps clients",1,51.4614006,0.0259584,GB
Leeds Thorpe Park,2024-03-27 00:41:03,"wifi months. theres poor cellular connection inside means need contactable 'on call' work clients, reachable. staff waiting technician months lol",2,53.8006255,-1.4261013,GB
Manchester Spinningfields,2024-03-26 23:50:38,"gym looks nice actually good place work weeks ago upper management within company decided get greedy put yet another offer attract members, despite gym evidenty capacity. it’s impossible get good workout due lack available equipment, even off-peak hours. even isn’t overcrowded, aren’t enough plates leg press machine. others also mentioned it’s warm. is. i’ve seen company respond saying use automatic temperature regulation system. system isn’t broken, you’re setting high gyms save costs. none issues related staff gym specifically. least 6-7 pure gym locations issues i’ve mentioned problem almost every single one. issue greed upper management trying cram many people possible locations despite ruining experience, skimping air conditioning. still profitable without ruining experience, raise price need to.",2,53.4800153,-2.2517994,GB
Colchester Retail Park,2024-03-26 22:50:07,average gym customer service outrageous due rude worker(blonde haired woman) multiple occasions treated year old self like child telling insulting group working out. needs learn basic communication skills politely correct customers,1,51.8926343,0.8909382,GB
Colchester Retail Park,2024-03-26 22:50:07,"worker short blonde hair gym unnecessarily rude made others change gyms, understand rules somethings people need corrected workers approach overall way speaks people disgusting makes many uncomfortable.",1,51.8926343,0.8909382,GB
London Lewisham,2024-03-26 19:18:16,"freezing shower hot water, blocked drain dirty showers , missing hooks hang towels inside cubicle",1,51.4656437,-0.0139562,GB
Ipswich Buttermarket,2024-03-26 16:26:45,"quality gym gone downhill massively years i’ve member real maintenance upkeep carried out. place complete mess, equipment regularly broken missing. sadly little sign improvement. looking change gyms new jd gym opening ipswich soon.",1,52.0571564,1.1545049,GB
London Enfield,2024-03-26 05:51:18,honestly even deserve one star. unfortunately gym gets away bare minimum lack alternative options area. spend times putting away weights look equipment actually getting workout in. good trainers left leave one else's picks classes eventually get cancelled. also way many 16-20 years old majority piss around making hard others get workout done. gym stinks needs cleaners throughout day hours early mornings. also usually antibacterial tissues stations provided end keep bringing own. price charge worth considering shambles in.,1,51.6517156,-0.0786839,GB
Nottingham Basford,2024-03-25 21:47:01,"scruffiest puregym i’ve outside london; nobody puts weight backs ones rack wrong place, like place gang wars",2,52.9816725,-1.1783596,GB
Basildon,2024-03-25 06:48:49,hi. i’ve coming since september 5.30 4-5 days week. there’s woman sings gets way close people they’re performing sets. using dumbbells she’d pairs dumbbells around her. even moving machines gets really close. word change. events. really enjoy gym it’s kept immaculate condition.,2,51.5754602,0.4757363,GB
Galashiels,2024-03-25 03:06:40,fit purpose - two showers available gym accommodate many people enough. wanted go gym work possible inadequate changing /showering facilities.,2,55.6156505,-2.8061618,GB
London St Pauls,2024-03-25 01:56:00,want sell gym?,1,51.5100825,-0.0679695,GB
Brighton London Road,2024-03-24 13:49:14,"first time here, joined severely regretting using weight benches. completely unsuitable extremely limited adjustability. tiny foot woman im overweight ft man bench completely unsuitable dangerous full range exercises full work out. every puregym ive benches seat back separately adjustable low im permanently squat. brain-dead moron designed gym?? cant express infuriating stupid move puregym!!!",1,50.83681,-0.1362631,GB
Leamington Spa,2024-03-24 01:52:29,overcrouded. little kids sitting phones people actually want work waiting line equipment. got time that's cancelled,2,52.2913394,-1.536404,GB
Manchester Market Street,2024-03-23 23:31:11,terrible.... rather pay better gym better gym culture,1,53.4824808,-2.2411908,GB
London Bromley,2024-03-23 11:04:08,"go i’m student it’s cheap. roof upstairs leaking months, mould many places. day abductor machine stream water started pouring ceiling cable machine - stank downstairs afterwards. it’s great!",2,51.3668569,0.0617091,GB
London Bermondsey,2024-03-22 16:23:15,"keeping puregym app's general nosedive, brick mortar locations gone similar drop standards. enjoy gym etiquette thousands deluded #southlondoninfluencers throw money way! toilets work either, find needing go point... know say",1,51.4970125,-0.063268,GB
New Barnet,2024-03-22 07:08:06,always warm there. needs air con!,2,51.6497449,-0.1751403,GB
Crewe Grand Junction Retail Park,2024-03-22 03:36:13,"cleaning stations machines small facilities changing gym area, worth £25 probably cancelling first month",2,53.0959254,-2.4345425,GB
Peterborough Brotherhood Retail Park,2024-03-22 01:04:46,"mens shower smell terribly, smell like never cleaned. grave issue easily addressed gym negligent hygiene.",1,52.6002891,-0.2642011,GB
London Hoxton,2024-03-22 01:04:46,"wifi gym, especially peak time. signal went ask complain staff. explained : “ peak time “ ??? signal find work also gym sometimes closed longtime, due flooded floor. refund discount. stop membership",2,51.5323935,-0.086078,GB
London Hayes,2024-03-21 18:00:51,"one worst gyms about. none fountains, toilets drinks machines work. speak management, uninterested don’t care; appear rather incompetent yet arrogant. it’s shame gym terrible, puregyms immaculate, particularly given price.",1,51.6621711,0.7083861,GB
Leeds Hunslet,2024-03-21 18:00:51,"there's single 50kg dumbbell, one missing. morning, 21.04.24, wasted time. gym 4:30 am, free weights area available use. refurbished supposed finished yesterday. disappointed this.",1,53.7786185,-1.5282492,GB
Manchester Urban Exchange,2024-03-21 12:07:22,"loyal member pure gym urban exchange years now, seen evolution firsthand. there's lot appreciate here, starting local presence quality equipment available. gym everything need comprehensive workout, cardio machines free weights. however, popularity, although testament value, bring challenges. peak hours, gym feel bit overcrowded, compounded fact equipment often left instead put back place. creates chaotic environment also makes difficult find use equipment efficiently. significant portion gym floor frequently 'reserved' classes peak times. means even gym buzzes members, access essential equipment restricted, frustrating us looking get full workout. one pressing issues, however, gym's ventilation. air conditioning system seems perpetually order, perhaps utilized be. led excessive condensation walls windows, making gym uncomfortably humid warm. matter discomfort; feels like health safety oversight. cleanliness another area pure gym urban exchange could significantly improve. despite presence cleaners, efforts seem superficial, dust accumulation clearly visible across gym. thorough cleaning regime would greatly enhance workout environment. pure gym urban exchange makings flagship facility brand. popularity among locals clear indicator potential. however, popularity contributing drawbacks, particularly terms cleanliness equipment management. there's real opportunity pure gym address issues head-on elevate gym standard meets exceeds members' expectations. half decade membership, hope see changes implemented, betterment gym-goers.",2,53.4817408,-2.2283336,GB
London Colindale,2024-03-21 07:44:50,"stinks entrance. whole first level stinks various degrees . lower level stuffy, ventilation rubbish levels. left unpleasant. back here. otherwise, would ok gym.",1,51.5954091,-0.2499296,GB
London Wembley,2024-03-21 04:02:45,"one worst gyms i’ve to! extremely overcrowded. none lockers working. there’s space breathe people trampling you’re thinking signing gym. don’t , it’ll big mistake .",1,51.5560695,-0.2796034,GB
London Leytonstone,2024-03-21 03:42:35,manger puregym leytonstone disrespectful verbally abusive towards customer service poor also seemed personal problem zero manners whatsoever recommend gym,1,51.5684052,0.0111701,GB
Wrexham,2024-03-20 20:48:35,"dirty, dull, music viewable tv,s...plenty room though!",2,53.0465084,-2.9937869,GB
London Kidbrooke Village,2024-03-20 01:37:45,it’s okay gym enough equipment space gets packed pm onwards lots teenage boys playing flip bottle studio example last there. it’s starting feel like school club gathering. reason review personal trainer monika find rude unapproachable. numerous occasions i’ve seen look unfriendly look face rolls eyes looks away notice. makes feel like done something wrong. asked help one machines goes completely ignores walks past feel uncomfortable around needs professional taught people skills.,1,51.4614006,0.0259584,GB
Rayleigh,2024-03-19 20:35:08,extremely overpriced branch,1,51.5884892,0.6012418,GB
London Limehouse,2024-03-19 15:12:19,staff sight. july left alone unattended large weights. kettle bell swing 20kg weight ruined back leaving life changing injuries. l5/s1 herniated disc. unable walk weeks. get flare ups greatly reduced quality life. pure gym leave alone heavy equipment unsupervised vulnerable serious life changing injuries,1,51.5133074,-0.0351492,GB
London Beckton,2024-03-19 14:31:58,get gym daylight hours staff,1,51.5160797,0.0594257,GB
Manchester Exchange Quay,2024-03-19 11:30:26,"disappointing experience puregym, primarily due substandard quality matrix gym equipment.limited selection selectorized machines, seemingly arranged spatial aesthetics functional fitness. limited variety compounded poor maintenance equipment, noticeably lacking care attention.the gym's redeeming features free weights, including barbells dumbbells, cardio machines, which, basic, reliably usable pieces equipment available. looking use cable stacks, experience frustrating best. availability aside, challenge finding essential attachments d-handles needlessly difficult. moreover, embark bilateral exercise, prepared inconsistent resistance profile; selecting weight sides guarantee resistance, undermining effectiveness workout.this inconsistency extends gym's plate-loaded machines, two. even equal weights loaded, one side inevitably feels heavier other, presenting baffling disappointing scenario users expecting balanced workout.members left little choice rely basic elements gym—the free weights cardio machines—for workouts, highlighting significant area improvement puregym must address.",1,53.4663229,-2.2822821,GB
New Barnet,2024-03-19 07:08:09,"joined back gym year break, earth happened? never seen ghteo gym, almost every locker male changing room broken destroyed. stinks piss. mirrors hairdryers removed, central bench removed. ther nothing ther either smashed lockers. rest gym tired refresh since since left years ago. still great selection kit. hell happened? joined swiftly canceling sad see.",1,51.6497449,-0.1751403,GB
Cirencester,2024-03-19 01:35:18,"cancelled membership, moved area swap another gym simply gym cheltenham welcoming friendly, came puregym...just get feeling, staff sit phones time little engagement get feeling shame",2,51.7171029,-1.9661616,GB
Newport Gwent,2024-03-19 01:05:00,paid day pass waited hour get code outside cold. staff telephone contact local messages stupid system wont going back.,1,51.590121,-2.9985571,GB
Leeds City Centre North,2024-03-18 22:44:20,"smells bad eveywhere.. place breathe women's toilet. gym try maintain awful smell probably used carpets instead normal gym flooring easier clean/mop. carpets absorb sweat leads unpleasant odors properly cared for. choose use carpet gym people's sweat absorbed ever since guys opened, invest scented diffuser anything get rid smell. anything. vacuuming going magically get odour off.",1,53.9558121,-1.1229892,GB
London Enfield,2024-03-18 17:41:37,"crowded teenagers young hanging around equipment, chatting. like teenage youthclub. putting mature adults unfortunately. expensive considering get pool steamroom. pure gyms facilities.",2,51.6517156,-0.0786839,GB
London Stratford,2024-03-18 16:20:51,equipment fine changing horrible paying useless changing room.,1,51.541289,-0.0035472,GB
Cambridge Leisure Park,2024-03-17 21:40:30,came tour looking sign up. member staff answered door came outside. told sign take look around showed signing qr code. can't take look signing up. really poor approach gaining gym members. sunday 17th march 14:50.,1,52.1900026,0.1367799,GB
Wolverhampton Bentley Bridge,2024-03-17 20:39:52,"corrrr blimey what’s happened half machines go one none working need sort big time it’s every weeki go, there’s another one order",1,52.5968429,-2.0898197,GB
London Stratford,2024-03-17 16:27:23,"frequented many gyms years, puregym stratford sadly ranks one unpleasant experiences, primarily due overpowering odor. bewildering whether lack proper ventilation deliberately forgo using it, gym perpetually enveloped sharp, pungent scent sweat that's hard ignore. equally disappointing conditions toilets, clear testament lack social responsibility among members seemingly indifferent attitude staff towards maintaining cleanliness. efforts, lack thereof, result half-hearted attempt barely scratches surface needed keep gym respectable state.",1,51.541289,-0.0035472,GB
London - Twickenham,2024-03-17 14:16:11,"gym's pricing match value provides. often overcrowded teenagers, making difficult train effectively due group gatherings linger extended periods. additionally, facility small outdated, aging equipment like running machines. overall, disappointing, choice cancel membership.",1,51.4505786,-0.3288402,GB
Leamington Spa,2024-03-17 13:45:53,"equipment broken times, entrance door broken. one entrance ""capsules"" broken too. hole wall. toilets dirty stinky. avoid gym costs.",1,52.2913394,-1.536404,GB
London Park Royal,2024-03-17 08:32:51,"(16.03.2024 - 9.40pm ) came back gym today bad staff lot young guys around years old (there them) unlocked front door entered groups. started get dangerous, smoked marijuana inside, entered men's women's locker rooms tried break padlocks rob lockers. know anyone robbed. one staff asked leave gym. continues like this, forced give place move another gym safer. please react information.",2,51.5264341,-0.2839348,GB
Blackburn The Mall,2024-03-17 02:49:30,good gym let use it. constantly going finding college students sat around equipment using it. nobody puts weights back travel around whole gym find need. really poor considering alternatives now. staff far try best need bit stricter. went newer gym town gym etiquette miles better.,2,53.7489149,-2.4826216,GB
South Ruislip,2024-03-16 23:27:33,staff present meant staffed hours. caused issues people struggling passes.,1,51.5569909,-0.3990635,GB
South Ruislip,2024-03-16 23:27:33,mirrors. every gym needs mirrors. otherwise members look muscles whether muscles contracting properly. please mirrors.,1,51.5569909,-0.3990635,GB
South Ruislip,2024-03-16 23:27:33,trainer vivien cold friendly yesterday evening. friendly. upset looked forward gym opening. get better staff!!!,1,51.5569909,-0.3990635,GB
South Ruislip,2024-03-16 23:27:33,agm refused give tour gym busy. can't handle pressure?,1,51.5569909,-0.3990635,GB
Southampton Bitterne,2024-03-16 16:13:16,stone age equipment,2,50.9181488,-1.3769392,GB
Leicester St Georges Way,2024-03-16 04:05:59,people fighting gym. throwing weights other. missing weights unhygienic. disrespectful staff. water. broken machine. enough machines.,1,52.635872,-1.1231787,GB
Altrincham,2024-03-16 00:33:54,never,1,53.3839662,-2.3525463,GB
Dagenham,2024-03-15 20:21:13,"enough machines, there’s people hogging machines 30/40 minutes maybe more, haven’t able use leg press last three days one leg press whole gym. kind limit long use one piece equipment for. furthermore got people “saving” equipment friends even you’re standing waiting. honestly don’t think gym worth it.also consider limiting amount people gym there’s people gyms making impossible comfortable workout leaving 10/20 minutes gaps waiting machines, don’t believe it’s good value money",1,51.5413271,0.1481142,GB
London East Sheen,2024-03-15 18:40:01,"isn’t air con anymore?!? air still stale hot gross. spend half time looking someone ask turn on. it’s gym. aircon edit: i’m gym now, standing one aircon ducts, there’s still nothing :( edit #2: cooler today, star rating increased accordingly",2,51.4623706,-0.267094,GB
Wolverhampton Bentley Bridge,2024-03-15 08:33:42,"smelly, stuffy, changing rooms dirty",2,52.5968429,-2.0898197,GB
Glasgow Hope Street,2024-03-15 06:12:15,"seem open till 6am fridays now, disappointing walk way across town find piece paper stuck door. supposed 24/7",1,55.8620957,-4.2581729,GB
Manchester First Street,2024-03-15 02:29:58,person concerned ac working month? told staff got workout near entrance door? joke! gym fairly new (just year since opening) facilities run said ac really important gym low ceilings gets really busy even 9pm.,1,53.4723654,-2.246418,GB
Folkestone,2024-03-15 01:49:35,gym needs equipment...,2,51.0791335,1.1794073,GB
Leicester Walnut Street,2024-03-14 20:26:25,good equipment place packed,1,52.6244566,-1.1343556,GB
Peterborough Serpentine,2024-03-14 18:55:33,pros: good size gym good amount equipment. numerous squat racks really nice. cons: gym often capacity. app tell us true extent many people there. spotted two occasions groups four cramming gate using one code. usually younger groups. seems staff overseeing this. makes awful experience due overcrowding trying find equipment. question whether becomes issue around health safety. unfair paying customers experience diminished people even members. tried approach staff significant lack staffing around peak times. would recommend gym anyone looking join this.,1,52.5403778,-0.2632194,GB
Gateshead,2024-03-14 16:54:23,staff asked help assistance failed provide,1,54.9625789,-1.6019294,GB
Bangor Wales,2024-03-14 14:43:05,really crowded gym. everyone hogs machinary. can't get work done enough ratio popular equipment. lucky get decent leg press. 25mins waited girl rest breaks phone actual reps get 1...leg curl 25minutes. really bad culture focusing work phones. left cancelled set numbers people times day laze around,1,53.2277163,-4.1268822,GB
Nuneaton,2024-03-14 03:56:22,one best pure gyms. seriously subscribed. difficult get machines. town centre location also makes loitering venue some. amount people serious problem reason find another gym,1,52.5246182,-1.4684488,GB
Gloucester Retail Park,2024-03-14 03:36:11,"keeps cancelling membership reason. second time less month. also passive aggressive emails. forgot put back weight suspended account. membership 19th 19th, cancelled yet again. 13th. inconvenient miss gym disheartening someone trying get serious gym. gym code seems work properly often. extremely poor customer service basically exist. number call. fb messenger takes hours respond. disappointed!",1,51.859848,-2.2163951,GB
London Beckton,2024-03-14 02:35:36,"well well, microphone noise class instructor.. hear stratford. way enjoy workout, even max volume earphones chance . something, guys, energetic atmosphere but, like loudest concert.",1,51.5160797,0.0594257,GB
Bromborough,2024-03-13 22:02:56,classes unnecessarily loud makes overstimulating,1,53.3333672,-2.9774612,GB
London Lewisham,2024-03-13 19:21:20,"pure gym lewisham rubbish, hot water months, corporation, understand boiler fixed, trying make profit. seriously going stop membership. please ask contact manager, staff ever onsite complain to.",1,51.4656437,-0.0139562,GB
Northolt,2024-03-13 17:30:20,come go place sort work vehicle/van. get broken into.,1,51.5484582,-0.3695247,GB
Belfast Adelaide Street,2024-03-13 14:18:26,👀,1,54.5936289,-5.9282801,GB
Cambridge Leisure Park,2024-03-13 09:35:37,everything works top class except hot water shower upsetting,2,52.1900026,0.1367799,GB
Swindon Stratton,2024-03-13 01:40:35,"disappointed. people men's urinals indisposed. 4g signal premises wifi available (even tescos wifi customers), 2024!",1,51.5844079,-1.7492304,GB
Camberley,2024-03-12 19:06:53,would ok gym would tell young boys come dressed properly (not trousers hanging sitting equipment underwear) tell young boys stop hanging hands inside trousers touching equipment. otherwise would proper basic gym nothing fancy,2,51.3392845,-0.7460981,GB
Romford,2024-03-12 19:06:53,"gym filthy, there's manager here. came in, ben ( one pt's hoovering cleaning downstairs, got female changing rooms, disgusting. amount hair floor gross. evening cleaners absolutely nothing. cleaner actually clean properly muslim lady comes thursday. need sort cleaning company, acceptable",2,51.5760462,0.1822646,GB
Wisbech,2024-03-12 17:26:00,"small puregym isnt open hours, somehow alot expensive home puregym hour much bigger",2,52.6651733,0.1606824,GB
Northolt,2024-03-12 05:29:30,"decent gym, member several years, but... morning attacked gym member. disabled person got irritated someone bragged abusing disabled parking facility three years regularly left unable park one disabled bays specifically set people like (blue badge holders). charged punched front manager, sorry say nothing, allowing carry workout without consequence. thanks personal trainer michael restraining assailant. report incident police, think lesson take away management either unwilling unable deal problem members willing get aggressive physically disabled individuals calling bad behaviour. cancelled membership today, honestly considering suing gym causing situation arise failing act appropriately deal serial abusers disabled facilities.",1,51.5484582,-0.3695247,GB
London Stratford,2024-03-12 04:18:51,"months ago come check reviews scared disgusted. now, expecting improvement even worse. congratulations worse reviews ever read, used go puregym another city awesome. even courage go.",1,51.541289,-0.0035472,GB
Glasgow Shawlands,2024-03-11 20:44:39,cheap probably cheap enough justify poor condition lot equipment,2,55.8293953,-4.2924269,GB
Leicester St Georges Way,2024-03-11 16:12:07,"ever step foot again. shame potential lovely disgustingly filthy, smelt like broken toilets, equipment everywhere, machines broken signs say so. honestly vulgar",1,52.635872,-1.1231787,GB
Cardiff Central,2024-03-11 15:01:29,fyre festival gyms. unfortunately promise world little provide services say will. attended many gyms years far worst. recommend looking achieve cardio goals attending classes here.,1,51.4755495,-3.1797057,GB
London Leytonstone,2024-03-11 03:35:07,"gym closed since stinks soon walk in. toilets smell like urine assigned gender. absolutely disgusting, full hair, urine, name it. enough equipment. pool. expensive packed times! sooooo unhappy",1,51.5684052,0.0111701,GB
Manchester Exchange Quay,2024-03-10 23:33:00,every time come emergency cord disabled bathroom tied support bar! disabled person anyone ever need support help clearly can't trust safe,1,53.4663229,-2.2822821,GB
Maidenhead,2024-03-10 23:02:44,leaking pipes everywhere one fixing months,1,51.522743,-0.7197368,GB
London Park Royal,2024-03-10 20:31:25,shower place order ages it’s shame,1,51.5264341,-0.2839348,GB
Solihull,2024-03-10 19:30:53,nost sure one continually open solihull better gyms closed.. ots way busy chavs,2,52.4130189,-1.7768935,GB
Dudley Tipton,2024-03-10 16:59:29,gym far busy often run. enough equipment often broken down. cancelled membership,2,52.524461,-2.0492538,GB
London Edgware,2024-03-10 14:38:15,music ladies section loud !!! barely hear music headphones !!!!! room smaller compared main room music probably connected one sound it’s deafening,2,51.6136623,-0.2749555,GB
Wakefield,2024-03-10 13:47:48,worst puregym ever to. showers always dirty changing rooms. full people never seem work living sit hog machines whilst phones constantly.,1,53.6829541,-1.4967286,GB
London Clapham,2024-03-10 13:37:43,"less virtue signalling ""inclusive"" time spent keeping semblance respect putting weights back right position.",1,51.4614469,-0.138627,GB
London Finchley,2024-03-10 06:33:59,"locker broken into, wallet stolen",1,51.5973246,-0.1805587,GB
Brierley Hill,2024-03-10 01:31:16,"never fan gym; every time always messy weights barbells scattered floor dumbbells wrong location. seems whole lot treadmills little machinery. pro gym 24/7, however jd gyms minute walk away really worth going here.",2,52.4823185,-2.1237803,GB
Bicester,2024-03-10 00:20:38,"bicester puregym worse management gym uk, everyday packed peak hour. personal opinion. thinking join them, advise considering better management gym bicester.",1,51.8988832,-1.1518287,GB
London Colindale,2024-03-09 19:48:13,gym really gone hill. equipment awful condition. like nothing done replace equipment.,1,51.5954091,-0.2499296,GB
London Fulham,2024-03-09 18:27:30,"hot water, gym equipment isn’t great. know it’s cheap really get pay for.",2,51.474408,-0.206809,GB
Southampton Bitterne,2024-03-09 16:06:12,"blocked access gym paid for, blocked fault system work access, fault, machines work still fault recommend gym ! think mental problem think better normal person recommend gym anyone jd gym opened soon area. think much better here. gyms closed run never contact people.",1,50.9181488,-1.3769392,GB
Bradford Thornbury,2024-03-09 09:02:21,bad. parking ticket thieves.,1,53.8030213,-1.7048953,GB
Galashiels,2024-03-09 02:59:08,"gym toilets clean urine floors paper towels lack supervision members think it’s quite acceptable interrupt work ask many sets intend finished, pool table putting pound edge table doesn’t mean next table , issues raised staff ………. polite water ducks back . also certain members consider safe sensible behave like olympic power lifters lifting huge weights dropping height little control also gyms workout areas used social gatherings selfies charity phones get grip please i’m fed raising issues action taken.",1,55.6156505,-2.8061618,GB
London Beckton,2024-03-09 02:28:50,busy,1,51.5160797,0.0594257,GB
Belfast Adelaide Street,2024-03-09 02:18:44,like puregym one busy staff seem put effort tidying dumbbells making often hard find right weight two match,2,54.5936289,-5.9282801,GB
London Shoreditch High Street,2024-03-08 23:17:05,"a/c system cannot deal volume people visit gym. incredibly hot times, unbearably hot cardio peak times.",1,51.5232534,-0.0744674,GB
Birmingham West,2024-03-08 19:35:03,"salam bhai, name aryan o. nice meeting you. son lawyer, respected man smethwick. suing gym due solid fact congestion completely control, walk changing room there’s man ding dong out. it’s good enough honestly, good friend mine pointed gym one best country, looks like absolute worst! honestly, take gym court recommend gym. truly, aryan o. son lawyer way.",1,52.4796992,-1.9026911,GB
London Hayes,2024-03-08 18:04:15,"big minus gym care cleanliness, toilet stinks urine showers clogged hair, cleaner",1,51.6621711,0.7083861,GB
Birmingham Snow Hill,2024-03-08 13:41:56,horrible time staff rude. even go cyber bully customers weight,1,52.4834796,-1.8992405,GB
Bournemouth the triangle,2024-03-08 07:28:34,filthy toilets. locker room filled broken lockers.,2,50.7202399,-1.8840071,GB
Motherwell,2024-03-08 01:25:20,use,1,55.7893512,-3.9904173,GB
London Great Portland Street,2024-03-08 00:55:03,much scattered over. bad design.,2,51.5238146,-0.1437048,GB
Leeds Hunslet,2024-03-07 17:51:12,come here. worst gym ever,1,53.7786185,-1.5282492,GB
Ipswich Buttermarket,2024-03-07 16:20:20,"thing lets gym personal trainers. two first one late nearly every session rarely stayed whole hour paid for, second one worse, cancelling appointments minutes supposed start late letting know poor excuses like raining wanted wait stop! loved gym ages feel disappointed pts seriously considering changing gyms need decent pt help progres fitness goals.",2,52.0571564,1.1545049,GB
Newry,2024-03-07 14:19:13,"people hog equipment using rest area,others stand posing beside them. number thefts lockers etc,no shower open night, vacuuming begins whenever start workout.",2,54.1775283,-6.337506,GB
Nottingham Beeston,2024-03-07 05:54:39,stinks time,1,52.9209026,-1.2075548,GB
Northwich,2024-03-07 04:54:07,"poor outdated gym. layout confused, small weights section, alot machines rusty action. see charge decent rate membership, classic cheap cheerful motto. snap fitness leading way makes puregym look laughing stock",1,53.2602539,-2.5145104,GB
Portsmouth Commercial Road,2024-03-07 03:23:20,want talk shower room. clean .but ! add cold water please,1,50.804976,-1.0870115,GB
Leamington Spa,2024-03-07 01:52:31,"wheelchair users beware. despite fact husband paralysed therefore cannot use half gym equipment, still expected pay full price membership. puregym, shame unprepared give people need support help rehab fair price ability.",1,52.2913394,-1.536404,GB
Birmingham City Centre,2024-03-06 21:50:23,gym. rubbish station! understand people paying what? can't even one good lock put stuff in. lights flicking blinking blind eyes! look like hall gym big hall full items 🤧🤮 even couple weeks coming today cancelled membership,1,52.4856896,-1.871104,GB
London Stratford,2024-03-06 16:27:26,"first time gym. went ask simple information, manager tattooed face blonde woman super arrogant even gave wrong information! see care gym customers barely even look face. paid much attention, would men painting wall women's bathroom peak hours gym? change clothes take shower situation? uncomfortable use bathroom men front bathroom doors. reviews see alone opinion, fact!!!",1,51.541289,-0.0035472,GB
London Finsbury Park,2024-03-06 10:44:23,"random dumbbells strewn across floor, making near impossible find need. temperature sauna. gym etiquette exists puregym. far worst i’ve visited.",1,51.5648345,-0.1064144,GB
Edinburgh Craigleith,2024-03-06 02:19:54,far busy enough space equipment deal demand. never cleaning products. frustrating. happened closed another puregym continued memberships here.,2,55.9568939,-3.2384877,GB
Birmingham Snow Hill,2024-03-06 01:39:34,"reasons star: broken lockers months, enough lockers, dirty tissues bottles everywhere (all cleaners seem chat together hoover), breaking equipment (cables plastic coming off, handles ripped), weights scattered across floor, enough carabiners cable machines. puregym really needs total refurb place.",1,52.4834796,-1.8992405,GB
St Albans,2024-03-06 00:39:02,booked gym session 10pm tuesday 27th feb. went gym arrived 00:00 wednesday 28th feb find two day passes null void even entered gym. day pass would like hope would 24hrs booked. stated valid 24hrs would really appreciate someone helping solve problem.,2,51.753051,-0.3379675,GB
Ormskirk,2024-03-06 00:18:51,i'm.sute great like loud music sweat,1,53.5673603,-2.8859603,GB
London Whitechapel,2024-03-05 23:58:41,like sauna ac whatsoever.,2,51.5174861,-0.0659685,GB
Poole,2024-03-05 23:08:14,"aircon always broke switched off. gym filthy toilets/changing rooms equipment. filthy sinks, machine covered dust. can't expect everything perfect cheap membership price pay basic level hygiene maintained. place needs deep clean cleaning maintained daily basis simple.",2,50.7179472,-1.981521,GB
Leeds City Centre South,2024-03-05 21:37:25,use accessible facilities due hidden disabilities one occasion last week staff locked accessible shower. one around unlock today train catch wasn’t able shower. absolutely unacceptable you’re paying able shower. already complained customer services couldn’t seem care less. last time happened staff member unlocked said management probably won’t action this. avoid disabled way!,1,53.3803135,-1.4706053,GB
Chester,2024-03-05 16:44:45,go there!,1,53.1908873,-2.8908955,GB
Ipswich Ravenswood,2024-03-05 16:14:29,"come please busy. also employee's, obviously, finished equipment leave it. tell tidy up. seriously. pay expensive membership expect labour them. pay then. come aggressively try make tidy whilst lazy sacks desk phone half time. manager worst",1,52.0303337,1.1968831,GB
Birmingham Arcadian Centre,2024-03-05 13:33:01,"people come gym leave mess respect others around them. weights hardly ever put away are, put wrong place. leads search need, lucky, someone take spot look. coming gym months can't stand anymore. like cheap gym either.",1,52.4747581,-1.8965083,GB
Leeds Bramley,2024-03-05 08:30:20,new management took ever since gym hasn’t felt same. despite outdated equipment many long serving members stuck gym. one longest serving members gym recently suspended warning notice. never caused problems caused anything gym yet received worst sanction possible impressed!,1,53.8118759,-1.6251903,GB
Leeds Bramley,2024-03-05 08:30:20,new manager recently banned member explanation given warning. poor communication someone supposed set example others expect gym. suggestion would training transfer role suited abilities.,1,53.8118759,-1.6251903,GB
Canterbury Wincheap,2024-03-04 13:50:22,"experience male cleaner walking female showers stepping naked, getting dried. didn’t call walked - twice. apology. hung around minutes changing room couldn’t leave shower. appalling.",1,51.2744822,1.0701358,GB
Ormskirk,2024-03-04 12:19:32,"it’s terrible. used puregym years leeds, one joke. one smith machine makes sense it’s popular machine many times i’ve come workout run time due lack equipment wait people finish.",1,53.5673603,-2.8859603,GB
Manchester Spinningfields,2024-03-04 11:49:17,"music loud bad autistic, adhd. lights bright (but understand is, mind) air conditioning scratch smell aerosol deodorant bo air. . ban encourage people use roll- deoderant!? someone asthma condition called pectus excavatum (which puts pressure lungs heart) actually dangerous place full chemicals locker room even worse. would jog outside pollution obviously horrendous, unless find forest somewhere!! moan over...",2,53.4800153,-2.2517994,GB
London Muswell Hill,2024-03-04 01:54:00,gym dangerous. know partially sighted lady cannot go anymore equipment left everywhere trip over. look photo - hopefully guy doesn’t stumble fall backwards. he’d suffer serious injury. management asked make safer numerous tomes don’t seem care.,1,51.5910395,-0.1420768,GB
London Bow Wharf,2024-03-04 00:43:23,"filthy place. wonder, thy start paying staff decent money. pts overworked yet work free. blame them. blame greedy upper management ceo.",1,51.5319916,-0.0418638,GB
London Finchley,2024-03-03 18:40:12,"rowing machines working should..screws missing taught tension completely gone making rowing v difficult. ergo rowers batteries can't track workout. free weights thrown main floor free weights put away...staff interested putting weights away, users interested putting weights away..",1,51.5973246,-0.1805587,GB
Nottingham Beeston,2024-03-03 17:49:46,"running machine broken weeks. machines either side work despite advised staff holding go button seconds. sign work put sign instructing start them. stop wasting customers time trying get work, pretending perating running machines are. running machines weeks.",2,52.9209026,-1.2075548,GB
Nottingham Castle Marina,2024-03-03 02:51:55,gym castle marina got ticket parking pure gym parking… paying single penny….,1,52.9453218,-1.1685107,GB
Sutton Times Square,2024-03-02 18:37:36,"little equipment, benches ect. it’s small gym shows. use area home gym located different part country. wouldn’t use gym local. needs machines updated equipment.",1,51.3643147,-0.1915453,GB
London Canary Wharf,2024-03-02 18:27:30,aircon never ! even gym it’s full capacity. spinning class small rooom aircon on. please avoid !,1,51.5048954,-0.0190006,GB
Bristol Eastgate,2024-03-02 18:27:30,members always parking disabled bays. would think super fit people could manage walk feet,1,51.4731698,-2.5663407,GB
London Stratford,2024-03-02 16:26:27,place filthy - week don’t even soap,1,51.541289,-0.0035472,GB
Purley,2024-03-02 13:34:58,bussy 🥴🥴🥴,2,51.3388112,-0.1158589,GB
London Greenwich Movement,2024-03-02 09:53:02,never open time,1,51.4897267,0.0390648,GB
London Stratford,2024-03-02 04:20:02,gym wifi & limited staff presence. showers & mem’s changing area joke. (unfortunately) hard avoid. need tear terrible retrofit attempt & start again.,1,51.541289,-0.0035472,GB
Broadstairs Westwood Gateway Retail Park,2024-03-01 20:56:04,"cons: staff. situation teenagers getting control. chaos male wardrobe area, walls broken, blood floor fights, cabinets broken out. pros: amazing variety exercise equipment. sufficient number dumbbells benches. lot free space exercise equipment located convenient distance other.",2,51.362182,1.3935154,GB
Evesham,2024-03-01 17:03:56,gym looks statistic monthly subscription person. charged random fee £40 left overdraft got told cannot help me. gym great like treated like another statistic them. already paid joining fee membership second month upped £18/mo £40?! going again. gym eh definitely better ones even locally.,2,52.0940158,-1.9483083,GB
Walton-on-Thames,2024-03-01 09:09:37,"cost doesn’t align well receive. gym’s limited space makes peak times inconvenient, leading extended waits machines. refurbishment appears subpar, unappealing chipboard. hoping nearby competitor’s gym opens soon.",1,51.3856837,-0.419814,GB
Manchester Bury New Road,2024-03-01 04:47:12,"gym, like women's gym chest press machine equipments, happy gym.",1,53.493801,-2.2502732,GB
London Stratford,2024-03-01 04:16:55,"avoid gym want exercise friendly clean space. gym manager named daria uniatowska extremely unprofessional really loves power plays pure gym stratford. incorrectly replaced dumbbells wrong shelves, humiliated raising voice publicly, also proceeded suspend gym membership told cannot raise voice front everyone. weeks hundreds emails, able get membership back meeting cluster manager. understood concerns definitely friendly professional vibe. returned gym weeks, saw lot dumbbells placed wrong shelves there. around warning anyone way raised voice me. reason account suspended didn’t let raise voice me. know act talk people lot bad reviews google reviews. also, care terrible hygiene level gym changing rooms always look dirty smell disgusting like never seen soap toilet, one wash hands this. men's changing room, hair dryers rarely work used see people smoking cigarettes changing room. recommend gym don’t want get extra drama life. stratford pure gym needs hire new manager asap, someone needs work anger issues talking member.",1,51.541289,-0.0035472,GB
Edinburgh Craigleith,2024-03-01 02:15:50,poor service. staff friendly seem annoyed,1,55.9568939,-3.2384877,GB
Portishead,2024-02-29 21:03:01,"ive got parking ticket!!!!😡😡😡😡 nice gym , lots space. really clean clin comparison puregyms ive used. nice freindly vibe",1,51.4806882,-2.7768562,GB
Dagenham,2024-02-29 20:12:34,"gym isn’t well equipped people refuse share equipment. add several people filming gym time, taking longer machines get perfect shot. also film people without consent i’ve heard people complain lady manager refused apply rules say filming members film private corners. class space upstairs makes ceiling shake throw weighted balls down. really feels like accident waiting happen. add equipment, sort parking, get managers apply rules rude members ask support stop influencer filming place great.",1,51.5413271,0.1481142,GB
Basildon,2024-02-29 18:41:45,worst gym ever. stinks it’s dirty. aircon men’s changing room sink broken three years. please something it. you’re taking money customers can’t fix equipment. shame,1,51.5754602,0.4757363,GB
London Enfield,2024-02-29 17:41:13,"rudest staff ever, especially manager, help issue buying day pass. blamed, spoken rudely aggressively, even accused trying sneak in. multi gym access membership pay 36.99 month for, enfield costs 25.99, complete joke. tell guys hate jobs want take anger people.",1,51.6517156,-0.0786839,GB
Maidstone - The Mall,2024-02-29 16:10:25,"busiest & messiest gym ever to. absolutely full school kids, meaning often lockers available, queue machines, benches weights. recently parking validation machine working.",1,51.2730013,0.5255069,GB
Birmingham Snow Hill,2024-02-29 13:39:03,"good gym lots equipment however absolutely horrible use. weights put back they’re supposed be, often missing weights scattered around gym need go hunting for. management need encourage members put things back found possible routine cleans.",2,52.4834796,-1.8992405,GB
London Marylebone,2024-02-29 01:22:37,"really poor experience comparing pure gyms . overcrowded even peak times, enough equipment, end standing around waiting gym equipped properly, changing rooms ladies shocking, lockers broken into, safe leave belongings, even padlock it’s easy break happened . management needs look that.",1,51.5243712,-0.163592,GB
London Camberwell New Road,2024-02-28 23:41:45,"management going fix broken, blocked bent lockers make life users simpler??? also guest day passes plus membership work via link provided app, need call member staff who're always helpful let guest",2,51.4802321,-0.1081217,GB
London Park Royal,2024-02-28 20:30:03,"overcrowded even late evenings. showers chronically order working, lukewarm water low pressure.",1,51.5264341,-0.2839348,GB
Dagenham,2024-02-28 20:09:52,"facing wall using treadmills rather depressing. needs mirrors something least! lack equipment issue despite rather large space also add benches flat sitting position, forced incline. uncomfortable.",1,51.5413271,0.1481142,GB
Exeter Fore Street,2024-02-28 15:27:22,"busy, difficult find free equipment without waiting. toilets smell bad, one off, consistent. many broken clips accessories cardio equipment. good pure gyms never recommended gym",1,50.7205151,-3.5351998,GB
London Kingston,2024-02-28 13:56:34,one overcrowded gym ever seen. weekdays place breath even.,1,51.4129277,-0.3018577,GB
Wakefield,2024-02-28 13:46:29,najgorsza siłownia na jakiej trenowałem cały czas coś nie działa naprawę sprzętu długo się czeka. trenerzy personalni są nie odpowiednio wytrenowani już nie mówię że niektórzy z nich są niepełnosprawni nie umieją odpowiednio trenowac innych. siłownia wyrzuciła mnie za że trenowałem razem z moim kolegom który nie był doświadczony ja tak wiec go trenowałem. gdysz sami nie mają klientów mieli żal. porażka,1,53.6829541,-1.4967286,GB
Stoke on Trent East,2024-02-28 11:25:13,"embarking fitness journey local gym adventure akin navigating darker recesses post-apocalyptic wasteland, semblance civilization communal struggle survival... case, hygiene hydration. firstly, urinal situation fascinating study modern art - single, perpetually broken monument serves mausoleum abandoned chewing gum functional piece plumbing. aromatic bouquet urine wafts toilets changing rooms adds certain je ne sais quoi, creating ambiance screams, ""abandon hope, ye enter here."" soap dispenser, singular loneliness, stands sink, testament missed opportunities squandered potential, whispering tales could world two dispensers could flourished. venturing heart darkness, water fountain saga thrilling tale endurance patience. peak times, congregation parched souls forms line reminiscent bread queues soviet russia, member awaiting turn partake trickle life itself. solution seems simple: old, new fountain capable spewing water ferocity fire hose, lest perish dehydration die old age queue. lastly, gym members, delightful bunch, seem taken collective vow tyranny literacy order. weights, defiant protest gravity common sense, scattered chaotic symphony iron rubber. disregard organizational norms could seen bold statement oppressive regime labels designated spots, perhaps testament educational system's failure instill value ""putting things back belong."" conclusion, navigating gym faint heart. requires resilience sense humor robust gum-clogged urinal.",2,53.0593352,-0.8159322,GB
Solihull,2024-02-28 07:23:03,"leave gym simply cannot get anything! simply big enough amount people peak time. great first opened bardello's gym shut - consequently everyone joined puregym, made absolute nightmare matter time day go.",2,52.4130189,-1.7768935,GB
Gateshead,2024-02-28 04:51:41,"returned gym recently couple months break i’m shocked. it’s extremely smelly, it’s packed, half equipment seems gone, they’ve introduced restricted area. takes ages get machines need. send surveys visit respond every time honest feedback areas need improve it’s gets ignored. emailed locks ladies toilets broken ignored",1,54.9625789,-1.6019294,GB
Manchester Cheetham Hill,2024-02-28 03:41:05,"sorry, half cardio machines order week now, absolutely ridiculous. plans getting fixed anytime soon?",2,53.5032866,-2.2344764,GB
London Kingston,2024-02-28 01:50:06,super crowded space lockers well. space left stretching makes congested overall,1,51.4129277,-0.3018577,GB
Oxford Templars Shopping Park,2024-02-28 01:09:45,v clean,1,51.7333472,-1.2178489,GB
Yate,2024-02-27 22:58:37,"key machines still needed (delt lateral raises, lat pulldown, triceps ext, incline chest press), grip variations well… gets hot inside wich makes uncomfortable",2,51.5403113,-2.4134281,GB
Stoke on Trent East,2024-02-26 23:26:13,"filthy, clearly cleaned properly. go puregym stoke grotty changing benches clearly never hoovered layer grime detritus gaps. smells too. avoid costs.",1,53.0593352,-0.8159322,GB
London Leytonstone,2024-02-25 15:39:24,time changing room messy toilet smells horrible work hygiene,2,51.5684052,0.0111701,GB
London Swiss Cottage,2024-02-25 14:48:56,2.5kg 1.25 kg plates.,2,51.543722,-0.174982,GB
Bath Spring Wharf,2024-02-25 14:38:51,went bath thought would good go gym .. wouldnt let 😆 looked list there.. sure ..,1,51.3846626,-2.3807866,GB
London North Finchley,2024-02-25 14:28:46,never,1,51.6124905,-0.1756922,GB
London - Twickenham,2024-02-25 14:18:41,"many people, looks like there's peak time!! furthermore 90% time hand soap dispenser changing room empty.",1,51.4505786,-0.3288402,GB
London Marylebone,2024-02-25 13:18:09,"gym need lot updates gym equipments. please dont get wrong. warns out. ventilation needed , always stink😀😔",1,51.5243712,-0.163592,GB
Nottingham West Bridgford,2024-02-25 12:27:43,it’s hours wifi.,1,52.9310754,-1.1256663,GB
Ipswich Buttermarket,2024-02-24 16:17:14,"plenty gym equipment often there’s issues doesn’t get picked staff. several lockers don’t work properly despite reported management. air con also doesn’t appear working. signed gym location there’s new gym, jd, opening soon may tempted go there. pure gym seriously need get finger don’t want lose customers. air con seems big issue. it’s uncomfortable partake classes hiit training due air con units either functioning blowing warm air. i’ve reported times get reply customer service every time: regards temperature gym, use air conditioning units heat air drops 17.5c, cools air goes higher 21.5c, keeping temperature within gym acceptable level. regularly checked ensure units operating across gyms.",1,52.0571564,1.1545049,GB
Ipswich Buttermarket,2024-02-24 16:17:14,"gym well maintained, equipment often broken, lockers use etc. one takes responsibility anything. air con working today. need game want keep member jd opening.",2,52.0571564,1.1545049,GB
London North Finchley,2024-02-24 14:26:16,2/3 step masters broken weeks… leg extension machine floors… machines don’t deliver linear feedback though movement. overcrowded enough equipment keep demand. budget commercial gyms far worst. looking bodybuilding/machine based workouts look elsewhere.,1,51.6124905,-0.1756922,GB
London Canary Wharf,2024-02-24 06:32:07,"love everything gym except one thing: break dancers free workout area time. f time. take half space, almost never access mirrors. turn loud music don’t hear anything, including what’s earphones. smell them, especially group large… can’t stand it. management gives permission classes / jams without booking class room? feels like public outdoor gym. please fix",1,51.5048954,-0.0190006,GB
London Kentish Town,2024-02-24 00:28:55,"like people days i’m time-poor, class starts minutes late really impacts me. apology trainer. don’t want engage good-natured bants, want train. time.",2,51.5500554,-0.1425712,GB
West Bromwich,2024-02-23 01:35:35,"place seriously needs air! like smell cheese, sweaty arm pits balls, place you!",1,52.5186579,-1.9923114,GB
Bath Victoria Park,2024-02-22 23:14:21,"liked gym it’s maintained. there’s permanent bad smell sink hand dryer hasn’t worked men’s changing room months. showers tepid people said. it’s pretty good value you’re fussed changing facilities, staff nice it’s airy light place work out, views park. i’m sad leave really, it’s grim want wash.",2,51.3856653,-2.3766501,GB
London Bayswater,2024-02-22 16:50:59,rubber grips every single pull-up kit completely deteriorate lots rusting machines.,1,51.5122764,-0.1883854,GB
Rushden,2024-02-22 03:33:51,busy,2,52.2911567,-0.5988177,GB
London Hoxton,2024-02-22 01:02:28,connection wifi last weeks. barely find managers trainers toilets disgusting stinks.,1,51.5323935,-0.086078,GB
Wrexham,2024-02-21 20:43:21,"absolutely awful gym u get treated respect machines work use b great first opened gone hill years, thankfully there's new 24/7 gym opening wrexham",1,53.0465084,-2.9937869,GB
Taunton,2024-02-21 13:29:33,"even pop check facilities body available, far reliant scanning barcodes liking think il check gym town, shame five minute walk house!!",1,51.0147895,-3.1029086,GB
Taunton,2024-02-21 13:29:33,"gym full bunch little freaks, gym's decent people go pretty off-putting. go unless want see year old wannabe roadmen working coats",1,51.0147895,-3.1029086,GB
Taunton,2024-02-21 13:29:33,"can’t believe haven’t fixed leaking roofs, floor soaked smells bad",1,51.0147895,-3.1029086,GB
Taunton,2024-02-21 13:29:33,wouldn’t recommend going,1,51.0147895,-3.1029086,GB
Taunton,2024-02-21 13:29:33,"potential good gym, however, managers approachable walk around like want there, let alone questioned approached. gym etiquette probably one worst encountered, youths leaving weights everywhere respect anyone else attempting workout, staff ignore this. leaks major problem often occur, hopefully rectified all. recently wifi introduced, think mentioned numerous reviews previously. must better honest opinion.",2,51.0147895,-3.1029086,GB
Taunton,2024-02-21 13:29:33,"awful, rude non professional attitude staff.. roof always leaks gym closed rains, full crowding teenagers taking equipment. avoid pure gym taunton, decent gyms area go without problems.",1,51.0147895,-3.1029086,GB
Taunton,2024-02-21 13:29:33,"could eneter, gym overall pack, vending machines nit work...",2,51.0147895,-3.1029086,GB
Nottingham Beeston,2024-02-21 05:45:26,it’s good gym gets way way busy.,2,52.9209026,-1.2075548,GB
Uttoxeter,2024-02-21 03:34:17,"two staff members (eve christian) rude offhand, unless perfect ‘gym type’ , far advertised experience expecting.",1,52.8980321,-1.8649214,GB
Bournemouth - Mallard Road,2024-02-21 02:43:51,"toilets always dirty smelly, soap box broken fixed months (would take seconds fix). wifi works 25% time. busy times day. go different gym",1,50.7503219,-1.846402,GB
Salford,2024-02-20 13:57:10,"going gym years close home suggest . busy ventilation , machines broken . can't find free machine exercises easy.",1,53.4877463,-2.2891921,GB
Manchester Spinningfields,2024-02-20 11:45:59,"big gym many machines big problem cleaning, especially male changing room always stinks bad, even yesterday monday first day week, possible place smells bad ? disgusting even refused use sinks washing hands, something bad considering covid cases still happening. could even tell state floor places cleaned",2,53.4800153,-2.2517994,GB
Maidenhead,2024-02-20 11:05:37,lots equipment good size oversubscribed busy even 5am. plus handwash toilets four days hand sanitiser (puke emoji) afford another gym suggest stay away puregym.,2,51.522743,-0.7197368,GB
Liverpool Kirkby,2024-02-20 06:13:03,small. go silly hours get equipment machines,2,53.4821071,-2.8886045,GB
Staines,2024-02-20 05:42:47,"gym size there’s almost proper equipment, bench squat racks, barbells suck it’s super overcrowded. well it’s cheap, get hat pay for. gym group anytime fitness better options.",2,51.434012,-0.511044,GB
London Leytonstone,2024-02-20 03:31:38,"pros - open hours, something leytonstone barber shop estate agents. cons - gym needs serious revamp, every machine equipment broken breaking, tears every bench. gym stinks years sweat, tears human fluids place needs deep clean. limited equipment, smith bench press. also compared pure gyms dumbbells go 40kg taking account gym always busy one expensive pure gyms really reinvest money revamp place instead continuously opening new sites.",2,51.5684052,0.0111701,GB
London Swiss Cottage,2024-02-20 02:51:17,way way busy,1,51.543722,-0.174982,GB
London Swiss Cottage,2024-02-20 02:51:17,two stars one personal trainers denied access accessible toilet disabled. obligation specifically stated uk gym (i find) non-disabled people cannot use accessible toilet.,2,51.543722,-0.174982,GB
Bradford Idle,2024-02-19 23:59:48,go place,1,53.8352205,-1.7304012,GB
Manchester Spinningfields,2024-02-19 23:49:42,"awful gym, air conditioning working, never never soap toilets. mess gym. cancelling membership, try jd",1,53.4800153,-2.2517994,GB
Birmingham City Centre,2024-02-19 21:48:40,"member months experience far disappointed, old machines, enough equipment, showers working working properly (as hot water water pressure) equipment place (dumbbells correct place floor, disk weight enough floor too). place well smells weird, enough light looks like club almost big lockers broken. member gym group front much better, hopefully feedback read someone really care fix issues. it’s hard get feedback annoying see response others reviews saying “thanks feedback” fixing nothing.",1,52.4856896,-1.871104,GB
Dagenham,2024-02-19 20:17:52,"gym satisfactory crowded. however, even moderate times (not necessarily peak hours), there's significant wait equipment, people phones hogging machines. leg equipment quite limited, often requiring different workout due unavailability. shoulder press also frequently order, considering ample space, two machines could easily accommodated. despite open hours, parking restricted minutes 11:30-7:30, limiting late early sessions drivers. overall, disappointing experience.",2,51.5413271,0.1481142,GB
Belfast Boucher Road,2024-02-19 18:57:09,didn’t like range equipment poor lighting places overall horrible atmosphere would recommend🙌,1,54.5710822,-5.9716097,GB
London Farringdon,2024-02-19 18:26:53,gym meant open 19th february open causing many others miss session late work due travelling holborn branch.,1,51.519964,-0.104555,GB
Northolt,2024-02-19 17:26:21,ok busy. got gym instructors asking long equipment ample things use. use equipment couple minutes move on. form gym etiquette example set gym goers. equipment could use clean periodically too.,2,51.5484582,-0.3695247,GB
Wolverhampton Bentley Bridge,2024-02-19 08:31:33,tried use gym various times (normally use pg bham) unfortunately bb crowded unable full workout. equipment wise good clean,2,52.5968429,-2.0898197,GB
London Stratford,2024-02-19 04:19:15,started going last month fine last days oxygen humidity must 90%+. see glass entrance full water. get headache minutes. please fix ventilation system.,2,51.541289,-0.0035472,GB
Bromborough,2024-02-18 21:55:51,"good all, male lockers damaged, busy need waste much time find locker working properly keep stuff securly locked, one private shower, second service months",1,53.3333672,-2.9774612,GB
Bournemouth - Mallard Road,2024-02-18 14:42:06,"never fan gym unfortunately it’s convenient location me. recently trying get friend plus membership. however, there’s never staff available help press help button nobody responds. i’ve wasted two trips trying get friend luck.",1,50.7503219,-1.846402,GB
London Canary Wharf,2024-02-18 06:27:41,"looking change regular pure gym branch. unfortunately shockingly horrible experience male tall trainer works here. extremely aggressive rude. first day attended consistently stared whilst training another person. next day approached ask help adjusting leg extension machine staff member floor. acted weirdly told didn’t understand problem equipment use usual gym isn’t “real gym equipment” (even though another pure gym). aggressively spoke asked let talk, rudely demanded “speak then” stormed away me. obviously serious issues problems speaking women. encounter went women’s changing rooms shocked experience. another female regular gym goer approached told consistently rude women - laughed girl struggling keep spin class. see also left review said name fares mahieddine. asked trainer show manager was, pointed managers door shouted across gym “you’re welcome” me. manager said would contact experience didn’t. clearly don’t care staff member making women uncomfortable. overall gym fine, good variety equipment. wouldn’t go back based abusive staff member carelessness manager. woman, would stay far away go limehouse bow wharf branch instead. trainer, maybe look anger management sessions control attitude towards women. find another job doesn’t involve people asking advice gym equipment … aka basic role gym trainer.",1,51.5048954,-0.0190006,GB
London Enfield,2024-02-18 05:37:16,never went google keeps saying have. star annoying,1,51.6517156,-0.0786839,GB
London Leytonstone,2024-02-18 03:36:14,"tiny gym tonnes regulars nearly enough free weights (1 bench press setup) machines. regular long waits equipment free up, alright.",2,51.5684052,0.0111701,GB
Leeds City Centre North,2024-02-17 22:43:40,respect vister @16:18,1,53.9558121,-1.1229892,GB
Yate,2024-02-17 10:57:29,"gym ok, limited equipment generally bad. huge downside gym intense heat, asking staff make cooler simply get told ‘no’ ‘we cant’. compared loosing members minimal ask. gyms considered ongoing issue resolved.",2,51.5403113,-2.4134281,GB
Wrexham,2024-02-17 08:46:19,"gym busy, really hot, often cant use equipment/ floor space. peak hours, good luck want use treadmill grab bench work on. gym busy enough equipment everyone use. downstairs gym usually boiling hot often smells bad, upstairs freezing cold (to point goosebumps using crosstrainer). offer classes evenings (fab around working 9-5) don’t want join class, good luck finding floor space workout none, classes back-to-back till 7/8pm every night. big gym mat removed upstairs floor area leaving small yoga mats everyone share peak hours! switching different gym next month, it’s worth £25pm pay go here.",2,53.0465084,-2.9937869,GB
London Park Royal,2024-02-17 08:26:09,"girls beware! gym years fantastic management changed. would think gym female section big women feeling safe gym unfortunately not. harassed threatened 50+ year old man gym. investigated informed ‘banned’ gym. year later returned gym reported told never fact banned. lied made feel gym taken appropriate action ensure safety whereas fact done anything. address fact lied offer resolution instead allowed man keep coming gym. managers friend, female manager less. many girls left gym amount older men making inappropriate comments advances towards gym absolutely nothing reports made. shockingly disappointing.",1,51.5264341,-0.2839348,GB
Peterborough Serpentine,2024-02-17 06:55:21,"absolutely *zero* cleaning stations gym make disgusting experience sometimes. there's paper towels anti-bac spray. music coming classes exceedingly loud, overpowering even headphones. zumba class instructor blasting likes ""cotton eyed joe"" screaming ""yeeehaaaww"" every seconds enough completely throw form focus. issues making contemplate moving gyms.",2,52.5403778,-0.2632194,GB
Brighton London Road,2024-02-17 01:42:36,"gave stars 1- staff friendly 2- classes great! didn’t give stars because: gym far busy matter time go, there’s “peak” “peak times”, paying £27 per month maybe get good workout isn’t ideal gyms london road unless willing pay £50+ private gym. gym equipment oddly placed designed way space utilised. it’s gym uni students really. get groups kids hoarding around benches hour time others plain rude. ceiling also mouldy leaks rains there’s fresh air all. there’s free scale weigh either. overall option move gym would.",2,50.83681,-0.1362631,GB
London Oval,2024-02-16 21:20:17,"good equipment happy customer care. semi regular (once twice week) gym notice i’ve seen done women men come whilst using weight machine (not another guy who’s using equipment) ask many reps left proceed hover “appear waiting”. granted people liberty ask, however notice particular pattern. it’s annoying ignorant. aired views member staff whose face dropped “idgaf” look actually caused laugh cut session short. want left alone like guys gym. don’t hog machines woman find uncomfortable hard concentrate guy sitting right next making known waiting. pacing it’s hanging around. it’s like i’m equipment long time! wasn’t best home would leave immediately start somewhere else, looking takes email gentle reminder members gym etiquette, signs put enlisting people need mindful (not complaint) rant over.",2,51.4818339,-0.1123953,GB
London Southgate,2024-02-16 14:16:22,"awful place enjoy iron paradise call gym. enjoy rubbing shoulders creatine filled teenagers testosterone fuelled cockpit, shall thrive. smelt curdled milk, dare say, cannabis!",1,51.6323183,-0.1277858,GB
London Streatham,2024-02-16 06:01:57,busy gym…,2,51.429769,-0.1311105,GB
London Limehouse,2024-02-16 03:00:25,"used semi okay, beeb months. place like prison. signs, signs signs. actually insane.",1,51.5133074,-0.0351492,GB
Belfast Adelaide Street,2024-02-16 02:09:59,"hello, would like post complaint one establishments name friend mine. subject discriminatory behavior feels dealt unfairly. best regards.",1,54.5936289,-5.9282801,GB
Chelmsford - The Meadows,2024-02-16 00:49:17,"i’ve used gym it’s quite good classes offer, etc. however, haven’t good experience recently. using gym equipment asked share take turns reps, wasn’t comfortable this. one instructors pointed front everyone expected share “friendly” especially peak times. occur people uncomfortable putting someone interrupting watching exercise? couldn’t members wait turn patient like done return. also instructor class machines peak times takes space? doesn’t make sense. left gym upset cancelled membership straight away.",1,51.7318661,0.4756173,GB
Walsall Crown Wharf,2024-02-15 23:48:46,alot eqiupment,1,52.5872454,-1.9883526,GB
Birmingham West,2024-02-15 19:36:34,"equipment updated staff still ever usually friendly, increase recording within gym. feel safe stalked experienced dv past. posted online, goes data protection safeguarding risk. person recording ask ok record challenged",2,52.4796992,-1.9026911,GB
Sheffield Meadowhall,2024-02-15 18:36:03,terrible gym. staff rude. go pure guns around uk. worse one.,1,53.4138268,-1.4124334,GB
Salford,2024-02-15 13:53:38,"gym constantly messy, weights never put back way hot. would recommend",2,53.4877463,-2.2891921,GB
London Limehouse,2024-02-15 02:58:00,terrible customer service!!! suppose much expect 'cheap hour gym' says google search.,1,51.5133074,-0.0351492,GB
Birmingham Longbridge,2024-02-15 01:17:09,even low standards pure gym one terrible. heard ridiculously busy even 9pm wednesday packed machines benches free. terribly behaved aggressive roadman clientele trying intimidate groups chavvy lads stood around equipment chatting using it. gym quite dirty absolutely stinks. baking hot temperature inside even february... low expectations puregym / equivalent budget gyms far worst ever to.,1,52.3940521,-1.9807506,GB
Chelmsford - The Meadows,2024-02-15 00:46:54,"gym well priced, staff seem nice equipment best price think represents great value. one main issue nobody puts weights away staff seem care. lift heavy weights put every last weight away there's big guys deadlifting 250kg leaving bar, smaller guys girls supposed use bar. inconsiderate gym anything stop this. members many gyms never known members (& staff addressing it) inconsiderate this.",2,51.7318661,0.4756173,GB
Nuneaton,2024-02-14 15:52:09,"it’s good gym needs better management groups people using machines free weights. it’s getting ridiculous. group 4/5 lads bench press areas hour, checked back five times. there’s enough equipment amount people, it’s getting ridiculous although it’s good kids place go working out, overtaking everything time frustrating us going year.",2,52.5246182,-1.4684488,GB
London Bow Wharf,2024-02-14 12:40:30,"pure filth, name place. it’s sad see it’s got worse last two years. everything dirty, sticky dusty. i’m yet see member staff cleaning piece equipment, toilets course also disgusting. ventilation aircon upstairs feels uncomfortably damp. cleaning stations blue roll lack spray bottles, soap dispenser toilets empty. they’re lucky there’s lack gyms area.",1,51.5319916,-0.0418638,GB
Bournemouth the triangle,2024-02-14 07:27:49,"***edit**** @puregym response sums it’s really… you’re suggesting leave feedback management team… done directly. take ownership feed yourself!! really poor… star first opened, great value money. sadly owners let gym age terribly changes years. equipment soo outdated, enough certain equipment, one pull rope whole gym? machines old, necessarily best variation. staff friendly not… needs huge update unlikely continue using it.",2,50.7202399,-1.8840071,GB
Grimsby,2024-02-14 01:24:44,"decent gym good equipment small good. expect get anything done term time holidays place gets absolutely packed point stupid impossible anything, desperately needs expanding",2,53.5671407,-0.0788045,GB
Colchester Retail Park,2024-02-13 22:43:22,"good basic gym good basic equipment. however star two main reasons. 1)cold showers due puregym policy lowering temperature save money pretence cutting carbon footprint. like luke warm showers hygienic. 2) poor hygiene maintenance toilets always blocked, broken poorly cleaned maintained. really need put customers costs improve hygiene.",1,51.8926343,0.8909382,GB
Sheffield Meadowhall,2024-02-13 18:31:13,"gym leaves lot desired. cancelled membership joined different hour one ten minutes away take anymore. cons: -there one single cleaning station entire gym. state reducing waste so, ignoring hygiene issue. want use machine somebody else sweat way cleaning it. ask said members bring towels way enforce this. towel product also actually sanitise machine. -the gym messy seem matter time day go. weights, plates, kettlebells, boxes, etc always place. ironically often sign stating gym bags allowed gym floor floor covered gym equipment anyway. -it's often dirty, rubbish floor, spilled drinks cleaned up. (even people wanted wipe spilled drinks, could cleaning stations?) -the machines okay lot options honest. example, legs standard machines leg press, curls, extensions - hack squat, standing calf, kickback machine, etc. -the staffed hours minimal compared hour gyms area. -it labelled hour gym multiple days closures reduced opening hours christmas new year period - fine gym labelled hour gym. -there women's training zone. -the way contact via email facebook messenger. number call. -just seems mass gym chain real consideration actual members opinions members saying things yet changes made. pros: -there big car park directly outside.",2,53.4138268,-1.4124334,GB
Bristol Eastgate,2024-02-13 18:31:13,"pts think good pick henry hoover, instead use gym social space, hanging around chatting filming workouts. result filthy, covered crud, discarded plastic bottles blue roll. also hard find locker pts use lot long term storage (despite staff areas could use).",1,51.4731698,-2.5663407,GB
Gateshead,2024-02-13 16:50:21,like crowded gyms can’t get anything place,1,54.9625789,-1.6019294,GB
Bournemouth - Mallard Road,2024-02-13 14:39:14,"crowded bag rule, kept dripping people equipment",2,50.7503219,-1.846402,GB
London Enfield,2024-02-13 05:44:40,"terrible experience - half time doors don’t work get accused turning classes. class always starts late, instructors don’t care don’t want there. don’t safety checks beforehand provide guidance - got injured class. would recommend.",1,51.6517156,-0.0786839,GB
Wakefield,2024-02-13 01:42:33,"use gym late night/early morning spacious fairly well equipped though missing couple important machines. well ventilated cool enough summer. free parkimg validation helpful park right side gym dead night. side locker room always disgusting, regardless time go toilets never even remotely acceptable obviously cleaned regardless ever signed cleaning schedule wall (it definitely gets signed cleaned). broken equipment stays way much long, weeks sometimes months time. stars due unhygienic state bathroom areas lack equipment maintaining. still worth going late nights pound week.",2,53.6829541,-1.4967286,GB
London Holborn,2024-02-12 20:49:50,it’s small gym - usually overcrowded time. various machines broken days. filtered water machine (i pay extra monthly ) limited fill ups per day (?!) fill ups machine also broken (for week). disappointing depressing place work,1,51.5195982,-0.1137266,GB
London Holborn,2024-02-12 20:49:50,"many days gonna like this? 🤔 members paid get extra days use fixed get charge for! way, toilets.... smell like dead rat pee!",1,51.5195982,-0.1137266,GB
East Grinstead,2024-02-12 20:09:28,"early morning classes great. however gym frequently broken ac, functional area really dusty, med ball slam lifts cloud dust, recently hand sanitizer dispenser removed. hygiene priority.",2,51.1322179,-0.0117661,GB
Glasgow Robroyston,2024-02-12 17:56:07,"blue roll floor, enough carabiner clips cable machines, soap toilet downstairs week, bins often overflowing. staff care, wage. manager better.",1,55.886885,-4.1743912,GB
London Bayswater,2024-02-12 16:55:35,puregym savehalf deals’ excludes bayswater puregym branch. taken discrimination another level…….how sad. false advertising misrepresentation.,1,51.5122764,-0.1883854,GB
Birmingham City Centre,2024-02-12 09:51:58,"terrible place. flickering lights. roof periodically caved studio, massive leaks elsewhere. many machines broken unsafe. management beyond useless.",2,52.4856896,-1.871104,GB
Wakefield,2024-02-12 01:47:51,"staff gym unbelievably rude unprofessional. assistant manager looks people. one ""personal trainers"" kept making sly comments walking past. tried speaking manager higher one seems care.if shy anxious gym really you. gym alright good price staff ruin it. definitely recommend especially women.",1,53.6829541,-1.4967286,GB
Derby,2024-02-11 18:44:12,way crowded changing rooms stink,1,52.9142235,-1.4719885,GB
Canterbury Wincheap,2024-02-11 13:51:39,customer service inadequate. rude staff.,1,51.2744822,1.0701358,GB
Manchester Market Street,2024-02-11 11:20:20,proper grim gym.,1,53.4824808,-2.2411908,GB
Portsmouth Commercial Road,2024-02-11 03:16:10,paid month membership went times bc teenagers everywhere playing hanging machines like monkeys waste hours day wait get machines,1,50.804976,-1.0870115,GB
London Swiss Cottage,2024-02-11 02:45:55,"crowded, machines distributed good way around gym. example: want train legs need visit different floors. one loaded chest machine.",2,51.543722,-0.174982,GB
London - Twickenham,2024-02-11 02:15:40,"decent gym it’s absolutely tiny. seems like isn’t peak period it’s always packed. also full 16/17 year old kids reason, last time went managed hook phones speaker system blaring music deafening levels, felt like youth club gym.",2,51.4505786,-0.3288402,GB
Aldershot - Westgate,2024-02-11 00:14:31,"floor, packed time, cable machines missing loads handles, ridiculously packed time actually get structured workout in. move location room! ridiculously packed look like weirdo checking see people done machines every five minutes. waste money may aswell push ups home get dumbbells, plus side staff nice.",1,51.2500865,-0.7702792,GB
Walsall Crown Wharf,2024-02-10 23:44:15,problem parking min voucher somtimes voucher working. pay parking fee 1£ ph,1,52.5872454,-1.9883526,GB
Dundee,2024-02-10 23:03:54,weights heavy,1,56.4605938,-2.97019,GB
Northolt,2024-02-10 05:24:48,"nightmare.no limits number people present gym. clean, weights scattered everywhere waste time waiting training. recommend",1,51.5484582,-0.3695247,GB
Rushden,2024-02-10 03:33:52,bought day pass 7:30pm didn’t received email entry pin 9:30pm!! i’ve press assistance button help staff help! stud outside waiting pin exercise! absolutely joke ! 🤬,1,52.2911567,-0.5988177,GB
London Southgate,2024-02-10 02:13:11,"advertised website parking site, parking blocked poles embedded group, cars parked front. parking close area.",1,51.6323183,-0.1277858,GB
Bicester,2024-02-10 00:12:09,"grubby disgusting showers. front door broken months meaning site unsafe customers, especially night early morning staff onsite.",1,51.8988832,-1.1518287,GB
Bridgwater,2024-02-09 23:01:33,"came little workout. minutes in, comes shaver. yknow does? messes trim. liked gym tho",2,51.1283378,-3.0037046,GB
Birmingham City Centre,2024-02-09 21:50:57,"poorly maintained, lots broken missing equipment. disappointing.",2,52.4856896,-1.871104,GB
Aintree,2024-02-09 14:27:05,"training kirkby since closer job, also aintree, equipment seems old broken. training aintree, arnold presses, bench suddenly tilted, nearly injured arm. upon inspection, found bench's rear leg crooked. kirkby, training nearly impossible due constant loud music. classes session, bombarded two different tracks blaring simultaneously. noise level high can't even hold conversation workout partners. additionally, gym without water fountain two weeks. anyone needing water resort using sink toilet. wife also noted toilets frequently lack paper, brought manager, asked wait, occupied casual conversation. situation gyms quite frustrating makes poor training environment.",2,53.4803632,-2.9376261,GB
Salford,2024-02-09 13:56:49,"used better, many lockers seem broke, broken equipment also taking months fix, past seems 2-3 weeks. also new members seem pay lower monthly existing members monthly price increased.",1,53.4877463,-2.2891921,GB
New Barnet,2024-02-09 07:03:13,love gym pay extra use massage beds never work!! currently lying second one. first worked minute stopped. one loses power seconds later returns. relaxing 😫,1,51.6497449,-0.1751403,GB
Heanor,2024-02-09 06:12:47,waste time. garage gyms bigger this. top floor even open. told website. hardly equipment. waste time.,1,53.0145821,-1.3574966,GB
Manchester First Street,2024-02-09 02:20:48,"since 30% student discount came force gym become unusable. use equipment, wait per doctors appointment. insufficient weight plates dangerously little space lot free weights stations. always, staff great, need increase size gym, cheapest deal town.",1,53.4723654,-2.246418,GB
Belfast Adelaide Street,2024-02-09 02:10:43,"gym fine terms equipment standard puregym equipment staff meh. male female personal trainers always condescending one told last week workout platform man already using it. responded someone already told work behind him... man squats, personal trainer think quite obvious that's major safety risk. staff always make stupid rules make sense example told bring 25kg plates side gym meant stay leg press. sorry what?? staffs lack common sense shocking.",2,54.5936289,-5.9282801,GB
St Albans,2024-02-09 00:29:49,"first time visiting st albans puregym. er... underwhelming best. equipment feels cheap shoddy, lot loose places order. cramped inside, changing rooms meh. feel welcoming all. might use odd occasion, think rather use new hatfield one stevenage, bit trek much nicer. equipment seems close together. granted, second gym to, definitely feel great session here. seems staff like powertrip (which mentioned times reviews), spoken quite rudely one workers (short guy syndrome, think). could also lesson using indoor voices, could hear music... definitely better gyms around st albans this.",2,51.753051,-0.3379675,GB
Paisley,2024-02-08 16:55:55,"equipment classes okay, many people. lot teenagers, gather groups stay phones. times finish workout that. looking another gym area. definitely recommend place.",2,55.8455828,-4.4239646,GB
London Piccadilly,2024-02-08 07:10:26,"gym decent gets way hot, changing room dirty showers even worse. first visit decided cancel membership, say",1,51.5060854,-0.1441691,GB
London Bayswater,2024-02-08 04:49:14,"absolutely ridiculous gym open 0630. want get full gym session travel anywhere work far late. there's massive queue every morning opens race get equipment. open earlier, busy opens. visiting again.",2,51.5122764,-0.1883854,GB
Southampton Shirley,2024-02-08 00:26:59,germ heavan avoid,1,50.9214711,-1.4323205,GB
London Shoreditch High Street,2024-02-07 23:06:18,disappointed there’s ac here. take someone develop heatstroke people turn,1,51.5232534,-0.0744674,GB
London Finsbury Park,2024-02-07 22:46:07,"it’s puregym didn’t expect much. aircon either ott non existent people don’t put weights back all. they’ll use dumbbells side room squat rack leave never soap? it’s multi million pound company, yet water soap much it’s virtually non cleaning? post covid times people sweating/lounging hands pants, it’s grim can’t properly wash yours. there’s also new class upstairs main stretch/open area. sure happen designated studio spaces classes. cannot use space, instead use mats walkways, use ski/ropes. music class also disgustingly loud. play main speaker upstairs gym, you’re area can’t hear think music. it’s bit selfish makes walk out. audio levels usually fine class it’s uncomfortable bassy. i’m one thinks week, talking getting annoyed.",2,51.5648345,-0.1064144,GB
Edinburgh Quartermile,2024-02-07 22:05:47,today 7th february 2024. working gym past 1.5 years. never bad experience gym tbh. today working manager asked leave gym bcs backpack contained protein gloves bottles water next me. sorry #puregym paying membership get kicked out. hence cancelling membership humiliation faced now. thanks,1,55.9438167,-3.1941413,GB
Canterbury Sturry Road,2024-02-07 20:55:11,"assistant manager racism customer simply asked help ignored people even though nothing taking mates. bad behaviour, disrespectful full attitude",1,51.2927473,1.1051201,GB
Manchester Cheetham Hill,2024-02-07 15:42:29,"really bad clientele site. gangs young men. regularly broken equipment. monday night cross trainer machines left foot peddle smashed. obviously deliberate vandalism. equipment order too. weight machines jutter due sted heads overloading machines weights stretch machines belt. gym unclean empty bottles left over. i’ve never seen clean equipment use it. equipment smells often sweat residue it. scruffy cleaning station top end. cleaning station near middle section machines. visible staff presence. clearly needs strong staff presence patrol gym stopping vandalism enforce cleaning. hand soap dispenser men’s toilets badly installed can’t get hand it. back it’s soap. don’t blame cleaners staff. site obviously understaffed. it’s management need ensure better staff presence tackle bad clientele vandalising don’t clean themselves. shame design gym really nice lot potential. needs cleaning stations. staff/security start identifying banning vandals, enforce wiping machines clients. puregym need set appropriate standards acceptable gym use clients it’s clearly moment.",2,53.5032866,-2.2344764,GB
London Canary Wharf,2024-02-07 06:27:40,there's mixed race guy dreadlocks tries act tough stares girls gym uncomfortable. edit: guy also appears fitness trainer gym anthony ward.,1,51.5048954,-0.0190006,GB
London East Sheen,2024-02-07 06:27:40,"aircon, work poor air move around all. rowing machines get serviced software updated.",2,51.4623706,-0.267094,GB
Folkestone,2024-02-07 01:34:54,"good gym good location recently always things working, including sports water machine really bugged me. gym definitely gone downhill lately still decent gym",2,51.0791335,1.1794073,GB
Falkirk,2024-02-07 01:04:38,"would say going gym 5-6 times week average since opened, say excersise4less gone, gym increased attendees almost triple, wouldnt reccomend going hours 5pm - 7pm place insainly overfull, could waiting half hour get specific equipment someone limited time, work etc, basically waste time, maybe looking another gym soon. equipment started beaking takes weeks things get fixed, also leakes, buckets placed rain had.",2,55.9991959,-3.784376,GB
Bridgwater,2024-02-06 22:53:30,dissapointed,2,51.1283378,-3.0037046,GB
Billericay,2024-02-06 20:01:55,"ridiculous parking system, membership allow tu park.",1,51.6284395,0.4218142,GB
London Bayswater,2024-02-06 16:50:16,"you’ll get better service pound store. absolutely worst client experience london. needed help set travel pass, spoke ken, agm seconds dismissed basically set myself. didn’t explain session travel pass expires consecutive days. clearly written receipts confirmed emails. tourist nyc, makes sense. visitors busy itinerary workouts scheduled convenience. pay another travel pass gain access morning. john front desk empathy understanding expressed happened clients past. client experience issue directly comes lack communication management staff client resolution lack clarity receipts policies unacceptable.",1,51.5122764,-0.1883854,GB
Walsall Crown Wharf,2024-02-06 11:47:39,enough time free parking..when it’s busy minutes isn’t enough time workout shower. end paying extra £20 per month extra parking fees,2,52.5872454,-1.9883526,GB
London Shoreditch High Street,2024-02-06 11:07:18,always overcrowded even peak hours. dirty,1,51.5232534,-0.0744674,GB
London Bromley,2024-02-06 10:57:13,"time open female lifting area couple machines women there's enough space that. like gym motivating find nice guys respectful sporty (which admire keep motivated) others harassing women, either first floor get unwanted looks even taking pics girls stretching! (i tell asian guy day myself). second floor mostly monopolised males yet pay full membership deal unwanted attention particularly specific backgrounds fit mix gyms. sorry, sorry, information boards topic going solve issue afraid. get female-only area. feel even worse younger girls trying keep healthy yet harassed might confidence report it.",2,51.3668569,0.0617091,GB
Manchester Eccles,2024-02-06 09:46:37,"parece inicialmente una gran superficie comercial, pero son sólo cuatro comercios casi todos del mismo ámbito",1,53.4840887,-2.3375175,GB
London Kingston,2024-02-06 01:52:32,would’ve given kid unpleasant disturbing poêle around .. won’t let people jump specially busy time think age restrictions changing room women tiny much lockers space hang coats 🧥 staff great much kid used barbell pad without asking realised asked give back said he’s got one set meantime phone waiting finish. he’s done didn’t even say thx real gym hunter don’t that! i’m joining back gym group,1,51.4129277,-0.3018577,GB
London Muswell Hill,2024-02-06 01:42:27,"good gym equipment, pts lovely, though aren't. gym gets crowded managers friendly, witnessed people get told stupid things.",2,51.5910395,-0.1420768,GB
Birmingham City Centre,2024-02-05 21:50:26,worst experience using gym 2-3 days cables broken treadmills working management don’t care @puregym team please don’t marketing things gyms also try make better bot gym free paying expecting get good experience.,1,52.4856896,-1.871104,GB
London Greenwich,2024-02-05 19:08:59,"again, tried use shower facilities morning they’re freezing cold! hot water months charge nearly £40 month! equipment use weeks end, holes walls facilities dirty nothing done it! it’s lazy disappointing. one responds emails either nothing resolved. definitely recommending greenwich anymore.",1,51.4686256,0.0488306,GB
London Wembley,2024-02-05 15:57:19,hate place never go back. recently came train friend mine & locker broken someone stole phone friend mine money taken wallet. train risk.,1,51.5560695,-0.2796034,GB
London Wembley,2024-02-05 15:57:19,last review must taken phone got stolen locker gym manager ryan resolution. use risk,1,51.5560695,-0.2796034,GB
London Angel,2024-02-05 05:31:53,"gym ok, big probably need. found unbearable work location lack proper ventilation. outside nice fresh location it’s hot ventilation bad people sweat profusely, resulting dense smelly atmosphere.",2,51.5324874,-0.1060356,GB
Sutton Coldfield,2024-02-05 05:01:38,high heating gym. helpful porcupine condom factory.,2,52.5623089,-1.8239794,GB
London Stratford,2024-02-05 04:21:18,unclean disgusting 🤢. sweat everywhere one cleaning equipment. washroom dirty well. recommending.,1,51.541289,-0.0035472,GB
London Putney,2024-02-04 22:28:08,easily worst gym to. overcrowded one benchpress entire gym could see.its shame equipment good theres enough it. end waiting 10+ minutes get everything productive session.,2,51.4625314,-0.2163018,GB
London Putney,2024-02-04 10:31:58,"disaster gym. extremely busy, kids everywhere, every single machine taken nowhere work out. never going again. walked walked out. experience, cancelled membership.",1,51.4625314,-0.2163018,GB
London Enfield,2024-02-04 05:39:28,sorry say dirty gym fresh air words explain guys.,1,51.6517156,-0.0786839,GB
Epsom,2024-02-04 03:08:10,"location wasn’t great, flights stairs reach gym. soon get in, kids everywhere, flexing showing non existent muscles…. space work also limited. won’t going back again.",2,51.3326098,-0.2678212,GB
Salford,2024-02-04 01:47:30,"gym gradually gone hill last 6months. place always mess equipment place staff reluctant maintain. broken equipment takes months get repaired, leaks ceiling get dripped whilst using machines (this issue ongoing since joined 3yrs ago, really excuse now). toilets smell frequently disgusting. understand gym unstaffed quiet periods really team members maintaining gym 9am 9pm least. also lot unused space considering busy gym gets doesn’t make sense equipment hasn’t added. time go elsewhere think.",2,53.4877463,-2.2891921,GB
London Kidbrooke Village,2024-02-04 01:27:19,regular member since gym opened years back. even excellent price point puregym offer longer worth anymore me. appears quieter periods helped people hog pieces equipment long periods time prohibiting anybody else getting look in. problem minors clearly meet min. age requirement worsened also . that's even footfall blocking things up. may reconsider things line cancelled membership now.,2,51.4614006,0.0259584,GB
York,2024-02-03 23:56:30,"member lot years put membership fee questioned informed sent email month earlier checked emails back 15th december nothing received pure gym, cannot talk anyone contact online, impressed",2,53.9656578,-1.0743052,GB
Glossop,2024-02-03 21:35:18,"absolutely filthy gym. treadmills covered dust sweat marks, weights always laying everywhere, carpets hanging off. literal piles dirt floor next treadmills. seen cleaner since last year. they’ve increased price absolutely info members exactly extra money spent gym. never new equipment. save money go everlast denton.",1,53.4433552,-1.9499173,GB
Dagenham,2024-02-03 08:08:27,stupid gym. staff members mad issues pin work system fault.,1,51.5413271,0.1481142,GB
London Stratford,2024-02-03 04:16:30,busy!! equipment free need wait long time equipments,1,51.541289,-0.0035472,GB
Salford,2024-02-02 13:48:45,"i’ve two different pure gym england sure salfor pure gym worse, machines broken least three months, many order ages, weights always everywhere, even toilets always order! floor it’s wet week smell awful! moment cross door smell terrible smell need workout facing that. please someone something!",1,53.4877463,-2.2891921,GB
Liverpool Brunswick,2024-02-02 11:07:23,"machines went wobbly, ended hurting neck due",2,53.3832177,-2.9760156,GB
Basildon,2024-02-02 06:45:06,"dirty, smelly, equipment damaged, weeks wait repaired, customer service non existent, many people certain days.",1,51.5754602,0.4757363,GB
London Kingston,2024-02-02 01:52:38,really enjoying gym would give stars would simply adopt non-nudity policy. men taking shirts flexing mirror free-weight section common occurrence literally nobody wants see whole heap reasons. one puregyms rules football shirts allowed... topless completely fine. changing gym end feb change.,1,51.4129277,-0.3018577,GB
Swindon Mannington Retail Park,2024-02-02 01:42:33,"radio, air conditioning",2,51.5540137,-1.8131711,GB
Norwich Riverside,2024-02-01 23:51:32,"member puregym couple years, though attending norwich since moving october. staff great, friendly always willing help. however, air conditioning woeful. gym busy, work hours, stinks farts. it’s really unpleasant. read another comment air con concerned summer months. also upstairs flooring lumpy bumpy health safety issue point someone trip. budget gym excuse basic requirements.",2,52.6271817,1.3056472,GB
Milton Keynes Winterhill,2024-02-01 23:21:16,"music loud, wifi work & pubes shower. lots equipment, worn & therefore unsafe. cheap though, located middle nowhere industrial estate.",1,52.0277439,-0.7636732,GB
Bristol Harbourside,2024-02-01 18:48:56,"used excellent facilities pure gym portishead, moved membership immediately moving. however upon first session found gym oversubscribed, evening absolute chaos queues equipment weights left everywhere. feels like much less staff portishead, least one enforcing rules tidying. gym poor ventilation really notice smell entering. yanga water machine doesn’t work time, water pressure normal taps inconsistent. good range equipment duplicates, much needs maintenance swap exercises due rust inconsistent resistance. however, location convenient, changing rooms clean, spin room great view. feel torn whether continue.",2,51.450363,-2.600511,GB
Witney,2024-02-01 18:18:41,"small, many people, constantly hassled machines rude, arrogant meatheads. supposed share machines sets- covid safe it?",2,51.7838848,-1.4852861,GB
Northampton Weston Favell,2024-02-01 16:58:00,"porr quality, poor maintenance, showersl facility filthy showers unable produce heat. work needed travel across northamptonshire peterborough leicestershire work using multiple gym fast worst puregym ive ever come across.",1,52.2577432,-0.8369027,GB
London Edgware,2024-02-01 14:36:45,"pressed buzzer repeatedly assistant waited outside gym minutes, one came out. beyond unkind.",1,51.6136623,-0.2749555,GB
London Kingston,2024-02-01 01:49:58,member gym directly opposite..i saw pure gym set directly opposite curious good. price gym opposite twice size. like window seems mean lot people watching run wasnt enjoyable. rest pure gym similar. gym opposite refurbished new machines seems better value money bigger gym less people looking less people inside bigger. hoping new gym better smaller less stuff.,2,51.4129277,-0.3018577,GB
London Holborn,2024-01-31 20:57:24,waiting minutes front entry. trainers noticed multiple times one cared check up.,1,51.5195982,-0.1137266,GB
Aylesbury,2024-01-31 18:05:55,"tempters control gym unhealthy, way hot work even middle winter. set temperature aircon kick ridiculous",1,51.8161412,-0.8130383,GB
Sunderland,2024-01-31 04:59:04,crowded gym although big gym wait machines. enjoy environment.,2,54.9058512,-1.3828727,GB
London Wembley,2024-01-31 03:48:28,changing room constantly smells horribly .. highlighted staff apparently advised spray mask smell.. added horrible smell lingering around. disappointed!!!,1,51.5560695,-0.2796034,GB
Birmingham Beaufort Park,2024-01-31 02:17:32,every one boycott puregym muslim pts work suggest leave boycott ceo puregym supports isreal boycottt,1,52.493268,-1.8171797,GB
Bradford Idle,2024-01-30 23:56:20,walked past,1,53.8352205,-1.7304012,GB
Norwich Riverside,2024-01-30 23:46:14,way busy unless go 7/8pm,2,52.6271817,1.3056472,GB
London Shoreditch High Street,2024-01-30 23:05:54,"avoid!!!! bathrooms always flood, one point closed gym weeks. rather refund asked, gave access gyms. supposed travel gyms far away?? cancelled membership, joined thegym, much better facilities never issue",1,51.5232534,-0.0744674,GB
London Finsbury Park,2024-01-30 22:45:42,"small, crowded, bad ventilation, bad lighting, impossible find weights, cable machines broken missing hooks expensive better gyms",2,51.5648345,-0.1064144,GB
London Tottenham Court Road,2024-01-30 22:25:32,toilet ever damaged place dirty,1,51.5163525,-0.1313917,GB
London Charlton,2024-01-30 19:13:52,"impossible get workout done, even wait line enter, let alone use equipment.. way people capacity...",1,51.4826053,0.0365359,GB
Liverpool Kirkby,2024-01-30 18:13:21,"extremely disappointed low level quality pure gym kirkby. gym today pure gym extremely dirty. one female toilet extremely dirty use, one order. drinking water order, leg press order, floors really dirty disgusting. general, lady’s changing room poor. doesn’t make possible shower there. staffs front desk keeps using mobile phone time. may job doesn’t care weights wrong place someone needs help. gym friendly dont feel welcomed.",1,53.4821071,-2.8886045,GB
Aylesbury,2024-01-30 18:13:21,times last days ive tried use showers work seconds go off!then press button nothing. sort out!!!!,1,51.8161412,-0.8130383,GB
Brighton London Road,2024-01-30 13:40:56,basic small,2,50.83681,-0.1362631,GB
Telford,2024-01-30 05:16:33,"numerous machines spin room malfunctioning, despite multiple assurances replaced approved pure gym headquarters, happened. empathize management staff pure gym must repeatedly communicate issue.pure gym, urge compromise standards further. heard individuals contemplating switching another gym due concerns.",1,52.6780532,-2.4514219,GB
Salford,2024-01-30 01:54:48,machines always busy gym constantly rammed matter time attend. whole gym stupidly hot ventilation causing working unbearable whole gym smelling sweat. also noticed weights left floor put back makes impossible find anything.,2,53.4877463,-2.2891921,GB
Didcot,2024-01-30 01:54:48,everything broken/out order!,1,51.6056908,-1.2467923,GB
Plymouth Alexandra Road,2024-01-29 22:53:12,crowded,2,50.3818354,-4.1266441,GB
Dagenham,2024-01-29 20:11:45,many facilities gym group across road. also way smaller expected. isnt enough equipment people,2,51.5413271,0.1481142,GB
Dagenham,2024-01-29 20:11:45,going cancel membership. parking 24/7 chatting bare rubbish. also people complained isn’t dettol wipes wipe machines much wet sweat don’t feel comfortable. leaving gym going gym group.,1,51.5413271,0.1481142,GB
London Kingston,2024-01-29 13:48:23,"nice clean gym. quite spacious actual gym floor. variety machines really good well laid out. reason 2* female changing rooms tiny. although cubicle get changed real plus, number lockers minimum, showers good pressure hook.",2,51.4129277,-0.3018577,GB
Edinburgh Exchange Crescent,2024-01-29 12:37:47,"hi team, temperature shower room low quite ""windy"", obviously colder changing area even inside shower room, toilet changing area altogether. caught cold shower there, happened several times frustrating...could please raise temperature lower wind speed shower room? critical factor affecting whether would still visit gym centre. thanks help advance.",2,55.9471483,-3.2090253,GB
London Charlton,2024-01-29 07:15:02,"small , smelly",1,51.4826053,0.0365359,GB
Dagenham,2024-01-28 20:09:25,absolutely rubbish gym i’m camel membership. machines nasty sweat sprays wipe clean off. parking minutes 11:30pm till 7:30am. rubbish place small many nasty bacteria machines. shame puregym.,1,51.5413271,0.1481142,GB
Preston,2024-01-28 12:25:29,"water machine pay extra for, hardly ever works, gym completely crowded till 8pm, either needs equipment, facilities, limiting number people one time, staff nights man place, can’t tell can’t afford night staff massive chain, weights place. member gym since first ever opened, wow it’s gone totally hill.",1,53.7593363,-2.6992717,GB
Peterborough Serpentine,2024-01-27 18:46:06,"poorgym ! male changing room shut ! urinals service months now, hand dryer frequently non-operational, alternative provided hand hygiene, sink filthy, cleaning equipment left unattended including chemicals.. suppose trying promote clean go policy 🤷‍♂️ won’t comment showers toilet cleanliness. furthermore, attempts communicate issues feedback gone unanswered. lack responsiveness disappointing raises questions management’s commitment addressing concerns.",1,52.5403778,-0.2632194,GB
Leeds Hunslet,2024-01-27 17:45:35,things change gym otherwise people leave good almost years last years getting worse water machine tap buy water workout disappointed never experience anything thing like one cares except manager assistant,1,53.7786185,-1.5282492,GB
Dagenham,2024-01-27 08:10:41,feels like gym missing equipment. airy. needs functional ab machine. unless going peak times expect get ticket. parking free 07:30-23:30. due size gym imagine super cramped peak times.,2,51.5413271,0.1481142,GB
London Canary Wharf,2024-01-27 06:29:50,prefer speak,1,51.5048954,-0.0190006,GB
London Kingston,2024-01-27 01:47:26,"come here. place like youth club full degenerates, expect price? pay proper gym give rabble swerve.",2,51.4129277,-0.3018577,GB
London Kingston,2024-01-27 01:47:26,"scored star fallowing reason: man showers always dirty, cold water deprived options regulate temperatures needed, also showers door really good blurry still notice lots things bridges dignity intimacy customers. add month don’t internet signal every time approached staff answer “ next week,,. sorry team much like guys good facts facilities puregym advertised reality like that. hope learning lessons business management.",2,51.4129277,-0.3018577,GB
Dagenham,2024-01-26 15:22:00,"parking free minutes midnight, point 24/7",1,51.5413271,0.1481142,GB
Wolverhampton South,2024-01-26 14:51:43,"gym joke. parking like third world country, anyone blue badges don’t bother hero’s park fancy cars bays. free bet attitude handful selfish people joke. doesn’t matter time go find someone representing wrong things bad attitude gym. want part 5am club? think it’s going quite..think again! there’s guy red manchester united top(says all) thinks it’s ok two 20kg barbells practically exercise. people hog weights machines water bottles towels. management non existent operate freely gym got get used confrontational situations. free weights area mirrors, helath safety world. sted heads think it’s ok leave bags weights middle. stand front mirror spitting guts moaning groaning like it’s zoo! worst gym far wolverhampton, would say take free trial day passes experience first signing up. it’s joke! actually beyond joke!",1,52.463146,-1.9844677,GB
Bournemouth - Mallard Road,2024-01-26 14:41:38,give stars always busy. time bit better 5:30am. considering independent gym.,2,50.7503219,-1.846402,GB
Shrewsbury Meole Brace,2024-01-26 06:57:41,unbelievable think blasting ear bleeding music whole gym acceptable 'workout classes ',1,52.6885014,-2.7581954,GB
London Canary Wharf,2024-01-26 06:27:26,"overcrowded, outdated unmaintained equipment.",2,51.5048954,-0.0190006,GB
Bradford Thornbury,2024-01-25 21:02:36,multimillion pound company even provide phone system. easy sign join yet difficult leave keep charging monthly.,1,53.8030213,-1.7048953,GB
Solihull,2024-01-25 19:21:44,"gym over-crowded times. urgent put place customer limit, seems value income lot customer satisfaction",2,52.4130189,-1.7768935,GB
Liverpool Kirkby,2024-01-25 18:11:07,showers changing rooms stink. must sort drainage issue way months,2,53.4821071,-2.8886045,GB
London Bermondsey,2024-01-25 16:20:09,"sadly gym consistently falls acceptable standards. last year membership experienced least flooding male toilets, leaking roof, yanga machine functioning, lack heating changing room smell coming drains. today looks like sewerage flowing shower trays final straw me. leaving! health hazard!",1,51.4970125,-0.063268,GB
London Stratford,2024-01-25 16:20:09,"staff welcome. it’s worthy. lady black hair supposedly help, it’s extremely rude, don’t know personal trainer. doesn’t look trained work gym place.",1,51.541289,-0.0035472,GB
London Wembley,2024-01-25 15:49:53,one worst i’ve ever too. many treadmills less machines actually work quite small poor ventilation & always stinks.,1,51.5560695,-0.2796034,GB
Sutton Times Square,2024-01-25 06:35:04,tried different lockers pad lock closed still open pad lock shut. full backpack car keys/ wallet etc plus clothes jacket came with. member staff site chinese called anthony. spoke interested making money personal training. asked could leave stuff staff room could come check lockers faulty ignored me. dont know class racism unproffessional ! going check locker room every set stressful annoying. find different job cant paying something safe !,1,51.3643147,-0.1915453,GB
Swindon Mannington Retail Park,2024-01-25 01:32:31,"showers freezing , someone left review month go absolutely disgusting havnt sorted yet",1,51.5540137,-1.8131711,GB
Bletchley,2024-01-24 23:51:39,rude staff member. need whatsoever. really needs customer service/relations course.,1,51.9943694,-0.7325655,GB
Preston,2024-01-24 12:25:34,"""i'm seriously frustrated gym – paying premium, total disaster. filthy, water anywhere randomly shut water machines. manager's clueless, telling grab water toilet. disgusting downright infuriating – need fix mess asap.""",1,53.7593363,-2.6992717,GB
New Barnet,2024-01-24 07:02:43,nice place training getting worse. many teenagers . overloaded,2,51.6497449,-0.1751403,GB
Brighton London Road,2024-01-23 13:43:00,"says wheelchair accessible entrance technically true, get downstairs foyer wheelchair. however, lift actual gym upstairs lift broken long time, weeks months. please join unable use stairs.",1,50.83681,-0.1362631,GB
London Lewisham,2024-01-23 07:09:41,go choice,2,51.4656437,-0.0139562,GB
Manchester Bury New Road,2024-01-23 04:38:25,"come club first time tonight, big clean club, surprising disappointing one chest press machine barbell. please take care it.",2,53.493801,-2.2502732,GB
London Stratford,2024-01-23 04:18:15,poorly run gym🙁 lockers always use people leave items overnight nice atmosphere,1,51.541289,-0.0035472,GB
Nottingham Castle Marina,2024-01-23 02:47:30,noise levels insane certain hours class people. even wearing earphones still loud painful,1,52.9453218,-1.1685107,GB
Manchester Market Street,2024-01-22 23:15:41,"i’ve decided go branch basis it’s close work convenient me. unfortunately don’t know whether i’ll continuing due condition weight area. plates dumbbells scattered everywhere order. find searching high low right weight find it’s side rack. condition equipment also dated need attention/replacement. you’d think £30+ per month would updated machinery isn’t case. it’s great location much potential without correct balance funding better management, it’ll never improve.",1,53.4824808,-2.2411908,GB
London Enfield,2024-01-22 17:39:29,"messiest gym i’ve ever to, couldn’t find dumbbells needed half time.",1,51.6517156,-0.0786839,GB
Bristol Eastgate,2024-01-22 06:23:42,"terrible smell sweat soon walk 🤮 hits face like brick. ventilation like hundred people exercising. nausea felt super weak workout. mind untidiness equipment laying around everywhere, air quality unbearable.",1,51.4731698,-2.5663407,GB
Paisley,2024-01-22 04:52:57,like beginner going quite daunting. chance lift weights due area full posers people milling about. situation everytime go weekdays around 5-6 pm. spend money somewhere else.,2,55.8455828,-4.4239646,GB
London Kingston,2024-01-22 01:51:28,"spacious gym, lot machines work with. like studio hall, spacious too. complain shower toilet facilities need looked after, cleanliness big deal star.",2,51.4129277,-0.3018577,GB
London Lambeth,2024-01-21 21:29:16,"convinced ventilation gym, arrived reeked bo stayed one area gym ages even one there. small music playing all, awkward spoke loud everyone would hear mean everyone gym. get it’s cheapest pure gym near clapham",1,51.4952111,-0.1163354,GB
Bradford Thornbury,2024-01-21 20:59:01,"going months. air con never on, anti bacterial hand cleaners mostly empty. leg press order 80% time, lots men linger sit equipment. cancelled membership joined snap fitness.",1,53.8030213,-1.7048953,GB
Billericay,2024-01-21 19:58:31,receive two penalty parking,1,51.6284395,0.4218142,GB
Preston,2024-01-21 12:24:42,"gym preston extremely unclean, possibly dirtiest. drinking water dispenser broken months despite paying premium membership, staff inexplicably turned off. unfortunately, alternative water restroom, unsanitary disturbing. lack visible management evident, trainers often engaged casual conversations rather overseeing operations. three years, decided last month unsatisfactory gym.",1,53.7593363,-2.6992717,GB
Nottingham Castle Marina,2024-01-21 02:39:48,"equipment left place. people taking tops off, staff nothing. lots machines constantly broken. class volume safe db limit ears. literally cannot hear music headphones. bikes constantly stolen front building. manager seem care. budget need gym take it, expect anything near 'decent' baseline. honestly worst gym ever attended. recommend waiting new gym opens retail park go instead.",1,52.9453218,-1.1685107,GB
Broadstairs Westwood Gateway Retail Park,2024-01-20 20:56:54,"good budget gym major cleaning issues. wipes sprays machines. areas bathrooms seem checked staff, actually cleaned. last visit poo floors. member staff came look left still poo everywhere. showers smell really bad too. machines dirty nobody wipes / cleans use. maybe sprays wipes available. usually bring lot hand sanitizer me!",2,51.362182,1.3935154,GB
Sheffield Meadowhall,2024-01-20 06:29:43,"join gym you’re woman. plenty gyms years never felt uncomfortable life! male members literally move equipment get better view sit stare you’re working out. isn’t one occasion either it’s almost every single time i’m there; morning, afternoon evening! i’ve literally man move jump box in-front me, sit eat sandwich staring hip thrusts. it’s pretty obvious they’re feel staff turn blind eye. i’ve seen men holding phones slyly recording check direction phone pointing towards woman. it’s disgusting. gym also filthy! stations clean equipment. people leave treadmills machines covered sweat can’t even wipe wanted to. there’s always rubbish left machines floor, spilt drinks etc. clips cable machines always missing. attachments never put away scattered floor (this ok you’re allowed gym bag floor next you; make make sense). even put away, half needed attachments missing good luck finding want. need share straight bar whole gym. i’ve almost year it’s getting worse. need gym price that’s clean, professional don’t get gawked at, join jd gym! there’s even women’s section unlike pure.",1,53.4138268,-1.4124334,GB
London Swiss Cottage,2024-01-20 02:47:36,rather called ….the kids gym!! much potential ruined hordes hordes kids teenagers occupying machines without even using them. one pays membership right behind enter without paying!! simply staff never around check. kids smoking vaping facilities company better way controlling memberships since frustration among people palpable. really considering cancel memberships appears things deteriorating instead improving. better get grip job guys!!!,1,51.543722,-0.174982,GB
Purley,2024-01-20 01:26:56,"regular gym-goer decade now, must say, experience pure gym purley left deeply disappointed. facility boasts spacious layout commendable free weight section, unfortunately marred severe overcrowding issues. weekday evenings gym reminiscent dante's inferno, hordes people vying limited equipment space. busy; overwhelmingly packed point nearly impossible get decent workout without constant interruptions. despite affordability, constant struggle equipment chaotic atmosphere rendered membership pure gym purley virtually worthless. on, going pure gym croydon, travel, offers manageable environment superior overall experience. value sanity actually want enjoy workouts, strongly advise avoiding place costs.",1,51.3388112,-0.1158589,GB
Port Talbot,2024-01-19 16:11:46,"opened long ,not much way equipment, leg press calve machine,and broken machines ! great",1,51.5952353,-3.7824148,GB
Wakefield,2024-01-19 13:40:30,"ben chard unhelpful manager rude customer service skills !!!!! don’t go managers need help , think ur problem attempt help !!!",1,53.6829541,-1.4967286,GB
Birmingham Arcadian Centre,2024-01-19 13:30:25,equipment needs deep clean. equipment needs replacing repairing. advertising screen smashed. tv music volume lack lustre. aircon either hot cold!,2,52.4747581,-1.8965083,GB
Liverpool Kirkby,2024-01-19 06:06:43,kicked i’m 14. fuming,1,53.4821071,-2.8886045,GB
Falkirk,2024-01-19 01:04:11,"capacity building, never mind machines. full literal children, heating blasted, people cueing benches use machines, people using live cams everywhere. bike racks anywhere, staff useless, manky sweaty towels hanging place. priced.",1,55.9991959,-3.784376,GB
West Thurrock,2024-01-18 16:39:58,changing rooms showers smell stale like mould need deep clean asap. also people act like filthy animals. notice needs go inform people cleanliness. machines tired used especially treadmills always functioning buttons press hard work. would love see mainly changing rooms cleaner 😁,2,51.47712,0.2721259,GB
London Edgware,2024-01-18 14:28:52,"stretching area boys (always classes going on) ,after paying 25pounds per month open early morning 5am many people prefer early morning workout. less dumbbells sets lower weight 10kg. always occupied weight long. feeling like 25pounds fees per month worth it.",1,51.6136623,-0.2749555,GB
Birmingham City Centre,2024-01-18 09:46:29,i’m sorry idk reviews about. gym clean cleaners good job rest absolute ridiculous. it’s mess wires equipment broken… bunch pins clips missing. whole treasure hunt find need.,1,52.4856896,-1.871104,GB
Glasgow Hope Street,2024-01-18 06:04:38,"overcrowded evening times,but guess still ok city centre. wifi signal can't manage amount connections, hence half year one run premises trying catch bit signal. management says gonna contact o2,but nothing changes",2,55.8620957,-4.2581729,GB
London Swiss Cottage,2024-01-18 02:42:56,"staff bit rude, apart female manager nice. lovely big space it’s missing quite lot important equipment.",2,51.543722,-0.174982,GB
Aldershot - Westgate,2024-01-18 00:11:39,staff interested people break rules. sucks pay membership able work properly,1,51.2500865,-0.7702792,GB
Alloa,2024-01-17 22:50:59,"awful price, £27 joke. cutting & changing classes constantly, classes pay extra for!!! days cut classes completely. good point staff lovely, always helpful smiling. lower price puregym get staff cover classes mon - sunday!",1,56.1156137,-3.7922423,GB
Bridgwater,2024-01-17 22:50:59,"really small gym, also available standard puregym membership ridiculous.",2,51.1283378,-3.0037046,GB
Alloa,2024-01-17 22:50:59,"busy enough equipment , wait long time transfer set",1,56.1156137,-3.7922423,GB
Edinburgh Quartermile,2024-01-17 22:10:39,"member puregym quartermile years. today, went gym crossfit bag, contains equipment chalk, belt, knee sleeves, hand grips, many things use training. rely items type training do. always positive experience staff, coaches helpful. however, first time years, humiliated manager daniel scott (who mentioned manager past months). asked leave gym bag me. understand gym's regulations, extremely disrespectful treated way front people. decided set foot gym long manager working there.",1,55.9438167,-3.1941413,GB
Birmingham City Centre,2024-01-17 21:50:29,"gym years . it’s time let star review. always it’s something broke gym always takes month fix . 30% times cold showers that’s huge problem . gym always dirty , toilets changing rooms always dirty . think clean per week . let’s talk gains everywhere. loose minutes per session find gains need .",1,52.4856896,-1.871104,GB
London Leytonstone,2024-01-17 15:27:16,"showers toilets disgusting!! pee place, tissue everywhere floor never paper dispenser. fees though i’ve walked teenage boys locker room. absolutely gross! price gym pretty expensive!! it’s wrong.",2,51.5684052,0.0111701,GB
London Swiss Cottage,2024-01-17 14:46:52,ridiculously busy peak times making nigh impossible get equipment complete full workout planning use one machine location expect people plus god damn tripods gym busy hours,1,51.543722,-0.174982,GB
London Kingston,2024-01-17 13:46:21,cancel due unforeseen circumstances refunded even though two days 14-day period attended...,1,51.4129277,-0.3018577,GB
Maidstone - The Mall,2024-01-17 04:01:28,coming again. refuse provide police cctv assaulted gym.,1,51.2730013,0.5255069,GB
Leeds Hunslet,2024-01-16 17:46:18,there's never soap changing rooms there's drinking water days nobody anything it. disgusting,1,53.7786185,-1.5282492,GB
Stoke on Trent East,2024-01-16 11:23:00,came today full optimism trying new gym jd last months. sadly left feeling disappointed. weights left floor. weights section mess. wrong place. empty monster cans chocolate bar wrappers used tissue paper floor. machines ok. trying north tomorrow think back.,2,53.0593352,-0.8159322,GB
Bracknell,2024-01-16 09:52:15,"music loud 5pm ,they need change . can't even focus",2,51.4143513,-0.7449925,GB
london Croydon,2024-01-16 04:29:35,understand heating full blast nearly passed impressed,1,51.3550556,-0.0643104,GB
Leicester St Georges Way,2024-01-16 03:59:19,"you’re girl want female space, don’t bother gym. male manager comes female section defeats whole purpose female section. manager shouldn’t allowed operate pleases. separate spaces reason cater people might mind presence man. also cameras stay female section.",1,52.635872,-1.1231787,GB
Billericay,2024-01-15 19:55:18,"always crowded parking ridiculous, ever forget make mistake reg, charge don’t accept appeal you’re building. scam.",1,51.6284395,0.4218142,GB
London Borough,2024-01-15 19:14:57,"many people, needs start closing later accommodate us.",1,51.5011444,-0.0932926,GB
Camberley,2024-01-15 19:04:52,"feeling gym neglected compared puregyms, used come aldershot moved another gym always felt aldershot gym 1000x better gym, equipment outdated, air con old. far etiquette goes got odd a-hole thinks owns gym groups talking machines half hour people pretty good comes putting weights back, respecting space. things bug lack power/squat racks deadlift pads, overall space free-weights area, come instead main gym boxing day closed reminded much hated training freeweights section much hate squat racks puregym use, looking train especially powerlifting training style, might hard time able use equipment effectively. however powerlifting gym - digress. still struggled get good workouts racks moved training style. however changing rooms clean get good workout regardless especially newer less serious training, needs changes rest us lacklustre right now.",2,51.3392845,-0.7460981,GB
West Thurrock,2024-01-15 16:33:36,one worst gyms nation. high levels crime in/around mall (car broken training).,1,51.47712,0.2721259,GB
London Stratford,2024-01-15 16:13:26,"based reviews, joining stratford branch puregym seems like bad idea. reviews mention broken equipment hygiene issues, would annoy. trust customers' feedback accept poor responses management. therefore, consider place option.",1,51.541289,-0.0035472,GB
London Wall,2024-01-15 15:43:11,"cold showers used great gym central - lots classes, good equipment towels provided, they’ve turned shower temperature can’t hot shower work.",1,51.5099294,-0.0760209,GB
Bracknell,2024-01-14 21:44:08,"okay gym, small compared yo many pure gyms. paying parking frustrating otherwise okay super busy.",2,51.4143513,-0.7449925,GB
London Greenwich,2024-01-14 19:02:47,every single shower broken. massively oversubscribed. go somewhere else.,1,51.4686256,0.0488306,GB
Trowbridge,2024-01-14 18:22:26,kids night assuming damage goes it.....male changing room,2,51.3161569,-2.2024324,GB
London Canary Wharf,2024-01-14 18:22:26,"i’ve gym year now, changing rooms smelly even refurbishment. staff rarely smile say hello.",2,51.5048954,-0.0190006,GB
Cardiff Bay,2024-01-14 15:00:43,usually nice weekends cleanliness horrible.,2,51.4639553,-3.1641374,GB
Burgess Hill,2024-01-14 14:50:38,ok gym basic equipment. quite small often crowded. there's enough machines makes work abs adjustable enough fit. equipment feels cheap. go convenient definitely best gym to.,2,50.9575365,-0.1332853,GB
London Enfield,2024-01-14 05:36:01,"it’s sad gym indeed. weights plates scattered around gym workout consists walking around trying find need. it’s annoying, it’s also incredibly unsafe many tripping hazards floor. since gym staff enforcing basic rules, trying set example among gym goers starting put weights place themselves, enfield pure gym continues disorganized gym area. also, past month ac working windows remained closed, bringing temperature high almost dangerous get heart rate much risk fainting. please respect members.",2,51.6517156,-0.0786839,GB
Ipswich Ravenswood,2024-01-14 04:05:16,"code worked get main doors failed glass gate, pressed help nothing. one around help! 24hrs can't access! way contacting staff!!",1,52.0303337,1.1968831,GB
London Kidbrooke Village,2024-01-14 01:23:56,"good gym, decent selection equipment space. reason review is, monika. noticed rude number customers. unfortunately victim bad behaviour occasions. audacity poke aggressively get attention. lucky, review writing her. please teach manners.",1,51.4614006,0.0259584,GB
Manchester Exchange Quay,2024-01-13 23:22:57,absolutely stinks!!! people saturday afternoon smoking there!,1,53.4663229,-2.2822821,GB
Northwich,2024-01-13 16:49:42,"haven’t clue thought it’d good idea put new weight racks without labelling weights go like old racks (not mention fact new free weights shallowest grip imaginable), want pair free weights you’ve got stand 2mins like lost child find dumbbell completes pair floor far end people don’t know racks put them, well toilets chemical/bio war zone. gods name someone think good idea cram machines beyond treadmills, tiny room back building machines practically see soul eyes person across machines positioned. looks wanted put strip fake grass people could throw ropes around (haven’t seen single person use since appearance), can’t forget fact upstairs area cycle machines forever smells like urine-esk sweat whatever reason isn’t proper ventilation, want use cables endure humidity japan poor lad sweating pools worth cardio.",1,53.2602539,-2.5145104,GB
London Edgware,2024-01-13 14:28:30,"serious concerns regarding health safety conditions gym. despite dedicated member, observed several instances compromise well-being patrons. issues include: spills addressed promptly multiple occasions, liquid spills, specifically juice spill picture below, despite bringing attention staff members, immediate action taken clean up. negligence poses significant safety risk gym-goers. unsafe cleaning practices observed cleaner using cable cleaning without placing warning signs. lack precaution increases risk individuals tripping sustaining injuries. crucial proper safety measures taken cleaning activities. inattentive unresponsive staff encountered situations sought assistance staff members, ignored. lack responsiveness unacceptable goes principles customer service. members feel valued attended approaching gym staff. lack professionalism throughout day, staff appears preoccupied personal matters rather fulfilling responsibilities. undermines professional atmosphere expected reputable gym. members deserve team prioritizes safety well-being. regular staff training safety protocols customer service etiquette would greatly contribute overall improvement gym experience. well-being members always top priority.",1,51.6136623,-0.2749555,GB
Peterborough Brotherhood Retail Park,2024-01-13 12:57:45,"even get gym, look around. press button times, response. call number buzzer, number disconnected. looking join, positive experience.",1,52.6002891,-0.2642011,GB
Aylesbury,2024-01-13 06:04:19,full kids,2,51.8161412,-0.8130383,GB
London Kingston,2024-01-13 01:52:14,"good gym awkward trying workout studio skinny teenage boys take tops start flexing like mr.olympia. puregym needs ban members think okay go gym topless, ruins experience others. edited review puregym acknowledged message issue witnessed nudity studio... want see male genitalia public gym place you.",1,51.4129277,-0.3018577,GB
Colne,2024-01-12 23:31:02,"shoddy. first time back long hiatus already cancelled membership. showers run trickle barely lukewarm, shower trays filthy (or two seemingly blocked), changing room floor filthy too. rather awkward leave place showered, feeling dirtier went in. barely tv gym hall, one solitary sanitisation station (really? that's big area). seems lot cost saving approaches implemented membership fee goes yet subsequently experience far worse before. expect miracles cost membership basic care attention hygiene would great.",1,53.8567728,-2.1691238,GB
Bristol Union Gate,2024-01-12 20:29:32,thought gym overcrowded small smelly visited pure gym liverpool central confirmed me. liverpool pure gym much space equiptment updated. bristol pure gym small amount people subscribed experience expect. ok suppose really looking another gym.,2,51.4574315,-2.5919625,GB
Staines,2024-01-12 17:28:01,"worst puregym ever trained far. context: spent lot summer traveling work, meaning would traveling gym gym. spent weeks particular location drive byfleet little way. review: far worst puregym to. give credit credit deserved, location central easy get to, plenty parking although crossing bridge peak times annoying. location modern nice facilities, staff seemed alright although didn’t speak them, space big spanning two floors. changing rooms nice tidy, studios cardio rooms actually good. place lacks gym floor. use old style puregym layout new rigs lot wasted space. gym gets unbearably busy point you’re sharing machines 4-6 people it’s awful experience. tried playing around different timings could never get somewhat quiet (ie share equipment least.) gym load members gym cannot facilitate many people lot misused space wasted space. finding weight plates whole another story lacking significantly. think gym lot potential given location members whether upgrade facilities unknown. overall would recommend intimidating new gym goers, us frequent goers it’s worth hassle. personally always try train independent gyms reason unfortunately me.",1,51.434012,-0.511044,GB
Nottingham Castle Marina,2024-01-12 14:46:40,"pay gym, park gym, get fined parking gym. 10/10",1,52.9453218,-1.1685107,GB
London Bow Wharf,2024-01-12 00:39:40,"night shift thought finish workout, nice shower gym go work. brought favorite shower gel. shower automatically stopped times third time stopped water never came back. waited hour, became late work ultimately wipe damn soap face body towel. first seconds water coming cold water, soap me, shivering. really sick right cold felt night know right now. pissed 😡",1,51.5319916,-0.0418638,GB
London Bow Wharf,2024-01-12 00:39:40,waste money,1,51.5319916,-0.0418638,GB
London Bow Wharf,2024-01-12 00:39:40,worst gym london. piece shi. waste money,1,51.5319916,-0.0418638,GB
Peterborough Serpentine,2024-01-11 19:27:04,"things order. overpacked enough equipment people share. order urinals dryers toilet months. even open christmas etc pure gyms are. ac also never gym god sake dirty staff clean properly. add update today, still dirty ac every greedy person hogging machines tired go machine times todays got annoyed people keep hogging machine every time went try use leave",1,52.5403778,-0.2632194,GB
London Streatham,2024-01-11 19:27:04,joined puregym try best avoid peak times always busy enjoyable experience. they’re obviously oversubscribed. guess it’s cheaper gym pack in. i’ll cancelling trying another local gym.,1,51.429769,-0.1311105,GB
London Greenwich,2024-01-11 19:27:04,"writing nearly three taxing years membership greenwich-based puregym establishment, patiently stooped increasingly appalling set conditions, visits averaging 3-4 times per week. say establishment gone downhill within year like saying titanic minor leak. standard upkeep pitiful, cracked walls, constant leaks, broken water fountains, overall deplorable level hygiene beggars belief, especially shower facilities. cold water mould appear accepting norms, rather exception, half showers service one time. despite cheap membership fee, currently standing £25.99 soon add insult injury increase £27.99, one always hopes basic level service cleanliness. bitterly, find current standards deeply disappointing frankly always hindrance exercise regime. simplest terms, recommend gym worst enemy. reason continue due lack options. sake absolute clarity - penning diatribe amusement benefit. sake members deserve better.",1,51.4686256,0.0488306,GB
Weston Super Mare,2024-01-11 05:48:04,"many people ! place zoo used manageable takes minutes get machine lines people waiting equipment. coming year getting worse, avoid gym",1,51.3471927,-2.9778916,GB
Leamington Spa,2024-01-11 01:35:58,"visited here. staff friendly. layout equipment quality spacing quality good widnes fit purpose. half hour parking entitlement. still worth go. equipment seats difficult move upstairs area, force used move these. hamstring machine feels like designed around another species uncomfortable use little adjustment. adjusted review second time terrified parking fine using gym.2 stars parking system. second time habe come i. toilets vandalised blocked toilet roll. first liquid chalk.",1,52.2913394,-1.536404,GB
Oxford Templars Shopping Park,2024-01-11 01:05:42,"worst gym including puregyms. massively oversubscribed, weights place, poorly maintained equipment, nasty toilets, whole gym stinks especially upstairs. absolute shambles, wish checked getting year student membership instead assuming would good puregyms used.",1,51.7333472,-1.2178489,GB
Lincoln Carlton Centre,2024-01-10 23:24:42,"gym busy, can't get equipment. handsanitiser staff stood around phones rude spoken to.",1,53.2409437,-0.5062213,GB
Leeds City Centre North,2024-01-10 22:34:17,"members staff would rather chat among attend customer waiting outside. shame! standing nothing yet none would assist me. waited outside minutes even told someone needs assistance outside, bother coming out. questions answered website. people said would provide excellent customer service interview. shame",1,53.9558121,-1.1229892,GB
Bristol Eastgate,2024-01-10 18:21:48,"visit gym maybe twice week due i’m working, equipment good place absolutely filthy, dare walk bare foot changing rooms, rubbish everywhere, toilet paper floor. showers cold dare go them, pure filth. shame really gym nice . say can’t get cleaners saying nearly year , expect pay minimum wage. cleanest bristol union st , harbourside, brislington, filton, . complaint it’s worst i’ve seen , hopefully management sees something",1,51.4731698,-2.5663407,GB
London Hayes,2024-01-10 17:51:32,crowded. cancel membership first day.,1,51.6621711,0.7083861,GB
london Croydon,2024-01-10 16:30:50,"really filthy gym first time going doubt i’ll return! i’ve never puregym dirty usually kept clean day dirty tissues almost every part gym! added photo entrance continued out! women’s changing rooms wet tissue sink floors similar, gym floor dirty.",1,51.3550556,-0.0643104,GB
London Park Royal,2024-01-10 08:15:41,"poor service , machine gets faulty, takes ages fixed. shower facilities order weeks ! continously toilets get blocked take weeks fix",1,51.5264341,-0.2839348,GB
London Borough,2024-01-10 07:15:15,"puregym chain known cheaper option gym goers, somewhat realistic pay vs get. it’s small gym decent variety machines that’s great. it’s also clearly cash cow puregym many people allow subscribe location. it’s packed year round, you’re guaranteed workout half spent waiting machines go seriously peak hours. january march period absolute mayhem people packed brim. it’s nightmare try fit decent workout hour much waiting do. afford go expensive gym adequately equipped customer numbers, it. you’ll save much time frustration.",2,51.5011444,-0.0932926,GB
London Canary Wharf,2024-01-10 06:24:29,"recently went spin class housemate. honestly wanted say appreactive fares mahieddine attitude class. layout session poorly made. 30mins session. felt picking time pushed limits. rest still cycling keep momentum. fact kept coming quite disingenuous it. also spent barely time bike making quite hard beginner find feet. left class feeling deflated discouraged, fares lowered confidence. recently quit smoking lungs par wanted build that. fact left class laughed disrespectful. tbh think right job. personal trainer need know work people different abilities. mindful. shocked two girls commented experiences him. compared instructors. recommended go sara verna classes actually planned, forced on. actually sustainable session. update: went sara verna cycle session, actually lasted whole session 30mins actual plan high low intense workouts bike. fair it’s quite funny lasted mins faris session session designed poorly wasn’t moment rest. shows much done session. many thanks sara verna.",1,51.5048954,-0.0190006,GB
Bristol Eastgate,2024-01-10 06:24:29,"really good gym terms equipment, tonnes racks benches lots space everything. however, filthiest gym ever seen. weights equipment scattered floor throughout gym. changing rooms worst seen visited many pure gyms, staff checks signed place still tip. showers also cold.",2,51.4731698,-2.5663407,GB
Birmingham Arcadian Centre,2024-01-10 01:29:27,poor customer experience. many broken lockers. different barrel sizes lockers working impossible lock locker padlock! hopeless gym manager seen. went post work work-out barring walk achieved nothing. thanks puregym plus membership worthless. one worst gyms estate.,1,52.4747581,-1.8965083,GB
Purley,2024-01-10 01:19:23,recent refit freshened gym unless want double even triple time usual workout gym you. every machine always taken hogged left wandering around trying first one dibs something. nearer gyms would probably go elsewhere lucky sense. obviously limit new signups vs capacity.,2,51.3388112,-0.1158589,GB
London Whitechapel,2024-01-09 23:57:11,"worst pure gym to. cramped, dirty, roof leaks, windows, toilets changing rooms...",2,51.5174861,-0.0659685,GB
Leeds Kirkstall Bridge,2024-01-09 22:55:23,"thankful local puregym. sheer size place amount unused cardio equipment, squat racks ridiculous. local puregym go regularly quarter floor space, yet squat racks. meh.",2,53.8157377,-1.6074046,GB
London Camberwell New Road,2024-01-09 11:33:50,"first time here. absolutely horrific changing room conditions 5am. time cleaned??? changing rooms open 5am??? switched gym group issues plumbing, close. changing room never ever disgusting morning. absolutely reason whatsoever mess. update: cleaned it. changing review. someone else mentioned this, would never come. changing gym location though. apart conditions changing room, gym cramped, enough equipment, staff attitude problem. good luck don’t option stay!",1,51.4802321,-0.1081217,GB
London Greenwich,2024-01-09 07:04:32,"large gym, positive, numerous power racks, decent leg area good selection cam machines. unfortunately every cable machine missing carabiner, leaving certain pieces unusable entirely (suggest zip-tie keep lost/misplaced). dumbbell stack lacked capacity higher weights, decline olympic bench many smith machines.",2,51.4686256,0.0488306,GB
Ipswich Ravenswood,2024-01-09 04:06:35,nowhere squat bench safely safety bars benches power rigs. dangerous gym.,2,52.0303337,1.1968831,GB
London Swiss Cottage,2024-01-09 02:43:50,"main issues: 1. extremely dirty 2. toilets constantly order 3. staff never 4. fire alarm went & staff - evacuate 5. machines always broken weeks time one fixes every single day go womens toilets use - also lock toilet make look like aren’t use? used toilet main area it’s piled rubbish pee seat - one cleans place all. staff sit around seems cleaners??? everything dirty. machines constantly broken fixed, body mass scale paper replaced weeks one use it. recently i’m going staff sign 4pm sunday staff there, day new years ever 5pm sign - fire alarm & staff evacuated ourselves. sign one staff there. genuinely going leave getting unsafe.",1,51.543722,-0.174982,GB
London Whitechapel,2024-01-08 23:57:28,"worst gym area worth many machines order kids around running seating benches playing phone. issue know close gym ceiling leaking taping weight area many people machines, disgraceful",1,51.5174861,-0.0659685,GB
Northampton Weston Favell,2024-01-08 16:52:20,pooring place. used love it. let down. unprofessional staff here. also make u feel un wanted.,1,52.2577432,-0.8369027,GB
Burgess Hill,2024-01-08 14:56:00,much crowded,2,50.9575365,-0.1332853,GB
London Palmers Green,2024-01-08 12:23:56,"something akin hotel gym, fail believe people going serious training.",2,51.6178253,-0.1091946,GB
London Catford,2024-01-08 06:39:33,"got sort cleanliness place, particularly early hours day. you’re either hour gym decent level service, you’re gym all.",2,51.4444696,-0.0261521,GB
Brighton London Road,2024-01-08 01:36:26,"standard commercial gym. remote interest strength training avoid. floor spongy, kit poor quality every barbell feels like covered butter. bodybuikder want gym great. interested proper strength training go elsewhere.",1,50.83681,-0.1362631,GB
Bradford Thornbury,2024-01-07 20:54:00,could update. machines hardly work. machines like years old,2,53.8030213,-1.7048953,GB
Wolverhampton Bentley Bridge,2024-01-07 20:23:44,"walk smell dog food, lucky greeted one nicer pt's, may greeted one two pt's like make feel little uncomfortable walk actively talk customers, pt's like point members bags allowed gym floor, unless friends course. much time spent tidying gym, aswell maintaining it, literally seen screws floor around equipment. equipment decent take lot time get repaired required. overall bad gym, however lot better place, attending gym last ten years, unfortunately standard dropped.",2,52.5968429,-2.0898197,GB
London Greenwich,2024-01-07 19:03:02,"i’ve coming gym couple years equipment general maintenance always big problem here. benches extremely unstable it’s matter time someone seriously hurts them. i’ve dozens pure gyms across country pure gym seems one type unsafe wobbly bench. downstairs flooring also mess, it’s caution tape scattered around months (maybe even year) - preventing anyone working big chunk floor space particularly irritating busy periods day. also consistently seems broken gym equipment, issues water fountains leaking ceilings understandable busy gym. it’s speed things get fixed really disappointing issues going months they’re rectified. extra star staff friendly approachable, otherwise would big fat one star. please puregym, sort out.",2,51.4686256,0.0488306,GB
Sheffield Millhouses,2024-01-07 15:51:24,"wanna gym rat? here’s pic waste outside. really wanna trust gym? dirty stinky carpets, aircon works properly members walk around gym nothing phone? pathetic gym, pay almost £30 month go gym hardly aircon, broken dirty equipment rusting water machine broken weeks. pay £4 month extra water fools can’t even fix provide it?",1,53.3459759,-1.4969316,GB
London Edgware,2024-01-07 14:30:40,"going couple months now.... two things really stuck me. 1. single weight correct place. culture gym needs change one goes respects place enough put weights back. want stress much problem is. saw people throwing weights abandoning weights left right. mean, people literally going way make mess. staff seem care, make sense people simply care. makes even sadder put weights back, get dirty looks members. proving behavior strange them. staff need step game crack rude lazy members 2. aholes. attended multiple puregyms around city london. peak times. edgware takes cake high ahole population. agro, wannabe alpha energy oozses walls. know gyms friendliest places, definitely meet rude/aggressive 20somthings here. going give start, renovated place indeed look nice. quite spacious pretty much main machines want (if get free) needs engaged staff help fix members' behavior. sounds bad judge gym members. staff need ones instigate change. people sheep follow example. tell people put weights back. would seen crazy person. known/respected staff power. not.",2,51.6136623,-0.2749555,GB
London Beckton,2024-01-07 14:20:35,joined gym happy. air ventilation doesn’t get rid germs air. hand sanitizers clean hands. always sweat machines people get tissue spray gym clean use. equipment always place. toilets disgusting. upset always people saying thing said.,1,51.5160797,0.0594257,GB
West Thurrock,2024-01-07 04:39:43,"unstaffed hours- issues getting gym around 5:30pm code coming selecting forgotten pin, went gym pressed green button assistance noone coming out. proceeded wait another minutes trying call assistance still one coming out. checked website staffed hours said within hours. however disappointed fact called telephone number, assistance tell u send message online.",2,51.47712,0.2721259,GB
Peterborough Brotherhood Retail Park,2024-01-07 00:57:53,gym months honestly say gym soul. welcoming atmosphere. thing get out. staff want know you. times rude. every time go gym via car put number plate in. risk getting ticket. really annoying sometimes forget. would recommend gym. left recently gone back gym left.,1,52.6002891,-0.2642011,GB
Bicester,2024-01-07 00:07:27,"arrived car entrance gates open even though access contract. incurred costs filing complaint, informed know happened.",1,51.8988832,-1.1518287,GB
Birmingham City Centre,2024-01-06 21:46:13,"probably worst pure gym's birmingham, can't even use treadmill mildly busy time there's problem equipment. weights.. good luck finding bench weight area. irony started training years back re-joined recently.. nothing changed! least gym group revamp years back pure gym still sleeping past.",1,52.4856896,-1.871104,GB
London Borough,2024-01-06 19:04:50,oclock weekday o'clock weekend close ?,2,51.5011444,-0.0932926,GB
London Stratford,2024-01-06 16:18:05,"good size gym lot options muscle training. visited various branches puregym male changing room stratford dirty, stinking disgusting place ever seen. definitely requires upper management schedule cleaning often signing paper saying checked.",1,51.541289,-0.0035472,GB
London Bow Wharf,2024-01-06 12:43:41,"visited various branches puregym now. bow wharf smallest branch pure gym size, equipment changing rooms london. worst changing room cubes toilet shower inside usually operates whole gym including men women. unisex changing room open camera spy customers. there's privacy changing room there's always camera head chance change clothes without privacy. people spoke join gym due toilets privacy space. would recommend upper management review possibly expand find way improve. puregym london cameras changing room bow wharf one company takes privacy away. see camera 80%-90% customers bow wharf take showers gym due limited space privacy. gym manager always says everyone please check app see many customers come go there's less people, that's right answer excuse truth almost 90% customers can't take showers privacy believe managing director mr h cobbold review properly.",1,51.5319916,-0.0418638,GB
Romford,2024-01-06 07:00:45,upset puregym. air ventilation germs. santising equipment. parking issue too. going go thegym give go.,1,51.5760462,0.1822646,GB
Edinburgh Fort Kinnaird,2024-01-06 03:48:34,gym need good air conditioners ever go gym it’s always boiling,1,55.9334724,-3.1059406,GB
Ashton Under Lyne,2024-01-05 20:55:05,"cheap cheerful. gets really busy around peak times, get pay (bare mind itrain dukinfield thegym oldham cheaper here). me, ended cancelling membership gym hot. impossible anything without getting sweaty. made worse little cleaning equipment chances sitting machine outline someone's buttock high 🤢",2,53.4865407,-2.098691,GB
Sutton Times Square,2024-01-05 18:31:46,"fantastic gym, absolutely ruined waves school kids attend groups 4/5 people. respect gym users equipment. regularly piles dumbbells left makeshift ninja warrior course rarely tidied kids. sheer lack awareness people's space also huge issues. groups interrupting ""safe space"" around users. blame one gets knocked weight coming down. even worse yet bumping someone mid set holding weight heads/faces. examples unacceptable behaviour witnessed, asides poor form group ripping t-shirt another persons back one occasion. another teenage couple kiss cuddle middle cable machines. gym really place get second base. latter today enough cancelled membership join another gym. shame gym well equipped, pts friendly. know gym accessible draw line using children's nursery. sort behaviour needs challenged. anyone age mandatory face face induction educate poor behaviour safe practices gym.",2,51.3643147,-0.1915453,GB
Manchester Moston,2024-01-05 12:36:53,"air con spin room work. 06.30 spin class, instructor excellent, encouraging whole class",2,53.5232522,-2.1710273,GB
Manchester Debdale,2024-01-05 11:26:16,canny rough puregym. busy best resourced puregym family.,2,53.4601898,-2.1545545,GB
London Park Royal,2024-01-05 08:14:38,"changing rooms smell bad! dumbbells order, apart pretty solid offering",2,51.5264341,-0.2839348,GB
London Palmers Green,2024-01-05 00:28:53,toilets sink blocked,1,51.6178253,-0.1091946,GB
Maldon,2024-01-04 23:58:38,"moved area, went look around gym helpful staff member showed around. however toilets showers awful, smelly dirty. put keep looking local gym.",1,51.731198,0.6791849,GB
York,2024-01-04 23:48:32,"noise gym absolutely atrocious! managers/owners seem realise may people gym hyperacusis, misophonia types sensitivity sound - want workout relative peace quiet! background music fine classes problem, classes blast trashy club music full volume instructor shout microphone make heard. wear noise cancelling headphones listen music working out, still hear noise. today leave five minutes warm-up two classes happening time, two sets music blaring two voices screeching mic, horrible. pay membership like everybody else deserve able work-out comfortable environment. wrote email complained weeks ago got reply, going find another gym.",1,53.9656578,-1.0743052,GB
Cardiff Central,2024-01-04 14:51:13,order months?? going fixed?,1,51.4755495,-3.1797057,GB
Swindon Mannington Retail Park,2024-01-04 13:29:59,"left due difficulty accessing equipment. unfortunately gym appears far many active members amount equipment provides. last months here, every piece equipment queue. staff also bit odd. there's one guy walks around feather duster, flicking equipment pt session, leans machines plays phone.",2,51.5540137,-1.8131711,GB
Ipswich Ravenswood,2024-01-04 04:09:05,"poor selection bars. power/safety squat/swiss bars. worst all, nowhere bench press safely gym. bizarrely, safety catcher attachments available use power rack rig, adjustable safety bars squat racks low enough use bench press. safety catcher attachments power rack rig also issue safe squating. sure, dump bar bumpers, help circumstances. matter time someone takes bar trachea bench game over...",2,52.0303337,1.1968831,GB
London Holloway Road,2024-01-04 01:37:49,"internet never works, never...",1,51.5528674,-0.1130095,GB
London Clapham,2024-01-04 01:27:43,worst puregym london,1,51.4614469,-0.138627,GB
London Aldgate,2024-01-03 23:36:15,really expensive compared gyms offer services sauna even student discount,2,51.5142477,-0.0757186,GB
London Aldgate,2024-01-03 23:36:15,"nice gym, easily get locked out. use gym day. seems like bit breach contract. pin work once. found hard way got locked went outside get snack next door tescos, find get back in, stuff inside employee class rang bell hour! sort out.",2,51.5142477,-0.0757186,GB
Bracknell,2024-01-03 21:45:02,"avoid costs adult. it’s basically teen school gym. teenagers everywhere, hoarding around, using machines properly, taking pictures generally wasting time.",1,51.4143513,-0.7449925,GB
London Wandsworth,2024-01-03 18:12:38,lockers broken. toilets always broken. men's changing rooms stink whole time. whole gym smells sweat. windows. good thing price.,2,51.4570271,-0.1932607,GB
London Swiss Cottage,2024-01-03 14:44:08,"gym looks great. plenty space equipment. smell festering sweat almost burnt nostrils, extremely overwhelming overpowering. even complete workout left less hour. considering cancelling membership.",2,51.543722,-0.174982,GB
London Palmers Green,2024-01-03 12:21:55,"unclean gym terrible air conditioning, barely space, stretching area constantly use classes (leading people stretch right next people squatting/deadlifting), pervy guys toilets constantly service. avoid gym.",1,51.6178253,-0.1091946,GB
Ormskirk,2024-01-03 00:05:30,"shocking gym! people feels really busy. one staff rude going gym months considering walk past reception one person time even said hello rude. sit laptops phones stealing wage gym focussed online clients, job stuff laptop time. unless certain customers benefit none bother anyone else. staff apart one face them, it’s welcoming place be. hands worst pure gym looking reviews i’m one thinks this. prices size gym equipment rip off. many kids sat phones hogging machines tense mirror even tho bigger rolled fiver, kissing cuddling partners. it’s terrible gym ran horrendously. soon new volt gym opens would imagine lose lot customers. also pay vitamin water machine nowhere found carries speaking someone higher place get looked properly people wasting money",1,53.5673603,-2.8859603,GB
Norwich Aylsham Road,2024-01-02 23:45:20,worst gym ever see...,1,52.6411579,1.2882664,GB
Plymouth Alexandra Road,2024-01-02 22:44:49,puregym worst gym go alexander road plymouth think go different gym staff rude disrespectful,1,50.3818354,-4.1266441,GB
Dunfermline,2024-01-02 22:04:29,went couldn’t get near equipment wanted. there’s like maybe benches squat racks isn’t enough amount people. went rowing machine pretty much broken. went leg press complete garbage. equipment cheap barely usable. get it’s january shouldn’t wait half hour bench give go home. tried cancel membership operating call centre actual people. it’s worth £20 walk treadmil. especially treadmil home bought £50. absolutely terrible gym.,1,56.0713724,-3.4616183,GB
Cardiff Central,2024-01-02 14:50:29,"disappointed 3days pass bought use 25th dec 27th dec cardiff year end festive period. reached gym 25th morning hand written note front door said closed!! staff around help.their website says open 24/7 indication different opening times days. called telephone number several times useless automated one answering asking send email. wrote four times via email asking full refund leaving 27th 3days pass would useless us, response anyone puregym - 2nd january 2024! professionally managed customer service way get help unresponsive especially everything run via email/online them! first last time",1,51.4755495,-3.1797057,GB
London Waterloo,2024-01-02 04:44:12,"pure gym completely fraud, bought months subscription, neither renewed mine refunded. although emailed themseveral times. never use pure gym. direct contact phone number, called said email adress respond emails. completely fraud. still waiting response not, apply uk court use rights",1,51.5028379,-0.112801,GB
London Swiss Cottage,2024-01-02 02:42:47,"place disgusting, crowded smelly! machines stay broken months! toilets always mess smell strong! gym floors smell like poo well. cleaners use floor sweep “clean” counter tops well. place unbelievably dirty. keep taking away plates there’re enough people use even outside peak times. experience extremely frustrating infuriating.",1,51.543722,-0.174982,GB
London Holloway Road,2024-01-02 01:42:17,"used seasonal free day pass looking gym area knew first visit wouldn’t it. weights feel lighter freeweights machines lost count many buckets scattered around due leaks. there’s culture occupying space sit scrolling social media amongst members female changing room stank horrendously upon arrival due someone opening bowels lingered workout. can’t imagine shower that. would’ve thought there’d extractor fan something manage kind thing. considering site refurbished within last years, expecting much better maintenance building equipment. disappointing really. stars spot branding. pure really got lock, otherwise…. nah.",2,51.5528674,-0.1130095,GB
London East India Dock,2024-01-01 19:38:46,"fair i’ll compare east india puregym neighboring puregym canary wharf £1 pm price. east india puregym equipment lot old haven’t updated since first opening lot less variety equipment. air quality & smell dreadful, cold air gets blown in, fresh clean air & bad bodily odors seem forever linger everywhere gym. mobile network reception wifi offered unreliable doesn’t connect long sometimes all. monthly cost it’s standard puregym price range",2,51.51103,-0.0228617,GB
Cambridge Leisure Park,2024-01-01 09:30:57,"gym okay best. well equipped, machines need train. loads grips handles cable machines. plenty squat racks, smith machines benches etc. things annoy gym. main weights machines cable machines ibs, mean, us... also announyed gym run. main issue parking. gym says there's free parking. way get free parking pick ticket gym scan car park leave. lasy times trained there, run tickets, pay parking. also free parking hours puregym dosen't mention that. whe gym advertises 24/7, great. went train christmas eve find gym closed arrived. know puregym update opening hours google even app. probably checked crystal ball left gym. gym well stocked vending machines. spend £4.00 protine shake date, almost saw lunch smelt it. gym okay. there's reason ""backup"" gym.",2,52.1900026,0.1367799,GB
Bristol Eastgate,2024-01-01 06:19:15,"rat shirt of, 2ladies walked past, tissue everywhere, 2cans coke left floor, staff pretty shocked yet made 60millon profit",2,51.4731698,-2.5663407,GB
London Canary Wharf,2023-12-31 18:20:51,gym! small! oh spin bike cardio areas!! good,2,51.5048954,-0.0190006,GB
London East Sheen,2023-12-31 18:20:51,"gym worst gym world. good thing exit. thinking don’t, join somewhere elsewhere!",1,51.4623706,-0.267094,GB
London East Sheen,2023-12-31 18:20:51,don’t join gym. witnessed terrorism soooo scary. gym gone dogs makes want tear hair weep. don’t join january you’re considering,1,51.4623706,-0.267094,GB
Exeter Fore Street,2023-12-31 15:19:18,"stinks, water fountain unless go upstairs. machines old don’t think people clean much around gym. cables haven’t oiled long feel heavier weight displayed. often feel ill drinking water fountain.",1,50.7205151,-3.5351998,GB
London Charlton,2023-12-31 07:05:41,"establishment used one best around couple years ago. unfortunately, standards significantly declined since manager patricia's departure. disappointing gym longer plays usual gym music. instead, blasts odd selection music full volume, particularly disruptive around studio area, adjacent manager's office. area seems repurposed personal music player, emitting extremely loud bass music many find annoying. long return peaceful environment enjoyed, music emanating gym's speakers television. regrettably, complaints seem fall deaf ears, reaching gym manager appropriate authorities. shame, really. advice? bring ear defenders noise-cancelling headphones protect ears overwhelming sound. edit: response pure gym's suggestion contact manager, like point aligns concerns raised review. email manager also cc'd higher authority, seems rather pointless.",1,51.4826053,0.0365359,GB
Hereford,2023-12-30 23:41:34,ok equipment bathrooms shared always disgusting. matter time day go.,2,52.0553813,-2.7151735,GB
Liverpool Brunswick,2023-12-30 23:01:14,"cable grips cable machines. poor use space equipment. enough dumbbells. dumbbell rack mess. showers toilet facilities nice. even compared pure gyms, good gym. bromborough bidston puregyms much better.",1,53.3832177,-2.9760156,GB
Walton-on-Thames,2023-12-30 21:00:11,"contracted virus hand one machines. disgusting gym saw rat yesturday, machines broken would recommend beginners",1,51.3856837,-0.419814,GB
Widnes,2023-12-30 20:07:02,saunas...sad times :(,1,53.3646888,-2.7283328,GB
Witney,2023-12-30 18:14:22,"get 2.5 hours parking, opinion gym seshes take 3-4 hours one days. many machines legs, many machines general. there's one everything quite annoying try want. open zero privacy prefer puregyms tinted plastic around machines.",2,51.7838848,-1.4852861,GB
Sheffield Millhouses,2023-12-30 15:53:12,"need use wight equipment people sat wights equipment mobile phone suppose using wights equipment. therefore, people using wight equipment stopping people using equipment.",1,53.3459759,-1.4969316,GB
Cardiff Bay,2023-12-30 15:02:43,"pure gym really excellent place work out, vibe cannot beaten, however, it’s really acceptable staff can’t even take time restock paper towel dispensers wipe machines down. gym around 5pm today, four paper towel dispensers ground floor empty. gym packed, naturally want give equipment wipe using paper towels available unhygienic. also, really need two paper towel stations ground floor, like covid, one station situated near free weights area, makes sense people going perspire cardio workouts, really paper towel station close cardio section.",2,51.4639553,-3.1641374,GB
London Bermondsey,2023-12-29 16:16:18,extremely busy time,2,51.4970125,-0.063268,GB
London - Twickenham,2023-12-29 02:07:11,another typical puregym without enough 20kg plates.,2,51.4505786,-0.3288402,GB
Brierley Hill,2023-12-29 01:16:46,two stars well pure gym go pure gym know went two stars one reason gets stars showers loot warm least loot warm cold hot cold hot like dudley port way treat paying customers pure gym care got money,2,52.4823185,-2.1237803,GB
London Palmers Green,2023-12-29 00:26:21,"nice local gym, nice staff. unfortunately, still problems bathrooms... equipment. big mess stench changing area.",2,51.6178253,-0.1091946,GB
Manchester Debdale,2023-12-28 23:25:49,"much potential going waste here! equipment dirty! rusted old! roof leaking multiple places! spent money place up, got new kit, made less cramped- could amazing gym. issue gym etiquette! none here, people leave weights lying around, gym looks mess! seriously monthly price, sort gym conditions get rid people can’t bothered put weights back - could good gym.",2,53.4601898,-2.1545545,GB
Manchester Market Street,2023-12-28 23:15:44,"vibe, plenty wasted open space extremely limited, poor machinery",2,53.4824808,-2.2411908,GB
Billericay,2023-12-28 19:53:59,"avoid gym - disgusting service use company called smart parking manage car park. entered zero instead 'o' touch pad received £100 fine. provided smart parking print gym attendance matched timestamp parking fine, smart parking refuse accept authorised usage. spoken staff gym nobody interested. mailed pure gym customer service twice deny parking operation anything despite touch panel located property. repeatedly see pure gym comment reviews advising contact gym manager, perhaps representative pure gym would kind enough provide name contact details gym manager?",1,51.6284395,0.4218142,GB
Sunderland,2023-12-28 17:02:31,"boring commercial gym. equipment often use broken, full gym freezing cold zero music. dull atmosphere. price good comes price never people in. mean go 5-7 literally half sunderland there. every machine used, enjoyable gym.",1,54.9058512,-1.3828727,GB
London Marylebone,2023-12-28 01:13:18,"rarely leave reviews say £34.99 core membership gym even open 24/7, smells musty, equipment constantly used, incredibly small, way much. courage audacity charging much facilities providing?!",2,51.5243712,-0.163592,GB
Bridgwater,2023-12-27 22:52:06,"seems gone downhill recently, heard taunton much better moving soon.",2,51.1283378,-3.0037046,GB
Leeds City Centre North,2023-12-27 22:31:56,really bad unprofessional behaviour. also common machines.,1,53.9558121,-1.1229892,GB
London Monument,2023-12-27 21:41:30,one staff cut padlock without permission staff think owe gym really disappointed happened cutting padlock without permission top asking alright really really disappointed leaving sad see things happening,2,51.5106328,-0.0861271,GB
Cambridge Leisure Park,2023-12-27 21:21:20,crowded,1,52.1900026,0.1367799,GB
London Hayes,2023-12-27 17:49:27,"many people, always full terrible ventilation.",1,51.6621711,0.7083861,GB
Birmingham Longbridge,2023-12-27 13:05:51,rank smell bo. need improve cleaning/disinfection priority also ensure members equally cooperative practising good hygiene.,1,52.3940521,-1.9807506,GB
London East Sheen,2023-12-27 06:20:29,"pure gym east sheen awfully busy every hour day, tried rejig schedule avoid “peak” times can’t catch break. responses reviews given seems though take pride “popular” don’t seem want anything it. money coming in? gym incredibly overcrowded meaning waiting around running machines takes workout time. need stop accepting new customers least extend hours! pure gyms 24/7 one barely open outside normal working day. think they’re popular they’re lucky one affordable gyms area. would justifiable put money good use least, women’s bathrooms smelling like poo since remember rains much, rains inside. also don’t enough staff customer ratio often feel unsafe men approach workout staff insight report to! also popular gym amongst teenage groups make difficult serious gym goers pleasant session. longer attending gym definitely put considering unmanned gyms future.",1,51.4623706,-0.267094,GB
London Camden,2023-12-27 05:30:04,"hope provide valuable insight anyone new gym. * pros: plenty equipment various fitness levels. 24/7 * cons: limited space, leading crowding stuffiness. lack air conditioning. changing room cleanliness okay, small cramped spaces. unpleasant experiences toilets, including broken fixtures cleanliness issues. lockers broken hinges, possibly attempted break-ins. showers always clean, warm one, also like cold shower got one. uncommon showers get faulty, get placed use. studio space get dark, feel gloomy, issues management classes gym users want access studio. uncommon get power cuts here, happened twice oct nov. (2023) * concerns: lack communication holiday closure. unequal attention male personal trainers toward new female members. management personal trainers may prioritize new females others. unprofessional behaviour personal trainers, including abrupt requests vacate equipment. unfriendliness showing mentally pts staff times unprofessional. *recommendation: mixed recommendation depending timing personal preferences.",2,51.5427965,-0.1624803,GB
Portishead,2023-12-26 20:55:31,"believe pure gym, days year lie, visited christmas day, shut. came boxing day discover national membership cover along many others",1,51.4806882,-2.7768562,GB
London Colindale,2023-12-26 19:34:50,it’s actually good gym behaviour manager named mouhamed ali ashamed colindale pure gym. use hate speeches abuse customers,1,51.5954091,-0.2499296,GB
Shrewsbury Meole Brace,2023-12-26 18:54:30,"cycle machine (legs front style) seemed small. okay, 6' still. knees hitting handles feet got straps. hoping light session, would mainly use machines...i thought. nope, bench press, shoulder press, curls, tricep extensions. problem, use dumbbells. then, dumbbell rack seemed thin point get 22kg dumbbell one quite right crushed finger. yes, human error, many years puregym's issue.",2,52.6885014,-2.7581954,GB
Aylesbury,2023-12-26 18:04:03,decent gym poor aircon. aircon system puregym flawed seen another review. system cools gym 21.5c heats 17.5c. gym never get 21.5c that’s way warm working per sport england guidelines. instead kept steady temperature many gyms are.this seems like cost saving measure puregym damaging experience users.,1,51.8161412,-0.8130383,GB
Weston Super Mare,2023-12-26 17:43:53,cold shower cramped changing room hair dryers broken,1,51.3471927,-2.9778916,GB
London Enfield,2023-12-26 17:33:47,"equipment usually broken didn’t even inform closing times festive period. bunch clowns, moving gym",1,51.6517156,-0.0786839,GB
Coventry Bishop Street,2023-12-26 16:23:12,changing rooms absolutely filthy. lot's lockers lock properly broken. showers barely warm water covered black mould / slime. gym getting closed new equipment added pretty much since gym opened.,1,52.4119048,-1.5116835,GB
Port Talbot,2023-12-26 16:03:01,closed! days year lie,1,51.5952353,-3.7824148,GB
Wakefield,2023-12-26 13:41:41,enough equipment overcrowded. improper use space many cardio machines insufficient resistance machines.,1,53.6829541,-1.4967286,GB
Aldershot - Westgate,2023-12-26 12:10:24,gym close xmas … 24/24 open …,1,51.2500865,-0.7702792,GB
Tyldesley,2023-12-26 10:39:55,tried get gym 5:00 get last minute workout charity boxing match boxing day can’t get absolutely fuming. yes say hours may differ boxing day google maps sure tho staff time anyway,1,53.5144859,-2.4661714,GB
Leeds Regent Street,2023-12-26 06:48:33,friendly staff bad customer service,1,53.799097,-1.5352944,GB
Birmingham Snow Hill,2023-12-26 01:26:56,poor gym,1,52.4834796,-1.8992405,GB
Bristol Union Gate,2023-12-25 20:29:09,shame! closed christmas day claim open 365!!!!,1,51.4574315,-2.5919625,GB
Reading Caversham Road,2023-12-25 19:38:43,even deserve one star went gym sunday closed without notice believe christmas days closed give membership notice,1,51.4606403,-0.9756087,GB
London Wandsworth,2023-12-25 18:12:52,"reflection company particular gym. apparently it’s perfectly acceptable sell people day pass christmas without mention gym actually closed day. i’ve gym numerous times christmas day before. yet time get way find closed. wasn’t single bit information stating take money day pass won’t even useable. isn’t single justification seeing it’s usually unmanned people let in, it’s hardly staffing issue. complete joke",1,51.4570271,-0.1932607,GB
Northampton Weston Favell,2023-12-25 16:52:07,"would nice let gym users know car park open christmas day, fair drive nearly hour find nowhere park car ajd use gym, change details google maps make info widely available plz",2,52.2577432,-0.8369027,GB
Southport,2023-12-25 16:11:47,"open xmas day.. whole point joined go couldn’t go gyms, nothing social media either",1,53.6475988,-3.0041751,GB
Nuneaton,2023-12-25 15:41:19,info gym closed 25th december,1,52.5246182,-1.4684488,GB
Manchester Cheetham Hill,2023-12-25 15:31:14,website misleading! hours inaccurate day. says christmas may effect hours didn’t specify walked hour find closed gym…,1,53.5032866,-2.2344764,GB
Loughborough,2023-12-25 06:51:35,terrible place way crowded,1,52.7723859,-1.2077985,GB
London Finchley,2023-12-25 06:31:25,"absolutely ridiculous advertised 3day pass closing specific days, whilst also advertising open days year 24/7 turn gym closed!! doors covered red “lockers use tape” disappointed also brand standards all.",1,51.5973246,-0.1805587,GB
Gloucester Retail Park,2023-12-25 03:19:28,"info closed 24&25 ,ment open 24/7 ? scam",1,51.859848,-2.2163951,GB
Kirkcaldy,2023-12-24 22:06:56,"puregyms edinburgh dundee open pm christmas. one chucked everyone 12. i’ve seen half dozen folks unknowingly attempt enter gym. online only, 24/7 gym, quite poor. least post hours online people don’t drive mins get turned away",1,56.1110218,-3.1582296,GB
Birmingham City Centre,2023-12-24 21:46:46,seen people hogging machines nothing like gym before. avoid.,1,52.4856896,-1.871104,GB
Manchester Eccles,2023-12-24 21:36:43,set day pass go christmas arrive see closed christmas. waste pass! info website note stuck door,1,53.4840887,-2.3375175,GB
Leeds Hunslet,2023-12-24 17:44:31,freezing. 80% lockers working changing rooms (has like months). bmi machine swallowing money working. various machines action. water dispenser order. showers minimum temp.,1,53.7786185,-1.5282492,GB
Harlow,2023-12-24 16:13:50,"bought day pass staying away. severely lacking equipment (apart leg presses leg accessory machines, cable tower chest accessory machines) equipment present poorly made (massive jumps bar height squat rack flat bench). shower unclean smelled strongly sewage. better nothing just...",1,51.7685568,0.0949036,GB
Gloucester Retail Park,2023-12-24 15:23:25,"absolutely appalling. gym shut despite saying it’s 24/7 online information suggest otherwise, phone number led person response facebook messenger. way know closed turn like many people able get in. start caring people’s time. edit: thanks generic response. address issue way find gym closed without turning up.",1,51.859848,-2.2163951,GB
Gloucester Quedgeley,2023-12-24 13:42:33,"way know shut, didn’t say online. treat customers better.",1,51.8274128,-2.2773034,GB
Leeds City Centre North,2023-12-24 10:30:30,white manager care report problem hazard always busy chasing girls,1,53.9558121,-1.1229892,GB
Caerphilly,2023-12-23 20:44:39,water machine always order tickets always given parking,1,51.6723809,-3.1783938,GB
Exeter Fore Street,2023-12-23 15:22:10,months go. still counting...,2,50.7205151,-3.5351998,GB
Paisley,2023-12-21 16:47:54,"great gym, bit neglected now, know cost cutting affect paying customer, entrance night light working, like good while, pretty soulless tv monitors playing, please sort out.",2,55.8455828,-4.4239646,GB
Southampton Bitterne,2023-12-21 04:00:43,"member staff gave class helpful, knowledgeable friendly. decided gym though crowded unfortunately time evening expect be. meant get use equipment wanted particular free weights benches.",2,50.9181488,-1.3769392,GB
Epsom,2023-12-21 03:00:26,small parking situation terrible,1,51.3326098,-0.2678212,GB
London Tottenham Court Road,2023-12-20 22:18:35,"staff awful. waiting minutes staff come out. first minutes, someone coming refused help saying someone else help me. next minutes somebody coming said ""you looked online"". spoke less seconds. minutes get wasted. highly recomended",1,51.5163525,-0.1313917,GB
Bristol Harbourside,2023-12-20 18:46:27,using filton abbey wood gym one year home gym basic membership. moved house change membership amount use several gyms move around alot daily. home gym became bristol harbour side secondary gym abbey wood. access gyms £29.99 package. continued way without issues months approximately. suddenly cannot access filton abbey wood secondary gym overnight becomes included asked pay £3 upgrade without prior warning. incredibly unprofessional unacceptable change terms night. disruptive routine using gym willl take public warn others practice. furthermore one talk help management competent helping.,1,51.450363,-2.600511,GB
Northolt,2023-12-20 17:15:41,compared one use kent bigger atmosphere awful. people rack weights know use . like wildlife meets gym. pure gym want .,2,51.5484582,-0.3695247,GB
Lichfield,2023-12-19 22:48:25,"""ok"" best, get pay for. fine go daytime school hours late night 10-11pm early hours. time gym simply busy, place small, layout great. classes often held next weights area taking space even though there's empty area corner classes seen new equipment since place opened. broken missing parts equipment/cable attachments. wifi captive login portal broken weeks. clearly high staff turnover well",2,52.68064,-1.8243992,GB
Southampton Central,2023-12-19 19:26:37,one worst gym i’ve ever far. first people allowed walking socks leaving shoes floor. second i’m fine people recording gym gym two couples record massive tripod way didn’t even ask i’m fine it. third bags floor blocking everyone’s way. never going back.,1,50.9074977,-1.4142289,GB
Nuneaton,2023-12-19 15:43:59,"workout since improvement shower room it’s really dirty smelly, pure gym nuneaton please u look this. thanks,",2,52.5246182,-1.4684488,GB
Bristol Eastgate,2023-12-19 06:26:40,"gym overall really poor even puregym. cleanliness low, bathrooms never enough toilet roll, awful smell womens changing room i’ve reported multiple times nothing changed, equipment fragile & breaks often. layout work well & moving around gym cramped feels unsafe people lifting weights. pt’s rude & passive aggressive me. lots people using disabled parking bays without blue badge meaning disabled people can’t actually use them, needs prosecutions gym this. unfortunately gym convenient price area closed barrow road much better. least i’m getting gains.",1,51.4731698,-2.5663407,GB
London Hayes,2023-12-19 05:55:52,place stank bo packed people. machines order could even get water fountain broken!!!!!!,1,51.6621711,0.7083861,GB
London Hoxton,2023-12-19 00:47:19,open now…?,1,51.5323935,-0.086078,GB
London Wembley,2023-12-18 15:42:41,"messy gym , equipment every , lockers broken open ,staff rude trying force rule bags gym floor uk pure gyms don’t enforce it. repeatedly asked repeating need bag due medical reasons me. poor communication skills , need staff training",2,51.5560695,-0.2796034,GB
Lisburn Laganbank,2023-12-17 19:50:40,"9.40am, people waiting 9.30 start spin class. single staff member gym.",1,54.5092116,-6.0413824,GB
London Hayes,2023-12-17 17:49:39,"times last week, side people cheat system bringing friends free that’s becomes crowded sometimes. enter code friend joins entry tube goes together. fair pays facility.",1,51.6621711,0.7083861,GB
Bournemouth - Mallard Road,2023-12-17 14:27:56,worst wifi ever .,1,50.7503219,-1.846402,GB
Birmingham Snow Hill,2023-12-17 13:27:25,worst gym ever!!!!!,1,52.4834796,-1.8992405,GB
Wisbech,2023-12-17 05:13:26,"wifi , a/c old equipment",1,52.6651733,0.1606824,GB
london Croydon,2023-12-17 04:23:01,weird people there. recommend gym females seen questionable things happen here. good gym can't afford go better one guess. basic machines bad location. free parking sometimes space park all. ticket inspector comes like everyday love fines place you.,1,51.3550556,-0.0643104,GB
Manchester Stretford,2023-12-17 04:02:50,concerned incident witnessed week ago. walking stairs upper level witnessed asian male block white girl walking stairs. started call slag tell clothes inappropriate gym. leggings normal girl gym clothes. next day spoke har told person waited outside gym continued shout aggressive calling slag teling clothes inappropriate. reported incident police pure gym even barred person. absolutely disgusting behaviour management pure gym. cancelled membership. interested see response manager puregym well aware thus incident police spoken them.,1,53.4680344,-2.2457149,GB
London Hoxton,2023-12-16 00:55:16,"recommend puregym company. gym great. however sprinkler system building looking back history, set multiple times, flooding gym rendering unusable weeks. puregym refund time closed. may freeze account free kick fuss, sending complaint. option go another gym freeze membership proposed.",1,51.5323935,-0.086078,GB
Loughborough,2023-12-15 18:51:56,"pretty old pure gym fair bit broken badly maintained equipment compared locations visited, parking really bad nearby local, would avoid staying nearby , anytime fitness far away.",2,52.7723859,-1.2077985,GB
London Swiss Cottage,2023-12-15 02:38:34,"poor maintenance especially since price almost £50! stinks b/o second enter (before coded doors front). smell migrates throughout gym even want know odors coming changing rooms/toilets, repugnant understatement!! gym floor like walking school playground full groups adolescents, thing missing joke place spray paint stand cocktail bar delinquents think ibiza. seriously get sorted daylight robbery least. going filthy/smelly alleyway equivalent puregym branch, difference free!! bother joining, staff ever sight one two sit chatting instead fixing broken machines service since summer.",1,51.543722,-0.174982,GB
London Swiss Cottage,2023-12-15 02:38:34,toilet paper toilet obviously checked signed disabled toilets shower room always seem locked eligible use,1,51.543722,-0.174982,GB
Reading Caversham Road,2023-12-13 19:43:11,"heads up, careful cancelling freezing membership. remove option around days earlier next bill date, taking money extra month! it’ll last month pay though,as thanks won’t freeze account cancel puregym doesn’t take money me!! enough paying fee + extra month.. cheap end offer.. crowded dirty! even queue leave… recommended",1,51.4606403,-0.9756087,GB
London East India Dock,2023-12-13 07:35:47,poor communication poor management. use enjoy going gym use feel like valued member puregym community recently- may due change management. wish put customers heart service use however treat us expendables.,1,51.51103,-0.0228617,GB
London Limehouse,2023-12-13 02:53:24,poor communication (none all) letting clients know gym closed days unable use it!!! horrible!!,1,51.5133074,-0.0351492,GB
Aintree,2023-12-13 02:13:04,weakest gym local area gym equipment overall product. sadly toils difficult floor layout. gym kit retro matrix variations split two floors. freeweights half man cave cardio kit facing kfc drive thru. one positive. one gyms area open christmas day.,2,53.4803632,-2.9376261,GB
London Tottenham Court Road,2023-12-12 22:15:56,"gym trainers nice friendly. equipment self good never issues waiting equipment well. gym dirty. seems like there's cleaner cleans gym regularly. mouse gym one bothered it, surprise bits food find gym. mention showers, mirrors, locker room dirty well. people go gym maintain healthy life style cleaning least customer's concern location central standards expected much higher.",2,51.5163525,-0.1313917,GB
Rushden,2023-12-12 15:22:16,reported manager rowing machines broken weekend returned next tuesday machines still broken clearly untouched (no sign etc). reported seemed disinterested surprised really.,1,52.2911567,-0.5988177,GB
Wakefield,2023-12-12 13:31:20,"dirty / smelly locker room, gym machines/ equipment always order, lockers always damaged can’t put stuff away safely…exit door always order …. best gym ever ……",2,53.6829541,-1.4967286,GB
London Hoxton,2023-12-12 12:50:57,traveled way gym says you’re open google get find closed paying monthly money gym frustrating unorganised. new comers go constantly stinks sewage told member staff it’s pipe system gym messed toilets always leaking flooding causing changing rooms closed terrible gym worth money,1,51.5323935,-0.086078,GB
London Whitechapel,2023-12-12 11:50:25,"way hot, -1 outside hot inside. remember join gym summer thought hot thought would get better winter hasn’t. guess reason manager want warm workplace even ruin workout hundreds. would nicer place workout wasn’t hot could save money.",1,51.5174861,-0.0659685,GB
London - Twickenham,2023-12-12 02:06:13,"well ventilated, sweaty damp smell. barely staff around- lots 16-17 year olds hog weight area, videoing taking photos small changing rooms. worth money. raised issue feedback form cancelling membership told nothing it. really disappointing experience.",1,51.4505786,-0.3288402,GB
Reading Calcot,2023-12-12 00:45:32,"gym good size, nice atmosphere. plenty parking, really accessible. totally let unreasonably cold showers. know decided set temperature, clearly use themselves. puregyms pretty rubbish showers, definitely coldest. great experience workout.",1,51.4468889,-1.0381147,GB
London Palmers Green,2023-12-12 00:25:22,"enough equipment, leg major muscle group body hack squat machine one important machine legs, low row machine back incline decline chest press machines, always toilet shower issues reported",1,51.6178253,-0.1091946,GB
Manchester Moston,2023-12-11 12:39:09,"air con spin room work, nice conditions exercise in.",1,53.5232522,-2.1710273,GB
London Hoxton,2023-12-11 00:50:42,closed days,1,51.5323935,-0.086078,GB
London Palmers Green,2023-12-11 00:20:27,everything broken dirty unfortunately,2,51.6178253,-0.1091946,GB
Wolverhampton Bentley Bridge,2023-12-10 20:18:26,"it’s bad gym, equipment good. members morons. walking around place invisible lat syndrome, behaving like infantile wannabe-gangsters they’ve “trained” weeks. criticism wednesfield full pond-life, it’s brung gym immensely.",2,52.5968429,-2.0898197,GB
London Park Royal,2023-12-10 20:18:26,sundays used good day come gym. groups two upwards block others using equipments women's gym main gym. frustrating trying complete circuit. would nice others could share equipment.,2,51.5264341,-0.2839348,GB
Liverpool Kirkby,2023-12-10 18:07:21,"response puregym asking talk manager, may person read review, didn’t see part said tried talk person charge gym, busy casual chat hear me. more, job rise tickets manager solve problems, unless want hire manager, i’m pretty sure even qualified position, gym would stars 4.3 stars gym. ———————> kirkby, it’s third week row wife needs use toilet still dirty toilet paper training kirkby since closer job, also aintree it’s closer home, aintree equipments seems old broken. training aintree, arnold presses, bench suddenly tilted, nearly injured arm. upon inspection, found bench's rear leg crooked. kirkby, training nearly impossible due constant loud music. classes session, bombarded two different tracks blaring simultaneously. noise level high can't even hold conversation workout partners. additionally, gym without water fountain two weeks. anyone needing water resort using sink toilet. wife also noted toilets frequently lack paper, brought manager, asked wait, occupied casual conversation. situation gyms quite frustrating makes poor training environment.",1,53.4821071,-2.8886045,GB
London Waterloo,2023-12-10 04:49:00,never update opening times,1,51.5028379,-0.112801,GB
Portsmouth Commercial Road,2023-12-10 03:05:38,would help theyd update long gym,1,50.804976,-1.0870115,GB
Bradford Thornbury,2023-12-09 20:52:02,"member pure gym couple years recent months there, moving another gym. quality equipment gone downhill massively. equipment take weeks repaired. there's massive turnover staff members recently, welcoming approachable. atmosphere gym changed, members put equipment away reprimanded it. even staff leave equipment tidy themselves. toilets always cleanest. plus side classes enjoyable, would highly recommend zumba simon's martins classes.",2,53.8030213,-1.7048953,GB
London Finchley,2023-12-09 18:20:46,"leaving review second time pt said something directly fatphobic gym. baring mind many gyms weight loss journey around uk abroad never experienced this. many overweight people comfort eat due mental health, passive aggressive condescending comments pts reason someone returning gym! first ever class september, pt ended ab class saying big smile face front whole class, ""don't go mcdonald's kfc!"", whether trying funny embarrass shame front class, sure, regardless totally unnecessary rude. night class, gym distributing free baked goods, asked pt baked items were, replied ""oh nothing sweet"", walked off, baring mind made mention sweet things question. unfortunately already paid years membership here, continue coming gym. shame time supportive lovely pts. urge management gym remind certain pt's common decency respect!!",2,51.5973246,-0.1805587,GB
Coventry Skydome,2023-12-09 17:30:21,"it’s second week puregym bad experience today. signed two classes afternoon. mins late first one, told class cancelled student didn’t show time. fine. waited 1.5 hours second class. trainer marika rapior didn’t even show up! received notification class cancellation whatever. used shower room first time. water stopped every seconds drain blocked. don’t want people shower, even build it????? wonder puregym bad one.",1,52.4075589,-1.5184111,GB
London East India Dock,2023-12-08 19:36:34,"east india pure gym unfortunately become far cry promising start 2018. gym’s cleanliness lacking, weights consistently left scattered, removal sanitization station free weight area significant setback. yanga sports drinks rarely replenished, communication management, particularly assistant manager, proven unproductive. addressing concerns, assistant manager seems take things personally offers explanations instead constructive solutions. despite three weeks, management claimed one else raised issue. overall decline service disheartening compared gym’s earlier standards. addition cleanliness communication issues, there’s concerning lack investment updated gym equipment east india pure gym. puregym locations upgraded, assistant manager attributes absence new equipment purported space constraints lease limitations. contributes overall decline gym’s quality limits effectiveness workouts members seeking modern effective fitness equipment.",1,51.51103,-0.0228617,GB
Birmingham Beaufort Park,2023-12-08 14:03:38,celebrating one month anniversary order machine.🎉,1,52.493268,-1.8171797,GB
London Muswell Hill,2023-12-08 13:42:16,facilities decent temperature control awful. blast heater upstairs it’s hot workout showers terribly cold.,2,51.5910395,-0.1420768,GB
Swindon Mannington Retail Park,2023-12-08 13:32:11,"gym fine, decent equipment clean. showers main changing rooms cold, spoils me, gyms area price better changing facilities. disabled loos hot showers one hot shower whole gym solution.",2,51.5540137,-1.8131711,GB
London Hoxton,2023-12-08 12:51:50,"someone vandalized gym's fire system unstaffed time period, caused sprinkler pumps overwork flood gym. strange people keep showing gym? things like keep happening, good idea consider staff? also nearest gym minute walk away, really think customers waive membership fee next month, upgrade membership benefits!",1,51.5323935,-0.086078,GB
Newcastle Eldon Garden,2023-12-08 07:18:00,standard gym however facilities equipment need serious upgrade. soft bench huge dint one side needs replaced uncomfortable use. one pt rude aggressive,2,54.9757161,-1.6168648,GB
Manchester Stretford,2023-12-08 03:56:19,"gym several months now, experiences include belongings stolen twice locker room time argue rude woman complain caused membership suspended, disgusting. far concerned, manager hir assistant help member particular, maybe taking bribes something something illegal.",1,53.4680344,-2.2457149,GB
London Swiss Cottage,2023-12-08 02:45:44,"women's toilets pure gym swiss cottage always disgusting! always dirty, smelly, and/or service. honestly, quality experience nightmare that.",1,51.543722,-0.174982,GB
Northampton Central,2023-12-08 02:15:29,"good gym loads equipment, loads space. shame middle winter got cold showers even heater lockers rooms blowing cold. pt’s wearing puff coat inside gym. 7pm week day showers empty.",1,52.2365694,-0.8982839,GB
Birmingham Arcadian Centre,2023-12-08 01:24:33,"genuinely cannot conceive worse gym experience this. starters, building clearly never intended used facilities – such, constantly forced trudge three flights stairs desperate, misguided hope one item equipment want use free, way knowing you’ve already scaled equivalent pyrenees get first set in. miracle manage find machine calves explode, usually quickly struck realisation either: (a) vital component missing, (b) virtually plates available, (c) simply completely non-functional, capacity. maintenance team seem value repainting interior improving quality and/or quantity equipment (or indeed, fixing anything broken replacing anything missing); personal trainers appear sole purpose making everyone’s experience even miserable strutting around like place, taking plates racks people using without asking, generally aggressive unpleasant; course air conditioning works less exactly would expect – that’s right, doesn’t. one thing give staff credit locking access top-floor balcony, wasn’t precaution would certainly thrown edge onto pavement now. though perhaps one putrid mural utterly vapid mantra as, “unlock beast mode” motivation need finally kick doors go it. i’m superstitious man, dragging wretched building week week made reconsider existence purgatory, truly believe world begin heal establishment shut good.",1,52.4747581,-1.8965083,GB
Birmingham City Centre,2023-12-07 21:42:40,would rather throw egg air head came taking foot bar pole bum beans covered step foot gym ever,1,52.4856896,-1.871104,GB
Southampton Central,2023-12-07 19:21:30,"today someone stole jacket locker room. heard many stories opinions, first time happened me.",1,50.9074977,-1.4142289,GB
Gateshead,2023-12-07 04:44:08,"mucky, dirty gym non invested staff. water machine working brown, mucky water one water fountains across floors. one worst gyms terms cleanliness staff effort.",1,54.9625789,-1.6019294,GB
Wakefield,2023-12-07 01:32:33,they’ve got horrible changing room sticking toilet hasn’t cleaned days,1,53.6829541,-1.4967286,GB
Belfast St Anne's Square,2023-12-06 20:30:01,"parking, makes coming impossible unless live nearby. staff nice plenty trainers inaccessible due parking issues",2,54.6033121,-5.9271135,GB
Wolverhampton Bentley Bridge,2023-12-06 20:19:56,"member gym several years. staff adorable location beneficial. however, ended membership many machines broken fix getting order again. lots equipment visible rust it, makes sense renewed several years. hygiene women toilet/shower cubicles shocking. bins always full trash often toilet paper available. shower cubicles full hair dirty spots. customer also would happy see nice photo zones lighted mirrors. female changing room doesn’t provide opportunity lighting highlighting imperfections. sad cancel membership, money paying didn’t alight service provided. wish pure gym luck hopefully, improvements future, could come back happy customer.",2,52.5968429,-2.0898197,GB
London East Sheen,2023-12-06 18:18:54,"used enjoy going gym. really did. year, fact. changed nasty scottish lady started working there. dread going there, made feel apologetic attending gym last hour closing time. well, work hours week don’t time go there, apart 9pm, sorry. every evening 9:55pm, scottish lady screams top voice “ok stop you’re doing!! gym closed!!! please make way out!!!! gym cloooosed!!!!!” different everyone else’s approach works there. lovely, calm asian guy goes around everyone individually politely says gym closing 10mins. nice things noticed since scottish lady started: - music switched 40mins close. would much ask keep close paying customers??! - air conditioning apparently cold scottish lass, trundles around gym wearing beanie – appears switched off. scottish lass nerve complain sweaty smell customers. night audibly discussed colleague, audibly said “i think guy red there”. would much ask keep air con close paying customers??! - overheard scottish lass saying customer wants patrons leave 10pm, ‘only chance workout 10-1030pm’. would much ask prioritise needs paying customers first??!",1,51.4623706,-0.267094,GB
London Enfield,2023-12-06 17:28:29,p.t rude unprofessional data,1,51.6517156,-0.0786839,GB
Bristol Union Gate,2023-12-06 08:23:29,"standard pure gym equipment, plenty space cleanliness poor. weights equipment always everywhere, changing rooms always dirty.",2,51.4574315,-2.5919625,GB
Leeds Bramley,2023-12-06 08:13:24,parking situation absolute joke. peak times got disabled bays parked bb holders got right losers making bays parking road. yet see evidence staff sorting situation.,1,53.8118759,-1.6251903,GB
London Stratford,2023-12-06 04:11:21,daria useless manager! unprofessional rude dont recommend.,1,51.541289,-0.0035472,GB
London Stratford,2023-12-06 04:11:21,attending gym year never issue i’ve always focused workouts left. today things stolen female changing rooms. went manager daria assist instead empathetic referred silly girl raised voice multiple time ask raise voice want resolve issue extremely disappointed level customer service experienced loyal member would liked offered show cctv footage instead insulted like wasn’t victim would recommend gym manager daria know meaning manager customer service,1,51.541289,-0.0035472,GB
Manchester Cheetham Hill,2023-12-06 03:31:01,"unhelpful, trying days change membership chipper one, answer them. membership able change chipper one, change expansive one, without problem. weird.",1,53.5032866,-2.2344764,GB
London Limehouse,2023-12-06 02:50:40,gym days extremely dirty. women changing rooms complete disaster. sure long keep subscription 🤨,2,51.5133074,-0.0351492,GB
Wakefield,2023-12-06 01:40:05,"needs improvement several areas. decent equipment, flimsy locker doors either warped close locking mechanism damaged waste first mins visit searching functioning locker. one water fountain inadequate size gym. one two entry capsules working way almost month now. causes unnecessary congestion peak times disabled entry use members repair carried out. given monthly membership increased £3 month since jan 2022, would nice see additional revenue invested back things benefit members.",2,53.6829541,-1.4967286,GB
Brierley Hill,2023-12-05 13:13:27,"honestly, gym left immediate bad impression. lot machines, seem taken away facilities wipe done, seems pretty disgusting. showers pretty poor hygiene wise, seen member staff since going, bode well health safety. car park uses 3rd party enforcement, rules posted inside outside completely different, ended entering license plate tablet door every day case, although around 40% time seem work. decided chance parking fine, combined shower situation lack staff, enough make cancel membership, puregyms website literally makes impossible, sending round round circles. guess going bank.",2,52.4823185,-2.1237803,GB
Manchester Market Street,2023-12-05 11:12:25,come gym time got told use upstairs showers cleaner cleaning fair enough waiting outside upstairs shower mins decide unlock seen one going whole time working knocked crack head telling get out. tell cleaner phased ask use downstairs ones quickly still tells gonna stop coming feel like downstairs showers use times regardless especially one occupied crack head,1,53.4824808,-2.2411908,GB
Poole,2023-12-05 11:02:20,"gym needs ban phones , impossible get work done people sitting phones holding machines , frustrating wait whilst eff around social media 🙈",1,50.7179472,-1.981521,GB
Leeds City Centre South,2023-12-05 09:31:08,"clean showers. mouldy walls, floor. would recommend clients respiratory problems. smashed mirrors protected tape support. required deep clean.",1,53.3803135,-1.4706053,GB
London Catford,2023-12-05 06:34:27,music loud can't hear noise cancelling headphones,1,51.4444696,-0.0261521,GB
Ashford,2023-12-05 06:34:27,"member gym two months. water showers comes cold dirty, winter warmer. wifi work use data traffic. addition, flavored water dispensing machine always works. think things need improved",1,51.148555,0.8722566,GB
West Bromwich,2023-12-05 01:31:58,"member gym years,nice place years play music loud, people got headphones listening music",1,52.5186579,-1.9923114,GB
London Camberwell New Road,2023-12-04 23:30:58,gym always soooooo hot past couple months smells like sewage. tried speak member staff tell find one.,1,51.4802321,-0.1081217,GB
Plymouth Alexandra Road,2023-12-04 22:39:22,"going gym almost year. gym ok facilities wise wifi also unfortunately misplaced wedding necklace, joe pt really helpful however manager max didn’t help instead told wasn’t wearing necklace seen cctv, know friends told infact wearing 7th may hence i’m sure lost stuff gym. asked could access cctv footage simply refused. expecting helpful going gym year now. expensive much emotional hence would give anything get back. hope cooperate thanks! p.s nobody helped despite bringing knowledge facebook. doubt even cctv cameras.",2,50.3818354,-4.1266441,GB
London Borough,2023-12-04 19:07:36,gym sucks. overcrowded bathrooms get washed twice month. cost cutting whil rising membership costs.,1,51.5011444,-0.0932926,GB
Romford,2023-12-04 18:57:31,"upset coz cycle class trainer mike volume much high ,it's hurting ears ,i can't work side treadmill,it according inside class ,not disturb outside area person ,no need much high volume",1,51.5760462,0.1822646,GB
Ipswich Buttermarket,2023-12-04 16:06:04,"member gym since years say well maintained but, management please put air fresheners toilets. smells really bad toilets.",1,52.0571564,1.1545049,GB
Milton Keynes Winterhill,2023-12-04 11:13:10,want plan day around shower gym session avoid gym like plague. seem think it’s okay open close men’s changing rooms showers random days. time try gym next door.,1,52.0277439,-0.7636732,GB
London Stratford,2023-12-04 04:09:37,"gym crowded, wait long get machine.",1,51.541289,-0.0035472,GB
London Stratford,2023-12-04 04:09:37,repair door gonna injure someone! like last days. ignorant management!!!!,1,51.541289,-0.0035472,GB
Peterborough Serpentine,2023-12-03 18:43:24,"tragic gym. staff non-existent, equipment/weights around place hard find times. machines poorly maintained dusty. water machines often order. last couple weeks, main entrance fully open times, even temperatures 0, causing wind directly blow people using threadmills. changing rooms showers filthy, smells bad aswell. better avoid one overall go one brotherhood retail park. p.s. would possible give rating star, would.",1,52.5403778,-0.2632194,GB
London Bow Wharf,2023-12-03 12:30:17,changing room. mixed.,1,51.5319916,-0.0418638,GB
Walton-on-Thames,2023-12-03 08:58:30,fix seated row machine,1,51.3856837,-0.419814,GB
Coventry Bishop Street,2023-12-03 04:26:00,"sure much care attention paid lockers. break down,and people end damage get things out. photos attached show some, damaged, half able lock lock safely. coming months, definitely like last two three. speaking them, told needed certain number putting order new doors. many would be? buy doors hold extras site case future repairs? sure need paying £21 £30 month, least expect lockers working/ safe.",2,52.4119048,-1.5116835,GB
london Croydon,2023-12-03 04:26:00,"place management, people walk around half naked, music phone speakers place, disappointed, seems like gym manager care all.",1,51.3550556,-0.0643104,GB
Leicester Walnut Street,2023-12-02 20:11:56,"well equipped gym pt service competitive rates. however recent weeks feels like puregym forgotten turn heating walnut street, leicester. put training week gym freezing unbelievably, air con women’s changing room hot water either. fingers went numb, couldn’t grip weights leave! come pure gym, need offer better basic facilities - temp absence hot water even legal h&s?",2,52.6244566,-1.1343556,GB
Leeds Kirkstall Bridge,2023-12-02 10:57:20,"keep getting deals go back pure gym , local tbh even don’t tempt . can’t really fault staff fan gym general . layout isn’t great , seems busy , go spend time waiting use equipment actually using . something whole layout puts .",2,53.8157377,-1.6074046,GB
Sutton Times Square,2023-12-02 06:25:03,never,1,51.3643147,-0.1915453,GB
London Catford,2023-12-01 18:39:11,"honest usually don’t write review, one necessary. filthy dirty gym ever!! years old, life gym seen various gyms different countries never seen dirty gym, people shaving beard sink, showers disgusting, everywhere dusting specially machines covered dust bacteria, machines enough many people. opinion could £ per month. continue workout gym choice right it’s close house.",1,51.4444696,-0.0261521,GB
Wolverhampton South,2023-12-01 14:37:08,anyone looking sign gym aware narcissist’s workout that’s call it. gym limited things like benches barbells doesn’t stop certain people using two things time time important. leaving gym towels benches available wondering talk mates causally working elsewhere. provide stand attitude go can’t move along friendlier gym! management pick choose wanna something overall better gyms much better compliance safety.,1,52.463146,-1.9844677,GB
London Bow Wharf,2023-12-01 12:36:07,"always cold, it’s december minus degrees outside whole gym single glazed windows it’s old brewery. aircon full blast weight areas, ask manager turn heat reply “you’ll get warm start working out”, means wear multiple layers working don’t want stay stretch i’m likely pull muscle.",1,51.5319916,-0.0418638,GB
Sutton Coldfield,2023-12-01 04:52:11,gym blasting hot air treadmill area. what!,1,52.5623089,-1.8239794,GB
London Bermondsey,2023-12-01 04:11:51,avoid cost!,1,51.4970125,-0.063268,GB
Birmingham Snow Hill,2023-12-01 01:30:31,never soap mens changing room / bathroom,2,52.4834796,-1.8992405,GB
London Hoxton,2023-12-01 00:50:11,"summary: staff, incompetence highest, broken website, support team anything, gym website. clearly corporation got greedy paying employees normal salary. arrived gym intentions work out, greeted fancy qr codes redirect site broken paywall, trying pay minutes sign up, plans people uk bank accounts, hit ""there problem payment, please try later"". sign up, also need inside building, impossible access without member entering first. recommend pay pounds go normal gym. cheap joke.",1,51.5323935,-0.086078,GB
Manchester Eccles,2023-11-30 21:38:36,bad experience went lady hogging stairs machine nearly hrs broken people pay money use gym wanted stay long go find actually stairs walk she’s literally stopping resting keep starting makes sense went workers told nothing,1,53.4840887,-2.3375175,GB
Peterborough Serpentine,2023-11-30 18:43:48,"impersonal. hoping would counter admin ask questions, got greeted turnstiles barcides wall.",1,52.5403778,-0.2632194,GB
Byfleet,2023-11-30 11:19:59,good equipment driving don’t stay long gym owner parking fine even though gym time registered plate num ber company ignore still need fine. recommended people drives.,2,51.3401727,-0.472897,GB
London Borough,2023-11-30 07:07:51,showers mold back wall limescale floor. needs refurb.,2,51.5011444,-0.0932926,GB
Northampton Weston Favell,2023-11-30 04:46:39,"decent gym decent equipment, however find funny 24/7 gym isnt open 24/7, occasions week got work whole centre shut, oh questions asked via emails seem ignored.",2,52.2577432,-0.8369027,GB
Portishead,2023-11-29 20:52:34,"£1200 parking notices 1st week. avoid, puregym help cancel notices many years passed customers still pay hundreds pounds every day parking. cannot solve problem, website information parking free. clear happy it. naturally, changed gym one free parking.",1,51.4806882,-2.7768562,GB
Southport,2023-11-29 16:10:05,went pure gym look round join. waiting outside doors meet outside rude member staff telling come bk tomorrow good first impression gym that's opened today ... went back next day yet find staff member saying still staff today .. wanted look round looks like expect pay first online ... warmest welcomes think joining,1,53.6475988,-3.0041751,GB
Southport,2023-11-29 16:10:05,paid almost months ago still gyn still opened.,1,53.6475988,-3.0041751,GB
London Palmers Green,2023-11-29 12:17:59,"gym quit. rejoining changing rooms, space less expensive. cleanliness weight area appalling",1,51.6178253,-0.1091946,GB
London Holborn,2023-11-29 08:46:10,cleaner seriously know whats wrong affrican woman cleans gym night gives dirty miserable looks like depressed something mention banging hoover feet mid lift terrible customer service,1,51.5195982,-0.1137266,GB
London Angel,2023-11-29 05:22:45,great idea schedule wall painting rush gym. love lungs full paint thinner fumes going rep maxes.,1,51.5324874,-0.1060356,GB
Aintree,2023-11-29 02:11:07,"absolute dump! definitely get pay for. theres also blonde woman looks like ten shots steroids day hogs equipment every morning. puts towels machines, stops anyone using it, even she’s something else. dare say anything you’ll see every vein pop her, discovered! waste time saying anything staff they’re clearly pally her. absolutely disgusting gym, hostile environment needs update. staff walk around nothing sit office downstairs.",1,53.4803632,-2.9376261,GB
London Southgate,2023-11-28 14:04:49,gym small crowded. weights place. lockers broken. locked. siuthgate bus station crowded. buses never time. worth loce nearby.,2,51.6323183,-0.1277858,GB
London Kentish Town,2023-11-28 12:13:51,"waste time here, really poorly run gym. seldom opens time. definitely fly problem. staff rude unhelpful. equipment often faulty left mess. recommend going somewhere else want somewhere half decent train.",1,51.5500554,-0.1425712,GB
London Tower Hill,2023-11-28 12:03:45,gym ever actually open time? yet morning one decided open despite advertising 6am open time. notice anywhere gym would closed today. happens far regularly.,1,51.5098481,-0.0766986,GB
Billericay,2023-11-28 07:51:23,"shame write review i’ve always liked gym. going covid never issues parking. returning year september 2023, unaware new parking regulations. they’ve teamed smart parking ltd customer service don’t care reasons regarding parking fines said car park. gym absolutely nothing make people aware apart silly sign first walk in, scanning qr code ,telling enter reg (not big enough writing) tablet stuck wall, even plain sight.. also noting enter via automatic turnstiles, there’s massive sign says discuss parking fine issues site. know problem.. yet don’t anything make people aware parking rules. considering every time went sep-nov 2023, 9/10 someone standing small desk hovering around entrance, could kindly reminded people parked, put car reg in, no, would easy. currently can’t afford membership anymore i’m paying hundreds pounds worth fines smart parking ltd decided wanted take whole month send first many fines. don’t pick gym unless spare money waste parking fines.",1,51.6284395,0.4218142,GB
Bradford Thornbury,2023-11-27 20:55:39,poor parking fines given randomly,1,53.8030213,-1.7048953,GB
London Piccadilly,2023-11-27 06:58:17,"annoyed even access place even premium membership! even upgrade get day pass ""i'm already member"" ridiculous!",1,51.5060854,-0.1441691,GB
London Bermondsey,2023-11-27 04:06:49,"dont feel safe leaving belongings unattended, specially sundays times staff working, people stealing stuff. went friend sunday evening 30-min workout went back locker locked bag two coats, one there. looked help team members available frustrating gets pissed",1,51.4970125,-0.063268,GB
Manchester Market Street,2023-11-26 23:14:19,please love god hot water showers,1,53.4824808,-2.2411908,GB
Reading Caversham Road,2023-11-26 19:42:31,"parking great. size gym good too, two levels. update: original review stars. unfortunately staff ignored reported injury faulty machine. reported february 2024, fixed 2024. engineer hired competent, member staff remember care, sure members reporting. unless receive direct message fixed apologies ignored put initial 5-stars back. customer service worth 1-star. treadmills don’t reach km/h update 2: back stars, machine fixed, perfectly, chasing fulfill report fixing unprofessional engineering fix work machine ignorance one staff member think injury machine important. sad see poor customer service. update 3: star. like calcot, class entire gym dominated loud noise classes hear overlapping music. cheap gym, cheap behaviour",1,51.4606403,-0.9756087,GB
Leeds Regent Street,2023-11-26 18:42:00,"gym add mirrors enough one busy place like gym mean mirrors , gym enough stuff look gym, gent room smells disgusting clean , hopefully take seriously.",2,53.799097,-1.5352944,GB
London Wall,2023-11-26 15:40:24,"incredibly disappointed lack professionalism customer service puregym. signing paying joining fee, faced two-month delay informed membership proceed due error claiming joined via discounted program nhs workers, part of. requested repayment nhs discount portal without issuing apology acknowledging mistake. despite extensive face-to-face discussions numerous emails, issue remains unresolved. additionally, encountering aggressive behaviour staff soured experience.",1,51.5099294,-0.0760209,GB
london Croydon,2023-11-26 04:24:38,couldn’t find pissing thing,1,51.3550556,-0.0643104,GB
Wrexham,2023-11-25 20:30:33,gym equipment best! compare pure gyms better equipment especially legs . poor!,1,53.0465084,-2.9937869,GB
New Barnet,2023-11-25 18:59:47,,1,51.6497449,-0.1751403,GB
Basildon,2023-11-25 18:29:31,not. use soap bath room whether sensitive skin hands reacted badly get ambulance pain surreal don’t risk,1,51.5754602,0.4757363,GB
Blackburn The Mall,2023-11-25 14:27:27,"pay extra visit puregym travel everywhere work. upon entering funny smell, changing rooms sign posted. walking changing rooms stunk sewage. staff around particular gym member dangerously using machines point mess up, followed deadlifts dropping barbell either side everytime top deadlift yet staff said anything. one classes started whilst music loud could hear headphones noise cancellation built in. overall puregym visit need better",1,53.7489149,-2.4826216,GB
Staines,2023-11-25 05:22:37,"unfortunately able contact company directly, hope get answer question least here. visiting gym month, never seen hip adduction machine working condition, leg cuffs cable machine simply missing. positioning customer orientated company, please take action fix everything. month hoping improvement, nothing changed. waiting special sign, it.",2,51.434012,-0.511044,GB
Portsmouth Commercial Road,2023-11-25 03:11:31,"showers stuck the,wall move , preferable head move .",2,50.804976,-1.0870115,GB
London Edgware,2023-11-25 02:21:03,"machines okay. fact close locker rooms without notice expect carry everything around put wallet everything one place hope stolen, say unacceptable gym people go get things one's mind. really poor planning poor management.",1,51.6136623,-0.2749555,GB
London Hayes,2023-11-24 17:46:32,way crowded round clock,1,51.6621711,0.7083861,GB
Stoke on Trent North,2023-11-24 10:42:49,"great app doesn’t work pin, suddenly app starts working you’ve left. tech nightmare. shocking you’re way get tech based.",1,52.9860695,-2.1751228,GB
London Stratford,2023-11-24 04:09:25,"enough locker space (obviously, people carrying around bags hovering changing room, easy fix) enough equipment, there’s space improve. busy times get bit crazy.",1,51.541289,-0.0035472,GB
London Wall,2023-11-23 15:42:53,"useless admin team, extremely unhelpful - felt like need slightest bit help.",1,51.5099294,-0.0760209,GB
West Bromwich,2023-11-23 13:21:40,"walked miles use gym morning. arrival sign entrance said ladies' changing rooms closed. problem, thought, mention mens' use. scanned code, went and... gents changing rooms closed due flood. showers place seem ongoing problem. mens' changing room there's usually least showers service awaiting repair. work usually dispense mildly tepid water - never experienced hot shower place. clearly owners saving money keeping thermostat low. anyway, today waste time get changed and, even could, showered workout, pretty pointless. so, gym minutes unable find management apart bloke reparing floor, scanned walked miles home. want bargain-basement gym experience join here. need changing room working showers look elsewhere.",2,52.5186579,-1.9923114,GB
Birmingham Snow Hill,2023-11-23 13:21:40,"low quality old equipment, filthy, untidy, men’s changing room lockers flimsy broken/have broken into. first three weeks one month member soap toilets men’s changing room, hand dryer didn’t work either, standards cleanliness expect gym.",1,52.4834796,-1.8992405,GB
Milton Keynes Winterhill,2023-11-23 11:10:32,women gym male shower toilets,2,52.0277439,-0.7636732,GB
Shrewsbury Meole Brace,2023-11-23 06:48:17,oh goddd wish people would stop going big groups hog one machine people. moveeeee!,2,52.6885014,-2.7581954,GB
Birmingham Arcadian Centre,2023-11-23 01:25:24,"-5 stars could give it… worse representation pure gym ever encountered!!! put context comparison used following locations month plus ( travel alot work) 3x bristol 1x gloucester 3x birmingham 2x southampton 1x ilford 5x london 1x basingstoke 1x essex. member 5am crew enjoy coming clean quiet gym going work - gym daily basis state!!! never clean nobody puts weights back. puregym generally higher standard/protocol gym goers putting away equipment get banned. staff & cleaners actually jobs - staff would rather bypass rubbish trip hazards float around gym bare minimum, toilet roll, apparent cleaning stations spray never refilled/checked… list endless! go gym mornings work use gym! cleaner clocks 8:30-8:45 laughable gym still doesnt hit puregym levels known years member. imagine paying money gym look like students bedroom tidied quiet hours 9am homeless drug users taking refuge lobby left devices staff rather calling authorities evacuating going working day. pictures taken month establishment homeless guys visible drug needles itching away 22/11/23 - 6am staff building. nothing listed isolated incident constant…shambles!!!! pros: fairly empty mornings - probably due cons: listed plus",1,52.4747581,-1.8965083,GB
London Putney,2023-11-22 22:23:49,"made minutes late first & last class booked pure gym (i prefer using weights usually) bus delay told leave class. cancelling membership right posting review proper way treat paying customer. lateness min + i’d understand, minutes you’re unpleasant sake it. trainer justified saying missed warm-up class packed brim read low rating reviews easily see managing bookings properly let’s honest issue is. respectable venue would check names allowing attendees class would give minutes grace entrance. back nuffield go. complaints are: equipment broken fairly frequently taking fix venue smelling bad generally - makes wonder hygiene standards severe overcrowding peak times - understand it’s budget gym guess comes territory (and it’s indeed decided try class time around it’d challenge secure squat rack time - 6.30pm wednesday) review pertains legs, abs & tums class wednesday 22nd november 6.30pm. toodles! p.s. i’d appreciate venue didn’t respond tell “popular” pure gyms venues low rating reviews. it’s budget gym allows oversubscription poor booking management, popular girl class. real. cute public perception management attempt, suppose.",1,51.4625314,-0.2163018,GB
London Crouch End,2023-11-22 19:52:31,"i’ve puregym year. there’s huge array equipment staff polite. place kept clean staff changing rooms well kept too. workout area upstairs good range extra equipment, including sleds small bits like heal inclines, much appreciated. aren’t enough carabiners triangle lat pull handles could rubber grips replaced (as fallen use) generally equipment good. classes take place upstairs area deafeningly loud music tend avoid area take place evening. yoga sessions fantastic instructor excellent - ideally labelled class list level intensity, make informed choice attending. additional fee, ideal, free previous branch attended. many stated, gym incredibly busy. many members happy share equipment, alleviates degree. however, single biggest issue every visit recent months disruptive behaviour members. far, far many take equipment occasionally workout, spend time chatting friends, play fighting other. whilst this, also stray close others working (leaving focusing less technique dropping weight one them), weights / equipment left place. likewise, far many times i’ve watched someone waiting patiently equipment (which apparently use possessions them) individual come side room pick possessions minutes later they’re done chatting friends. happened many times challenged, i’ve received shrug. frustratingly, poor behaviour consistently goes completely unchallenged staff present. said, i’ve challenged behaviour personally shouldn’t come that. completely understand gym isn’t library core place young people exercise / socialise (as done since teenager), levels acceptable behaviour behaviour shouldn’t infringe experience others. result behaviour - consistent time noticeably increased past months - general level busyness, i’ve moved different gym area. puregym great place great value area, needs concerted effort staff show behaviour highlighted acceptable.",2,51.5796918,-0.1236831,GB
London Palmers Green,2023-11-22 12:18:34,"using pure gym years now. gym one worst worst. worst. one bench press even one incline bench press. toliet dispenser. changing room (there none) like cloths shop small room change. mind female members. seprate changing rooms male / female pure gym still charge top price. choice use one girtfriends gym close. never left review gym bad. limited machines space machines makes sense. weight training years need variety. gym equipment variety. choice use dumbells. even one toilet dispenser (basic) proper changing room privacy, limited equipment, limited space. staff cannot comment little interaction feel unfair right comment. one wanting become member go gym machines aways used none free hardly equipment times read previous reviews.why money pure gym make fixing gym standard locations. u choice join gym till pure gym sort pathetic gym",1,51.6178253,-0.1091946,GB
London Leytonstone,2023-11-22 03:23:55,"average. toilets usually covered pee, showers dirty, two shack looking changing rooms. class schedule great branch. huge discrepancies one farringdon badly need privacy road, people love stare lurk sadly. bit stuffy too, nothing compared underground farringdon.",2,51.5684052,0.0111701,GB
London Greenwich,2023-11-21 18:59:39,"dear pure gym please turn heating. us actually come work sweat. sincerely, sweaters",1,51.4686256,0.0488306,GB
New Barnet,2023-11-21 18:49:34,"covid way equipment! cardio everything else always taken! also someone already pointed out- make gym + only! gym playground! oh forgot say, get used smell cannabis!",1,51.6497449,-0.1751403,GB
Peterborough Serpentine,2023-11-21 18:39:28,">>>>>dear staff, clean gym<<<<<<< hair clip cleaning brush used dental floss floor, weeks now.... stairs climbers near curl machine. getting ridiculous now.",1,52.5403778,-0.2632194,GB
London Hayes,2023-11-21 17:49:01,"water fountains temperamental, work one day next, changing rooms always dirty, water facilities general temperamental showers often work. water ladies changing room sink strong sewage smell. stars staff friendly poor facilities fault.",2,51.6621711,0.7083861,GB
London Greenwich,2023-11-21 06:53:24,"timing class exactly people finish work made effort leave work earlier slightly late class. instructor tight gave leeway. anyone mentions policy missing warm up. puregym failsafe policy injuries also instructors follow disciplinarian policy. ensured instructor rushed bike warmed up. avail. fine, understand discretion. policy could also flexible informs members participation risk. perhaps schedule blame? considered use gym anyway found lockers. people leaving belongings unlocked lockers also frustrating, giving false sense availability. considered bag decided go home. overall experience months hiatus reinforced unwelcoming experience gyms. used good management discovered guy used gone. know gyms get busy work seem place makes effort nowadays.",2,51.4686256,0.0488306,GB
Blyth,2023-11-21 05:32:43,cleanliness showers lets place down.i go 6.30am showers filthy.,2,55.1270903,-1.5099726,GB
London Clapham,2023-11-21 01:20:32,"good gym, good range equipment theory good value location/equipment, good classes that's thing. however, many people flag limit number people attending makes gym often overcrowded. member since 2019, decided swap different gym house became impractical attend overcrowded (generally 9am weekends, 8:30pm week days). added much equipment weights area suspect weights racks dangerously close together places block access emergency exits, emergency call points, etc.",2,51.4614469,-0.138627,GB
London Bayswater,2023-11-20 16:45:45,"heating full blast. asked manager matt could turn down, reply head office said stay temperature (where logic this) friendly difficult approach. cutting session short today considering cancel membership. unhelpful disappointing. zero stars puregym.",1,51.5122764,-0.1883854,GB
Harlow,2023-11-20 16:15:30,dirty gym ever too. lack staff aircon year smear walls looks like feaces weights left place machines never tested people waste time trying get work,1,51.7685568,0.0949036,GB
Birmingham Beaufort Park,2023-11-20 01:58:06,"first there’s way could recommend gym practicing muslim, individual takes religion seriously. place fitnah overload. understand it’s marketed muslim gym, would atleast expect womens area womens only, constantly disrupted male members staff. supposed bell system male member staff entering womens area, yesterday alarm went off, jumped machine headed straight changing room hide gone. even five seconds later two men entered, meaning walked right past eachother, without hijab on. sister wears niqab absolutely mortifying left tears changing room. absolutely thought consideration here, what’s point alarm don’t give chance sisters cover hide themselves? what’s worse lot high members staff seem muslim know better. additionally cleanliness hygiene place pretty disgusting, treadmills borderline crusty marks dirt literal months building up, i’ve never seen anyone clean machines almost three months coming. overall complete flop, wouldn’t recommend whatsoever.",1,52.493268,-1.8171797,GB
Gloucester Quedgeley,2023-11-20 01:37:56,"average gym, kids one machine like usual. ideal you’re starting gym it’s first month",2,51.8274128,-2.2773034,GB
London Palmers Green,2023-11-20 00:17:11,-the gym small -there enough weights -the toilets terrible constantly blocked plumbing issue -no staff call reception -equipment clocks work -the staff always defensive listen concerns -there changing rooms -the showers easily accessed men shower turning lock outside -there needs changing rooms needs another floor - expensive,1,51.6178253,-0.1091946,GB
Peterborough Brotherhood Retail Park,2023-11-19 12:41:00,got clue go,2,52.6002891,-0.2642011,GB
Wrexham,2023-11-19 08:28:51,"mat broken year one replaced it, one cares! change mat",2,53.0465084,-2.9937869,GB
Bournemouth - Mallard Road,2023-11-19 02:25:47,"going since 2021, usually late week evenings good thing gym location free parking. air flow awful gym. there's zero air conditioning always stuffy. women's toilets shower room horrendous. filthy. level unkept outdoor public toilets. smells like something died there. three toilet stalls sometimes one use. showers, also hygienic welcoming. zero hangers put towel. privacy. see cleaners around can't good enough job still way years. kind air filter toilets seriously needs looked into. phone signal wifi unreliable, sometimes cannot connect all. limited cleaning stations often paper towels sanitiser spray. big gym limited choice machines. need invest machines used people. waiting around get one want use there's one machine. music played speakers far loud, bright white lighting, small crowded rooms distracting satisfying workout. someone gym read review, respond generic message apologising saying understand importance clean, safe, enjoyable environment want improve services. clearly don't. take board complaints, look amount reviews saying thing. care. want talk dms either. review warning anyone looking sign membership here. unless want pay £20 month loud, crowded, dirty unpleasant gym experience. cannot stand anymore. looking leaving gym going elsewhere.",1,50.7503219,-1.846402,GB
London Greenwich,2023-11-18 18:51:54,"love gym gym go to. however, hygiene particular gym much average. know clean see cleaners time they’re job…very poor particular women’s toilet 🤮 otherwise fine. definitely affects experience trying go gym improve see lack cleanliness toilet",2,51.4686256,0.0488306,GB
Reading Calcot,2023-11-18 12:38:45,"saturday morning, cleaners in. clearly interested. gents change disgrace. put hoover around. toilets showers gross",2,51.4468889,-1.0381147,GB
Wakefield,2023-11-18 01:33:05,"matter time is, gym always full inconvenient beings know behave respectfully. equipment used working serve backrest stay cell phone. stopped worrying people using power lifting equipment gym min. insane! (i force train weightlifting equipment people passing). either staring phones chatting working out. lockers poor condition used safely amount people drop backpacks gym floor much. drinking fountain whole gym. dumbbells weights never organized. place smells unpleasant thing praise nice staff guy always kind nice person see him, gym always zero staff around. last month member since seen reviews gym like long time look like get better.",2,53.6829541,-1.4967286,GB
Yeovil Houndstone,2023-11-18 00:42:39,"gym good great equipment. however, bought day pass went friend hour session. received parking ticket. recommend going 10pm reason.",2,50.9457438,-2.6713494,GB
Bradford Idle,2023-11-17 23:42:08,"little equipment, understand cheaper gyms",2,53.8352205,-1.7304012,GB
Leicester Walnut Street,2023-11-17 08:14:09,cost membership high. monthly payment roof,2,52.6244566,-1.1343556,GB
London Canary Wharf,2023-11-17 06:13:07,worst gym whole area. £40 month puregym gym’s standards bad. finally cancelled joined local gym cheaper quality. don’t waste time,1,51.5048954,-0.0190006,GB
Trowbridge,2023-11-17 06:13:07,"want go gym watch people train csnt get single machine chose puregym trowbridge, cancelled",1,51.3161569,-2.2024324,GB
Maldon,2023-11-16 23:49:44,"member months, bit start, introduction class guy seemed want get client list personal training 🙈 anyway kinda brushed off, done classes pretty good there's full class studio space bit limited gym fine start, recently got much busier mostly kids plume socialising, sitting around machines phones n chatting, see use hangout area look cool theres limited machines help gave trying go reason, get get wanted done, waiting around etc wanna work like feel christmas new year coming going get worse",2,51.731198,0.6791849,GB
Bristol Union Gate,2023-11-16 20:17:56,"unstable bench (dangerous), single weight right place, tidy many weights myself, dirty lockers trash ground. music loud even hear headphones lol, hated every bit experience",1,51.4574315,-2.5919625,GB
Leeds Bramley,2023-11-16 20:07:51,"potential good gym, however members don’t good etiquette well parking disabled bays without blue badge.",1,53.8118759,-1.6251903,GB
Newcastle Eldon Garden,2023-11-16 19:17:25,"heavily overcrowded. limit capacity. due would give 1star, giving two rest stuff fine.",2,54.9757161,-1.6168648,GB
Dudley Tipton,2023-11-16 16:46:06,"joined puregym dudley tipton mainly bit cardio workout, got say, chuffed experience. recently shuffled things around gym, there's treadmills upstairs. treadmill sessions like me, bit nightmare. treadmills fill quicker flash sale. kidding, there's often queue get one. like waiting bus rush hour - stand hoping turn. folks, included, like spend good chunk time treadmill. limited number queue, bit letdown. feel rushed, relaxing workout experience want. sum up, joining puregym dudley tipton quality time treadmill, might want think twice. ideal spot now. maybe sort future, now, bit bummer us cardio fans.",2,52.524461,-2.0492538,GB
London Finchley,2023-11-16 06:20:43,unsafe place robbery happening. stuff stolen locked locker manager around take charge .. staff pure gym take care situation … contact number exist .. case accident one help …,1,51.5973246,-0.1805587,GB
Bournemouth the triangle,2023-11-15 19:15:00,happy take money. can’t provide you’ve paid though. pay extra hydration station never works often long workouts without water machine doesn’t work quite dangerous. never anyone around help either.,1,50.7202399,-1.8840071,GB
Camberley,2023-11-15 18:54:50,"recently, lots machines facilities order time. it’s almost like it’s taking turns. it’s actually ridiculous point. there’s rush fix either annoying part",2,51.3392845,-0.7460981,GB
London Southgate,2023-11-15 14:02:18,awful layout worst children inside. former pt annoying members (they train groups 5-8) it’s dangerous long term seems little education join could causing long term damage. maybe certain hours sites 18s only. it’s matter time see accident. teenage son would advise specially adapted program let loose gym,2,51.6323183,-0.1277858,GB
London Great Portland Street,2023-11-15 12:41:37,nobody answers call bell. can't upgrade existing plus membership use gym. eventually getting access minimal equipment legs.,1,51.5238146,-0.1437048,GB
Bristol Eastgate,2023-11-15 06:18:20,"it’s good gym, large full good equipment, best equipment everything need. issue air conditioning really poor, real circulation fresh air gets peak time get horribly stuffy. multiple times i’ve left workout early cause i’ve sweating much feel gross due feeling like sauna there.",2,51.4731698,-2.5663407,GB
Hemel Hempstead,2023-11-15 01:35:58,"client rushden puregym visited recently hemel tragic experience dark gym, old machines, proper maintenance terrifying smell. ventilation clearly doesn’t work. reviews clearly updated gym good",1,51.7511784,-0.472528,GB
Plymouth Alexandra Road,2023-11-14 22:44:29,"great place lots friendly people, wide variety equipment convenient location unfortunately that's ends. feels like quality gym taken nosedive lately, bummer, equipment often broken, takes ages repair getting flat worn with, feels like, little maintenance done. top that, heating cooling feel subpar volume classes ran loud enough heard already loud headphones. shame, genuinely like staff hope puregym chain would game.",2,50.3818354,-4.1266441,GB
London Holborn,2023-11-14 20:43:27,fair amount pure gyms around country far worst. normally spotless super clean. place sticks raw sewage throughout. like stale urine. pretty gross. aircon non existent too. avoid. £14.99 day pass. worth it. shame.,1,51.5195982,-0.1137266,GB
London Stratford,2023-11-14 16:01:02,toilets partition narrow toilets blocked toilets always block sink also blocked hand soap,1,51.541289,-0.0035472,GB
Newport Gwent,2023-11-14 12:49:25,"bad equipment, filled people time taking equipment. weights scattered across floor. playing loud music, place dirty",2,51.590121,-2.9985571,GB
Leeds Regent Street,2023-11-14 06:46:19,"adequate ventilation , smells awful time , time day. female training area yet find guys entering area times grabing equipments without notice , causes distress hijabi women fully dressed.",2,53.799097,-1.5352944,GB
London Fulham,2023-11-14 06:05:57,"it’s fine high street/commercial gym, nothing write home about. real complaint i’ve member years never seen ladies’ bathroom clean. there’s always mould sinks weird stains stalls. doubt get cleaned regularly, cleaners aren’t good enough job",2,51.474408,-0.206809,GB
Dudley Tipton,2023-11-14 04:45:17,"gym showers keep cycling warm freezing cold, like months. telephone number call report. email address useless auto response. know price cheap surely asking much shower works!",1,52.524461,-2.0492538,GB
Northwich,2023-11-14 04:35:11,"terrible, busy outdated gym. can’t wait new gyms northwich built.",1,53.2602539,-2.5145104,GB
London Swiss Cottage,2023-11-14 02:34:09,"stairmasters “out order” months! working stairmasters always wait line use doesn’t seem steps taken fix two stair masters last months. cleaning supplies also scarce gym could definitely benefit additional cleanings, hygienic. please fix two stairmasters, we’ve waiting months!!",2,51.543722,-0.174982,GB
Blackburn The Mall,2023-11-14 02:24:04,know never went,1,53.7489149,-2.4826216,GB
Leamington Spa,2023-11-14 01:33:38,"beautiful gym, let poor staffing management. facilities great kept reasonably clean. gets busy peak hours nothing anyone that. often train girlfriend share equipment helps. coming since last summer half staff vanished, often advertised staffed isn't. even supposedly in, unhelpful class needed, ideal reporting things like multiple teenagers getting boxing match next smith machines. ""crowd"" also worst gym into, high number teenagers reason. objection younger members per se, sworn refusing give equipment, girlfriend shoved purpose, poor staffing lets down. literally nobody site (multiple times) report issues unusual time. sure close estate, major safety problems (non existent) management want look something gets hand! nobody enforce rules, going pure gym.",1,52.2913394,-1.536404,GB
Peterborough Brotherhood Retail Park,2023-11-14 00:43:12,"disappointed. going puregym brotherhood gym since june plus pass. definitely, today last training gym. bad experience one member staff (woman red hair) makes difficult start series exercises green zone, starts private barbell training despite zeros, zone intended all, politely ask private training client, refused arrogant training client care, even though saw middle series. treat customers purchased expensive package, definitely recommend changing gym. approach client, actually makes training difficult him, unacceptable me, people work place like gym like people respect people training gym. go training, would expect people working involved, smile help necessary, make training impossible discourage me.",1,52.6002891,-0.2642011,GB
Reading Calcot,2023-11-14 00:33:07,"i’ve decided stop visiting puregym calcot location due repeated issues gym’s atmosphere, particularly concerning management noise levels classes. despite multiple conversations management overlapping excessively loud music, improvement. persistent problem detracted significantly expect community gym setting, making reminiscent chaotic scene place wellness fitness. unfortunately, feels necessary avoid gym, environment foster inclusive, community-oriented atmosphere standard. looking calmer, respectful workout environment, might find locations suitable.",1,51.4468889,-1.0381147,GB
Bournemouth the triangle,2023-11-13 19:10:24,"place laugh, small, crowded impossible train.",1,50.7202399,-1.8840071,GB
London Southgate,2023-11-13 02:01:23,worst worst😔 extremely cold rude staff.,1,51.6323183,-0.1277858,GB
Motherwell,2023-11-13 01:00:52,equipment old dated. well used. dire need full upgrade equipment. fact cheap contract would receive one star. said survey sent manager emailed promptly. customer service appears good.,2,55.7893512,-3.9904173,GB
Yeovil Houndstone,2023-11-13 00:40:42,"derek's got personality similar wet sock. would however rather employ wet sock manager him, least conversation completely demoralising.",1,50.9457438,-2.6713494,GB
Solihull,2023-11-12 19:07:54,"even budget gym seem get pay for. used go gym cheaper £5-£10 much better. nice place go never feels welcoming somehow always feels crowded even overly busy. unfortunately, leaving go another gym rather pay stay here. pros: - fair range quantity equipment. - affordable price point. £21 per month cheaper options area. - decent number classes friendly trainers. already fit, like circuits, like pushed limit like here. - location retail park makes popping shops workout easy. cons: - always dirty messy. nothing wipe equipment with, many put weights away, staff monitor remedy meaning plates left equipment, floor, anywhere be. mentioned staff told happen, plenty picture proof says otherwise. - classes varied, beginner friendly, one lbt classes run bully. used enjoy lbt last gym antoni put another class ever again. multiple points told stopped tried take break, would make everyone else reps. example, told us minute plank, common practice, ""if anyone's knees touched floor"" would ""restart timer"". lady next struggling complete reps another point decided belittle front everyone add weights bar without permission. think antoni wanted act like drill sergeant tried luck boot camp rather bullying class women. approach might work some, highly inappropriate chain gym. - pay yoga zumba makes ""low cost"" part puregym redundant want classes. like many, someone like sitting treadmill cross trainer days need put weights cardio, love yoga round cardio weight training. unfortunately, many classes revolve around circuits cycling, like. dance classes infrequent, must pay added fee them. time pay additional £2-£4 per week may well go bannatynes village gyms get pool, spa, access lot classes including different types yoga, dance fitness thai chi additional charge. put perspective, pay £27 per month plus membership two yoga/dance classes per week would bump £43. point pay £50 p/m higher-end gym pool better services? well, going 🤷🏻‍♀️ - retail park location means often queue traffic get out, especially weekends. go rush hour week saturdays help it. also means puregym hours believe car park closed overnight. - mornings (6 - 8am), imagine peak times, hard get equipment. enough smith machines, squat racks, leg presses. one incline leg press machine building. also hard find cable machine, despite many gym, either busy correct one (they two different types weights vary making consistency hard forced use used one). means often wait equipment always viable get work. ⭐⭐ overall affordability range equipment. needs improvements cleanliness classes offer.",2,52.4130189,-1.7768935,GB
London Finchley,2023-11-12 18:17:28,"upgrade dreadful. gym much worse studio practically useless yoga & pilates classes. lights bright, strip lighting terrible fewer mirrors before. majority studio users complained management, apparently unable change anything. none pts freelance teachers consulted changes implemented. every class starts people complaining, time lost that.",1,51.5973246,-0.1805587,GB
Nottingham Beeston,2023-11-12 17:37:08,"exercise machines facing circle (great planning!), looking hot sweaty faces, instead cardio machines facing huge windows.",1,52.9209026,-1.2075548,GB
London Camden,2023-11-12 17:16:59,dirty poorly maintained. seen manager ( tall mixed race man) smoking weed next gym multiple times (i work starbucks next door). probably explains cleaning standards low gym.,2,51.5427965,-0.1624803,GB
Exeter Fore Street,2023-11-12 15:15:58,usually overcrowded poor sanitation management unfriendly staff,2,50.7205151,-3.5351998,GB
London Hayes,2023-11-12 05:41:04,i’m really disappointed puregymhayes today went closed today notice yesterday water. received email regarding closing gym today want cancel membership hayes. really disappointed hayes pure gym,1,51.6621711,0.7083861,GB
London Camden,2023-11-12 05:20:54,"attended personal training session weekday evening. instructor, black shirt, unfriendly made people uncomfortable. additionally, instructed complete training sets without offering suggestions training plan.",1,51.5427965,-0.1624803,GB
Glasgow Giffnock,2023-11-11 19:15:48,"trying cancel membership. showers private far changing area. gym way busy, thought leaving can't get workout. trying cancel membership going round circles, core membership go manage select cancel, asks click button takes back beginning website again! taken video issue. impressed.",1,55.8005276,-4.2970925,GB
Aberdeen Kittybrewster,2023-11-11 18:55:37,ask assistance saturday doesn’t work. well done,1,57.1616343,-2.1132396,GB
London Sydenham,2023-11-11 07:29:35,"really enjoy gym however say floor space ridiculously small. also noticed dirty- needs good hoover. apart minor negatives, overall decent gym. personal trainers also hog machines personal sessions annoying",1,51.427742,-0.0542215,GB
London Hayes,2023-11-11 05:48:40,always water clean,1,51.6621711,0.7083861,GB
London Stratford,2023-11-11 04:07:47,manager's behaviour inappropriate.she rude also disrespect others.i stop membership her.,1,51.541289,-0.0035472,GB
Birmingham Snow Hill,2023-11-11 01:26:21,"got stolen female changing room, staff 4pm friday…",1,52.4834796,-1.8992405,GB
Reading Calcot,2023-11-11 00:35:53,steal ur money. worst gym ever dealt life. tilehurst gym 1000% better please go don’t steal money & blame app,1,51.4468889,-1.0381147,GB
Manchester Market Street,2023-11-10 23:05:01,small gym i’ve seen smaller gyms better layouts. think need clearly separate cardio weight machines. toilets need cleaning maintaining. think layout thing really makes inefficient. considering gym busy area staff around machines well maintained,2,53.4824808,-2.2411908,GB
London Colindale,2023-11-10 19:33:09,good gym equipment people tbh little problem can’t people workout went started working go night staff time started working made gym bro even started taking seriously taking enough amount protien day found contacted mom membership like cant workout suspend membership . cool really love hops change someone suggest gyms allows /15 yo🫶🏽,2,51.5954091,-0.2499296,GB
Coventry Skydome,2023-11-10 17:21:59,"would give stars freezing temperatures inside fall/winter. problem seems passed corporate management longer local management (i blame them), make pleasant members. people wear hoodies, even wear winter jackets work out. happy change rating problem fixed. that: + cheap + there's solid selection equipment (lots cardio) + open 24/7 + app handy shows many people gym given time many expected - machines frequently order (sometimes fixed days, sometimes weeks) treadmills work properly (buttons respond, constant emergency stop alarm - big problem always find free treadmill works even peak times) - get busy, even early morning 6.30am - members leave empty cans/bottles tissues floor bottle holder; gym's cleaned frequently still see time time",2,52.4075589,-1.5184111,GB
London Limehouse,2023-11-10 14:50:32,"today experience different usually have. so, step ups smith machine bench, finished leave, manager comes asks use bench damages it. first, fix hip thrust bench used supposed ripping apart. people hipthrust?. secondly, suggests use step-up. trying lunges case thought it. third, rude arrogant. work gym costs month go customers telling ripping leather. rude bad customer service.",1,51.5133074,-0.0351492,GB
Peterborough Serpentine,2023-11-10 06:36:11,"friend add buddy, turns accompany ""home"" gym, can't pay day session though ""active membership"" - manager's response: ""there's nothing it"". dreadful experience, least use puregym...",1,52.5403778,-0.2632194,GB
Maidstone - The Mall,2023-11-09 03:51:39,"small gym compared chatham one. equipment crowded. experience 95% times found equipments original place lying around somewhere. however, overcrowded times, whether 7am 1pm, let alone 6pm. got tiny 2-3 hr window day say ok. around 2pm gets overly busy school kids visibly hit puberty, taking equipment use gym socialise amongst forever without letting others get anywhere near it. even allowed there?? times (the adults) quite civilised, except odd clearly grew jungle spitting cleaning station😳 would recommend? probably not. going close me. never issues one chatham, used go there. hope someone monitors comments takes action.",2,51.2730013,0.5255069,GB
London Palmers Green,2023-11-09 00:19:38,"unfortunate experience member pure gym, must say staff gym good times however one staff particular left disappointed pleased typically good experience puregyms. often feel compelled write bad review, encounters staff member consistently disappointing. first foremost, customer service provided abysmal. seemed disinterested indifferent needs concerns members. going motions without genuine care people supposed serving. never felt welcomed valued member, made visits gym truly underwhelming experience. additionally, found unprofessional behavior. instances engaging personal conversations phone, often ignoring needs members required assistance questions. unreasonable expect certain level professionalism courtesy staff fitness facility. additionally overheard times making fun members walked away making inappropriate comments say done me. unable get woman name manager makes exceptionally worse short middle aged african woman would like dealt immediately ruining experience us.",1,51.6178253,-0.1091946,GB
Edinburgh Quartermile,2023-11-08 21:58:21,seems puregym yoga pilates. why?,1,55.9438167,-3.1941413,GB
Leeds City Centre South,2023-11-08 21:17:55,please please please urgently add forearms machine important,1,53.3803135,-1.4706053,GB
Glasgow Hope Street,2023-11-08 17:56:04,gym employees open visitors' lockers things clothes,1,55.8620957,-4.2581729,GB
London Park Royal,2023-11-08 08:10:44,"never seen gym like people putting kit away finished it, needs policing really someone dumbbells, barbells, plates left absolutely everywhere.",2,51.5264341,-0.2839348,GB
London Crouch End,2023-11-08 07:50:32,well equipped gym unfortunately far busy. cheap gym attracts groups youths loiter take space. even go late evening it’s still rammed.,1,51.5796918,-0.1236831,GB
Rochdale,2023-11-08 06:29:48,would really appreciate staff could ask many groups boisterous lads tone bit. shadowboxing around fixed pin room bit much. many treat like playground.,2,53.6153659,-2.1557561,GB
London Hayes,2023-11-07 17:42:49,"water machine constantly broken, even works it’s rubbish flows slow. need upgrade whole system. music play nightmare, pop techno. get updated play relevant hype music!!!!",2,51.6621711,0.7083861,GB
Nuneaton,2023-11-07 15:31:34,never visited site,1,52.5246182,-1.4684488,GB
Solihull,2023-11-07 07:06:51,"moved closer local honestly it’s worth paying going elsewhere. cleanliness gym non existent mentioned reviews. antibacterial spray bottles tissues available people wipe sanitise equipment, every gym i’ve always that. never see cleaners either even concerning gyms regular cleaners, mean it’s gym gyms harbour germs bacteria. studio floor filthy full hairs dust mention changing rooms dirty well. it’s also small gym space, even isn’t peak times feels crowded can’t even get equipment. class timetable lacking much option different classes, much consistency can’t wrap head around pay £2 every time want book pilates, zumba yoga? it’s like wonder always many spaces available seems ridiculous. gyms i’ve classes included monthly price. good thing location subject anyways.",1,52.4130189,-1.7768935,GB
Newry,2023-11-07 02:04:10,date,1,54.1775283,-6.337506,GB
Macclesfield,2023-11-07 01:13:43,phone number facility anyone answer call?,1,53.2606635,-2.1255158,GB
Bristol Union Gate,2023-11-06 20:10:58,"staff never anywhere found. gyms staff actively around equipment visable people ask questions... book induction remember use machines no-one around first joined thought ""start"" buttons would start machines case. even induction, staff wanted walk around use equipment pointless... induction gym years ago part induction trying machines making sure understood worked expecting level service booked induction puregym. never blue roll wipe equipment. actually brought sweat towel wipe machines before/after getting done gym stopped providing blue roll. biggest gripe, go away month unexpectedly came back gym cut lock locker stolen £90 pair trainers. again, one around gym ask happend shoes. save exercise again.",2,51.4574315,-2.5919625,GB
Southampton Central,2023-11-06 07:14:04,"take money lack maintenance. showers cold, equipment order weeks. locker room people leave locks lockers weeks. used lot better.",1,50.9074977,-1.4142289,GB
Corby,2023-11-06 01:21:04,today corby pure gym & far expectations using milton keynes pure gym expecting way disappointed even enought space & enough machines & many due maintenance & well higher price milton keynes . washroom male lockers small lockers & even dirty filthy & broken rest end tried paid yango drink rule smell thrown away immediately. overall experience bad .,1,52.4877341,-0.7032713,GB
London Wandsworth,2023-11-05 17:57:17,wifi never works there's air con. nice visit,2,51.4570271,-0.1932607,GB
london Croydon,2023-11-05 16:16:26,"tbh, even rate it. moved puregym lambeth, equipment offers gym scarce thegymgroup way needs. also looking gym unbearable",1,51.3550556,-0.0643104,GB
Manchester Stretford,2023-11-05 15:56:15,generally maintained well enough budget gym massively oversubscribed constant efforts push ‘value’ gyms worst thing - gym proper functioning air conditioning year. really poor gym gets incredibly warm unless it’s sub-zero outside there’s really windows allow ventilation even,1,53.4680344,-2.2457149,GB
London Tower Hill,2023-11-04 23:58:07,£38.99 closed weekends laughable. equipment bare minimum nearly enough cater number users.,1,51.5098481,-0.0766986,GB
London Crouch End,2023-11-04 19:45:56,joined gym first opened i’ve never felt like i’ve good workout here. it’s way busy times day. equipment use/weights missing. whole bottom floor full guys take weights benches. equipment dirty classes take room they’re on. affordable gym nearby would switched long time ago. would recommend,1,51.5796918,-0.1236831,GB
Northampton Weston Favell,2023-11-04 16:44:24,"awful gym. £21.99 month it’s small, cramped, lacks equipment extremely busy. avoid can.",1,52.2577432,-0.8369027,GB
Birmingham Arcadian Centre,2023-11-04 13:12:33,"aware days cancellation policy. pass days cancellation policy, entitled pay next month automatically. easy cancel membership.",2,52.4747581,-1.8965083,GB
Walsall Crown Wharf,2023-11-04 11:31:41,,1,52.5872454,-1.9883526,GB
Walsall Crown Wharf,2023-11-04 11:31:41,free parking sending parking tickets people aware,1,52.5872454,-1.9883526,GB
Walsall Crown Wharf,2023-11-04 11:31:41,parking send parking tickets free otherwise lose customers,1,52.5872454,-1.9883526,GB
Walsall Crown Wharf,2023-11-04 11:31:41,would give zero stars possible would advise stay away unless want deal constant broken parking ticket machine gym advised leave registration details piece paper forwarded parking company weeks later fines £60 posted door. help pure gym even though fault constant back forth customer service continue tell responsible parking fines even though pure gym machine broke worth hassle clearly,1,52.5872454,-1.9883526,GB
Walsall Crown Wharf,2023-11-04 11:31:41,puregym that's,2,52.5872454,-1.9883526,GB
Liverpool Brunswick,2023-11-04 10:51:20,"attended puregym brunswick thursday evening found inadequate cleaning facilities weights area lower ground floor - single spray bottle tissues. cleaning station fitness area tissue dispensers antibacterial sprays. similar cleaning station weights area replaced loose bottles tissue rolls. would expect puregym invest cleaning facilities safeguard health safety clients mitigating spread bacteria viruses, particularly approach flu season winter. profits safety??",2,53.3832177,-2.9760156,GB
Sunderland,2023-11-04 04:48:10,good gym however parking issue. received parking fines parking hrs using gym. pure gym saunderland wave charges pure gym costumers like gym.,1,54.9058512,-1.3828727,GB
Leeds City Centre North,2023-11-03 22:24:42,"bad experience. got membership wasn’t working. besides that, they’re literally water dripping multiple places gym like seriously what. wouldn’t recommend.",1,53.9558121,-1.1229892,GB
London Angel,2023-11-03 05:15:35,"gym staff pts excellent friendly, managerial staff aggressive. gm particular treats customers contempt verges bullying. talks customers eye rolls, side eyes, sarcasm, disrespect, infantilises them. seen many people. hovers certain people waiting make mistake pull it. recommend gym training provided staff treat customers speak them, till removed. welcoming environment gym goers. using puregym 6+ years first time witness behaviour.",1,51.5324874,-0.1060356,GB
London Stratford,2023-11-03 04:04:59,"mentioned reviews, staff extremely rude unapproachable, attitude shows interaction customers appreciated. weights always lying around/left machines staff sitting around desk. hygiene level gym extremely low. toilet reeks urine, tissue dispenser broken importantly rarely ever soap use. locker poorly kept, cockroaches crawling around locker. around worst gym experience had.",1,51.541289,-0.0035472,GB
Dunfermline,2023-11-02 21:51:39,showers always cold usually cleaned apart good gym,2,56.0713724,-3.4616183,GB
Basildon,2023-11-02 18:29:49,get machines everyone phones pratting,1,51.5754602,0.4757363,GB
London Stratford,2023-11-02 15:58:26,"manager, daria uniatowska, extremely rude gym incident leave due maintenance work. unprofessional grumpy communication, behavior echoed others left gym. lack awareness care spoke people, especially managerial role, quite shocking. embarrassment puregym. see comments based rudeness google reviews. surprise! earth put manager?",1,51.541289,-0.0035472,GB
London Muswell Hill,2023-11-02 01:30:28,grim gym.the worst puregym to.full teenage boys.,1,51.5910395,-0.1420768,GB
London Palmers Green,2023-11-02 00:19:50,"first visit gym disappointment. lack water closed toilets significant issues. even possible take shower workout, quite inconvenient, especially work. lack privacy changing rooms, lockers two changing cabins, definitely inadequate. arrived 11, generally fewer people, know looks pm, whether shortage lockers. gym even provide paper towels equipment disinfection, there's water available refilling. furthermore, one bench bench pressing, without option incline. peak hours, likely occupied, least two benches. also looks unprofessional people change clothes shoes. probably due lack proper changing rooms. overall, conditions gym basic fall short general standards.",1,51.6178253,-0.1091946,GB
Maidenhead,2023-11-01 22:48:59,"desperately needs seated calf machine boxing bag(s). nothing help people train terms self defence, disappointing.",2,51.522743,-0.7197368,GB
London Canary Wharf,2023-11-01 18:13:52,worst gym ever joined. horrible cleaning conditions showers mosquito inside horrible smell. showers blocked water peoples shower going shower side. disgusting regret much refund terrible experience.,1,51.5048954,-0.0190006,GB
Yate,2023-11-01 10:39:43,"terrible customer service, apparently able cancel online unable find, recommended cancel direct debit.",1,51.5403113,-2.4134281,GB
Newbury,2023-11-01 05:26:57,good working. why? basic membership allow use gym 4pm. pointless,1,51.4020243,-1.3242212,GB
Coventry Bishop Street,2023-11-01 04:16:17,"gym expensive non accessible budgets, also updates email make sense gym closed two consecutive days received update today saying “ accessible facilities still closed. facilities back open. ” make sense gym opened not.",1,52.4119048,-1.5116835,GB
London Acton,2023-10-31 19:51:49,"probably worst puregym to. 3/4 showers work, one peg hang towel opposite side door opens. limited equipment, generally poorly thought gym overall. go must, better puregym options.",2,51.5027051,-0.2799643,GB
Bournemouth the triangle,2023-10-31 19:11:23,"visiting area gym without doubt worst too. one deadlift platform gym size thats sufficient, glute drive machine. found members didn’t re-rack weights idea gym etiquette. make things worse spin class started entire gym filled man shouting loud tinny microphone. disappointed.",2,50.7202399,-1.8840071,GB
Camberley,2023-10-31 18:51:12,tiny lacks basic equipment. h pakring.,2,51.3392845,-0.7460981,GB
Sutton Times Square,2023-10-31 18:20:54,"man cleaning ladies bad, bad ,bad idea! poor guy, either standing front door waiting empty sohe clean, cleaning go home sweaty. like it, many women ! find solution, you?",2,51.3643147,-0.1915453,GB
Glasgow Bath Street,2023-10-31 13:18:15,"plenty kit/equipment etc. unfortunately areas let gym down, broken lockers, broken showers,showers usually filthy.",1,55.8637839,-4.2559582,GB
Lisburn Laganbank,2023-10-30 19:38:50,"good clean friendly gym. use weights cardio equipment, couple fans need installed treadmills circulate air. unpleasant using machines warm stagnant air. air conditioner unit useless two machines. hard expensive buy two wall floor mounted oscillating fans. gyms good air circulation. suggested nothing done response suggestion.",2,54.5092116,-6.0413824,GB
Edinburgh Fort Kinnaird,2023-10-30 15:36:39,"joined thursday 26th, travelled documents required friday (medical stuff) upon show around highlighted place felt dirty. advised lot issues cleaners members expected clean well cleaners. fair enough. arrived today, machines dirty, floors gym dirty, bins full, shower cubicals changing rooms, lockers etc dirty. what’s excuse today? weekend clean, yet looks worse friday. understand isn’t premium gym, however least member expect decent standard cleanliness. won’t returning. said advised always issues cleaning staff clean go. i’m happy do, (machines etc) i’m happy change/shower dirty changing room actual gym it’s self. everything looked dirty needed really good deep clean. also appreciate 24/7 gym, still don’t think there’s excuse kept unclean.",1,55.9334724,-3.1059406,GB
London Piccadilly,2023-10-30 06:52:01,main door gym broken since august... cannot good safety.,2,51.5060854,-0.1441691,GB
Knaresborough,2023-10-30 04:00:33,gym wasn’t doorways weren’t wide enough walk (too muscular) crab walk everywhere! wasn’t enough weight lift top floors slippy due females drooling - wet floor signs needed!,1,54.0099825,-1.462186,GB
Knaresborough,2023-10-30 04:00:33,fan busy can’t get machines recommend xs fitness round corner.,1,54.0099825,-1.462186,GB
Belfast Adelaide Street,2023-10-30 01:49:27,"lie, always belfast last years always went puregym adelaide st last experience terrible. group guys working puregym personal trainers talking laughing - felt uncomfortable couldn’t believe happening. girl friends went different days also experienced kind behavior recently staff - unacceptable",1,54.5936289,-5.9282801,GB
London Putney,2023-10-29 22:17:38,please turn music,1,51.4625314,-0.2163018,GB
London Charlton,2023-10-29 06:59:48,"terrible hygiene standards gym, staff focused workouts maintaining facility. restroom constantly unpleasant, lacking proper ventilation air fresheners. evident video, gym seriously lacking maintenance.",1,51.4826053,0.0365359,GB
London Limehouse,2023-10-29 02:47:40,past months going gym showers worked. one fixes one ask address that. today whole bathroom including showers flooded don’t don’t resolved,2,51.5133074,-0.0351492,GB
Birmingham City Centre,2023-10-28 22:45:02,"visited puregym birmingham trip city, say disappointing experience. atmosphere branch quite unpleasant, disrespectful users, abandoned equipment (even pile weights corner), bottles scattered everywhere. additionally, significant number lockers broken. despite challenges, managed complete workout. however, local puregym resembled one, would seriously consider switching competitor. difficult take pictures without exposing users preserve privacy , attached pictures small example found (there way more)",2,52.4856896,-1.871104,GB
London Stratford,2023-10-28 17:02:07,"staff create good environment all. feel like nuisance bring concern try ask questions. staff circulate remains unseen time. unhygienic - cleaning materials. brought management, cited ""economic environmental"" concerns provide wipes spray pandemic, expect members provide towels home order cover machines. many issues place. terrible experience overall. waste money!",1,51.541289,-0.0035472,GB
London Bayswater,2023-10-28 05:33:38,"like say gym tolerant entrance, think want tourists here, tried pay monthly fee page never could take data, erin can't register card provide solution paying expensive day possible, recommend nothing, also bad attention staff experience account",1,51.5122764,-0.1883854,GB
London Stratford,2023-10-28 05:03:22,"going gym almost months now. quite satisfied equipments space general. however, gym desperately need sanitising stations like ones. people sweating standing benches mats shoes kind disgusting. please get sanitising stations please people still clean start workout. thank you.",2,51.541289,-0.0035472,GB
London Beckton,2023-10-28 03:12:09,"staff rude extremely unhelpful. instance staff member called tasleem using machine client literally chat hogging machine. used different machines time gym partner went ask tasleem many sets client say suddenly said eventhough machine ages. (its like said would go away) went speak another staff member it, literally nothing tasleem began attitude caused say paying customers. asked name said much attitude non-chalantness knew nothing would done behaviour. staff need serious attitude check people like tasleem tarnish puregym brands name .",1,51.5160797,0.0594257,GB
Bristol Brislington,2023-10-27 09:42:34,"busy gym peak hours always busy 4pm want go , go day",1,51.4377965,-2.5445382,GB
Nottingham Basford,2023-10-26 22:26:16,"edit 21.12.23: addition below, showers icecold two weeks, working all. puregym reimburse members, least part. noise unbearable. feel sorry ears. chance even listen music. inconsiderate youth culture here. ok training noise pollution nasty, meaning volume put 'music' on. tunes headphones keep racket out. inconsiderate. hence, two stars",1,52.9816725,-1.1783596,GB
Wakefield,2023-10-26 14:30:28,"horrible place workout. men's.chanhing room lockers mostly wonky showers mouldy. weights everywhere. mess. apart pricing 24x7, nothing else good place. machines hooks missing misplaced. chewing gum stuck wall. omg",1,53.6829541,-1.4967286,GB
Manchester Exchange Quay,2023-10-26 12:09:06,"absolute hole. changing room reeks excrement, weights everywhere, enough handles cable machines, cold showers (it’s october degrees outside!). coming gym makes cancel gym membership, i’d rather pay go somewhere else. imagine local gym started day everyday. shocking",1,53.4663229,-2.2822821,GB
Trowbridge,2023-10-26 07:06:15,"busy time, many kids joking making mess inside. must ban teenagers access 19:00.",1,51.3161569,-2.2024324,GB
London Southgate,2023-10-26 03:14:07,"sorry give gym rating. however, member gym book classes regularly. however, staff members (gym instructors)are welcoming little customer service.",1,51.6323183,-0.1277858,GB
West Bromwich,2023-10-26 02:23:38,dirty gym toilets never clean 😷 worth going.the car park even free.,1,52.5186579,-1.9923114,GB
Walton-on-Thames,2023-10-25 21:50:26,"pure gym today, shopping sainsbury's",1,51.3856837,-0.419814,GB
York,2023-10-25 12:34:53,"usual pure gym, dumbells rack place mixed up, due lazy people. clips cable machines / lat pulldowns missing , go search find one. using gyms years unfortunately gym chain wants call day go business.",1,53.9656578,-1.0743052,GB
London Hayes,2023-10-25 06:41:23,"puregym member apart gym’s independent, corporate anytime fitness example. i’ve puregym longer anytime contrast outrageous even independent gym’s train at. one occasion trainers attempted give unsolicited advice despite training years adapt style training based professionals personally know giving input. fair may puregym whole puregym i’m hayes puregym puregym burnham. reason always puregym getting disrupted trainers mid set automatically got intuitive ability see someone’s intentions genuine, said always gym get unsolicited advice let’s call spade spade training incorrectly i’d a&e fairly often. vast majority trainers however experience management team & small percentage trainers good people unfortunately vast majority let down. generally it’s large gym everything need etc despite “home gym” initially joined puregym due experiences genuinely speaking stopped training here. kind message management team: anyone need advice want personal training session anyone trainers i’m sure they’ll ask personal dig management said it’s put off. maybe take pointers anytime fitness overall &/or puregym burnham, even independently owned gym they’re much smaller terms market share.",2,51.6621711,0.7083861,GB
London Stratford,2023-10-25 05:00:15,"shocking. unhygienic, worst gym ever used (and membership almost every gym london)!",1,51.541289,-0.0035472,GB
London Bromley,2023-10-24 23:47:15,"great space executed poorly. it’s dirty, lockers broke half running machines don’t work. it’s harder harder training routine nothing ever works available",1,51.3668569,0.0617091,GB
Bristol Eastgate,2023-10-24 19:14:31,"mixed feelings experience. positive side, offer wide variety gym equipment, making easy find machines need workout. however, quite disappointed hygiene standards. many equipment pieces consistently dirty, left concerned cleanliness spread germs. state toilets even worse; far one would expect gym. issues cleanliness, various bodily fluids debris floor, quite off-putting. overall, gym potential, seriously need address hygiene issues pleasant safe workout environment.",2,51.4731698,-2.5663407,GB
London Bank,2023-10-24 17:53:43,"go strength single heaviest piece equipment went 24th oct 16kg dumbbell. well signposted people pay join squat racks, plates, dumbbells least 30kg barbells really standard. really clean, well ran place expected puregym, lots cardio equipment usual machines.",2,51.5131048,-0.0893749,GB
London Limehouse,2023-10-23 15:48:49,"poor service , pounds training day, black guy entrance rude , looked like getting annoyed training , lost customer.",1,51.5133074,-0.0351492,GB
London Shoreditch High Street,2023-10-22 23:49:30,"dangerously hot. member gym multiple years past year introduced penny pinching a/c system whereby temperature gym hot. complained person email nothing done. contacting relevant authorities issue fixed. someone pushes limit work out, sweat generate lot heat. however, immense temperature inside puregym make feel like dying - extremely uncomfortable. go gym work hard.",1,51.5232534,-0.0744674,GB
Bradford Thornbury,2023-10-22 21:48:22,"dirty , broken equipment, enough equipment size gym.",1,53.8030213,-1.7048953,GB
London Stratford,2023-10-22 17:05:39,used like gym machines recently arn’t getting cleaned weeks,1,51.541289,-0.0035472,GB
Leicester St Georges Way,2023-10-22 16:45:27,good gym. good thing cheap. paying cheap can’t anything. equipment always lost. gym pack it’s cheap. it’s better pay extra pounds per month join gym u don’t end waiting use equipment. lightning also bad. low quality lighting won’t motivation do. also always smelly wouldn’t suggest gym.,1,52.635872,-1.1231787,GB
London Whitechapel,2023-10-22 12:43:00,air conditioning? gym ok want walk treadmill otherwise you’re risk fainting heat.,1,51.5174861,-0.0659685,GB
Colne,2023-10-22 12:12:42,"a/c blowing warm air, equipment worn out, weights/equipment/litter scattered across floor. good enough extortionate membership cost. there’s also rodent traps everywhere, would presume pest infestation.",1,53.8567728,-2.1691238,GB
London Enfield,2023-10-22 06:19:18,classes always cut short enough bookings cancelled notice. waste monthly fee rarely get good full workout. dont use gym can't comment side things.,1,51.6517156,-0.0786839,GB
Paisley,2023-10-22 05:38:56,"gym area area good plenty machines equipment changing areas filthy. showers haven’t cleaned visits toilets stink urine, visit. even staff gone changing rooms inspect it. puregyms i’ve noticed dedicated cleaner instead fitness staff checking toilets i’ve noticed huge difference cleanliness. rating would much higher wasn’t cleanliness rest gym good it’s unhygienic dampens motivation workouts. first month joining wanted give see improved it’s several visits, hesitant continue membership.",2,55.8455828,-4.4239646,GB
Harlow,2023-10-22 05:08:37,"machines weights fine humid hot ventilation fans always bring inhaler fear asthma attack. also, busy peak times can't get access equipment times (technically gyms fault).",2,51.7685568,0.0949036,GB
London Beckton,2023-10-22 03:07:27,honestly one worst gym ever. gym super packed. wait line use machines. wanted join gym that’s 24/7 it’s evening that’s worst. 9pm people gym. put loud horrible music think want come deaf. went three times cancelled membership today regrets.,1,51.5160797,0.0594257,GB
Birmingham Arcadian Centre,2023-10-22 02:16:57,,1,52.4747581,-1.8965083,GB
Purley,2023-10-22 02:06:52,"smelly gym, people proper rude.",1,51.3388112,-0.1158589,GB
London Bow Wharf,2023-10-22 01:26:28,"long term membership puregym joining gym,but found gym way small lacks equipment went minutes left requested full refund membership subscription decided go another gym nearby. paid 49.99 refunded within week broke term policy.",2,51.5319916,-0.0418638,GB
Preston,2023-10-22 01:16:23,bike got stolen bike lock shed,2,53.7593363,-2.6992717,GB
London Finsbury Park,2023-10-21 23:25:17,"machines bad..., stinky, even open main door feel smell!! 🤢",1,51.5648345,-0.1064144,GB
Sutton Times Square,2023-10-21 19:12:52,"member gym time. certain members staff nice, not. one reasons leaving gym inexcusable attitude problem staff member gym recently made experience torrid. member staff's attitude, despicable unprofessional, also leaving due fact gym become over-ridden pubescents people one apparatus, practically means severely long wait time. obviously unprofessional measure try horde much people possible without regard addition machines and/or controlling flow members. gym nice colour-scheme, unique layout decent people. fair share pickling users aside that, gym boded well year period. guess, due fact huge aspects unprofessionalism involved gyms now, need relinquish move on, gladly will.",1,51.3643147,-0.1915453,GB
Sutton Times Square,2023-10-21 19:12:52,cheap wouldn’t say cheerful. things take ages get repaired including toilets/urinals machines. cleanest space i’ve ever - particular changing rooms toilets. never showered don’t plan - wait get home. peak times genuinely nightmare…no parking access popular machines including benches free weight area. 2/5 stars due cost and…and cost alone. ultimately get pay for.,2,51.3643147,-0.1915453,GB
London Stratford,2023-10-20 16:57:49,"good gym massively let complete lack hygiene cleanliness. puregym likely respond someone covid-19 response changing government guidelines. however, air filtration system isn’t going wipe someone else’s sweat machine me. tissue cleaning spray absolute basic need gym fail here. machines constantly covered sweat grease stains. frustrating could easily solved basic cleaning materials available floor, like every puregym, however reason branch simply refuses. please give us cleaning spray tissue",1,51.541289,-0.0035472,GB
Northallerton,2023-10-20 09:03:09,small lot equipment price,2,54.3404812,-1.4344936,GB
London Palmers Green,2023-10-20 01:18:27,drinking water drinking fountains dry. like weeks.. still fixed,1,51.6178253,-0.1091946,GB
London Palmers Green,2023-10-20 01:18:27,many men zzzz… enough machines. came went back,1,51.6178253,-0.1091946,GB
Southampton Shirley,2023-10-19 01:14:04,dirty changing room.,2,50.9214711,-1.4323205,GB
East Grinstead,2023-10-18 20:51:33,"dirty, roof leaked long time ago still randomly people fix paint it, mop floor aftwer wards feels dirty. see bit's paint grout floor. plus whole gym smells put aircon hard breathe stuffy. also extremely busy schoolkids, 16? lot look younger, come straight school uniform, can't believe last year school. like school club. good things price, induction fee cancel time.",1,51.1322179,-0.0117661,GB
Glasgow Robroyston,2023-10-18 06:32:44,turns gym charging nearly year signing month subscription paid full tried cancel subscription idea paying recharge resubmission fee absolutely ridiculous heard awful things gym one reasons stay pure gym honestly gym pretty mediocre aswell even half decent equipment,1,55.886885,-4.1743912,GB
Exeter Bishops Court,2023-10-18 05:11:57,main doors broken weeks nothing done. queued nearly mins today get in.,2,50.7151321,-3.4685252,GB
London Wembley,2023-10-18 04:31:35,"good gym !! wife loves gym ladies area. however, struggling check weight gym. weight machine gym accessible gym members, found totally strange. weighing machine accessible gym members must gym. one washroom accepts coins, 70p weight. try 50p coin 20p coin , however, return weight. asked gym trainers clearly said , equipment measure weight assessment room members clients. could figure meant. still unable find weighing machine gym members.",2,51.5560695,-0.2796034,GB
Tonbridge,2023-10-18 03:10:47,"let’s real, place needs open soon whole customer base switched gyms. give us opening date news even still reopening (doesn’t look like it) don’t fob us emails help lines public announcement",1,51.1955494,0.2750712,GB
Purley,2023-10-18 02:10:12,"went morning, went buy water vending machine available. also feels like construction site construction workers rewiring place 5.30am",2,51.3388112,-0.1158589,GB
Maidenhead,2023-10-17 23:48:41,horrendously overcrowded. come 8.30 thinking it’s past peak time it’s basically full. even lunch time afternoons busy. even 4pm onwards busy . please stop adding members. massively oversubscribed. also - toilets often dirty looked after.,1,51.522743,-0.7197368,GB
Leeds City Centre North,2023-10-17 23:18:24,"extremely busy time, lot extremely rude chinese students spacial awareness hovering you/machines",1,53.9558121,-1.1229892,GB
Bristol Union Gate,2023-10-17 21:17:14,"weights scattered everywhere. staff could take hour put weights right spots would much better. add, want try put stuff correct place taken incorrect equipment makes problem worse, tell responsibility try incorrect dumbbells i’m every spot, therefore forced place elsewhere, making problem worse. may seem petty fed finding 12kg dumbbell finding £20kg plate next machine leg press side gym",2,51.4574315,-2.5919625,GB
Reading Caversham Road,2023-10-17 20:26:45,"gym getting progressively worse months pass. good selection equipment overcrowded full kids hanging around groups. it’s used hangout makes difficult use equipment unless come 10pm. gym cleanliness poor smells bad. safety falling well, one puts equipment back constantly watch step avoid injury.",2,51.4606403,-0.9756087,GB
Ormskirk,2023-10-17 00:54:49,"awful gym! going gym year honestly say it’s worst i’ve ever trained 20+years. equipment substandard need repair order constantly. showers dirty/ hot water, staff rudest unfriendly iv ever encountered!..not even hello arrive, constantly phones laptops behind podium congregate at! however seem go top greet friends ‘click’ were! young staff claim ‘personal trainers’ seem constantly ignore simply walk past many young students people obviously new gym, therefore form exercises completely wrong. hence eventually injury! expect they’re paying ££££! hour take ‘personal training’! happened friendly encouraging approach it’s job!? clearly expect! i’ve training gyms years never unfriendly unprofessional one. membership getting cancelled soon find good one locally!",1,53.5673603,-2.8859603,GB
Birmingham City Centre,2023-10-16 22:33:29,terrible manager. wrongfully suspended account pay can’t go puregym membership like that.,1,52.4856896,-1.871104,GB
Leicester St Georges Way,2023-10-16 16:50:07,"student outside leicester. good things gym near place friends goes here, pts good people that's pretty much it. certain dumbbells sometimes goes missing. what's point renovation/refurbishing gym? that, yet almost everything main area broken. almost months hack squat yet fixed, example. sometimes cable equipments go missing. speaking cable machines, least one broken every week. gym go back home, super old, old equipments, still good working condition. gym gym friend goes to, honestly move different one. unless actually fix broken machines, advice looking gym go lots gym go broken. personal ratings: 4.3 /",2,52.635872,-1.1231787,GB
London Stratford,2023-10-16 05:03:01,way many people! every time go full,1,51.541289,-0.0035472,GB
Blackburn The Mall,2023-10-16 03:22:01,dirty weights place,1,53.7489149,-2.4826216,GB
Nottingham West Bridgford,2023-10-16 01:00:39,"rated gym stars due prolonged issues broken fitness equipment remain unfixed two months, significantly impacting workout experience. additionally, absence wi-fi poor 5g/4g signals inside gym hinders connectivity, necessitating urgent improvements satisfactory user experience.",2,52.9310754,-1.1256663,GB
London Putney,2023-10-15 23:19:37,"gym normal, nothing special. building suitable gym; ceiling insufficient, lots unnecessary walls, doors, disorganized equipment.",2,51.4625314,-0.2163018,GB
London Wall,2023-10-15 16:35:38,pretty crazy gym £50 month still closed saturdays sundays.,2,51.5099294,-0.0760209,GB
Burgess Hill,2023-10-15 15:45:10,"recently moved area brighton keen find new gym closer rather travel brighton however found poor, cheap equipment rock hard benches slippery compared old gym brighton gym crowded parking nightmare. showers dirty hair everywhere. gone back old gym brighton travel pain it’s worth environment far superior equipment",2,50.9575365,-0.1332853,GB
Purley,2023-10-14 02:14:19,"generally poor regards, cleaning stations removed last years changing rooms generally unkempt, literally one member staff even said hello years coming here. machines regularly order poor state. local would use all.",2,51.3388112,-0.1158589,GB
Manchester Debdale,2023-10-14 00:13:10,use gym daily picked injury forgetting everything men's locker headphones everything else come back days lock cut everything taken asked members staff idea security bad need improvements definitely,1,53.4601898,-2.1545545,GB
Stoke on Trent East,2023-10-14 00:03:05,"attended week visit stoke went gym days row spent around hours there. tell one dirtiest, grottiest gyms ever nothing clean machines sweat stains need renewal. paid £20.99 intention continuing membership cancelled shortly disappointed state place. wont even mention toilets would make sick.",1,53.0593352,-0.8159322,GB
Stowmarket,2023-10-13 21:21:34,"travelled way hertfordshire see family, wanted go gym 8pm, allow part membership even though get access locations. could downgrade membership gain access would cause issues go back home location. one talk to, intercom help wasted journey. put site accessible site premium plan. really poor disappointing",1,52.1878147,0.9973428,GB
Dudley Tipton,2023-10-13 17:39:29,"ladies showers disgusting shower cold water ? staff dont care complained nothing dont like months, absolute joke saving money members expense shocking!!!",1,52.524461,-2.0492538,GB
London Enfield,2023-10-13 06:23:08,"worse gym whole north london. full ignorant underaged kids knowing exercise, breaking equipment, injuring members, fighting. staff members don’t care, weights left floor. zero star, avoid place.",1,51.6517156,-0.0786839,GB
London Bow Wharf,2023-10-13 01:30:25,"compared pure gym bermondsey, maybe 2. really small place machines expensive bigger ones.",2,51.5319916,-0.0418638,GB
London Camberwell New Road,2023-10-13 00:19:45,would like know air quality tested here. underground overpacked. don’t drink flavoured water machine can’t good you.,1,51.4802321,-0.1081217,GB
Stoke on Trent North,2023-10-12 23:39:23,"exactly expect commercial gym. people re-rack, weights everywhere, there's signs re-rack warning may consequences staff really talk people reinforce many times unload 200kg use barbel stuff like that. reason giving stars big gym open hours. exactly pay for. edit response: understand peak times hard, thing never happens. doubt anyone ever got suspended this. easy spot people speak them, get staff spend hour walking gym talking people, would also get attention everyone. thanks!",2,52.9860695,-2.1751228,GB
Nottingham Basford,2023-10-12 22:18:38,could give zero stars would. almost well equipped staff care noone putting weights away unlike wilford castle marina gym counterparts clearly putting everything away evening either. maybe 24hrs know ain't way coming back since local puregym probably reason leave puregym. utter utter chaos.,1,52.9816725,-1.1783596,GB
London Park Royal,2023-10-12 21:07:59,made impossible book spin class. machine repair takes long time. womans toilets smell. would easy gym get stars better management. disappointing,2,51.5264341,-0.2839348,GB
New Barnet,2023-10-12 19:47:13,"classes gym bloody loud! don’t know louder, music instructor. can’t hear music - headphones completely unnecessary shouting.i bet lot people suffering headaches classes- talking participants. mainly using cardio machines machines always busy, group five using place hang around, get hold someone lurking around like lunatic thinking kind behaviour force finish. top everything shortened parking hours weekend, means possibly park street difficult mainly residential parking!",1,51.6497449,-0.1751403,GB
London Park Royal,2023-10-12 09:06:06,one smith machine broke months come 1am still people trying get one works it’s joke changing gym group much reliable,1,51.5264341,-0.2839348,GB
Bristol Harbourside,2023-10-12 07:35:17,"like walking zoo. couldn’t find exit either, massive maze - disappointing, never go back",1,51.450363,-2.600511,GB
Exeter Fore Street,2023-10-12 04:13:23,"feb final update. chewing gum still going strong. months old point. cancelled membership probably miss first birthday 🎂 november chewing gum update: coming gym months. first session noticed gum one fitness machines, particularly hidden... still today. busy, difficult find free equipment without waiting. toilets smell bad, one off, consistent. many broken clips accessories cardio equipment. good pure gyms.",1,50.7205151,-3.5351998,GB
Leeds City Centre North,2023-10-11 23:20:41,even get gym main door keeps breaking also time previous gym mess someone eating chocolate pancakes changing room left packing floor toilet roll floor also entire place really bad smell mixture rotten protein shake rotten water,1,53.9558121,-1.1229892,GB
London Borough,2023-10-11 19:58:50,cancelled membership several years. refurb earlier year drastically reduced useful amount machines. several chest options two. back. health reasons can’t use free weights people pushed machine left (except legs. many machines legs!). yet there’s empty space could fit in. longer adequate purposes. shame space location good.,2,51.5011444,-0.0932926,GB
Leeds Regent Street,2023-10-11 19:38:37,"join. gym fine, going two months alright, nothing special. miss payment try cancel membership get met ridiculous exploitative charges make cancellation almost impossible. regret joining much. there's new independent gym street, hopefully there's less corporate grimey vibe there.",1,53.799097,-1.5352944,GB
Dudley Tipton,2023-10-11 17:37:00,signed puregym last month. can't say impressed gym minutes phone rang incredibly busy gym. decided take call outside ending call tried reenter gym. success. tuck minutes gain reenter asking kind person's entering gym find gym employee. nowhere say restrictions reentry ! sent email complain two weeks ago response?,1,52.524461,-2.0492538,GB
London Southgate,2023-10-11 14:55:31,"dirtiest gym london , get pay, lazy staff, stinky toilets showers ,the gym general smell dirty",1,51.6323183,-0.1277858,GB
London Bow Wharf,2023-10-11 13:24:41,"i’ve going puregym since may always talked positive experience i’ve had. i’ve around country i’m always travelling job, worst. pay £43.99 central london subscription (home gym angel) naturally thought would included, zone 2. wrong. get add £6 monthly subscription even go in. i’m now. £6 extra gym doesn’t even separate male female changing rooms!? two lockable cubicles only. still press on, get workout done. 12:30 midday obviously ideal time cleaner walking around mopping main gym floor strongest bleach ever. asthma triggered chemicals leave. worst experience ever. it’s making think cancelling puregym membership altogether finding gym might actually consider health access needs members.",1,51.5319916,-0.0418638,GB
London Shoreditch High Street,2023-10-11 11:53:51,"протекающие трубы вообще везде и никто их даже не собирается фиксить а, ну ещё интернет не ловится в этом бункере (качалка находится на уровне -2/-3 этажа)",1,51.5232534,-0.0744674,GB
Reading Caversham Road,2023-10-11 08:31:59,"service really gone worse- lady’s changing room’s hygiene awful, giant hole wall while, shelf front mirror broken recently, none taken care of.",2,51.4606403,-0.9756087,GB
Glasgow Bath Street,2023-10-11 02:28:34,paid pounds could enter,1,55.8637839,-4.2559582,GB
Billericay,2023-10-10 20:45:18,"okay little gym fair priced however, careful parking received £100 parking fine months ago! there's fault tablet take longer 10min still issue fine. happened many people.",2,51.6284395,0.4218142,GB
New Barnet,2023-10-10 19:44:44,decent selection equipment it’s soooo crowded it’s pain even get bench,2,51.6497449,-0.1751403,GB
London Camden,2023-10-10 18:13:53,"overcrowded, hard find matching weights, missing dumbbells, space workout. waste money.",1,51.5427965,-0.1624803,GB
London Bayswater,2023-10-10 17:33:31,"gym horrible , wanna workouts , impossible .. everytime crowded , ne handle items , capacity confused design . cant recommend , didnt come didnt come certainly",1,51.5122764,-0.1883854,GB
Bicester,2023-10-10 12:50:54,priced,1,51.8988832,-1.1518287,GB
Yate,2023-10-10 11:40:13,"poor air conditioning. makes uncomfortable working out, even weights cardio. usually better puregyms!",1,51.5403113,-2.4134281,GB
London Monument,2023-10-10 10:29:34,saying board outside gym joining fee join online charge pound jaing that's robbery,1,51.5106328,-0.0861271,GB
Leeds Hunslet,2023-10-10 06:27:18,"terrible place, filthy, one dumbell right place ever, half machines broken, rubber grips pull bars ripped. try avoid",1,53.7786185,-1.5282492,GB
Byfleet,2023-10-10 00:13:46,"every time go gym equipment used classes therefore can’t use equipment, complained couple time lack equipment goes death ears……. sucks !",1,51.3401727,-0.472897,GB
Bracknell,2023-10-09 22:32:47,parking free stated. gym always far full late afternoon/evening forcing either come later earlier day want wait ages equipment.,1,51.4143513,-0.7449925,GB
Basildon,2023-10-09 19:21:00,"totally disappointed. kicked boy out, show proof years old. think society likes see teenagers, drugs,smokers alcoholics, sports. good manners learned young age, years.",1,51.5754602,0.4757363,GB
Southampton Bitterne,2023-10-09 04:41:33,"gym abundance good equipment. competitive athlete fo years gym owner myself. surprised 50% ot patrons exesise correctly. found severe lack gym etiquette. customers sit apparatus sets damn smart phones extended periods,while others forced use alternative equipment disrupting routines.",2,50.9181488,-1.3769392,GB
Manchester Cheetham Hill,2023-10-09 04:21:22,"started gym gym portland street years. vibe gym okay, never experienced awful people gym incident here, tried find staff help felt extremely unsafe due occurred. staff couldn’t find anyone (this day time) later managed speak someone late. staff member kind appreciate lack presence staff made panic. never come back gym… uninspiring, lack equipment, people area utterly insane. never step foot pure gym ever again. overall atmosphere good feel welcomed certainly safe environment females especially, please aware here.",1,53.5032866,-2.2344764,GB
London Whitechapel,2023-10-09 00:49:24,"good sized gym busy outside peak hours. however, working wifi months frequently feels like air conditioned all. edit: today came gym warm partner sweating even started working out! please use air-conditioning puregym! removed star due frequency extremely hot stagnant air gym, dysfunctional wifi hand sanitiser.",2,51.5174861,-0.0659685,GB
Tyldesley,2023-10-08 23:28:39,"going gym 3/4 months aircon maybe once. cardio areas unbearable aircon, massive windows it’s like greenhouse!! don’t think i’ve ever gym dosnt aircon running, poor",1,53.5144859,-2.4661714,GB
London Putney,2023-10-08 23:18:33,"don’t normally write reviews found experience pure gym subpar. facility often lacks staff presence, smell ventilation ongoing issue, recent renovations executed poorly, old/outdated signage left unattended new equipment disarray. gym's equipment, especially outdated treadmills, need upgrade. additionally, persistent odor facility off-putting, efforts made improve it, unlike gyms utilize scent machines better ventilation. positive thing say female changing rooms toilets/showers always seem clean. opening times gym unsuitable make sense also paying extra off-peak membership. gym opens 9am weekends ridiculous. given limited competition area, disheartening gym provide satisfactory experience us. look forward possibility better commercial gyms opening area.",1,51.4625314,-0.2163018,GB
Birmingham Maypole,2023-10-08 17:35:06,came week see parent wanted train soul another person came boat snd see anyone train,1,52.4421234,-2.0024082,GB
Coventry Skydome,2023-10-08 06:18:41,"guy called peterfile, that's need know",1,52.4075589,-1.5184111,GB
Leicester Walnut Street,2023-10-07 21:03:24,many gym rules enforced. bags aren’t brought gym area yet members constantly bring large holdalls gym area staff nothing it. members wearing footwear gym. wander around socks. members using pieces equipment once. throwing bags sweaters form reserving equipment. think what’s happened issues haven’t addressed early days it’s gone far police it. gym rules aren’t clearly signed gym area. there’s sign return weights that’s far goes. can’t sign bags erected? can’t sign footwear worn times erected? can’t use excuse cheap reason completely ignore health safety gym.,1,52.6244566,-1.1343556,GB
Shrewsbury Meole Brace,2023-10-07 19:42:39,"cancelled membership first month, gave weeks thinking new, equipment etc get better.. hasn't.. echo previous reviews said. gym ridiculously hot.. know gym people sweat, amount times come use bench someones left sweaty headprint there.. there's paper sprays provided clean yourself.. leave mid workout numerous times heat there. know got pts from.. heard much b******t come whilst training newbies.. machine today, mid workout, sets.. pt came up, took plates put machine, get go get them, response sorry using that.. oh sat enjoying view.. ridiculous. pts look either 50s.. equipment choice abysmal, lived around world one worst selection machines seen. 8pm seems teenagers hanging around actually anything, taking little equipment is. open month swear vending machines broken times, machines order signs already workmen fixing lift. like previous reviews, straight cable attachments, basic thing cables.. glad cancelled, rather drive side shrewsbury decent gym price.",1,52.6885014,-2.7581954,GB
London Wandsworth,2023-10-07 18:52:11,"facilities bad pt’s good classes, particularly monday & tuesday oversubscribed point it’s becoming health safety issue & simply isn’t enough room perform activities class. people waiting list turning & taking part pt’s nice tell class full isn’t enough room take part. need addressed urgently it’s accident waiting happen.",2,51.4570271,-0.1932607,GB
London Hayes,2023-10-07 18:42:05,"gym lots equipment fun classes handy attend work quick workout, recently getting busy it’s possible use equipment spaces. also started noticing gym facilities broken left months unfixed eg. upstairs water fountain causing vile smell within area, females changing room sink constantly smells. notice toilet paper isn’t refilled much anymore resort using blue roll search whole gym find member staff. i’m sure benefits justify many downsides gym especially since membership increase. pure gyms larger, cleaner also populated area like hayes pure gym. leaves wondering hayes pure gym left unmaintained?",2,51.6621711,0.7083861,GB
Shrewsbury Meole Brace,2023-10-07 07:35:38,"disappointed gym.. could write paragraphs problems.. sum up.. way hot. plate loaded machines. lat pull-down attachment. straight bar cable attachments. changing rooms utter joke, bathroom home space. full kids evenings pissing there, throwing medicine balls night. watching one ""pt's"" train someone day almost step say something, everything shown wrong. awful selection machines. e-z bar. playing barbie girl radio relaxed lounge kind music, horrible atmosphere there.. atmosphere say. weight lifting, go gym.. plenty better options shrewsbury.",1,52.6885014,-2.7581954,GB
Rochdale,2023-10-07 07:25:32,makes email cancel membership could easily done app online.,1,53.6153659,-2.1557561,GB
Newbury,2023-10-07 06:24:55,"puregym embarrassment. make difficult manage / downgrade membership, spring costs ask pay rejoining fee. customer support number. awful customer service. embarrassing.",1,51.4020243,-1.3242212,GB
London Kentish Town,2023-10-07 01:01:41,tried use hydro massage table one staff team slept time change gym wish could sleep mine work,1,51.5500554,-0.1425712,GB
Birmingham West,2023-10-06 20:08:47,rude classes high valume music feel desco changed time table classes always gave headaches don’t let play place recommend people please don’t waste money,1,52.4796992,-1.9026911,GB
Northampton Central,2023-10-06 15:05:45,it’s rubbish isn’t,1,52.2365694,-0.8982839,GB
Chelmsford - The Meadows,2023-10-06 13:34:51,"recently changed gyms puregym chelmsford unfortunately disappointed. gym extremely compact, limited space equipment, compared gyms too. renewing membership particular gym.",2,51.7318661,0.4756173,GB
Leeds City Centre South,2023-10-06 10:12:49,gym gone downhill. good trainers left. facilities shocking past couple weeks access water intermittent non existent. one member nearly fainted result.there consideration health safety members.neither water fountain taps toilet worked. screens majority spin bikes work despite mentioning several times nothing done address this. weights area flooded surrounded tape. studio floor coming various buckets patches foul smelling water everywhere. brown stains studio walls. puregym worth time especially others close better facilities. puregym care gym shows.,1,53.3803135,-1.4706053,GB
London Limehouse,2023-10-06 03:39:02,overcrowded times. bad ventilation.,1,51.5133074,-0.0351492,GB
Portsmouth Commercial Road,2023-10-05 16:02:25,"gym gets overrun students double using turnstiles rest paying gym users can't access equipment, mentioned staff several occasions action taken. toilets (mainly mens upstairs) bowls filthy, flush never works. seeing pile backed poo tissue come here. gym equipment waiting repairs weeks time acceptable.",2,50.804976,-1.0870115,GB
Manchester Debdale,2023-10-05 12:10:10,"gym turned disgusting mess, changing rooms used charging laptops phones hammering wi-fi someone uses hand dryers air balls, even joking.",1,53.4601898,-2.1545545,GB
London Beckton,2023-10-05 03:04:58,"gym smells bad, get control since peoples hygiene damn cant even work nasty smell. please provide ventilation something clear humid smelly air. many weight attachments either good machines always long queue. moving gyms worst one ive ever to. also think gym way small theres many people everyday every time. rarely ever quiet makes feel lazy going gym,",1,51.5160797,0.0594257,GB
Bangor Northern Ireland,2023-10-05 02:54:52,pure wankkkk like it..... never back machines show place needs organised,1,54.662595,-5.6679127,GB
London Bow Wharf,2023-10-05 01:24:01,"gym seek improve disability access. months i’ve going gym lift order. space equipment narrow many wheelchairs. disabled toilet upstairs also again, can’t even it. disabled toilet soap dispenser standing head height, someone wheelchair (what claims designed for) supposed reach this? disabled probably isn’t full extent issues accessibility. top issue gym massively oversubscribed super small, equipment need replacing. it’s always busy result peaceful experience.",1,51.5319916,-0.0418638,GB
London Enfield,2023-10-04 18:19:55,"cleanest, equipment often broken isn’t fixed weeks, gets packed, smells funky well",2,51.6517156,-0.0786839,GB
Glasgow Clydebank,2023-10-03 21:32:48,like pure gym really wish bootybuilder one like one cause gives back pain . would mean world u reply,1,55.9248427,-4.3888355,GB
Bristol Union Gate,2023-10-03 21:12:37,"could give stars would, give one cos convenient location. hot, equipment crowded, nobody puts equipment away, staff simply care going gym. today student event on, great idea get young people interested getting fit there's need blasting awful music everyone who's already paying membership, loud hear head phones full volume. completely ruined work out. could great ideal location generally awfully run.",1,51.4574315,-2.5919625,GB
Reading Caversham Road,2023-10-03 08:25:08,"decent gym member bt regrettably cancelled membership ceo stood wrong side history supporting sale arms israel condemning israel genocide. point condemned mass graves, thousand children women murdered gaza, killing journalists, medical staff attacking hospitals aid workers. dont want support business supports genocide palestinians.",1,51.4606403,-0.9756087,GB
Crewe Grand Junction Retail Park,2023-10-03 04:12:46,cleaning stations. staff suggest bring towel questioned say cleaning spray roll expensive keep stocked many people. cheap grim.,1,53.0959254,-2.4345425,GB
Birmingham City Centre,2023-10-02 22:29:34,never answere pharmacy,1,52.4856896,-1.871104,GB
Southampton Central,2023-10-02 20:08:14,"going gym years seen downfall management here, told managers last weeks yanga water pay flavour lazy refill liquid, male manager rudely says trying get free drinks rather helpful paying service. machines order weeks don’t get fixed, water pressure showers always low cold water. overall bad experience since last manager left last months",1,50.9074977,-1.4142289,GB
Southampton Central,2023-10-02 20:08:14,"gym going hill, member plus years here. management non existent unfriendly, shame one better gyms before. yanga water never flavour options time ask get moans groans manager. machines broken left ages, showers worst ever, either broken, cold water dirty general. hair dryers temperamental. membership bitterne much better bit far work close one. it’s shame management dropped standards one better gyms southampton.",1,50.9074977,-1.4142289,GB
London Piccadilly,2023-10-02 19:48:01,gym alright wifi (or weak) many areas gym.,1,51.5060854,-0.1441691,GB
Edinburgh Fort Kinnaird,2023-10-02 16:36:15,tried cancel membership giving advice cancel emailed ignored,1,55.9334724,-3.1059406,GB
Sutton Times Square,2023-10-02 07:10:54,"giving star option zero. bought day pass grandaughter gymn. travelled mins get arrival pin number sent would work get in. rung bell several times online said pin work ring bell member staff let in. hour trying use pin ringing bell, staff appearing, gave went home. way call call number online automated voice tells make contact via social media. would advise looking gymn use puregymn.",1,51.3643147,-0.1915453,GB
Northampton Weston Favell,2023-10-02 05:40:04,"nah go deh, dah, noh mi.....",1,52.2577432,-0.8369027,GB
St Albans,2023-10-02 01:07:25,full chavs druggies,2,51.753051,-0.3379675,GB
Aintree,2023-10-01 15:01:34,"always absolutely rammed!!!! used ok years ago, need plan extra hour waiting round do. peak times well work nights dread think peak times like….. they’re still going round whole aintree putting flyers doors trying get people join well",1,53.4803632,-2.9376261,GB
Hereford,2023-10-01 00:23:16,hot also dirty,1,52.0553813,-2.7151735,GB
London Monument,2023-09-30 22:22:06,pure gym little britain supposed 24/7 door locked. 11am unbelievable.,1,51.5106328,-0.0861271,GB
Caerphilly,2023-09-30 21:31:38,today received parking fine gallagher retail park parking eye parking site. terms state allowed time 00hrs 00minutes!!!! 53minute stay cost £60 simply parking use gym!!!! surely needs addressed puregym absolutely shocking outcome customer,1,51.6723809,-3.1783938,GB
London St Pauls,2023-09-30 14:27:39,supposed open 24/7 actually closed! unbelievable. 11am,1,51.5100825,-0.0679695,GB
Linlithgow,2023-09-30 04:21:51,"another bog standard pure gym, cheap commercial kit. gym small enough decent kit, poor layout priced.",1,55.977167,-3.6006234,GB
Linlithgow,2023-09-30 04:21:51,"member pure gyms edinburgh since 2012, looking forward gym opening linlithgow. opened yesterday (18th august 2023) visited morning. issues have: * previous pure gyms edinburgh craigleith gorgie. gyms twice size linlithgow pure gym. gorgie £22.99 per month craigleith £25.99 per month, core. linlithgow £25.99 per month core, month promo £14.99. far expensive size gym linlithgow surrounding areas. new pure gym opening falkirk september 2023, £10.99 first months £20.99 that. also larger gym. £18.99 initial months, would much reasonable price linlithgow. * whoever bright idea facing treadmills towards large white wall dark corner gym, obviously never set foot treadmill! one wants run walk treadmill stare wall. please either add mirrors along wall give illusion looking out, whilst also able see gym behind you. turn treadmills around face gym! * known gym opening quite time yet, materials clean wipe equipment use. come pandemic. one wants use piece equipment that's covered someone else's sweat! * gym boiling. rather warm cold, either air con fans would good idea, unless want people passing out! * enough weight benches. weight benches gym nowhere near enough. small gym, imagine monday evening, lot people standing around, waiting use equipment. disappointing, especially given amount time known gym opening amount time wait open. please sort immediately. issues easily rectified. changes soon, definitely returning know one!",2,55.977167,-3.6006234,GB
Manchester Debdale,2023-09-30 00:09:25,"equipment old worn tags 2009, lots ripped padding & ventilation areas gets stale fast.the cleaning stations wipe time people leave tissue equipment v important last night guys make video it’s good pls make sure privacy.",2,53.4601898,-2.1545545,GB
Leeds City Centre North,2023-09-29 23:18:56,one machine broken. bad cleaning.,1,53.9558121,-1.1229892,GB
Bracknell,2023-09-29 22:28:27,don’t come it’s packed cap,1,51.4143513,-0.7449925,GB
Reading Caversham Road,2023-09-29 20:27:17,"find quite annoying you’re studio get stopped mid workout there’s scheduled class on. don’t get chance studio finish work there’s multiple classes scheduled after, doesn’t help people want workout studio work, don’t necessarily find convenient workout late classes finished",2,51.4606403,-0.9756087,GB
Shrewsbury Meole Brace,2023-09-29 19:36:48,"puregym have, unsurprisingly disappointingly, underestimated looks like little country town map decided open meole brace small format, poorly equipped gym (bags space wasted downstairs, too) - barely duplicate machine matters. changing rooms small, after-hours arrangement awkward - input pin get front door, reason put totally insecure entry barriers rather usual pods (which believe rendering air con useless protection front heats would come pods any). two visits, realised me. given this, decided exercise right terminate 14-day cooling period, however claim point signed pre-sale (pre-opening), since opening doors, penny back. that's loose definition cool period, see bank says. open rubbish gym, expect fail - especially jd went hours.",1,52.6885014,-2.7581954,GB
Shrewsbury Meole Brace,2023-09-29 19:36:48,"leave mid workout today heat joke. first thought maybe me, friends said seen similar reviews. there's aircon air blowing anywhere gym.. never sweat much gym before. whoever designed layout place needs firing awful.. waste space. compared gym shrewsbury, machine choice woeful.. luke others said utter faff putting pin in, dark outside.. scan leave nothing changes moving jd end first month.",1,52.6885014,-2.7581954,GB
Shrewsbury Meole Brace,2023-09-29 19:36:48,staff bonkers!! decent equipment machines,1,52.6885014,-2.7581954,GB
Crewe Grand Junction Retail Park,2023-09-29 16:24:58,"puregym ryanair gyms! get pay here. showers barely lukewarm freezing cold first step in. avoid gym peak times older 25. full groups ferrell teenagers think acceptable eat kfc vape changing rooms whilst hanging around large groups talking absolute rubbish whilst posing mirrors selfies. lockers always stuffed full people’s items actual locks meaning spend ages finding one actually empty. gym well equipped, way club runs operates terrible. house gx instructors really poor standard, basic understanding deliver great experience, often dangerous coaching. also notice none reviews response, puregym social media, marketing department deal put actions place based common themed reviews.",1,53.0959254,-2.4345425,GB
Crewe Grand Junction Retail Park,2023-09-29 16:24:58,"best gym crewe. excited join low membership price 24/7 access flexibility contracts. like reviews mention, equipment old fashioned limited functionality. gyms crewe far superior modern machines. cleanliness good. cleaning supplies available every thing touch use still every bit sweat, cough, sneeze etc. it. staff said clean daily isn’t enough go day, machines honestly don’t look like they’ve cleaned all. fancy machine dispensing flavoured sports water pay extra month. broke quickly took days repaired. it’s also low mounted barely fit bottle underneath it. showers weird glass doors part doors frosted. makes feel uncomfortable shower haven’t done gym it. shortage staff. regularly see people come enquire memberships get assistance spend ages trying find someone. often resort asking gym goers. location awful too. retail park crewe already far busy traffic almost always standstill. made things worse. expect regular queues enter leave retail park peak hours. i’ve cancelled month going back gym.",2,53.0959254,-2.4345425,GB
Crewe Grand Junction Retail Park,2023-09-29 16:24:58,there’s cleaning stations all. shameful.,1,53.0959254,-2.4345425,GB
Nottingham West Bridgford,2023-09-29 13:02:55,machines equipment older grandfather's? like everything uk: high price > low quality!?,1,52.9310754,-1.1256663,GB
London Canary Wharf,2023-09-29 07:09:55,"one weightlifting platform that’s shared heavy duty squat rack, everything split three levels, impossible find anything towels available puregyms price level, rip off, using different gym",1,51.5048954,-0.0190006,GB
London Hayes,2023-09-29 06:39:40,worst gym ever machines always broken equipments always available toilets clean…waste money,1,51.6621711,0.7083861,GB
Aberdeen Shiprow,2023-09-29 01:47:10,unsafe place.,1,57.1460327,-2.0954146,GB
Manchester Urban Exchange,2023-09-29 00:36:31,one worst gyms i’ve attended. equipment horribly outdated & massively oversubscribed chance getting anything. ended paying go gym convenience pure gym isn’t worth it. clientele questionable.,1,53.4817408,-2.2283336,GB
Hitchin,2023-09-28 09:42:26,"know star rating time writing. moved around lot work, ~10 different gyms last years, far worst to. forced go many gyms open 7am. proper changing facilities, machines, dumbbell, plates, dated, looks run down, terrible squat rack (there one safety bars) much empty room reason, proper place fill water bottle, mean come on. £27 quid joke getting. need go 10am join old skool gym gains literally build behind pure gym.",1,51.9486943,-0.2779124,GB
Exeter Bishops Court,2023-09-28 05:00:04,"first time exeter's bishops court gym, used go torquay's, dirty working machines, full dust well maintenance, cleaning station upstairs so, nobody cleans using...",2,50.7151321,-3.4685252,GB
London Palmers Green,2023-09-28 01:08:08,"unfortunately expensive it's, better gym road sauna price",1,51.6178253,-0.1091946,GB
Bristol Brislington,2023-09-27 21:36:22,many members stare women overhead inappropriate comments staff members poor equipment.,2,51.4377965,-2.5445382,GB
London Park Royal,2023-09-27 21:06:06,"someone broke locker stole earpods, left message manager… reply, try contacting customer service, ai operated, customer service facilities pretty much useless. year increases price, air conditioning spin room, air conditioning upstairs standard, joined rowing machines, functional, another foot strap missing. seems always couple machines broken weeks end. going downhill fast stars instructors good.",2,51.5264341,-0.2839348,GB
Bournemouth - Mallard Road,2023-09-27 15:23:06,"leaving place years member. period time i’ve brining carrying gym bag floor it’s never problem. now. it’s good place people starting gym journey, use lot equipment - place may work well.",2,50.7503219,-1.846402,GB
Newport Gwent,2023-09-27 13:42:10,"nice atmosphere all. big groups lads hanging out, taking equipment using it, even wearing jeans cases definitely workout... suspicions ""deal"" (cough) is. go there's better security",2,51.590121,-2.9985571,GB
Cambridge Grafton Centre,2023-09-26 21:23:47,"rude lazy lol, jobs life would much easier",1,52.2062587,0.1348954,GB
New Barnet,2023-09-26 19:42:56,"everything well sideway beginning: overpacked car paks ( spent minutes trying find parking spot), purchased one time entry get in, entry gates automated apparently staff free facility, anyone help out. tried reach email get refund - luck too. disappointing.",1,51.6497449,-0.1751403,GB
Wakefield,2023-09-26 02:24:04,tonight first time wil defo going back crowded machine free people sat machine phone machine order worst gym ever,1,53.6829541,-1.4967286,GB
Edinburgh Quartermile,2023-09-25 10:45:39,enough gym equipment place small mean room bigger. cheap reason,1,55.9438167,-3.1941413,GB
Hemel Hempstead,2023-09-25 02:31:18,absolutely disgusting. using machine he’s sweaty body smell sweat… within weeks second time experience different person. membership canceled cant follow rules. management something unacceptable. pure gym like poor gym….,1,51.7511784,-0.472528,GB
London Holborn,2023-09-24 21:28:47,"equipment fine, but's hot sauna...and smelly like old one",1,51.5195982,-0.1137266,GB
London Canary Wharf,2023-09-24 19:07:35,"unfortunately particular gym seem standards gyms brand been. machines warn clearly need maintenance (see photos), main door cracked months (now repaired tape), vending machines opinionated. changing rooms area around also often smelly. staff seems hovering around without achieving much. message management: please take grip situation, moment basics covered adequately, customer feel get move value. thanks",2,51.5048954,-0.0190006,GB
London Waterloo,2023-09-24 17:26:42,left month - smells like public bathroom poor ventilation,2,51.5028379,-0.112801,GB
London Finsbury Park,2023-09-23 23:17:21,"many v.i.p trainees occupied locker forever private, perhaps purchase private locker membership something exist. never put equipments/weights away. arrogant selfish train like home gym. gyms long time unpleasant gym ever. reason go gym convenient location. trainee deserve using commercial gym believe. sorry, usually review rate places google can't patient write anymore.",1,51.5648345,-0.1064144,GB
Sutton Times Square,2023-09-23 19:15:15,"horrible experience paid nothing can’t access gym can’t reach huamb help me, pin doesn’t work",1,51.3643147,-0.1915453,GB
Peterborough Serpentine,2023-09-23 07:29:13,"noise, hygiene issues. layout labyrinth. equipment calibration almost year now. sometimes visit place things getting better there.",1,52.5403778,-0.2632194,GB
London Oval,2023-09-22 21:54:16,"tried gym out, worse gyms ive to, poorly built exercise machine malfunction sometimes, date cardio equipment, random equipment left random areas gym rather put back original spot.",1,51.4818339,-0.1123953,GB
West Thurrock,2023-09-22 17:21:58,give zero could . booked 1-2-1 session booked booking cancelled people booked session. unfair could ! equipment old broken clean . that’s reason it’s cheap.,1,51.47712,0.2721259,GB
London Kentish Town,2023-09-22 12:59:39,"today 6th time arrived gym 6am ready open staff turned open doors. today 20+ people outside cold waiting staff turn up. longest taken someone open doors hour. extremely frustrating waking 5:30am get early session in, happens way often. positive note, gym equipment decent staff friendly.",2,51.5500554,-0.1425712,GB
Sutton Coldfield,2023-09-22 05:35:52,"gym way oversubscribed. impossible get good run routine spend half time waiting equipment, rack bench.",2,52.5623089,-1.8239794,GB
London Stratford,2023-09-22 04:55:32,gym staff duria needs sacking. many complaints her. put many members left. job? regardless like sweaty smell dirtiness yes good gym.,1,51.541289,-0.0035472,GB
York,2023-09-22 00:33:20,awful hygiene. get cleaning stations instead 1.staff please job make sure hand sanitisers solution asked. signs wipe equipment use needed. thorough cleaning equipment rare. place needs sorting areas. go gyms get healthy fit pick viruses become ill.,1,53.9656578,-1.0743052,GB
Alloa,2023-09-21 23:22:45,"seriously, hell wrong price? 27£ cosmic yet can't even switch shower temperatures fs. people easy days prices, winter costs electricity heating home, way can't keep paying 27£ month small gym way ain't even got all. inside thighs machine. price better buy dumbells stuff workout home instead.",1,56.1156137,-3.7922423,GB
Tyldesley,2023-09-21 23:22:45,handy location really big enough always busy. also refuse turn air conditioning claiming controlled site - gym warm!,2,53.5144859,-2.4661714,GB
London Tottenham Court Road,2023-09-21 23:02:35,always warm humid there. hard workout sometimes. needs good air conditioner.,2,51.5163525,-0.1313917,GB
Dunfermline,2023-09-21 22:52:30,one floor. feels pretty crowded. tried separate feels odd,1,56.0713724,-3.4616183,GB
Bradford Thornbury,2023-09-21 09:35:16,"gym big spacious dirtiest gym far unhygienic. different gyms bradford looks like unhygienic issues obvious. machines wiped every use, toilets cleaned regularly, antibacterial sprays disposable tussue towels placed different lacation inside gym allow customers wipe machines every use. gyms leeds can't compared gyms bradford gyms leeds super clean hygienically managed. bradford gyms jd gyms pure gyms dirty, smell toilets dirty soiled, shower changing rooms cleaned, bins full emptied. sad! ready covid cases!",2,53.8030213,-1.7048953,GB
London Finchley,2023-09-20 19:07:20,"booked stretch class september 20th; person reserved session. instructor approached informed class would held person registered, would wait see anyone else joined. asked instructor informed earlier, told notify people cancel classes, advised check app see many people booked attending class, surprised two reasons: 1) responsibility headache know many people booked paying customer. 2) appears stringent guideline stating class cancelled four hours advance; therefore, even notice one booked class two hours prior, still cannot cancel it. even though given option 1:1 session, anyways offered without requiring wait cancel class may even conversation. perhaps offered since instructor noticed wet brolly raining heavily outside informed joined class office lunch hour. realise nothing instructor; simply carrying duties, pure gym needs better job alerting clients one person signed session cancel class themseles hours prior notify attendee class cannot take place. least, would squandered time, energy, money. particularly detrimental new consumers recently renovated gym! certainly recommend friends supposed take membership pure gym london finchley.",1,51.5973246,-0.1805587,GB
Bristol Eastgate,2023-09-20 19:07:20,extremely old equipment work great. single proper cleaning station could see whole building. customers also really make comfortable place especially judgemental young people make feel unwelcome. real pimple behind pure gym generally good bet gyms never visit one,1,51.4731698,-2.5663407,GB
London Whitechapel,2023-09-20 12:33:31,ruidoso edificio de lado en remodelación regadera expuesta,1,51.5174861,-0.0659685,GB
Nuneaton,2023-09-20 04:19:18,enough machines accommodate busy. end waiting around machine free. inside showers really dirty. cardio machines anything typical commercial gym ideal want lose weight that's,1,52.5246182,-1.4684488,GB
Wakefield,2023-09-20 02:18:18,"overcrowded... early morning late evening... people sitting machines checking phone. waste space. reply pure gym ""because popular"". that, cheapest gym maybe think open second one wakefield",2,53.6829541,-1.4967286,GB
Swindon Mannington Retail Park,2023-09-20 02:18:18,"member months, way many people building size, could hardly ever get use equipment. regardless time day. lockers nightmare, complete waste time, changing rooms either full people dumped stuff everywhere really get changed ease. made experience tedious. avoid.",2,51.5540137,-1.8131711,GB
Stoke on Trent East,2023-09-20 00:07:12,"gym smells..needs machines equipment, small gym.",1,53.0593352,-0.8159322,GB
Maidenhead,2023-09-19 23:36:57,"time gone, far far busy. never able get onto machines free weight benches. one set free weight shared 100+ people there. seems fine cardio waste time strength training. also really dirty weights scattered place. staff take notice. far worst gym experience time. favour go somewhere cares gym culture.",1,51.522743,-0.7197368,GB
Basildon,2023-09-19 19:24:22,"extremely overcrowded peak-ish hours monday-friday. go weekends go elsewhere. plenty treadmills & cycles, much else; squat racks, deadlift, bench presses, cables. expect long waiting times intended machines. utilities bad. months, men's toilets/ wash basins frequently order/leaking/out useables. machines sometimes order, rusted due maintenance. staff unfriendly unprofessional, much unlike previous gym - thegym holborn. one occasion warming area also used classes. female member staff fairly quite rudely asked leave. another occasion, male staff member training client, unloading weights leg press went get weights, despite obviously still use. called it, said back later without apologizing replacing weights taken off. also kept returning every minutes basically harassing machine. strongly despise particular gym. however, location price convenient manage find something else.",1,51.5754602,0.4757363,GB
Cambridge Leisure Park,2023-09-19 10:09:24,"i’m currently member gym. gym’s location convenient enjoy time overall. gave stars equipment seems always place, hand sanitisers toilets one whole gym. used cleaning stations equipment recently removed one upper area next disabled wc. often buckets floor dripping ceiling. it’s shame gym potential much better. management look issues.",2,52.1900026,0.1367799,GB
Wolverhampton Bentley Bridge,2023-09-19 09:08:53,exercise equipment like stepper don’t work order weeks waste money,1,52.5968429,-2.0898197,GB
Leeds Hunslet,2023-09-19 06:27:33,"visited puregym hunslet day say compared puregyms to, one disappointing. 80% equipment outdated free weights place correct place, dust free weight rack, machines order, one water fountain way side gym near changing rooms, attachments seen cables one rope handles... forget hight restriction upon entrance carpark great vans.",1,53.7786185,-1.5282492,GB
Blackburn The Mall,2023-09-19 03:15:53,extremely busy can’t make excuses. get workout patient. gripe music really loud classes taking place. edit: 1-star company obvious reasons. gym good.,1,53.7489149,-2.4826216,GB
Poole,2023-09-18 23:44:00,"puregym scam, take money without way cancel it. many reputable gyms",1,50.7179472,-1.981521,GB
Tyldesley,2023-09-18 23:23:49,like atmosphere gym. spacious still good overly crowded like salford gym. although male staff members gym acting like owners pure gym?! need work attitude behaviour dealing ladies. employee act like that!,1,53.5144859,-2.4661714,GB
Birmingham City Centre,2023-09-18 22:23:19,busy,1,52.4856896,-1.871104,GB
Wolverhampton Bentley Bridge,2023-09-18 21:12:44,many machines working long time. care coutmer routine exercises.,1,52.5968429,-2.0898197,GB
Lisburn Laganbank,2023-09-18 20:32:23,"way loud, repairs locker room toilets take forever. blue rolls constantly out.",2,54.5092116,-6.0413824,GB
Sheffield Meadowhall,2023-09-18 19:11:41,"happened “don’t sweat it!”? doesn’t appear stations enable members wipe machines. visit yesterday member left pool sweat treadmill, still evidence today. etch!!! i’ve coming particular gym short time. soap dispenser empty time. wondering policy this? byo soap now? pure gym claims take safety cleanliness seriously - correct?",2,53.4138268,-1.4124334,GB
Manchester Bury New Road,2023-09-18 17:20:45,"everything gym broken. every machine major issues repair fix need replaced, need believe review go day see yourself. floor unbalanced extremely bad people overtime. recommend puregym near cheetham hill machine high quality. bury new road puregym close patethic extremely bad brand.",1,53.493801,-2.2502732,GB
London Bromley,2023-09-18 11:37:42,"one week hand soap men’s toilets, situation hasn’t rectified despite raising several times. it’s actually quite regular occurrence way wash hands gym, inevitably means equipment filthy. luckily member least left body wash members clean hands - situation bad. seems management little disregard members health safety, cancelled membership gone bromley fitness centre much quieter apparently much cleaner.",1,51.3668569,0.0617091,GB
London Beckton,2023-09-18 03:03:20,"think agree beckton stinks, it’s even worse inside gym becomes quite sad :( can’t even workout without thinking someone’s sharted pants tryna accomplish pr",1,51.5160797,0.0594257,GB
London Finchley,2023-09-17 19:09:17,"personal thief gym. locker broken valuables taken. gym staff confirmed happened before, open padlocks, take want lock lockers. making smooth clean job! it’s funny appropriate measures put place tackle issue.",1,51.5973246,-0.1805587,GB
London Angel,2023-09-17 06:12:42,"good work out, avoid showering showers usually disgusting state",2,51.5324874,-0.1060356,GB
Purley,2023-09-17 02:00:36,"poor! know upgrade coming soon, conditions gym never training on. respectfully letting purley home gym members month free whilst get together. several machines action caused congestion. mat racks???? upgrade better high quality.",1,51.3388112,-0.1158589,GB
Birmingham Longbridge,2023-09-17 01:50:31,"longer supply cleaning supplies cardio equipment, free weights area & studio, go figure",2,52.3940521,-1.9807506,GB
Wolverhampton South,2023-09-16 03:28:57,training puregym wolves south opinion isn’t best gym it’s ok gym beginners everything need treadmills stair master also good thing gym bigger there’s free weights plat loading equipment area whilst staff friendly ok mix like keep self good thing puregym verity classes far pure gym ok gym train at.but reasons gave stars certain types staff aren’t freindly seemed cocky times telling lift 100k resistance cables would train puregym long certain staff don’t take advantage . thank 😊,2,52.463146,-1.9844677,GB
Plymouth Alexandra Road,2023-09-15 23:26:55,"need cap number memberships, got month membership deep pain - 20% training 80% waiting. hate place (gym goer 2.5 years times week consistent)",1,50.3818354,-4.1266441,GB
East Kilbride,2023-09-15 22:06:15,"particular pt works company needs sacked immediately!! displays inappropriate behaviour females sexual/grooming way crossing barriers professional relationship unlawful way , leaving review moment without naming individual contact company man , made females feel uncomfortable asked personal sexual questions tried move relationship professional level personal level, anyone young daughter sent puregym private pt sessions , disgusting behaviour police made aware . !!",1,55.7601174,-4.1796401,GB
Witney,2023-09-15 18:54:38,"gym fine, got parking tickets training 3+ h....",2,51.7838848,-1.4852861,GB
London Wall,2023-09-15 16:23:20,need exceptional noise cancelling earphones drown trash play max volume.,1,51.5099294,-0.0760209,GB
London Leytonstone,2023-09-15 16:13:15,personal trainers rude condescending. sort attitude out. people coming beginners,1,51.5684052,0.0111701,GB
Manchester Debdale,2023-09-15 12:01:00,"tiny gym busy, equipment old worn tags 2009, lots ripped padding & ventilation areas gets stale fast.the cleaning stations wipe benches removed free weights area that's infection waiting happen & bathrooms disgusting often urine tissues floor seats",1,53.4601898,-2.1545545,GB
Manchester Eccles,2023-09-15 10:20:07,quite pretentious gym prickly atmosphere.,2,53.4840887,-2.3375175,GB
Leeds Regent Street,2023-09-15 07:28:41,hot!!! treadmills displays broken makes noise run gives headache... waste time money!,1,53.799097,-1.5352944,GB
Sutton Coldfield,2023-09-15 05:37:43,"open hours, better going jet erdington 24hr gym group tyburn road",1,52.5623089,-1.8239794,GB
Cardiff Bay,2023-09-15 03:36:42,"bad air con, busy, equipment. unfortunately cheap gym area decent equipment selection",2,51.4639553,-3.1641374,GB
London - Twickenham,2023-09-15 02:46:17,"full kids standing around, way busy keep getting people signing gym small. people don’t wipe equipment. can’t use weight section room.",2,51.4505786,-0.3288402,GB
London Monument,2023-09-14 10:27:52,"member months mixed experiences gym. equipment workout effective, frustrating members return weights equipment proper places, leaving employees tidy them. gym cctv cameras, help identify track individuals following rules. better experience everyone showed consideration staff fellow gym-goers.",2,51.5106328,-0.0861271,GB
London Canary Wharf,2023-09-14 07:05:58,place smells body odour men. everything feels dirty. need ac air freshener. it’s also quite small,1,51.5048954,-0.0190006,GB
Wolverhampton South,2023-09-14 03:24:09,airpods stolen workout wouldn’t even check cctv. well staff extremely rude favouritism certain members,1,52.463146,-1.9844677,GB
London Great Portland Street,2023-09-14 01:33:14,dont one day memberships tourist.,1,51.5238146,-0.1437048,GB
Manchester Spinningfields,2023-09-14 00:22:39,"it’s hot place makes want leave workout early get colder air outside - forget anything cardio-wise. aircon non-functional months, know people (including myself) brought staff person, seems higher management prioritising people come gym droves despite unpleasantness in. wouldn’t come peak times need strength training, turns hour’s workout negotiate people turn piece equipment, especially benches. staff kind though, seem apologetic embarrassed time taking fix pertinent things aircon.",2,53.4800153,-2.2517994,GB
London Monument,2023-09-13 22:21:38,"class cancelled without notice. notification, information white board.",1,51.5106328,-0.0861271,GB
Hitchin,2023-09-13 21:41:18,sick going matter time day night constantly waiting 30-40 minutes set weights god forbid machine! outdated btw. many us use weights 4-10kg get another set like puregym branches do. gonna cancel try new gym.,1,51.9486943,-0.2779124,GB
Glasgow Giffnock,2023-09-13 20:10:32,first time thoughts got equipment u need new ect . cleaning cleaning stations understand price reflects would rather pay able use clean equipment. place crawling months diseases spread!!,1,55.8005276,-4.2970925,GB
Glasgow Giffnock,2023-09-13 20:10:32,great equipment issue really cleaning stations every gym due waste disposal cause every gym would . within months gym equipment disgusting,2,55.8005276,-4.2970925,GB
London Canary Wharf,2023-09-13 18:59:57,changing room always smell weights floor ventilation whatsoever makes hot smelly. dumbbells never place need specific weight might need search throughout whole gym sometimes,1,51.5048954,-0.0190006,GB
Ipswich Ravenswood,2023-09-13 16:48:50,gym allows personal filming. full narcissistic clowns tripods camera's. allowed.,1,52.0303337,1.1968831,GB
Manchester Market Street,2023-09-13 11:56:22,"staff lovely facilities leave lot desired. old rickety machines - particularly bikes jammed seats pedals (that led knee injury twice!) small room workout classes. classes mostly tailored low impact, beginners, advanced classes get feeling burn. sometimes spinning classes go ahead due lack staff receive message saying getting one warnings turn up. all, cheap reason ok temporary arrangement much better gyms there.",1,53.4824808,-2.2411908,GB
St Albans,2023-09-13 01:10:52,groups leering men making disgusting comments workout even continuing make comments car park. whole experience disappointed left feeling unsafe,1,51.753051,-0.3379675,GB
London Lambeth,2023-09-12 22:09:21,showed cycling class booked two weeks advance say printer broke anything goes booking isn’t valid. rushed work planned busy schedule around this. mention classes pay monthly. better.,1,51.4952111,-0.1163354,GB
Belfast St Anne's Square,2023-09-12 21:08:51,sorry signal poor wi-fi connection can’t give chance visit place. simple issue can’t resolve it…,1,54.6033121,-5.9271135,GB
Billericay,2023-09-12 20:38:36,"£100 fine parking. went gym first ever time asked staff member car registration advised, nothing park car workout would. signs parking one day point towards ipad. don’t get sort trouble gym, i’d stay well clear it.",1,51.6284395,0.4218142,GB
Southampton Central,2023-09-12 20:08:21,men's changing room hand dryer working since joined months ago. water fountain gym working past week two. unacceptable. think gym staff would disciplined upkeep basic facilities. okay. two press benches little gym size rest equipment fine.,2,50.9074977,-1.4142289,GB
Derby,2023-09-12 19:17:55,"coming leicester’s puregym great experience, gave high hope one derby unfortunately it’s totally different, machine old few, environment dirty, couldn’t find cleaning station. lighting poor, hence making seem like dull environment. puregym better please.",1,52.9142235,-1.4719885,GB
London Enfield,2023-09-12 18:17:25,"bought day pass i’m visiting area. review primarily free weights area that’s use. pros: - lots regular benches dumbbells - fair range machines/racks cons: - hardly barbell weights seen, people scavenge them. - hardly barbell clips - probably saw sets whole place - spent bit time cable machines matrix brand - looking extremely tired overall impressed glad isn’t regular gym (which isn’t pure gym either).",2,51.6517156,-0.0786839,GB
Manchester Bury New Road,2023-09-12 17:16:55,"coming gym years never seen refurbishment changes, i’m disappointed despite commitment members like shown interest improving quality gym. it’s definitely neglected. couple members requesting hip thrust machine make long travel journeys nrg gym use hip thrust machine. rarely asked anything request continuously passively heard & ignored. please hip thrust machine - that’s asking amount money pay yearly commit gym.",1,53.493801,-2.2502732,GB
london Croydon,2023-09-12 17:06:50,장소 다름 여자전용,1,51.3550556,-0.0643104,GB
Manchester Exchange Quay,2023-09-12 12:04:14,"agree sentiments expressed previous review regarding bike rack local gym. regular gym-goer advocate sustainable transportation, excited see local gym bike rack. however, recent experience using bike rack left thoroughly frustrated, especially rainy season approaching. one glaring issues complete lack rain protection bike rack. living region unpredictable weather, astonishing gym invested simple shelter covering bike rack. know, rainy days catch us guard, returning soaked bicycle strenuous workout far ideal. furthermore, peak gym hours, bike rack consistently full. overcrowding issue become recurring problem, making incredibly inconvenient cyclists like rely biking means transportation gym. frustrating arrive gym, find available space secure bike safely. order enhance overall experience cyclists, gym seriously consider expanding bike rack capacity. would ensure cyclists reliable place park bikes also encourage people choose sustainable transportation options. conclusion, appreciate gym's efforts accommodate cyclists, significant improvements need made. providing rain protection bike rack addressing issue overcrowding peak hours would go long way making gym cyclist-friendly. improvements made, would advise fellow cyclists explore alternative parking options prepared inconvenience dealing less-than-ideal bike rack situation gym.",1,53.4663229,-2.2822821,GB
Manchester Eccles,2023-09-12 10:23:24,cant give stars! recommend gym all! 1:15am cleaner taking photos whilst treadmill! taking photos whilst people around!! im livid!,1,53.4840887,-2.3375175,GB
Bradford Thornbury,2023-09-12 09:32:59,"member pure gym years. overall gym reasonable. updated equipment years, two hand grips whole gym, definitely ones covid. worst part gym, sold car park third party company. decides fine whether follow procedure not, poor behavior, fine members using gym, using car park used years. clearly make every penny can, quit gym membership years, won’t accept lack appreciation members. chains support independent businesses don’t behave like",1,53.8030213,-1.7048953,GB
Ipswich Buttermarket,2023-09-12 04:50:38,"everything need equipment fairly decent. it’s globo gym deadlift plates you’ll god there. i’ve going quite noticed ton issues. pressing female cleaner’s total disregard privacy entering men’s room whilst men changing clean. suppose it’s big issue saw bunch girls hanging anyway mates. guess expect basic privacy avoid changing rooms. pipes leak constantly year despite overhearing couple times plan fix issue. trainers seem nice enough although terrible shape can’t imagine particularly inspiring. favour avoid pt sessions anyway since laughably bad. workouts seen prescribe people range bad ridiculous. one trainers seems know rest seem completely clueless regarding size, strength endurance training",2,52.0571564,1.1545049,GB
Birmingham Beaufort Park,2023-09-12 02:49:37,people shower gym?,1,52.493268,-1.8171797,GB
Norwich Riverside,2023-09-12 00:28:27,hot outside bother going. unbearable hot inside due air conditioning working save money. guessing castle mall added free charge membership. plus original reply kinda untrue twitter puregym says waiting part air conditioning unit.,2,52.6271817,1.3056472,GB
London Aldgate,2023-09-12 00:18:22,supporting reviews outrageous pay premium membership visit aldgate closed weekends. gym charge outrageous amount close two days week? absolutely ridiculous,2,51.5142477,-0.0757186,GB
London Camberwell New Road,2023-09-12 00:18:22,needs aircon fixed/put healthy level.,2,51.4802321,-0.1081217,GB
Ashford,2023-09-11 19:15:38,"***** avoid costs!*** partner cancelled membership, due complaints others previous reviews....unclean, unsafe, air, underage children there, staff available help....when mentioned manager grievances, partner told ""i'm shift dealing it"".... absolutely appalling!!! matter time something terrible happens shut good!!!",1,51.148555,0.8722566,GB
Norwich Riverside,2023-09-11 00:25:47,"i’ve positive experience puregym riverside, benefiting well-equipped facilities superb location. however, recent conditions inside gym extremely concerning. amidst current heatwave, it’s unbearably suffocatingly hot, phone becoming hot touch short time. one visits, suffered heatstroke, experiencing alarming symptoms like shortness breath, excessive sweating, headache, dizziness. attempted reach company discuss concerns, i’ve unable find direct contact details via email. speaking members, i’ve gathered numerous complaints gym’s temperature. responses staff inconsistent: times, we’ve told air conditioning broken, occasions, it’s supposedly “automated”. raises question: what’s real situation? it’s crucial highlight health safety work act 1974, employers legally obliged ensure health, safety, welfare employees anyone else premises. responsibility encompasses providing environment safe comfortable temperature. genuinely hope puregym riverside takes urgent action rectify situation. improvements made there’s direct communication regarding issue, i’ll feel compelled report conditions relevant health safety authorities wellbeing members.",1,52.6271817,1.3056472,GB
Hereford,2023-09-11 00:15:37,use place . visited halfords next door . know good bad ?.,1,52.0553813,-2.7151735,GB
Birmingham City Centre,2023-09-10 22:24:40,"place flooding (recent pic 10/09/23) one manager sight sort out. member put bin leaking roof there's one around anything else. age old saying. ""ain't pure gym without leaky roof""",1,52.4856896,-1.871104,GB
Sutton Times Square,2023-09-10 19:13:02,"small decent enough. however, full children definitely age pretty disconcerting especially spending time free weights section clearly struggling",2,51.3643147,-0.1915453,GB
Sutton Times Square,2023-09-10 19:13:02,"zero gym etiquette members always full children packs 5-10 pretending train phones. could use lot staff. also never seen hand sanitiser refilled. cheap, get pay guess.",1,51.3643147,-0.1915453,GB
Belfast Adelaide Street,2023-09-10 14:50:24,there's enough free weight also less equipments compared pure gym.,2,54.5936289,-5.9282801,GB
London Muswell Hill,2023-09-10 02:24:08,female manager rude horrible. miserable woman.,1,51.5910395,-0.1420768,GB
Southend Fossetts Park,2023-09-09 23:22:34,one month water inside changing room gym leaks rrof middle free weights section. disappointed.,1,51.5602641,0.7196723,GB
Leamington Spa,2023-09-09 14:17:43,"gym spacious well equipped, gets busy peak hours crowd mainly young kids understand basic gym etiquettes. care prison style enterance doors either.",2,52.2913394,-1.536404,GB
Leamington Spa,2023-09-09 14:17:43,"always stupidly hot, ventilation, aircon rarely on. 20c outside, even hotter gym. enough cleaning stations, half sprays broken. faulty equipment takes weeks fix. easy way report issues, upstairs studio lights broken week.",2,52.2913394,-1.536404,GB
Poole,2023-09-09 11:46:28,used place daughter says ok,1,50.7179472,-1.981521,GB
London Putney,2023-09-09 11:06:08,"zero star. building unsuitable gym. cramped busy, opening times disaster. closed maintenance, following week still refurbishment. waste time money.",1,51.4625314,-0.2163018,GB
Newcastle Eldon Garden,2023-09-09 08:04:38,dirty,1,54.9757161,-1.6168648,GB
Sutton Coldfield,2023-09-09 05:33:17,"attracts undesirable rude people. i’ve seen visitors rude others today happened me. couldn’t even say anything guy looks like sniffed cocaine causes riots football matches main profession. equipment old rusty. gym various different sections like. could zoned better. instance area upstairs arm machines, randomly (the 2) hip abductor machines. functional area call that, poor selection weights, dumbbells 10kg. definitely could make use space. plenty cardio machines, i’ve seen pure gyms. doubt i’ll going back gym, due attitude visitors way hog machines. staff virtually non existent i’ve going 3-5pm, surprised see staff there.",1,52.5623089,-1.8239794,GB
Sutton Times Square,2023-09-08 19:08:05,"terrible experience. don’t normal door, even though knew lift working bother put note it. led getting stuck lift. alarm button seem work either. luckily another gym goer got help otherwise would died lift ventilation directly sun heatwave. gave panic attack. staff member still refused put note it, saying discuss manager, putting people risk traumatic experience. awful place. told want use lift death take minutes detour, car park street look main entrance. leaving begged put note door, staff member spoke lied already it. yet min detour get car, checked note still wasn’t there.",1,51.3643147,-0.1915453,GB
London Bermondsey,2023-09-08 16:56:58,"place off-the-charts popular, top-notch. get wrong, letdown. first things first, always jam-packed. trying squeeze way onto machine find free spot work daily struggle. like trying fit sardine can. rarely give sweaty equipment proper cleaning. seen cleaner public restrooms place. comes equipment, seriously lacking. think demand, splurge machines, constant battle snag anything remotely useful. even do, half time, equipment old screaming tlc. really want show showers pictures, told person charge problems showers, acted like care ignored me. staff really rude. men's showers bad shape, big problems cleaning maintenance. showers work right, others really dirty could harmful health. place opinion, either warrants closure requires change management right away.",1,51.4970125,-0.063268,GB
London Swiss Cottage,2023-09-08 03:20:01,"disabled toilets always either locked feces floor. place seems rarely get cleaned. pretty small, always packed barely get weights. hate pt's come middle set. want pt!",2,51.543722,-0.174982,GB
Birmingham Beaufort Park,2023-09-08 02:49:46,"gym nice assistant manager disgrace made feel uneasy unwelcome , never return gym",1,52.493268,-1.8171797,GB
Newcastle Longbenton,2023-09-08 01:59:21,"first signed up, gym good standards since week alone days row cleaning stations spray clean machines makes wonder last time cleaned.",2,55.0089239,-1.5916006,GB
Newcastle Eldon Garden,2023-09-07 20:06:24,"air con desperately needed second floor & parts third floor. don’t get pt’s haven’t noticed this, affects everyone’s ability work out, also smells really bad & can’t blame heatwave anymore it’s literally october",1,54.9757161,-1.6168648,GB
Portsmouth North Harbour,2023-09-07 16:24:31,worst puregym ever 👎 air conditioner doesn’t work ..!,1,50.8449611,-1.0944889,GB
Edinburgh Craigleith,2023-09-07 14:43:40,"move gym granton one shut redeployed members, find it’s busy matter time go at, doesn’t enough space. queues go machines it’s great people introverted. disappointed guess it’s fault influx members.",1,55.9568939,-3.2384877,GB
London Holloway Road,2023-09-07 14:13:25,"coming gym years location convenience. don’t believe photos see taken gym newly opened enhanced anyway. machines needs replacing least maintained. stiff rusty need greased leather seats etc need repairing. i’ve sent emails several times got ignored. machines talking mostly top floor ground floor immaculate. another problem shower area stinks big time. however, staff members friendly. would appreciate put music bit can’t hear music.",2,51.5528674,-0.1130095,GB
London Palmers Green,2023-09-07 13:02:50,really bad honest. making classes closing section matts mirrors. supposed ab workout today really struggled find space. least divide space close whole section off.,1,51.6178253,-0.1091946,GB
Reading Caversham Road,2023-09-07 08:20:24,busy. never get machine finish sessions people keep asking share dont like keep wiping people sweats rush myself. management look this.,1,51.4606403,-0.9756087,GB
London Canary Wharf,2023-09-07 06:59:42,"ac works, entire gym sweaty humid hot, impossible breathe. top off, changing rooms looming smell bathrooms swarm flies.",1,51.5048954,-0.0190006,GB
Norwich Riverside,2023-09-07 00:26:19,zero air conditioning. unbelievably hot. pure gym twitter adamant air ‘cooling’ system working. that’s case open balcony doors allow air in. utter utter joke. join!,1,52.6271817,1.3056472,GB
Weston Super Mare,2023-09-06 18:22:51,foot powerlift ..the lat pull machine far high row machine high legs preacher weird angle ..i visit scotland use machines pure gym problems...think possibly putting women never see using types machines....,2,51.3471927,-2.9778916,GB
Ipswich Buttermarket,2023-09-06 16:52:06,"3rd time signed paid month, first time code actually ever worked. staff 9pm needed use could never resolve issue qr code scanner. males hog middle apparatus, constantly making feel worthless .. small gym price . used times never went back .. priced",1,52.0571564,1.1545049,GB
London Beckton,2023-09-06 15:01:09,"pure gym app badly designed app lags behind subscription allows bring friend, tried app, work even though trying staff member, email get sent friend , frustrating app needs complete overhaul tried activate membership rewards get offers listed usual work instead add works pay £4.00 . puregym needs review app",1,51.5160797,0.0594257,GB
London Great Portland Street,2023-09-06 13:30:23,"ok gym passing town, opinion could never considered one's 'home gym' due limited space, lack equipment peak times pandemonium former guise la fitness far functional, even pool sauna taking 33% overall space puregym need improve smaller sites want attract consistent member base",2,51.5238146,-0.1437048,GB
Wolverhampton South,2023-09-06 03:25:20,"free trial, not? machines smelly, drinks refill machine extra paying members only, got stares never gyms, everyone seemed rundown pessimistic thought, strangest experience. something broke changing room going returning. definitely pay it.",1,52.463146,-1.9844677,GB
Purley,2023-09-06 02:04:32,"terrible gym. far busy even 9:30pm, treadmills use yet ques every single weight machine bench. also squat racks 🤣",1,51.3388112,-0.1158589,GB
London Hoxton,2023-09-06 01:34:17,terrible place go live here. terrible company general.,1,51.5323935,-0.086078,GB
Byfleet,2023-09-06 00:13:36,gym fine class put music loud can’t hear music. i’ve walked gym twice can’t listen music class music louder headphones.,2,51.3401727,-0.472897,GB
Leeds Kirkstall Bridge,2023-09-05 23:33:11,"overall poor gym. two good things gym cheap & local. -everytime go gym mess. dumbells, plates, benches, kettle bells thrown wherever. -aircon hardly ever on, gym always boiling hot & stinks! -the music play gym awful. music playing gym & played low volume pointless even on. -gym full students/young memebers come groups & mess stopping memebers working out. clearly induction joining don’t clue & going cause injury themselves. -one positive gym staff gym extremely friendly & polite. adam, luis, dan, michael, lauren & tamara. however one member staff (rachel) rude, friendly & approachable & spends majority time walking around phone. -with toilets pot luck going walk clean & smelling half decent like cleaned month. guess depends cleaner working day all!",1,53.8157377,-1.6074046,GB
London Finsbury Park,2023-09-05 23:23:06,"culture gym bad. main floor boy’s club, members shout, physically throw weights (and forget put back), hog equipment. worst part pts staff part culture. exception phenomenal staff members, small clique run gym like it’s mates. might sign wall puregym rules, followed, rule breakers held accountable staff, they’re buddies. addition this, everyday 50/50 shot whether aircon work not, simply enough sets weights benches sheer number gym members. going outside 9-5 work hours nearly impossible, even day (1-3pm example) might waiting around equipment. lastly, neither wifi 4g reliable, cleanliness changing rooms/bathrooms par. reason joined gym due necessity based location price, would highly recommend look gym fitness first looking finsbury park alternative.",1,51.5648345,-0.1064144,GB
London Tottenham Court Road,2023-09-05 23:02:56,"approached gym get info order get need code obviously ask see gym inside. second asked random guy help could contact someone working could heard lady saying sorry can't working client, bother look , thought rude guy come outside like bother anyone feel bad thanks trying get help me. button contact customer service nobody cares .. another guy told person charge even see glass bother approach randomly talking everyone laughing.... gym fully packed people, lockers basically behind entrance ... many machines location ..as said packed people machines ...i guess favour coming outside",1,51.5163525,-0.1313917,GB
Leicester Walnut Street,2023-09-05 21:01:57,showers mouldy majority doesn’t work ! join dirty unorganised gym,1,52.6244566,-1.1343556,GB
Peterborough Serpentine,2023-09-05 19:21:04,hack squat :(,1,52.5403778,-0.2632194,GB
London East Sheen,2023-09-05 19:00:53,joined here. manager staff nice. gym also nice clean. problem place absolutely full times. even tuesday 1pm. won’t find one machine one bench that’s empty. one hour workout becomes two hours. still allowing new people join? isn’t open hours clearly much demand it. hope get sorted. ed,1,51.4623706,-0.267094,GB
Byfleet,2023-09-05 12:07:26,nothing wipe machines. got told buy towel. equipment dirty sweaty result.,1,51.3401727,-0.472897,GB
Manchester Market Street,2023-09-05 11:57:21,showers freezing! like weeks apparently it’s due financial cuts,1,53.4824808,-2.2411908,GB
Southampton Central,2023-09-05 08:05:25,"gym opens hours day 11:28 pm go use bathroom employee prohibited so. says closed. scenario, meet needs? would salon? worst part able use employee's lack education reprimanding regarding use.",1,50.9074977,-1.4142289,GB
London Stratford,2023-09-05 04:53:50,"unfortunately give star, impossible train, hours day super crowded, dumbbells equipment, wait least minutes get dumbbells. already sent email complaint, nothing resolved. even space lockers, absolutely suggest stopping subscriptions, seems like market gym. interest think money. water tap always broken, cleanliness absolutely zero stars, always super messy dirty. write ask staff talk already done use. recommend everyone",1,51.541289,-0.0035472,GB
London Palmers Green,2023-09-05 01:01:54,"disgusting gym. employee advised toilets fixed past two weeks, someone suffering severe ulcerative colitis, cannot wait. note also limited equipment, floor vibrates, gym quite stuffy leaving prone corona virus.",1,51.6178253,-0.1091946,GB
Leeds City Centre North,2023-09-04 23:10:59,"extremely disappointing experience puregym recently. loud music absolutely deafening, make matters worse, rude staff member named candy refused turn left pm. speaker positioned right head, making situation unbearable. shame simple request quieter environment accommodated. returning gym.",1,53.9558121,-1.1229892,GB
Bradford Thornbury,2023-09-04 21:30:09,"good gym, sometimes machines extremely long periods, worst use horizon manage parking extortionate reason star",1,53.8030213,-1.7048953,GB
Bournemouth the triangle,2023-09-04 19:59:24,"gym well equipped. hindrance faced seeing instructor coming booked sessions. would liked see him/her front office maybe diary, waiting participants showing newcomer session area. ended finding way worked",2,50.7202399,-1.8840071,GB
Bournemouth - Mallard Road,2023-09-04 15:17:00,"usually go gym bathroom horrible, smells awful, unbearable. write review ask, really clean bathroom, what's up?",2,50.7503219,-1.846402,GB
Paisley,2023-09-04 05:31:37,size gym equipment good hot water showers ages showers/toilets/changing rooms filthy. still bits rubbish lying various places since last week. including empty spray bottle supposed use clean equipment ( still spot last week lid completely empty). winter approaching i’m cancelling membership finding somewhere hot water.,1,55.8455828,-4.4239646,GB
York,2023-09-04 00:29:05,"well equipped super busy time. could laid whole lot better. frankly given cleaning. recently got rid one ""train safe"" cleaning stations often empty (no ""roll"" spray). toilets showers bloomin' stink. management floor presence absent.",2,53.9656578,-1.0743052,GB
London Monument,2023-09-03 22:18:01,"pretty poor expericne lloyd pure gym booking system. booked hit session weeks ago, unfortunately, (myself another lady) arrived take class pt show. knew lloyd looked like approached ask taking session name. lloyd said class completely denied meant take place (although showing app). used time take 1:1 session client, obviously best interest take client session rather group session. issue this, make extra. said, manner, unprofessionalism, dismissive nature disappointing - error apologise, minimum, accountable communicate properly. another pt named kelvin (give guy promotion!), could hear going on, coupe minutes chatting lady, offered take session. first declined finish shift, insisted. empathy, emotional intelligence, desire take us session (when to) incredible testiment character. also one toughest sessions - awesome kelvin. need people like him.",2,51.5106328,-0.0861271,GB
Manchester Eccles,2023-09-03 10:22:01,"poor management, staff trainers, classes cancelled time without notice",1,53.4840887,-2.3375175,GB
London Acton,2023-09-03 08:41:06,"visited today walked minutes. poorly thought gym. puregym getting better gyms improving ratio cardio strength equipment. however, gym seems missed memo. row row unused cardio machines. meanwhile free weights area completely packed. one squat rack entire facility too. make changing room also toilet paper soap.",1,51.5027051,-0.2799643,GB
Northolt,2023-09-03 05:59:45,"worst gym world, ac inside weights room broken room feels like sauna yet want fix issue trying kill us, one hygiene stand entire gym, let’s even mention dirty smelly toilets are. sort out!!!!!!!! air inside gym ac broken never gets fixed. cowards!!!",1,51.5484582,-0.3695247,GB
Bridgwater,2023-09-02 23:36:34,gym going wrong lately. temperature shower water low ventilation showers. legal uk gym ventilation showers toilets?,1,51.1283378,-3.0037046,GB
London Bromley,2023-09-02 23:36:34,"bromley changing room (male): many locker doors close securely. many damaged. many padlocked overnight many nights, leaving low number lockers used.",2,51.3668569,0.0617091,GB
London Muswell Hill,2023-09-02 14:21:54,gym gone hill overpriced. lots young ones sitting equipment taking pictures. proposed ' upgrade ' since past 3years never happened perhaps never happen. upgrade used marketing tool get people join higher price surrounding puregyms less priced. stars pts.,2,51.5910395,-0.1420768,GB
Manchester Eccles,2023-09-01 22:13:50,broken treadmills everywhere.,2,53.4840887,-2.3375175,GB
London Sydenham,2023-09-01 20:12:48,getting door codes working hard way impossible way out. less equipment five years ago least empty late night.,2,51.427742,-0.0542215,GB
London Piccadilly,2023-09-01 19:42:34,wish could give zero stars past would given 5stars (2years ago) nothing functioning always closed. water drinks machine i’m paying extra hasn’t worked month due “pump issues” men showers constantly dirty vending machines almost always “offline” “cash only” due wifi issues honestly save time go one pure gyms branches gym major decline good thing big cardio treadmill bikes etc free weights pretty much mostly busy seriously flat bench press benches decline incline barbel risk injury using sit bench barbel press honestly shambles. gym needs major refurbishment,1,51.5060854,-0.1441691,GB
London Wall,2023-09-01 16:20:32,"don’t usually leave feedback sites but…. ever month ways thing dosnt work broken. shower hot water broken time, first updates sent one saying it’s broken access gyms - gym london ever one going use showers go back work, key gym london. haven’t used gym last two weeks shower issues. wish facilities management company take seriously, allways super long time getting things fixed.",1,51.5099294,-0.0760209,GB
Wolverhampton Bentley Bridge,2023-08-31 21:00:49,"many machines order. today, counted absolutely disappointed. pay full subscription poor service. please sort asap. machines service weeks.",1,52.5968429,-2.0898197,GB
Peterborough Serpentine,2023-08-31 19:29:59,gym great staff rude unpleasant tho,1,52.5403778,-0.2632194,GB
Southampton Shirley,2023-08-31 01:00:15,absolutely disgusting showers sink today,1,50.9214711,-1.4323205,GB
Wrexham,2023-08-30 21:18:25,lot treadmills don’t work complaining order signs removed nothing fixed. rowing machines order month,1,53.0465084,-2.9937869,GB
London Greenwich,2023-08-30 19:37:34,smell disgusting.. moist hot. need work equipment quality air conditioning,1,51.4686256,0.0488306,GB
London Leytonstone,2023-08-30 18:57:13,"first time , toilet hygiene shower put big time",2,51.5684052,0.0111701,GB
Liverpool Central,2023-08-30 13:44:10,"quite know start. overall space potential great however..... entrance vile. sadly, lots homeless community gain access sleep here. smell mess awful. want use lift receive email telling membership cover easy access option added membership manager, inclusive accessible. gym filthy, particular changing room. new cleaner site fantastic there, enough. hair, rubbish makeup always floor dressing area, despite check form filled staff. hairdryers hazard, melted broken. showers filthy cold. lockers terrible condition. ridiculous waste time trying find one works. review probably prompt generic response management thanking feedback like many many reviews, however nothing alters. really like leaving bad reviews always try find positive sadly puregym liverpool central, difficult. going hang membership little see changes implemented as, like initially said, potential great long. covid, club amazing standards since plummeted. got lie management's doorstep changes going happen. fingers crossed 🤞",2,53.4042207,-2.9795092,GB
Stoke on Trent East,2023-08-30 11:53:13,rubbish gym rubbish machines dirty place workers useless flirting girls weirdos gym sometimes hot cold machines also rusty damaged never seen place new machines apart tred mills,1,53.0593352,-0.8159322,GB
West Thurrock,2023-08-30 05:09:49,small gym much equipment limited machines choose dirty conditions suppose get pay ab salute round corner best gym far round area,2,51.47712,0.2721259,GB
Leicester St Georges Way,2023-08-29 04:37:10,"majority staff wonderful, unfortunately that’s compliments end. updated gym includes “women’s only” training area, removed duplicates machines, example leg extension machine put women’s area comfortable use pad legs cushioned, one area accessible men digs legs go heavier weight. zero consideration men don’t access area, purpose balance men’s workout area, pure gym think women feel uncomfortable training besides opposite sex? policy equality inclusion great, it’s shame means equality inclusion women expense men, even majority members constitute men. there’s better places go, find them.",1,52.635872,-1.1231787,GB
Maidstone - The Mall,2023-08-29 04:37:10,"joining, consider following things, 1) extremely crowded 2) flat bench press whole gym 3) lat pull whole gym 4) seated rows whole gym 5) smith machines whole gym 6) ethics crowd share sets 7) unstaffed hours regulate basic gym ethics among crowd 8) poor ventilation free weight area 9) tissue papers available cleaning station 10) sanitizer spray available central cleaning station gym seriously crowded minimum equipment per person, strongly recommend join one going workout peak hours. hand, must say one affordable acceptable gym off-peak hours only.",1,51.2730013,0.5255069,GB
Motherwell,2023-08-29 01:45:45,would step foot place. quick fob,1,55.7893512,-3.9904173,GB
London Hoxton,2023-08-29 01:25:35,"many problems sorted gym: (1) let bring bikes inside, outside bikes destructed making unsafe option (2) instructors see unless come bike expell (3) measured frequenters rudely spending minutes cellphones sitting equipament nobobody cares (4) cancellation impossible make online system work answer emails, need make bank. (5) flovoured water often without refills spills disgusting liquid need wait minutes recharge, passion fruit one unavailable week.",1,51.5323935,-0.086078,GB
London Camberwell New Road,2023-08-29 00:14:59,"messy, noone puts weights away (even pt's). going downhill. emailed done nothing remedy issues. ""put weights away"" signs taken (why!?). decent equipment, staff friendly affordable. mess one putting weights away creating terrible gym environment.",1,51.4802321,-0.1081217,GB
Glasgow Bath Street,2023-08-28 14:09:54,"bath street gym first day opened, however, past weeks, cleanliness gents changing rooms disgrace, never toilet paper, soap dispensers, urinals leaking leaving floor wet slippery , never see anyone generally cleaning mopping floor, tonight 27/8, faeces floor cubicle, absolutely disgusting, staff duty, speaking members,,they agreed cleanliness gym declined.",1,55.8637839,-4.2559582,GB
Manchester Spinningfields,2023-08-28 12:18:59,aircon always broken. gym hotter outside fans dotted blow warm air.,1,53.4800153,-2.2517994,GB
London Canary Wharf,2023-08-27 18:59:20,"one worst pure gyms i’ve especially considering high monthly membership gym. poor ventilation, ac doesn’t work fly infestation changing rooms. management needs really listen feedback provided members take action it!",1,51.5048954,-0.0190006,GB
Norwich Riverside,2023-08-27 12:26:02,worst gym ever. that’s cheap. mirrors. air conditioning summer time working. times row said broken summer 😀 stupid. mean go there.,1,52.6271817,1.3056472,GB
Walsall Crown Wharf,2023-08-27 12:15:57,"came get information joining gym, button assistance pressed twice waited minutes, unfortunately nobody show respond. disappointed.",1,52.5872454,-1.9883526,GB
London Wembley,2023-08-27 04:21:46,good gym v poor parking around really usable.,1,51.5560695,-0.2796034,GB
Maidenhead,2023-08-26 23:39:08,around 20£ month,2,51.522743,-0.7197368,GB
London Crouch End,2023-08-26 20:37:24,really disappointed pure gym experience recommend it. often wait use equipment equipment basic. studio area positive about. also far harder cancel freeze membership advertised.,1,51.5796918,-0.1236831,GB
Milton Keynes Winterhill,2023-08-26 11:52:36,"gone hill massively, told worker dont put aircon save money, bloody boiling here..gym equipment never fixed, takes months sort things. needs improve",2,52.0277439,-0.7636732,GB
London Marylebone,2023-08-26 01:46:54,gym doesn’t working wifi. someone head office get something rather than..?,1,51.5243712,-0.163592,GB
Liverpool Brunswick,2023-08-25 23:45:36,equipment broken,1,53.3832177,-2.9760156,GB
Sheffield Millhouses,2023-08-25 16:31:40,always underaged kids. ridiculous,1,53.3459759,-1.4969316,GB
Birmingham Longbridge,2023-08-25 13:50:13,"member pure gym two years ago, gym never cared opinions members, canceled membership. long time, came back insistence partner, nothing changed, main problem classes held exactly center gym, training pressure, asked go another place, agreed first time, next time, care take classes gym rest members important. pay want enjoy time. say staff gym rude pay attention request all. don’t listen hear voice give stupid answer. last conversation gym manager today, said disturb middle workout hold classes upstairs, completely empty space. said staff wants move somewhere else it, block pin. really stupid manager gym talk members like even try keep least happy. use easiest way solve problem remove. soon cancel membership tell friends, us, go gym. pure gym want pay fee keep members happy try run gyms lowest cost. requested many times, space top floor always empty, hold classes there, still selfish ruin training, hold classes right middle club, care rest members small space sad, training hard. end every review website left gym, everyone given answer, thank opinion, give excuse work, again, help you, care member not. think salary receive end month, private gym staffs feel sorry for. way treat members really ridiculous. recommend anyone register gym.",1,52.3940521,-1.9807506,GB
London Charlton,2023-08-25 07:46:49,"gym always hot lots equipment didn’t work cool pt’s still jermane,emron,sharon maria left year ago made unwelcome wish pt’s well good shame pg good tkr guys miss seeing",1,51.4826053,0.0365359,GB
Edinburgh Craigleith,2023-08-24 14:48:07,go there. slept car car park missus went shopping,2,55.9568939,-3.2384877,GB
Glasgow Hope Street,2023-08-24 06:43:57,"fact allow male employee work facility, reports taking pictures recording women working gym absolutely disgusting. women supposed workout comfortably roof can’t even anything without recorded people work there? supposed go safety gym? another gym goer approached harassed them? feel comfortable reporting issues staff also harassing them? absolutely disgusting.",1,55.8620957,-4.2581729,GB
Manchester Urban Exchange,2023-08-24 00:30:38,"hello. weird gym. informed staff went make sure toilet shower cabin somehow left behind, came back 1.5 hours there, anything. contrary, aggressive behavior towards customer, instead sorry, blocked active subscription another days paid £41. reason unpleasant talk phone manager staff, may manager even bigger figure subordinates allow treat customers like that. customer service system urgent formality receiving complaints, words, write here, even waste time, heard, forwarded dishonest staff manager. -10 complete total. photo video show clearly.",1,53.4817408,-2.2283336,GB
Northallerton,2023-08-23 20:48:48,probably worst gym iv size much equipment expensive day pass awful atmosphere enjoy,1,54.3404812,-1.4344936,GB
London Catford,2023-08-23 19:17:58,stuffy environment. seem kettle bells 8kg restorative exercises. bands first opened seem disappeared. reduced cleaning tissue spray grime building up. leaving yesterday two young boys came gate first boys membership.,2,51.4444696,-0.0261521,GB
Derby,2023-08-23 19:17:58,"terrible quality wifi, using bad provider sign process needs text confirmation basement without phone signal. completely useless. even connected signal weak fast routers spreading signal. air quality basement poor. bad odours damp common. low quality air filtration/conditioning.",2,52.9142235,-1.4719885,GB
Glasgow Hope Street,2023-08-23 18:37:38,"male member staff reported recording women phone multiple gym goers. also staring generally harassing women workout. absolutely disgusting behaviour noticed dealt long time ago. decent person, support gym till sort staff out.",1,55.8620957,-4.2581729,GB
Gateshead,2023-08-23 17:16:55,gym unclean always messy. equipment ok atmosphere rubbish.,1,54.9625789,-1.6019294,GB
Brierley Hill,2023-08-23 13:55:12,disinfectant spray provided anymore.,2,52.4823185,-2.1237803,GB
Bristol Eastgate,2023-08-23 07:01:34,"use pure gym. use m&s next door. disabled mobility issues, use disabled parking bays. never fails amaze often see gym users blue badges parking disabled bay's pop workout! know disabilities visible, got blue badge, abuse spaces. please leave unfortunate enough really need them!!!!!!",1,51.4731698,-2.5663407,GB
London Canary Wharf,2023-08-23 07:01:34,£50 month even working ac. please fix ac friggin august melting.,1,51.5048954,-0.0190006,GB
Glasgow Hope Street,2023-08-23 06:41:23,"unprofessional staff ever!! recording members, full creeps don’t know stick workouts instead harassing people!!! highly recommended avoiding gym!!",1,55.8620957,-4.2581729,GB
London Fulham,2023-08-22 18:55:20,one personal trainers jermaine gustavr posting disrespectful things islamic propher muhammad pbuh,1,51.474408,-0.206809,GB
Glasgow Hope Street,2023-08-22 18:45:15,doesn’t take safety female patrons seriously. allows people feel unsafe working harassed - unacceptable gross behaviour 0/10 would recommend.,1,55.8620957,-4.2581729,GB
Aintree,2023-08-22 14:53:17,"needs renovation - air con work well anymore, upstairs. cardio equipment tired much needs replacing. numerous things order while. treadmills worst isn’t many begin with. plus it’s pot luck whether you’ll get one metric imperial measurements. cardio equipment generally feels like afterthought compared strength ones. strength areas waaaaaayyyy space available too, cardio stuff essentially crammed in. ample parking yet users choose use disabled spaces instead walking extra metres entrance. also music way loud, barely music headphones music blasting speakers lot time. get playing music speakers useful block noise users using machines, music much loud. i’d recommend going elsewhere, brunswick puregym much nicer.",2,53.4803632,-2.9376261,GB
Manchester Debdale,2023-08-22 12:01:53,"place dirty ,toilets disgrace.ive puregym country ,this far unhygienic one come across.",1,53.4601898,-2.1545545,GB
Leicester Walnut Street,2023-08-22 09:00:22,avoid gym cost air con never working roof leaking causing equipment go rust machines always broke top manager celine barrow banned membership accidentally left dumbbell yet always plates floor cable attachment floor barbells floor banned membership dumbbell never stepping foot inside pure gym,1,52.6244566,-1.1343556,GB
Reading Caversham Road,2023-08-22 08:20:02,"extremely busy, probably x2 one would already consider busy. well maintained space, air conditioners dripping workouts... overused.",2,51.4606403,-0.9756087,GB
London Sydenham,2023-08-22 08:09:57,"cleanliness gym terrible, smell bad. whenever go train regret it, go smell makes want leave right away. times saw employee cleaning something.",1,51.427742,-0.0542215,GB
Bradford Idle,2023-08-22 06:59:22,"even puregym bad. old equipment, bars smooth knackered, dingy.",2,53.8352205,-1.7304012,GB
Bradford Idle,2023-08-22 06:59:22,passing,1,53.8352205,-1.7304012,GB
Bradford Idle,2023-08-22 06:59:22,"review son. went today induction larger lad say least anxious plucked courage go induction view joining instead came home put instructor obviously people person , shown equipment use bloke went speel £240 personal trainer type cash wanted go time things would help gym maybe trainer larger people check talking confidence low already go",1,53.8352205,-1.7304012,GB
Glasgow Hope Street,2023-08-22 06:39:11,"friend went complained guys harassing her, staff member recording another guy even trying follow home. it’s sad find gym equipment like management can’t bare minimum ensuring clients fund business feel safe. you’re female, beware gym take extra precaution leaving.",1,55.8620957,-4.2581729,GB
Edinburgh Exchange Crescent,2023-08-22 01:16:25,limited equipment,1,55.9471483,-3.2090253,GB
Aberdeen Rubislaw,2023-08-21 18:22:29,full large groups kids standing around machines nothing.,2,57.142821,-2.1391979,GB
Birmingham Beaufort Park,2023-08-21 14:40:40,paid beaufort gym sent city center . tried refund option .......nothing .,1,52.493268,-1.8171797,GB
Byfleet,2023-08-21 12:09:04,"positive good shower facilities good equipment (when broken). mostly nice people, one two nice managers. negatives music sessions absolutely blaring. young ridiculously loud. helped ceiling classes room classes take part open area, taking equipment amplifying blaring music. also go in, always bound one machine broken, far seen calf press, leg press, sports water, vending machine, crossfit trainer. take almost week fix. furthermore, tvs wifi cover whole site. additionally, vending machines damn expensive. overall disappointing, staying paying pound month.",2,51.3401727,-0.472897,GB
London Leytonstone,2023-08-21 04:04:46,"condition gym far satisfactory. firstly, air conditioning system inoperable, subjecting anyone enters unpleasant stifling atmosphere. pervasive odour clogged ventilation exacerbates discomfort. secondly, membership fees exorbitant. affordable tier, priced £30, comes restrictions utilize facilities, so-called 'convenient' alternative costs nearly £40. steep cost access cramped 4x4 gym space, devoid fresh air equipped bare essentials. moreover, gym fails offer additional amenities like pool sauna, typically expected price bracket. contrast, fee ranging £45 £50, gyms, twice size one, provide pristine invigorating environment along supplementary perks. given circumstances, strongly recommend steering clear gym unless happens sole available option.",1,51.5684052,0.0111701,GB
Aintree,2023-08-21 02:54:10,unhygienic pin work things bathroom,1,53.4803632,-2.9376261,GB
Peterborough Brotherhood Retail Park,2023-08-21 01:23:25,interested.more money individuals never use gym would feel safe,2,52.6002891,-0.2642011,GB
London Finsbury Park,2023-08-20 23:12:19,"know happening gym, year ago conditions, air conditioning non-existent air run, hot 🥵and smells horrible 😵‍💫, machines damaged remain damaged long time, changing rooms dirty, bad smell, toilet paper thrown everywhere, dust corners 😫 dirt every corner gym machines mentioned!! change gym negligence dirty 👎🏽 👎🏽 👎🏽",1,51.5648345,-0.1064144,GB
London Southgate,2023-08-20 14:48:02,"four years ago, membership. gym teenagers.",2,51.6323183,-0.1277858,GB
Haverhill Retail Park,2023-08-20 13:07:13,many people ft gym.,2,52.0779434,0.4479895,GB
Sutton Coldfield,2023-08-20 05:32:51,"i’d puregym years branch steered clear brand good. gym’s culture bottom top rotten really shows every time visit. weights tidied away “which piece equipment broken ,and take several weeks repaired replaced time?”. members often don’t return weights equipment correct place, leaving go searching clean them. lack regard mirrored staff management, nothing combat culture issues raised, offer nothing empty promises. last time visited ac wasn’t even area training course piece equipment developed fault! gym also suffers overcrowding due limited size available equipment. would suggest avoiding gym unless would like underwhelming, unreliable unbearable experience. p.s. take look images snapped leaving final time.",1,52.5623089,-1.8239794,GB
London Clapham,2023-08-20 02:01:06,decent gym equipment horrendously oversubscribed open late enough,2,51.4614469,-0.138627,GB
London Finsbury Park,2023-08-19 23:19:46,"el gimnasio es muy grande gusta, pero hay un problema es que la limpieza es muy mala, los baños huelen mal suele haber papel higiénico, el aire acondicionado siempre esta dañado, las máquinas permanecen dañadas por más de dos semanas, es muy incomodo hacer ejercicio con el calor que hace ahí. conmigo van dos personas, mi cuñada mi marido. dejaremos de asistir.",1,51.5648345,-0.1064144,GB
Solihull,2023-08-19 19:48:02,"shame opening hours, puregyms hours one ! gym group offer hour stick them!",1,52.4130189,-1.7768935,GB
London Canary Wharf,2023-08-19 18:57:37,showers changing rooms.will returning again.,1,51.5048954,-0.0190006,GB
Northolt,2023-08-19 17:57:07,banned otherwise it’s decent gym,2,51.5484582,-0.3695247,GB
Tonbridge,2023-08-19 02:59:23,tonbridge branch still closed time! updates clients. must dreadful used employed too. what's going on??!!,1,51.1955494,0.2750712,GB
London East India Dock,2023-08-18 20:15:58,"would give gym five stars, couple problems gym. time gym recently, hand wash men's chaging room. dispenser left empty! janitor present, hoover wipedown.. check hand-wash dispenser see empty running low. nice able wash hands training. secondly, higher tier gym membership, allows access flavoured hydration fluid station. constantly running low! really needs checked regular basis running finished! first time running low aswell!",2,51.51103,-0.0228617,GB
Paisley,2023-08-18 17:24:33,"gym poorly kempt, female changing rooms stinking point eyes watering, beyond disgrace, equipment constantly broken",1,55.8455828,-4.4239646,GB
Bristol Eastgate,2023-08-18 06:59:18,"wish puregym would move back barrow road, empty building ever since leave, dont mind paying bit more!",1,51.4731698,-2.5663407,GB
London Fulham,2023-08-18 06:49:13,"nice staff, overpriced size 24hr gym (like used be?)",2,51.474408,-0.206809,GB
London Great Portland Street,2023-08-18 01:26:26,"disappointed gym. located basement gets super hot time year there's ac. tried class studio impossible keep going hot. gym also hard navigate instructors run classes act want there. classes joined felt like improvising. instructor running cycle even wear mic impossible hear him. looking forward using gym since close work, even signed plus membership could downgrade back using gym closer home only. can't believe gym central london runs like one!",1,51.5238146,-0.1437048,GB
Northolt,2023-08-17 17:52:21,"gym great, spacious lot equipments wide range machines, fresh air!! stench unbearable times especially peak hours !! gym would stars otherwise. also, gym users, use deodorant hitting gym please thank you.",2,51.5484582,-0.3695247,GB
Manchester Debdale,2023-08-17 11:59:22,"fall 'free upgrade' trick. later downgrade, pay additional monthly 'downgrade fee'. coming already increased fee months ago.",1,53.4601898,-2.1545545,GB
Runcorn,2023-08-17 11:19:01,"worst pure i’ve ever in. home gym i’d cancel subscription. hardly leg equipment, equipment general. shower men use even cold.",1,53.3421509,-2.7334941,GB
London Holborn,2023-08-17 09:28:06,"place ridiculous. member year, since last summer. first joined, noticed air conditioning work upstairs, gym (downstairs problem). finally rolled big fans supposedly cool don't. also noticed bathroom absolutely reeks stale piss. put complaint told air con ""complex problem"" worked drainage bathroom would fixed. well, year later, improvements either. really...is air con new technology complex can't fix whole year? wonder puregym would mind visit health authorities? positive side, staff nice helpful, gym, small, pretty well equipped.",2,51.5195982,-0.1137266,GB
Epsom,2023-08-17 03:35:09,nice enough gym i’m moving elsewhere i’m sick children hogging machines. it’s pretty hard find time it’s quiet enough adults,2,51.3326098,-0.2678212,GB
London Bow Wharf,2023-08-17 01:13:59,"although member gym long time, issued unfair parking charge free parking allocated gym members. requested pure gym resolve false parking charge refused interested cooperating. customer service pure gym poor say least.",2,51.5319916,-0.0418638,GB
Altrincham,2023-08-17 01:03:54,"went first time time today considering altrincham nice place, gym live expectations. many teenagers clogging gym floor nothing except stare people phones, atmosphere tense , locker rooms great standard dirty staff even meet greet approached , work customer service want deal public!. called manners respect. wont returning. want refund. thank",1,53.3839662,-2.3525463,GB
London Piccadilly,2023-08-16 19:41:11,one hell depressing gym...,1,51.5060854,-0.1441691,GB
London Wandsworth,2023-08-16 18:50:32,venue cramped,2,51.4570271,-0.1932607,GB
London Stratford,2023-08-16 16:49:31,fails workout place. provision tissue clean equipment. staff concerned users pay wages. see ego b.o.,1,51.541289,-0.0035472,GB
Gloucester Retail Park,2023-08-16 15:59:06,website make impossible sign phone use someone elses phone put info phone phone tell apparently someone already used email address create account theres zero ways speak actual human being. ive never used gym due gaslighting time wasting never (not could even wanted to) try sign want gaslit time wasted,1,51.859848,-2.2163951,GB
London Great Portland Street,2023-08-16 13:27:51,super small area free weights. really really disappointed gym central london expensive experience...,2,51.5238146,-0.1437048,GB
Bristol Eastgate,2023-08-16 06:54:28,"went gym whilst spending time bristol. even puregym standards low. dumbbells order dotted around gym, left tripped over. plates. people would finish set walk off, leaving plates barbells dumbbells were. one dumbbell chewing gum stuck it, dirty clearly while. empty plastic water bottles, used tissues even blood stained plasters floor. various handles cable machines paper towels wipes left floor. staff don’t seem interested keeping gym tidy, rather leaning desk scrolling phones.",1,51.4731698,-2.5663407,GB
Burgess Hill,2023-08-16 03:32:43,many cars car park can't ever park halfords,1,50.9575365,-0.1332853,GB
Walsall Crown Wharf,2023-08-16 00:21:05,there’s cleaning station!!!!,2,52.5872454,-1.9883526,GB
Milton Keynes Winterhill,2023-08-15 23:50:49,parking big problem! gym always full space apparatus ur exercises! avoid !!!,2,52.0277439,-0.7636732,GB
Colchester Retail Park,2023-08-15 23:19:56,"equipment pretty decent frankly want usable atmosphere work something like 9-5 simply bother. first joined summer actually really decent - often busy overcrowded wait long machine waiting all. however, due factors outside gym's control, basically filled brim year olds curled hair crowding bench press hour whilst test 1rm. times seen staff member there, occasions seen things like cleaning equipment putting weights back minimal. still continue go one weekends like siege troy literally purchase another gym membership use weeks could get workout done reasonable amount time. close people gym shows priority management company large. also fact takes weeks fix equipment joke lol",2,51.8926343,0.8909382,GB
Aberdeen Kittybrewster,2023-08-15 19:37:36,"pretty poor uncomfortable gym. air con broken long time place sauna days there’s warm weather. you’re lucky, open one fire exit get breeze stand within metres it. plus side, weights quite nightmarishly misplaced scattered around gym used (bare minimum gym really), classes don’t blast music like puregyms. drive gym acc hasn’t closed every road city yet, strongly recommend results gym south college street. add: visiting rubislaw puregym, far better gym!",2,57.1616343,-2.1132396,GB
Peterborough Serpentine,2023-08-15 19:17:26,gym great staff rude unpleasant tho,1,52.5403778,-0.2632194,GB
London Canary Wharf,2023-08-15 18:57:16,"stars review fake,honestly? instead spending money marketing, spend money condition gym. male shower clean awful smell. facility good condition always busy. one worst gym among pure gym.",2,51.5048954,-0.0190006,GB
Walsall Crown Wharf,2023-08-15 12:13:40,parking validation work rarely paper printer. go morning staff available wait till 6am since somebody staff comes put paper printer. otherwise parking ticket issued. email manager issue times nothing sorted.,1,52.5872454,-1.9883526,GB
Plymouth Alexandra Road,2023-08-15 11:23:13,"puregym, like purebullocks. weights bought temu cause fake light swear down. floor probably uneven, felt like scoliosis smith machine trying shrugs, left side felt heavier even though weight (or probably considering half made paper). flip side getting watch gym partner shower opposite workout. gym clean tidy though fair",2,50.3818354,-4.1266441,GB
Caerphilly,2023-08-15 09:22:14,"equipment good plenty choice there, however air con non-existent/doesn’t work. thought didn’t switch wasn’t warm enough outside first opened i’ve never seen on. it’s borderline uncomfortable work even council gym used use proper air con. cleaning stations wipe kit before/after use either.",2,51.6723809,-3.1783938,GB
London Angel,2023-08-15 06:00:34,probably worst gym too. recommended women. lot strange men nothing better look you. even male member staff. lasted minutes left went elsewhere due extremely uncomfortable shame given new going gym.,1,51.5324874,-0.1060356,GB
Southampton Bitterne,2023-08-15 04:39:54,"pure gym bitterne, hand sanitizer gel dispenser month ,this poor, manager needs jump please",1,50.9181488,-1.3769392,GB
Great Yarmouth,2023-08-15 02:08:10,location wrong. caravan park??,1,52.6071742,1.7314845,GB
London Kentish Town,2023-08-15 00:57:11,incredibly hot humid aerobics area seemingly a/c. a/c issue ongoing months sign fixed. possibly dangerously warm cardio,1,51.5500554,-0.1425712,GB
London Bromley,2023-08-14 23:36:20,never,1,51.3668569,0.0617091,GB
Sutton Times Square,2023-08-14 19:03:59,charged double payment fee missing one payment.,1,51.3643147,-0.1915453,GB
London Piccadilly,2023-08-14 07:37:46,"staff constantly blocking access. cannot even use gym find glitches. otherwise, looks fine. somewhat spacious equipment good condition.",1,51.5060854,-0.1441691,GB
Manchester Spinningfields,2023-08-14 00:13:19,maintenance really poor. air con breaks every summer instead fixing use portable units good directly front gym roasting. enough sanitisation stations dispensers often working.,2,53.4800153,-2.2517994,GB
London Edgware,2023-08-13 15:08:19,always busy evening. guess get pay.,2,51.6136623,-0.2749555,GB
Purley,2023-08-13 13:57:45,"old kit, dirty, busy. needs upgrade badly compared new ones opened",1,51.3388112,-0.1158589,GB
Stoke on Trent East,2023-08-13 11:56:43,"cleaning stations always empty, sweated equipments...",2,53.0593352,-0.8159322,GB
London Bayswater,2023-08-13 05:23:22,"gym lots equipment great, however, one ever seems clean them. always make effort wipe equipment use, haven’t seen anyone else same. although sanitizer stations, often empty ask staff could refill them. people work aren’t friendly seem full - encouraging environment. like one staff member always lets finish set closing told shocked see someone cleaning equipment! today closing one staff member yelled several times get machine gym finishing cool down… rude.",2,51.5122764,-0.1883854,GB
Northwich,2023-08-13 05:23:22,"machines need updated. spin classes evening, member yrs seriously thinking joining somewhere else due youth club culture seems taken",2,53.2602539,-2.5145104,GB
London Leytonstone,2023-08-13 04:02:42,showers. £40 worth all. rumor maintenance. year now. 😅,1,51.5684052,0.0111701,GB
London Muswell Hill,2023-08-13 02:21:52,nobody absolutely nobody returns weights right place it’s annoying…,1,51.5910395,-0.1420768,GB
Birmingham Snow Hill,2023-08-13 02:01:42,dirty place disgusting smell busy people take shower manger lost stuff locker,1,52.4834796,-1.8992405,GB
Leeds Regent Street,2023-08-12 19:27:27,"worst pure gym stretch seeing there's lack equipment tatty equipment is, water showers stinks well much comparison others leeds. last time visit unless last resort.",2,53.799097,-1.5352944,GB
Paisley,2023-08-12 17:26:27,machines broken & acs working long time.,1,55.8455828,-4.4239646,GB
Plymouth Alexandra Road,2023-08-12 11:23:05,shower facilities seriously need revising! one likes freezing cold shower workout. came today saturday workout. workout jumped shower hit ice cold water. tried disabled access water stone cold. last weekend problem boiler sorted midweek. it’s clearly broke you’re turning water try save money! reviews mentioned trustpilot. around april may time changed shower temp save money. seriously putting alot users backs up. sort showers people nice bareable shower workout prepared loose lot members. good enough. cleanliness showers toilet block also somewhat bareable.,2,50.3818354,-4.1266441,GB
London Edgware,2023-08-12 03:08:16,gym sets cable fly machine hogged roadmen hours.,1,51.6136623,-0.2749555,GB
Preston,2023-08-12 00:57:09,"bad experience inside gym one stolen bag today enter gym 10.45 finished workout checked bag changing room it’s kept bag didn’t bring lock 🔒 joined gym days flat key 🔑 inside bag cap ,towel informed manager checked camera found belive big thief inside gym single person it’s gang believe don’t complaints gym staff every one care full bags valuable items guarantee inside gym locker room lock 🔐 it’s safe worst experience today sharing experience",1,53.7593363,-2.6992717,GB
Romford,2023-08-11 19:34:30,felt uneasy using gym camera use prolific members. clearly states rules cameras used. staff need vigilant !,2,51.5760462,0.1822646,GB
Northolt,2023-08-11 17:53:39,gym isn’t bad often many machines broken wait weeks fixed worst part gym it’s always oversubscribed matter go 6am 12pm whenever long wait gym quite small frustrating understand it’s cheap gym afford another one go moreover smell foul weight room smells like mixture lynx africa sweat care freshener changing room smells like sewage mixed vomit,2,51.5484582,-0.3695247,GB
Plymouth Marsh Mills,2023-08-11 09:27:00,"new-ish gym, commercial gym mentality. already looking beaten layout good. larger floor needed really, popular good.",2,50.3949594,-4.0824299,GB
Stowmarket,2023-08-11 09:06:49,"signed quiet times since opened, charged months never actually ever got in.. qr code never worked. finally managed 3rd signed charge.. visited times first week, people always hogging equipment, small uncomfortable, can't get small poxy gym minimal equipment £4 month expensive one ipswich. month afraid",2,52.1878147,0.9973428,GB
Blackburn The Mall,2023-08-11 03:13:15,air conditioning working year even bothered fix even complains received heatwave. like working greenhouse . definitive inspection needed standards.,1,53.7489149,-2.4826216,GB
Chelmsford - The Meadows,2023-08-11 01:22:17,"never like publicly negative company, months emails raising complaints simple things resolution, else supposed do. quite happy take money every month, ignore everything else. female changing room sinks smell absolutely disgusting, imagine rotten eggs steroids awful months, smell bad makes feel physically sick… showers absolutely freezing cold, raised issues multiple times via email, smell remains bad ever told showers set degrees due carbon footprint concerns… showers near degrees. shouldn’t stand shower covered goosebumps pay privilege! looking else membership thought using changing rooms times week winter 🥶 even worth thinking about. edit, leaving review making complaint state place, zero done rectify this, fact it’s even worse, showers freezing cold, bathroom sinks still smell like rotten eggs breeding ground disease! please see photos!",1,51.7318661,0.4756173,GB
Walsall Crown Wharf,2023-08-11 00:11:40,"many equipments, busy even busy(i mean equipments) 90mins free parking enough all. used day pass o2(for £1) happy thay buy membership pass.",2,52.5872454,-1.9883526,GB
Aberdeen Kittybrewster,2023-08-10 19:39:24,"left gym year. one reason that, time, seen good trainers come go - weeks. constant flux detrimental effect classes. reason air quality. live without air conditioning much summer system broken, air much hot sticky winter season started. could work cardio classes without getting dizzy. alone this, nevertheless told be, nothing gym could anyway. obviously new normal nothing accept. joined another gym.",2,57.1616343,-2.1132396,GB
Northolt,2023-08-10 17:58:35,"fresh air circulating place always smells. air con don’t switch high enough it’s always hot stuffy, hard breathe whilst working out. looking another gym",2,51.5484582,-0.3695247,GB
London Finsbury Park,2023-08-10 11:15:14,don’t take promotion doesn’t take o2 thursday pass. annoying horrible.,1,51.5648345,-0.1064144,GB
Manchester Exchange Quay,2023-08-09 23:56:38,pump class... new instructor (manger) - felt like boot camp change tempo.. however nice try new moves,2,53.4663229,-2.2822821,GB
Leeds City Centre South,2023-08-09 22:05:44,avoid like plague! showers always cold don’t appear done anything past years! people got used cold showers. use halifax pure gym shower temperature much better,1,53.3803135,-1.4706053,GB
Peterborough Serpentine,2023-08-09 19:24:24,customer service. can't cancel membership. tell cancel direct payment add fees send different payment. want cancel machines poor condition. called poorgym puregym,1,52.5403778,-0.2632194,GB
London Camden,2023-08-09 18:03:45,"joined first session monday 7th august. soap toilets. problem. told staff member. came back wednesday 9th… still soap toilets. pretty gross hygiene failure. impressed. update: gym steadily becoming filthy time. there’s often soap, toilet roll, floors filthy dirty. certain large bits dirt recognise floor they’ve long.",1,51.5427965,-0.1624803,GB
Leicester St Georges Way,2023-08-09 16:32:58,"imagine gym without dumbbells people gym could accommodate . is. never recommend gym beginners intermediates. even going morning session, couldn’t find place workout.",1,52.635872,-1.1231787,GB
Maidstone - The Mall,2023-08-09 16:32:58,nooo,1,51.2730013,0.5255069,GB
West Bromwich,2023-08-09 02:05:49,consistently soap toilets,1,52.5186579,-1.9923114,GB
Manchester Spinningfields,2023-08-09 00:14:55,"it’s okay, i’d workout absolutely to. understand puregym business model, you’d hope better spinningfields. firstly, gym quite tired. treadmills stair masters look ancient, buttons barely working. weight machines rack well stocked, look tired. however clean. secondly, heat. it’s simply way hot there. air con clearly doesn’t work (or does, well) instead there’s fans dotted place, don’t much normal settings, let alone gym environment. worryingly, many reviews similar complaints. concerning, think complaints ignored due sheer volume people attend gym, attitude “if ain’t broke” evident. let’s hope staff take notice views make necessary improvements. it’s great shame gym potential prime location.",2,53.4800153,-2.2517994,GB
Alloa,2023-08-08 23:14:25,"buy membership, monthly price crazy 🤯 membership stirling 15.99, alloa 25.99 plus fee 15£ 🤣🤣🤣🤣🤣🤣🤣🤣 joke !!!",1,56.1156137,-3.7922423,GB
Barnstaple,2023-08-08 22:34:03,"puregym! devil one get access gym? highest tier membership, options app website. normally resort leaving one star review, can't find another way bar premium rate phoneline. sincerely, disappointed loyal customer many years.",1,51.0804057,-4.0600467,GB
Romford,2023-08-08 19:32:35,"standards low gym gone downhill immensely since first joined year ago. staff sit behind desk phone laptop instead tidying messy weights area, monitoring members aggressively (and unnecessarily) slam weights / machines importantly asking individuals think it’s okay walk around barefoot put shoes back on. water filter rarely works, toilets changing room always flooded smell like stinkbomb, yesterday blood sink – vile. appreciate it’s budget gym surely health safety come every gym’s standards matter price location. regular clean active monitoring would go long way.",1,51.5760462,0.1822646,GB
Bradford Thornbury,2023-08-08 09:27:31,machines broken cable equipment missing pricing going equipments poor waste money,1,53.8030213,-1.7048953,GB
Belfast Adelaide Street,2023-08-08 02:42:18,it’s bad almost laugh 😂 old equipment one ever puts away right spot layout makes sense whatsoever,2,54.5936289,-5.9282801,GB
London Lambeth,2023-08-07 21:59:56,"wiping stations removed (0 downstairs free weights area) - why? cost savings? toilets often filthy, especially weekends, soap dispensers usually empty install another. mens toilets /urinals often overflowing. recent investment additional equipment = stars.",2,51.4952111,-0.1163354,GB
Reading Caversham Road,2023-08-07 20:19:06,turn music sadistic madmen,1,51.4606403,-0.9756087,GB
Telford,2023-08-07 17:47:49,"hidromasage chaires constantly use ..and bit frustrating since pay extra service premium member unpleasant surprise want relax workout. understand thinks broken time, understand taking weeks even months fixed...",2,52.6780532,-2.4514219,GB
London Stratford,2023-08-07 16:47:19,"avoid coming gym like plague occasionally come choice. cannot handle manager lady, rolls eyes every question refuses ever help out- she’s unpleasant, simple that. creates really uncomfortable environment. staff members nice though. four times row (on different days) flavourings vitamin water out…. really feels like i’m scammed point- paying ordinary water. know response “speak member staff” continually nothing ever gets done. it’s honestly time someone higher get involved it’s embarrassing.",1,51.541289,-0.0035472,GB
London Stratford,2023-08-07 16:47:19,"member puregym least years, happy see one open near stratford. however….. common theme runs reviews seems, rude staff. big tattoo dude sweet, issues anyone else solely gym boss lady. efficient clearly loves ‘manager’ overhearing conversations, incredibly rude. i’ve two interactions asking general gym related questions met unnecessary hostility. i’m sure honest it’s shame. gym great. would love decline benches always moved back bench section it’s clearly overcrowded live kettle bells, everyone drags back time. anyway…. hope don’t get generic ‘leave something suggestion box’ reply. 2/5 stars.",2,51.541289,-0.0035472,GB
Cardiff Bay,2023-08-07 15:36:43,disgusting service disabled people,1,51.4639553,-3.1641374,GB
London Holloway Road,2023-08-07 14:16:03,upstairs smells like ash tray. want gym,1,51.5528674,-0.1130095,GB
Oxford Templars Shopping Park,2023-08-07 13:35:43,worn equipment & incredibly dirty. good selection machines.,1,51.7333472,-1.2178489,GB
New Barnet,2023-08-07 07:32:41,"corporate garbage!! heirarchy structure membership try squeeze money out. means customer certain package treated like rubbish. even best package gym always packed barnet there's lot juiced aggresive roid morons seem always edge. latest barnet can't use lift unless interviewed manager right membership. never experienced anything ridiculous. corporate set means customer services, know care less individuals, meat. aerobic classes basically hiit label differently, make think special. nothing like good crossfit class offer price high",1,51.6497449,-0.1751403,GB
Tunbridge Wells,2023-08-07 05:21:37,new tunbridge wells resident new pure gym goer. i’m really disappointed. basic hygiene staff checking equipment must standard gyms. pure money stingy money saving company. it’s chain,1,51.1371483,0.2673446,GB
Leeds City Centre South,2023-08-06 22:08:04,"poor gym. internet can’t purchase pass entering. press assistance, nobody comes. dread think would happen fire / someone needed urgent medical assistance",1,53.3803135,-1.4706053,GB
Northampton Weston Favell,2023-08-06 17:25:45,go gym walk past it.,1,52.2577432,-0.8369027,GB
Purley,2023-08-06 13:54:01,overcrowded time 6am,2,51.3388112,-0.1158589,GB
Milton Keynes Winterhill,2023-08-05 23:46:59,fairly grotty,2,52.0277439,-0.7636732,GB
Milton Keynes Winterhill,2023-08-05 23:46:59,"looking gym full -16 yrs olds running drinking prime energy drinks, train groups dozen more. look pure gym mk covered. pure gyms milton keynes run minors accident waiting happen signs forehead. good luck",1,52.0277439,-0.7636732,GB
Billericay,2023-08-05 20:35:25,"good range equipment main, pressing issue lack sufficient parking. basically, unless go night, good luck finding parking spot. even night, still get parking fines puregym absolutely bother assisting paying customers with. simply shrug shoulders, say car park that's it. worst level customer service ever witnessed, gyms country.",1,51.6284395,0.4218142,GB
London Charlton,2023-08-05 19:45:00,"many problems gym.. don’t wide range equipment, got rid hyperextension roman chair, annoying half machines service. male staff intimidating, women staff okay.. it’s small gym almost always busy. specifically go gym it’s unstaffed staff weird.. example men look angry rude don’t smile don’t avoid eye contact! it’s okay smile least don’t look people sour look face, look anyone feeling miserable.",2,51.4826053,0.0365359,GB
London Finchley,2023-08-05 19:04:40,"visited, correction, wanted visit gym find memberships see gym facilities. fact, impossible even enter, speak human being, let alone see place. reminds reverse prison. simply welcome unless willing part money online without seeing signing for. difficult understand thinking marketing department puregym creating disaster zone entrance gym east end road, finchley. (see photo.) need check least one gym chain, way joining hell hole. *** update *** since visited north finchley branch, able talk human being, showed around, explained everything. joined north finchley engaged pt well. loss finchley.",1,51.5973246,-0.1805587,GB
London Angel,2023-08-05 18:04:11,"gym fine quiet times, aside unclean changing rooms. showers smell like sewage. busy times it’s mental, currently girl videographer following around. doesn’t work there, influenzing…",2,51.5324874,-0.1060356,GB
Ipswich Ravenswood,2023-08-05 16:43:30,ceo comments news night cancelled membership supports genocide children want part team shame,1,52.0303337,1.1968831,GB
Ipswich Ravenswood,2023-08-05 16:43:30,"generally good gym decent equipment kept tidy staff members, lack working air con means workouts muggy plus degrees fairly usual would recommend town centre time due temperature inside gym",2,52.0303337,1.1968831,GB
Caerphilly,2023-08-05 09:19:49,"decent size feel busy peak times. also air conditioning never seems which, pop extra pound price keep customers cool!",2,51.6723809,-3.1783938,GB
Glasgow Giffnock,2023-08-05 07:59:08,"good facilities (it's brand new), however cleaning equipment allow clean equipment before/after use. assume puregym happy increase rates cold flu east renfrewshire, simply care users touching dirty equipment (the gym used hundreds day % wash hands toilet use).",2,55.8005276,-4.2970925,GB
Peterborough Serpentine,2023-08-05 07:18:48,water weeks... ridiculous.,1,52.5403778,-0.2632194,GB
Peterborough Serpentine,2023-08-05 07:18:48,always crowded whenever want go free time :'c,1,52.5403778,-0.2632194,GB
Peterborough Serpentine,2023-08-05 07:18:47,please put paper towels cleaning spray throughout gym sign post gym goes wipe use. standard gyms without simply dirty unhygienic. especially staff go remains open night cleaning whatsoever... considered bare minimum... edit: friend literally got viral skin infection gym. exactly saying.,1,52.5403778,-0.2632194,GB
Peterborough Serpentine,2023-08-05 07:18:47,"water machine working today. sign say contact member staff refill member staff sight hour workout. poor gym, knew machine wasn’t working staff available put place help members water needs. spoke fellow gym member suggested maybe done members pay use vending machines. gym also regularly full kids groups 4/5. spray bottles paper towels available clean equipment either. last thing want mention unusually high placement mirrors free weight section. means see training chest bench. gyms mirrors behind weights go way floor, sure gym didn’t adopt same.",1,52.5403778,-0.2632194,GB
Sheffield Meadowhall,2023-08-05 06:58:36,ceo's decision endorse apartheid state committing genocide despicable. longer puregym this. regret paying company 3+ years.,1,53.4138268,-1.4124334,GB
Sheffield Meadowhall,2023-08-05 06:58:36,"staff makes gym good place come, friendly happy help. downsides equipment dated falling apart, equipment often grimey touch, never really enough time space get full decent work without coming 4am. changing rooms always smell like feces comfortable using them, really feel like building let's staff brilliant really believe would capable much better outcome within different facility. recently cancelled membership due reasons found dirty smelly every time attended felt like money taken seriously. use scaffolding bear basic workout schedules keep fit free. plan returning leaving nothing changed staff excellent premises let gross im sorry. best guys",2,53.4138268,-1.4124334,GB
Sheffield Meadowhall,2023-08-05 06:58:36,"update- weeks accessible shower order! gym needs competent management asap showers disgusting, disabled shower ‘out order’ weeks now.. hasn’t fixed? worst pure gym i’ve travel around regularly use many different pure gyms. would recommend",1,53.4138268,-1.4124334,GB
Sheffield Meadowhall,2023-08-05 06:58:36,gym equipment good gym spacious. however that's good say. cleanliness gym appalling. showers never clean disgusting. lots hair dirt cabins. goes toilets. staff busy chat talk rather greet customers. shame opened recently management bad gym 3.6 rating . needs improvement.,2,53.4138268,-1.4124334,GB
London Stratford,2023-08-05 04:47:30,water fountain broken weeks now. staff care fix it. cross trainer machines. broken one month now.,1,51.541289,-0.0035472,GB
London Stratford,2023-08-05 04:47:30,"gym bad? stratford expected better, wasted day...",1,51.541289,-0.0035472,GB
London Stratford,2023-08-05 04:47:30,stratford pure gym one worst visited. staff even respond emergency alarms. there's 'out order' equipment like month. water machine latest 'out order' victim. gym can't even provide water approaching rock bottom.,1,51.541289,-0.0035472,GB
London Stratford,2023-08-05 04:47:30,"overall gym spacious decent equipment, also great see recent addition hack squat machine reason two stars men's toilet rotten! exaggeration. puregym probably arranges someone cleaning week reduce margins also, way gym handles noticing users temporary closed ridiculous. twice go home gym unexpectedly closed. see notified us via instagram story",2,51.541289,-0.0035472,GB
London Stratford,2023-08-05 04:47:30,stuff gym time ! entry doors always making problems need someone help . online help centre it’s absolutely useless manager “the lady red hair” it’s acting bossy like people trying break house. need understand help assist people . i’m cancelling membership today.,1,51.541289,-0.0035472,GB
London Stratford,2023-08-05 04:47:30,disgusting gym ever !!! cleaning products tissues clean sweat benches machines !!! spots back head week place!!!,1,51.541289,-0.0035472,GB
London Stratford,2023-08-05 04:47:30,first time coming come :/ looks soo un organised th classes terrible lady personal trainers really qualified compare gyms far terrible u men peaking ladies session privacy ladies wear hijabs ? studio soo small even standard room overcrowded really vibe ilford puregym way !!!,1,51.541289,-0.0035472,GB
London Stratford,2023-08-05 04:47:30,gym remains crowded always,1,51.541289,-0.0035472,GB
London Stratford,2023-08-05 04:47:30,gym opened loved honestly enjoyed going one canningtown . stopped going due staff members rude helpful! went back closer staff memebrs helpful rude. takes one sec nice customers . whoever managing gym please think customers. people come gym diffrent reasons relief stress etc come gym get rude response staff member nice!,1,51.541289,-0.0035472,GB
London Stratford,2023-08-05 04:47:30,bewilders gym paper towels surface sanitizer sprays. nothing wipe equipment staff say gym longer provides cleaning products… expect sweat drenched unhygienic equipment.,2,51.541289,-0.0035472,GB
London Stratford,2023-08-05 04:47:30,"normally write reviews. usually keep gym workouts go. gym equipment great. atmosphere certain staff great. customer service non existent staff, highlighted lack interest made query. please, dont cost smile shows slight bit interest customer approaches you. one experience made feel whats pount asking anything. would never ask staff anything moving forward unless cancelling membership. vibes gym music, staff dont actually feel welcoming.",2,51.541289,-0.0035472,GB
London Stratford,2023-08-05 04:47:30,"get gym minutes, staff members present (this 6pm). finally got inside lock bought vending machine work, carry bag around gym. staff super unhelpful. horrible experience, stay clear.",1,51.541289,-0.0035472,GB
London Stratford,2023-08-05 04:47:29,"strange interaction one members staff today. bench covered sweat. requested cleaning products wipe down. told equipment cleaning regularly provided. insisted since i’d rather use bench disinfected wiped down. lady eventually wiped bench without back forth, clearly unnecessary. luckily use multi gym pick. wont returning hurry. like spacious nature amount equipment would keep away. least equipment clean.",2,51.541289,-0.0035472,GB
London Stratford,2023-08-05 04:47:29,manager rude customers disrespectful. horrible day.,1,51.541289,-0.0035472,GB
London Stratford,2023-08-05 04:47:29,"sign gym closed already information.the lady manager rude totally unprofessional, need customers service training.had even go time gym.evoid evoid evoid!!!",1,51.541289,-0.0035472,GB
London Stratford,2023-08-05 04:47:29,"started membership yesterday, cancelled today. absolutely appalled got 5am go gym morning find notes doors saying there's technical fault gym would shut notice. email (checked junk too), messages one call ask gym opening. cannot expect customers take stroll gym try luck. really unfair. puregym home town clean, professional reliable. really unacceptable. rather focusing many stars getting, please focus low ratings take board feedback. read lot reviews made decision join willing give gym benefit doubt. stratford tariff quite expensive compared others, would hope standards high.",1,51.541289,-0.0035472,GB
London Stratford,2023-08-05 04:47:29,"shut start again! staff mainly invisible see rude clearly customer service skills. machines order lot!!! sanitiser wipes machines use. often buckets placed leaks around gym, entrance pods work when. it’s absolute disaster. said start review temporarily close either retrain staff customer service get rid hire people know aspects job. walking around gym (when actually appear) posing looking good! i’m looking instagram models go gym i’m looking professionals good customer service. sort like people know cancelling membership joining another gym group.",1,51.541289,-0.0035472,GB
London Stratford,2023-08-05 04:47:29,"24/7 gym closed without notice even sign door. says ""gym staffed"". 25min walk place nothing. hire professional people. dont play people's time.",1,51.541289,-0.0035472,GB
London Stratford,2023-08-05 04:47:29,disgusting gym! sweet everywhere try workout. tried speak staff get tissues rude lady red hair advised buy wet wipes clean machines. unacceptable,1,51.541289,-0.0035472,GB
London Stratford,2023-08-05 04:47:29,"big guy working gym tattoos face body rude high ego. seemed like nice person asking question politely turned head slowly looked upisde looked away replied ""no"" rude tone look disgusting something. doesnt like job, find somewhere else. want make complaint felt im unwelcomed place due rude attitude. seemed nice person said talking him, need explanation rude attitude tone super ego? wrong me? im welcomed? instead saying smile """"yes, help you?"" get look upside instead saying ""no, im afraid maybe possible, sorry smile"" doesnt look face says ""no"" absolute disgust!",1,51.541289,-0.0035472,GB
Edinburgh Fort Kinnaird,2023-08-05 04:27:19,"best place, busy knocks routine trying burn through. also, cardio room quite dull nothing look except wall. stair climbers right front changing rooms bikes seems bit creepy women come out. might better turn machines around. lastly, overall gym poorly maintained. times used facility came across machines sync faulty operation issues. instance, tried pec deltoid machine arm stiff wonky. another machine, elliptical bump sensation left side. could write machines work think get it. conclusion, looking somewhere streamlined experience it.",2,55.9334724,-3.1059406,GB
Rushden,2023-08-05 03:57:04,laminated area fitness showers cold. join want use showers 👌,2,52.2911567,-0.5988177,GB
London Limehouse,2023-08-05 03:26:49,love queuing machines. place. otherwise avoid busy day. want empty go around 2am till 6am.,1,51.5133074,-0.0351492,GB
London Swiss Cottage,2023-08-05 03:16:42,"edited 2024: please, adductor machine broken two months, hip thrust machine well. stop moving equipment around fix instead. 2023: used great opened, keeps getting worse, opinion. keep changing time workout looking quiet time, gym always busy (even lunch time) yet looking members. looks like one looking equipment. people leave weights handles everywhere sometimes hard find right piece equipment workout. agree comments read: groups teenagers specially annoying.",2,51.543722,-0.174982,GB
London Swiss Cottage,2023-08-05 03:16:42,"newly built gym management ashamed poorly gym run maintained. ladies' locker room stinks toilets always dirty. never toilet paper always ask rudest staff seen pure gym. one day overfload day locked. yesterday room locked altogether notice. travelled get find locker room inaccessible use tiny lockers groundfloor. gym massively overcrowded teenages hoarding multiple machines lockers taken, people forced leave. feel refunded membership. shame!",1,51.543722,-0.174982,GB
London Swiss Cottage,2023-08-05 03:16:42,"positive big spacious; unfortunately space could done much evidently. month now; lot basic attachments cables added. mentioned hygiene day one ignored one spray tissue cycle room. see attempt put bins sprays near weight section clearly sighted refilled. toilets showers left state; suggested cleaning periodically. shame new gym 1st impressions count. add latch showers? anyone could open there? changing rooms look like keypad access used? saying 'you get paid for' goes year, really worth it? time tell. poor response fact can't pass feedback. maybe social media team needs look send managers branch question. also read review? clearly cut paste job reply. taken star away one star. really disappointed",1,51.543722,-0.174982,GB
London Swiss Cottage,2023-08-05 03:16:42,"dirty place ever been, don’t understand shower cleaners weekend all?? don’t follow health safety regulations reported gyms run london days! public places like gyms must cleaner board premises must cleaned times day! especially place runs 24/7, days week. disscussed smell dirt womens changing room especially! manager would recommend read gym health clubs dirty enviroment rights, health safety regulations first. gym run circumstances?!",1,51.543722,-0.174982,GB
London Swiss Cottage,2023-08-05 03:16:42,"overcrowded messy. weights, dumbbells, clamps place. two flat benches bench presses, almost always occupied, safety bars them. raise price need increase staff clean place, put weights order, warn people taking spaces long add two flat bench press benches.",2,51.543722,-0.174982,GB
London Swiss Cottage,2023-08-05 03:16:42,tell homeless man sleeping entry inside gym please i’m trying find phone number website help around 2:30 morning wednesday 12th july,1,51.543722,-0.174982,GB
London Swiss Cottage,2023-08-05 03:16:42,many people gym time,1,51.543722,-0.174982,GB
London Swiss Cottage,2023-08-05 03:16:42,horrible gym,1,51.543722,-0.174982,GB
London Swiss Cottage,2023-08-05 03:16:42,"last month puregym suspended account reason, called number told email them, done replied next day telling email gym manager, sent email last month still replied took pounds account recently without even allowed gym honesty horrible sitting waiting get email back minimum staff truly little consideration clients, recommend joining.",1,51.543722,-0.174982,GB
Manchester First Street,2023-08-05 02:46:26,"genuinely laughable place hasn’t installed wifi nearly months open. they’re lying members saying ‘there’s issue’, providing updates. recently, months in, they’ve posted piece paper corner saying ‘we’re sorry please email head office’. said head office email auto-response sign membership 😂 worst they’ve staff wifi since opening day. anyone streaming music whilst train rely little cellular service building terrible service. epitomise place, heavy automatic door entrance, broke week 1. put piece paper again, ‘door broke, fixed’, month later, piece paper taken down, door remains broken year. terrible management terrible club, unfortunately closest live way. never seen cheapskate members last approach managing establishment. alas complete waste breath, ignore every single piece detracting feedback.",1,53.4723654,-2.246418,GB
Wakefield,2023-08-05 02:16:10,"targeted manager! targeted manager! finished three-sets deadlifts went refill water-bottle. returned fourth set, another gym-member asked finished weights said yes, took them. proceeded preacher station curls. turned back manager started putting weights away said - ''excuse me, finished weights''. statement angered somewhat response say - ""well could cruel tell put weights left floor away"" - weights already given somebody else! re-clip ez-bar skulked off. left gym, approached manager told gym member took ownership weights might want check cctv wrongly accusing leaving weights lying around. completely ignored walked without apologising saying anything. manger. attitude stinks. perhaps consider revenue generated puregym members helps pay salary co-worker's salary!!! due experience, canceling membership going another gym. disclaimer. little inconsistent putting weights away instance, fault. date experience: august",1,53.6829541,-1.4967286,GB
Byfleet,2023-08-05 00:05:05,"long term user gym classes. two classes soo far impressed. first one supposed minutes trainer stopped 20. pointed out, continued. however, unprofessional medicare. sweat. second class supposed legs, bums tums. trainer showed get someone find someone. found personal trainer explained supposed take class took anyway. good make puregym even notify us app. fair say, impressed soo far.",1,51.3401727,-0.472897,GB
Byfleet,2023-08-05 00:05:05,"excited gym sadly it’s disappointing. sure air con inside it’s extremely hot, hot workout really like sauna. also equipment great, machines already broken it’s new gym (2 weeks old)?? busy hardly use anything. treadmills bad, don’t even screen…. everything shame.",2,51.3401727,-0.472897,GB
Byfleet,2023-08-05 00:05:05,"called gym today see could shown around decide want join. rang call bell assistance - response. called ""excuse me"" attract attention staff ignored although one wave gave thumbs disappeared. someone leaving also tried attract attention - failed. new gym would expected surrounded staff trying sell membership least spoken to. may call try probably",1,51.3401727,-0.472897,GB
Byfleet,2023-08-05 00:05:05,incredibly disappointed gym. hot inside seems sauna!!! everything crowded makes feel uncomfortable work out. definitely change come again! awfull!!!!,1,51.3401727,-0.472897,GB
Byfleet,2023-08-05 00:05:05,"long time gym user disappointed new gym. succinctly put, lacks equipment considering size. sadly also, management seem interested talking amongst rather keeping eye leave backpacks lying around floor/next benches reserve whilst workout elsewhere. yet used classes appear well run hence 2nd star. gym also clean opened expected. disappointing addition puregym portfolio sadly. happy discuss detail definitely worth £37.99 plus membership cost.",2,51.3401727,-0.472897,GB
Maidenhead,2023-08-04 23:34:49,"🚫avoid🚫 morning almost people already gym, far many people apparently workout, occupy equipment look phones, use equipment clothes hunger bottle holder, lockers ""private lockers"", occupied get there, loads people come go see nobody touching them, get one open empty put padlock forever people carry belongs around lots bags bothering way, best part is, apparently couches paid sit nothing looking phones 🤷🏻 frustrating",1,51.522743,-0.7197368,GB
Maidenhead,2023-08-04 23:34:49,"it’s unbelievable wait staffs fix broken door. could please tell fire door stand for? pay good services, door broken don’t open fire door people able leave. don’t see problem that. big queue outside inside reasons. please improve",1,51.522743,-0.7197368,GB
Maidenhead,2023-08-04 23:34:49,"good gym parking space, absolutely cleaning facilities site wipe machines/benches, huge let eyes. hygiene important comes training, puts",2,51.522743,-0.7197368,GB
Yate,2023-08-04 23:24:42,"everything takes long time fixed, maybe need another maintenance company. hope forget pay it. thank you.",1,51.5403113,-2.4134281,GB
Yate,2023-08-04 23:24:42,spacious equipment uses entire gym space making people squeeze together work out.,2,51.5403113,-2.4134281,GB
London Palmers Green,2023-08-04 22:14:01,gym expensive is. toilets always working gym sometimes bad smell. never get locker 😒,2,51.6178253,-0.1091946,GB
Lincoln Carlton Centre,2023-08-04 22:14:01,"extremely busy, showers cold hand sanitiser gym soap female changing rooms. staff stood around phones engaging members.",1,53.2409437,-0.5062213,GB
Peterborough Brotherhood Retail Park,2023-08-04 22:14:01,"took mins get paying sneak , enough weights go around",1,52.6002891,-0.2642011,GB
Lincoln Carlton Centre,2023-08-04 22:14:01,"would lovely gym staff enforced rules. manager loves slam weights floor session, ruining gym atmosphere. asked staff address i’ve seen past, however, appears rules differ staff customers. rude unwelcoming staff attitude",2,53.2409437,-0.5062213,GB
Lincoln Carlton Centre,2023-08-04 22:14:01,leave early today due noise 115kg free weight bar dropped shoulder press straight onto floor making members jump!! surprised see rory one gyms personal trainers!! set better example follow gym rules weights dropping!! also watched gym manager scot!!,1,53.2409437,-0.5062213,GB
Heanor,2023-08-04 22:14:01,"treadmills, three weight benches one shower simply good enough. always wait get session. surprised puregym attached name small location. joined month luckily contract free cancelling right away",1,53.0145821,-1.3574966,GB
London Palmers Green,2023-08-04 22:14:00,"smelt bad today leave half way workout🤢. there’s windows air con don’t know place passed health safety regulations. machines limited, there’s sanitary stations toilets always seem service! quite greedy charging almost £30 month price doesn’t live standards.",2,51.6178253,-0.1091946,GB
London Palmers Green,2023-08-04 22:14:00,"toilets showers always outwork. great price, coming close work.",1,51.6178253,-0.1091946,GB
London Palmers Green,2023-08-04 22:14:00,visited palmers green gym 11am saturday hot couldn’t workout went home. returned earlier sunday morning still hot workout customers sweating buckets complaining. staff available crank climate control. it’s good enough!,2,51.6178253,-0.1091946,GB
Galashiels,2023-08-04 22:14:00,free wi-fi here. little equipment gym.,1,55.6156505,-2.8061618,GB
London Palmers Green,2023-08-04 22:14:00,air con. air flow. service wifi,1,51.6178253,-0.1091946,GB
London Palmers Green,2023-08-04 22:14:00,"tried gym weeks say female personal trainers good boys terrible: show late, use phones class mostly seem interested. advice: avoid class. overall gym ok no/poor internet access gets crowded evening",2,51.6178253,-0.1091946,GB
Ormskirk,2023-08-04 12:38:27,"initial trial day, experienced cold showers without hot water, appears recurring problem. gym acceptable, though best encountered. addition aforementioned, would like provide comprehensive review pure gym. gym seems embrace strategy akin fast fashion model, aiming attract broad customer base affordable services. approach might hold appeal, appears prioritize pure gym's financial interests rather delivering optimal value members. let's delve specific aspects gym experience. starting gym's layout, exudes youthful vibrant atmosphere closely resembles youth club traditional fitness facility. well-lit energetically loud ambiance, occasionally punctuated announcements akin found bustling retail environment, contributes unique character. however, recent visit, absence hot water persisted notable period around two weeks. additionally, air conditioning failed provide respite external temperatures, resulting rather uncomfortable workout environment characterized continuous perspiration. noteworthy conditions even extended availability hot water post-workout showers. transitioning equipment, appears pure gym might cutting costs domain offer competitive subscription rates. decision, making gym accessible financially, comes expense equipment quality. notably, equipment, predominantly manufactured matrix, falls short compared offerings established industry players like technogym. disparity evident cost-effective nature matrix equipment also design limitations could potentially lead injuries. specific examples include suboptimal design lat pulldown's seating arrangement somewhat awkward footrest configuration low row machine. design flaws may increase risk injuries, concern extends equipment like benches cable machines. furthermore, relatively new gym exhibited signs wear tear accessories cable machines, indicating potential compromise equipment durability. taking factors consideration, made decision become member pure gym franchise. instead, opted invest resources wisely joining reputable gym prioritizes quality safety, thereby minimizing potential risk injuries preserving overall well-being. 💪",2,53.5673603,-2.8859603,GB
London Whitechapel,2023-08-04 12:28:23,"went gym early morning gets busier later on. went good exercise get weights done. weights different places 50s 8s 50! shelves empty, floor?! wth??? mess! weights run different fields. last time got sorted?? 🤷‍♂️ says mirror🪞“please return weights home” part basic english people don’t understand?? came lift low weights sorting putting right home managed complete workout day. please guys using put right place, make life difficult others?? thanks",2,51.5174861,-0.0659685,GB
Walsall Crown Wharf,2023-08-04 12:18:18,"pure gym classes cancelled without notifications app, several members turning instructor. happening past months sign improvement, diabolical.",1,52.5872454,-1.9883526,GB
Newcastle Eldon Garden,2023-08-04 07:56:16,"respect nobody gives @%£# specific gym. free weights place, havent seen single personal trainer organising least little bit place. lot people leave heavy loads barbells; convenient? dont think so!",1,54.9757161,-1.6168648,GB
Derby,2023-08-04 07:05:52,never anyone help go night,2,52.9142235,-1.4719885,GB
Leeds City Centre North,2023-08-03 23:02:03,smalls bad,1,53.9558121,-1.1229892,GB
London Park Royal,2023-08-03 08:55:20,get prize find pair dumbells rack .,2,51.5264341,-0.2839348,GB
London Colindale,2023-08-02 20:09:20,"really recommend anyone, factory recall car undemanding mechanic left black oil stains white leather seat !!!!the positive thing one two sellers nice, sellers cheeky arrogant, know think themselves!!!",1,51.5954091,-0.2499296,GB
Witney,2023-08-02 18:48:43,"absolutely awful, rude staff, unhelpful unfriendly unprofessional pt",1,51.7838848,-1.4852861,GB
Sunderland,2023-08-02 17:28:05,water refill stations smells sewage 🤢😷,1,54.9058512,-1.3828727,GB
London Clapham,2023-08-02 13:56:28,"lots equipment missing smaller incremental weights. like puregyms, air temperature warm showers cold save energy. small gym amount people go",2,51.4614469,-0.138627,GB
Reading Calcot,2023-08-02 13:16:09,"i’ve using gym year now. gym clean plenty modern equipment. parking plentiful staff friendly. unfortunately let showers, they’re cold. contacted head office multiple occasions members nothing done. i’m sure they’re struggling financially front door also broken hasn’t fixed five weeks now.",2,51.4468889,-1.0381147,GB
Wakefield,2023-08-02 02:11:02,"whilst experience gym overall decent, second time things stolen lockers (i even lock pad on) machines often order locker room toilets always shambles. security things like coat, bag house keys stolen. come unless it’s option.",2,53.6829541,-1.4967286,GB
Dudley Tipton,2023-08-01 05:21:16,"control members. members play loud music cars late night, drinking drugs, respect neighbours' right quiet enjoyment sleep. got security personel. shame!!!",1,52.524461,-2.0492538,GB
Epsom,2023-08-01 03:40:29,personal trainer sami abrupt rude husband. smirking; eye-rolling fat shaming people unacceptable. attitude towards aggressive disrespectful. upset unprofessional manner behaviour. going back!,1,51.3326098,-0.2678212,GB
Blackburn The Mall,2023-08-01 03:10:15,"1st time gym. started workout bench straight away asked many sets left!! went start 2nd routine cable, set rested, someone came started workout, without even asking finished. packed stuff went. shocking gym",1,53.7489149,-2.4826216,GB
Ormskirk,2023-08-01 00:39:06,"best sadly. incline bench decline bench chest. isn’t single machine whole gym work arms, also machine lower legs. changing rooms small sub-standard. there’s sports water machine despite supposed part ‘plus’ membership package, actual water fountains don’t work properly. oh place often kids arsing around staff leave late on. can’t comment staff haven’t met one yet months. worst puregym i’ve in, yet oddly expensive (£35 per month actually costs despite kirkby aintree cheaper equipment). apart it’s fine. sadly puregym seems ‘amazon’ approach - i.e. put every gym area business offer substandard product. progress.",2,53.5673603,-2.8859603,GB
Manchester Exchange Quay,2023-07-31 23:58:47,"wifi, enough equipment air conditioner prices keep going up. update: need approach manager leave feedback suggestions box, everyone knows air conditioner wifi doesn’t work. also send email months ago recibe received response saying puregym “working it”",1,53.4663229,-2.2822821,GB
London Wall,2023-07-31 04:19:39,"ac priced, workout comfortably",1,51.5099294,-0.0760209,GB
Newcastle Longbenton,2023-07-31 01:58:35,"self husband cancelled membership go another gym pt. gym evolved almost unrecognisable years ago. drains stink gym floor out, equipment broke fixed quickly (definitely months managed baby time took fix leg machine). people never put weights away load sledges etc. loads quality personal trainers leaving aswell. real shame.",1,55.0089239,-1.5916006,GB
Liverpool Brunswick,2023-07-30 23:37:29,"toilet facilities disgraceful, considering much monthly payments are.",1,53.3832177,-2.9760156,GB
London Tottenham Court Road,2023-07-30 22:57:11,"going 5/6times week year now. bad gym small e well done dirty. showers, bathroom got fungus skin everywhere used take shower work out. please improve cleaning gym/showers changing rooms benches lockers super dirty well. also wifi internet connection working properly. missing parts.. sorry fungus 1star",1,51.5163525,-0.1313917,GB
London Sydenham,2023-07-30 20:05:51,"lot creepy guys here. uncomfortablely watched & hassled times now. day guy member came like ft tell workout. told & leant wall & kept staring me. followed around bit going machines next me. finally backed pulled phone & made call. wanted tell staff wasnt around. left. recommend women! see reviews like this. puregym need something. gym also small often clean, sure people saying otherwise.",1,51.427742,-0.0542215,GB
Leeds Regent Street,2023-07-30 19:25:32,"even though gym far live, come ladies section want comfortable workout wear light gym gear. past two weeks noticed male trainers come & ladies section unnecessary reasons, scan place, take equipment & chat ladies minutes leaving!! make sense me, cut work sessions leave least twice unfair. really hope male trainers stop coming ladies section.",2,53.799097,-1.5352944,GB
Paisley,2023-07-30 17:24:36,cheap really really poor maintenance cleaning standards. important note i’ve seen older inexperienced people exercising pt’s laugh instead offering help. you’re new gyms place you. also expect smelly dusty locker rooms,2,55.8455828,-4.4239646,GB
Northampton Weston Favell,2023-07-29 17:23:25,waited hour mot tester get lift work. waste time,1,52.2577432,-0.8369027,GB
Woking,2023-07-29 14:42:10,"bought day pass, never got sent email pin got sales receipt. staff weight room, wait minutes someone come let out. dangerous.",1,51.3201891,-0.5564726,GB
Inverness Inshes,2023-07-29 14:22:01,far town !! need one closer,1,57.465196,-4.1869967,GB
Birmingham West,2023-07-29 07:59:03,showers always freezing cold month issue resolved. cancelled membership moved sandwell aquatic centre thank god.,1,52.4796992,-1.9026911,GB
London Enfield,2023-07-29 06:08:11,"gym insufferably hot, walk already sweating. seems never busy fantastic. sprint machines even get set always hunt find dumbbell",2,51.6517156,-0.0786839,GB
London Angel,2023-07-29 05:58:06,terrible service. policy missing class bookings show themselves. bull.,1,51.5324874,-0.1060356,GB
Leicester Walnut Street,2023-07-28 08:48:12,say. home gym west midlands. place bad. ha e gym etiquette whereby members put back dumbbells back correct places expect others put back. home gym would run risk membership suspended. policy ? also lot equipment order. come people lot better.,2,52.6244566,-1.1343556,GB
Plymouth Alexandra Road,2023-07-27 23:23:36,it’s uncommon see group boys using one machine hour. good luck waiting,1,50.3818354,-4.1266441,GB
Birmingham West,2023-07-27 20:02:02,hey one called parm using code friends code pure gym leaked code friends idk person got code please can't go gym week need help change code manager help service gym. fell like money got wasted. hope listen help change code thank,1,52.4796992,-1.9026911,GB
Trowbridge,2023-07-27 18:51:28,nowhere leave bike. opened advertised somewhere leave bike year development. staff aggressively tell cannot leave porch recommend leave busy mcdonald's pathway 200m away outside costa. heavily invested bike want leave either places. drive car previously damaged car park shared mcdonald's. gym large number children teen members attend mass making difficult utilise equipment hog machines large numbers. feel cable resistant machines smooth inconsistent feel range motion. cancelled membership today year rejoined anytime fitness.,2,51.3161569,-2.2024324,GB
london Croydon,2023-07-27 17:00:35,music please change music,1,51.3550556,-0.0643104,GB
London Piccadilly,2023-07-27 07:35:50,wifi. ac. staff. incredibly uncomfortable layout floors. ridiculously small crowded even 9pm. also cheapest. go somewhere else...,1,51.5060854,-0.1441691,GB
Dundee,2023-07-26 23:28:27,gym good jackets bag lost responsible pure gym first time go gym good,1,56.4605938,-2.97019,GB
Cambridge Grafton Centre,2023-07-26 21:17:22,first last visit gym. literally overrun inconsiderate disrespectful teenagers. honestly whole place unprofessional dirty. staff bothering enforce kind rules. genuine advice anyone stay well away gym,1,52.2062587,0.1348954,GB
London Greenwich,2023-07-26 19:36:35,"studio musics extremely loud! there’s studio class day, it’s impossible focus training. even headphone; cant hear spotify music. men toilets complete mess.",1,51.4686256,0.0488306,GB
London Borough,2023-07-26 07:40:45,"pros; near tube station, always clean, good air con & added amenities. cons; oversubscribed gym. would try go hours 6am-8am want use bench's, free weights, cable machines & pulldown/pull-up bars. busy 11pm-2pm even busier 5pm closes (which 10pm). also shuts 8pm sunday's. would great gym able go outside hours, something consider working area.",2,51.5011444,-0.0932926,GB
Walsall Crown Wharf,2023-07-25 12:11:08,"parking validation worked visits. tend visit quieter times staff finishing shift, emergency contact number goes someone tells take fine dispute puregym 🤣 please fix validation printer - update 01.08.23 actually asked dispute group nexus puregym using puregym app managed supply gym usage times … fingers crossed",2,52.5872454,-1.9883526,GB
Leeds Bramley,2023-07-25 08:49:27,"wayyy busy. google analytics misleading/inaccurate, upon joining opening app learned literally people gym. lowest seemed dip 70-80. staff presence visits, quickly cancelled membership. mind queing lot use equipment, want treadmill/ cross trainer probably alright. worth joining plan work 5-8pm.",2,53.8118759,-1.6251903,GB
London Angel,2023-07-25 05:58:02,oversold memberships,1,51.5324874,-0.1060356,GB
Northampton Weston Favell,2023-07-25 05:17:42,best pure gym,2,52.2577432,-0.8369027,GB
London Leytonstone,2023-07-25 03:58:19,gym owner compassion man’s shouting using gym ball telling friends get,1,51.5684052,0.0111701,GB
Swindon Mannington Retail Park,2023-07-25 02:07:25,"no. gym small, stuffy meh. split upstairs downstairs. mainly cardio upstairs along toilets, downstairs small cramped, equipment close together, roof shakes runners upstairs, feels like top other. stuffy also, great experience. greatful stratton.",2,51.5540137,-1.8131711,GB
London Marylebone,2023-07-25 01:47:15,"never thought would cancel membership leave gym poor wifi connection inside gym. 4g, 5g, definitely puregym wifi connection. yes, purely reason ive left puregym now. sad true.",1,51.5243712,-0.163592,GB
Fareham,2023-07-25 00:36:40,"thinking joining pure gym fareham here's advice: dont bother, unless enjoy watching jumped little students playing phones, taking selfies & updating socials whilst sat equipment !! maybe cheap membership attracts maybe time went evening jesus christ least half people tonight wasting time phones sitting equipment impeding members training. staff seem.very young & nothing 'misuse' facilities. toilets disgusting, bloodied toilet paper floor & cubicle door close/lock (been like weeks) there's 'gym atmosphere' leisure centre without pool. dont waste time money !!!",1,50.8526637,-1.1783134,GB
London East India Dock,2023-07-24 20:14:28,sure anyone give gym stars ? one honestly never trained better gym people really think pinnacle gym ? absolutely bang average possibly slightly aspects. getting pay ? exactly possible home gym piccadilly better worse. maybe london thing ones train one star better continually.,2,51.51103,-0.0228617,GB
Runcorn,2023-07-24 11:09:58,disappointing. lots equipment ‘out order’ meant equipment working queues people waiting. despite arriving 05:20 gym busy,1,53.3421509,-2.7334941,GB
Oxford Templars Shopping Park,2023-07-24 01:35:14,"gym headache. confusing website, app region locked uk device another country, forget it. even ripping apk uk device work. form requires fill lot personal info use privacy policy unclear. pin supposedly sent ""immediately"" took quite long emailed. clean gym great atmosphere cheap entry fee, poorly equipped, feels disorganised slightly unsafe, lacks disabled access (the one wheelchair accessible toilet women's order, plumber supposedly supposed come fix within four hours, never came). loads equipment cardio, lack proper freeweight workout support: find dumbells 5kg. many proper dumbell racks many dumbells placed low shelves pretty sure made (and ruin back). five adjustable benches total whole two-story gym. machines also require load actual barbell plates, could easily injure you... decent heavy lifters, experienced gym-goers people cardio suppose, beginner lifter, trying target underdevelopped muscle group, would recommend. also, want dodge dumbells scattered across floor, come staffed hours. glad paid one day. alternative within budget, means go it, personally, going different gym next time.",2,51.7333472,-1.2178489,GB
London Shoreditch High Street,2023-07-23 23:34:05,"there’s staff, can’t even sign here. idiotic.",1,51.5232534,-0.0744674,GB
Northolt,2023-07-23 17:51:17,cant give zero stars 1st last time using gym! terrible gym! lots equipment last legs lights dim dull weights place dumbell etiquette (put away theres slot) male changing areas sickeningly smelly felt dirtier coming going in!! gym doesnt seem maintained deep cleaned,1,51.5484582,-0.3695247,GB
Derby,2023-07-22 07:12:20,worst gym,1,52.9142235,-1.4719885,GB
Yeovil Houndstone,2023-07-22 01:19:23,"don’t recommend place simply safe, guy comes dead treats abusing racially front managers everyone gym banned gym defending family thats mean place full incompetent people managing simply safe health 🙅🏻‍♀️🙅🏻‍♀️🙅🏻‍♀️",1,50.9457438,-2.6713494,GB
Coventry Bishop Street,2023-07-21 16:55:14,dehydration station working.very equipment available plus important manager one rudest person ever seen avoid gym,1,52.4119048,-1.5116835,GB
Swindon Mannington Retail Park,2023-07-21 14:03:50,"*literally got kicked functional area pt group class* recently experienced (1 hour ago) challenging situation gym compelled share feedback. someone greatly appreciates utilizing functional area, particularly exercises involving kettlebells, box jumps, assault bike, sledge, encountered unfortunate incident workout. session, group class conducted personal trainer, occupied entire functional area, leaving space individual workouts. despite preference using functional area available equipment, requested leave area mid-workout accommodate ongoing class. surprise, even advised take 24kg kettlebell upstairs, though initially presumed jest. considering gym's size layout, would appropriate group classes take place designated class area upstairs rather overtaking entire functional area. way, group class participants individual gym-goers enjoy harmonious conducive workout environment. understand group classes integral part gym's offerings, equally important ensure designated areas respected cater everyone's fitness preferences. particularly enjoy incorporating exercises involving sledge, box jumps, kettlebells, pull-up bars, free weight racks routine, would advise avoiding gym hours 0600-0700 prevent potential disruptions. result unfortunate experience, decided discontinue membership pure gym. rarely write reviews, manner asked leave area undeniably discourteous unprofessional. hope feedback contribute considerate inclusive gym environment members.",1,51.5540137,-1.8131711,GB
Belfast St Anne's Square,2023-07-21 09:00:51,"basic gym... loved going morning..not many people there.. alas leave join another gym...new crowd odour disgusting... pay money sniff people's stink...awful. sorry move really liked here...but times change.. maybe day time better basic gym looking ,then can't go wrong here...",2,54.6033121,-5.9271135,GB
Rayleigh,2023-07-20 20:44:22,year old irish traveller kids allowed younger staff member 9pm yesterday. thought irresponsible company practice sure members felt harassed. kids looked allowed roam like playground.,1,51.5884892,0.6012418,GB
London Borough,2023-07-20 19:43:52,"hot water female showers two months. plus, changing rooms regularly cleaned. hot water showers standard luxury, especially given cost membership.",1,51.5011444,-0.0932926,GB
London Angel,2023-07-20 18:03:03,"love machines, unreasonably busy. one getting membership there.",1,51.5324874,-0.1060356,GB
Paisley,2023-07-20 17:22:43,support personal trainer's gym! even induction day asked someone could show set machine. left without help negative rude approach toward member. personal trainers income oriented helping people. defo looking new gym.,1,55.8455828,-4.4239646,GB
Harlow,2023-07-20 16:52:28,showers week first time. rely shower workout would strongly suggest sign up. couple days im switching pure gym.,2,51.7685568,0.0949036,GB
London Hayes,2023-07-20 06:27:18,"gym machines ok , busy time , wait machines work . drinking water , male toilets wont work time .",2,51.6621711,0.7083861,GB
London Muswell Hill,2023-07-20 02:14:49,super disorganised gym full people doesn’t care putting weights place…,1,51.5910395,-0.1420768,GB
Leicester Walnut Street,2023-07-19 20:51:31,"avoid. lack aircon puregym guarantees unpleasant experience cardio. there's also stench problem. cancelling membership, expecting multiaccess membership.",1,52.6244566,-1.1343556,GB
London Waterloo,2023-07-19 17:19:46,"missing basic equipment, little britain gym lot better equipped quieter",1,51.5028379,-0.112801,GB
Maidstone - The Mall,2023-07-19 16:29:04,crowded even really peak times. booked circuit training instructor show up. packed like sardines,2,51.2730013,0.5255069,GB
Edinburgh Waterfront,2023-07-19 12:56:51,"let pay joining fee last month joined told gym closing next month okay, move craigleith? left village could walk gym rather take car, craigleith last place would attempt get 6pm car! upfront joining gym would open couple months",1,55.9785813,-3.2438905,GB
Bracknell,2023-07-19 10:15:23,terrible gym. went discover half gym closed signnage indicate this. first gym without squat rack free weights. notifying staff unhelpful. reccommend.,1,51.4143513,-0.7449925,GB
Bradford Thornbury,2023-07-19 09:24:58,"friendly staff, lot equipment order. weight machines lot pieces missing needed train certain muscles! showers cold low pressure.",1,53.8030213,-1.7048953,GB
London Greenwich,2023-07-19 07:34:01,needs run a/c. removed cleaning stations,2,51.4686256,0.0488306,GB
Coventry Bishop Street,2023-07-19 04:52:27,parking supposed free. apparently time machines working properly far ended paying £20 parking one month!,1,52.4119048,-1.5116835,GB
London Marylebone,2023-07-19 01:40:49,unfortunately hours like others puregyms.,1,51.5243712,-0.163592,GB
Manchester Spinningfields,2023-07-19 00:09:45,"gym well equipped good staff (this really puregym business model else) busy. even outside peak times (my typical slot 20:00-22:00) wait around mins total get everything done need rack example. increasing popularity get worse, nothing physically wrong gym i’d hasten add.",2,53.4800153,-2.2517994,GB
Bromsgrove Retail Park,2023-07-18 23:04:54,"ever go again, would beautiful blonde works reason",1,52.3382139,-2.055081,GB
London Leytonstone,2023-07-18 17:08:43,"home gym stratford closed maintenance came here. gym ok, ok want quick basic workout, half lockers work, smells soon walk in, there’s changing rooms small toilets shower rooms together. home gym stratford definitely better better facilities it’s cleaner fresher",2,51.5684052,0.0111701,GB
London Leytonstone,2023-07-17 15:59:48,home gym stratford close temporarily maintenance work use leytonstone gym first day can’t last minutes gym small smells bad ac sweat stays coming back waiting home gym open,1,51.5684052,0.0111701,GB
Exeter Bishops Court,2023-07-17 04:54:21,"first time pure gym usually go smaller independent gyms. gym big lot machines time missing lot weight machines found smaller gyms might due demographic. also see racks weights leg press ect, racks machines made bit difficult load machines weight wanted. slightly cheaper standard rate day pass £10 good. overall ok gym lot better suited people cardio used using common machines weight training.",2,50.7151321,-3.4685252,GB
Runcorn,2023-07-16 23:11:34,"old tired equipment. maintenance seems issue machines weeks time. music sometimes far loud, let's keep ambient everyone. often flooded newcomers taking equipment use free trial meaning dedicated paying members work around even early hours morning. people like staff turn blind eye. nobody wiping equipment asked put weights back. staff need grow pair!",2,53.3421509,-2.7334941,GB
Southampton Central,2023-07-16 20:00:00,"would give stars fact one week headphones perfume stolen someone could afford it, let go work earn steal works bottle perfume specific flaw, better don’t see see someone's headphones also recognise them. really sad people places…😡😡😡",2,50.9074977,-1.4142289,GB
Newport Gwent,2023-07-16 13:26:48,"worst puregym around, absolute mess. parking meter machine working, also water machine working. weights everywhere floor place shelves. 11am!! reading review thought way cant bad…. is…",1,51.590121,-2.9985571,GB
London Camberwell New Road,2023-07-16 12:06:08,machines always broken there's limited number machines.,1,51.4802321,-0.1081217,GB
Leamington Spa,2023-07-16 02:11:19,way hot always. even middle winter hot there. wear coolest possible clothing still get exhausted easily heat. otherwise far crowded use except early late.,2,52.2913394,-1.536404,GB
Manchester Market Street,2023-07-15 23:40:05,one worst pure gym branch i’ve ever to. none lockers work male toilet broken .,1,53.4824808,-2.2411908,GB
Bradford Thornbury,2023-07-15 21:29:01,member half year. stuff nice friendly. lot machines. basically i’m happy gun except one thing. whenever something breaks fix long time… example machine leg curls broken months ago. please fix it!!!!,2,53.8030213,-1.7048953,GB
London Shoreditch High Street,2023-07-15 11:34:10,"leaking pipes everywhere, air conditioning often turned times high temperatures it’s working. management really need make urgent changes get standard branches. staff friendly building management poor.",1,51.5232534,-0.0744674,GB
London Colindale,2023-07-15 08:12:30,worse gym ever!!!! avoid avoid avoide,1,51.5954091,-0.2499296,GB
Witney,2023-07-15 06:41:46,sold memberships. unable access equipment due crowding. school kids attending groups 5/6/7. impossible really.,1,51.7838848,-1.4852861,GB
london Croydon,2023-07-15 05:00:57,sooo difficult find place!!! tried call went automated voicemail. ugh,1,51.3550556,-0.0643104,GB
Southampton Bitterne,2023-07-15 04:30:42,"becoming increasingly dirty! equipment always broken, changing room dirty toilets disgusting. would make sense shut deep clean stop giving many free sessions people never going pay go there. look regulars. impressed",1,50.9181488,-1.3769392,GB
Harrogate,2023-07-14 20:26:45,"would recommend pure gym harrogate cost even charge all! rude blond man(cleaner) moody unhelpful. disgusting male changing room, super smelly never find employee gym case emergency. first week already regret decision joining! definitely return month after.",1,53.9921491,-1.5391039,GB
London Wandsworth,2023-07-14 18:35:51,"looking closer maze rather gym, damp smell everywhere, constant leak held buckets ground floor, stretching area quite tiny, cold shower complete lot!",2,51.4570271,-0.1932607,GB
Manchester Bury New Road,2023-07-14 17:05:04,nice gym all.. plus member ship need pay enter ? ridiculous. always unstaffed really helpful.,1,53.493801,-2.2502732,GB
Belfast Boucher Road,2023-07-13 19:24:27,"always unfriendly atmosphere (particularly staff) progressively getting worse. entire top floor, including cardio machines, unusable smell raw sewage, unresolved weeks? water fountain consistently filthy, actual green mould growing taps (which case weeks). paper towels/sanitizer spray almost never stocked. music often house music blasted aggressive volume. male staff walk female changing rooms. air con rarely used making sweat box everyone. please get together, pure gym!",1,54.5710822,-5.9716097,GB
London Wandsworth,2023-07-13 18:44:08,rude bitter woman working staff.,1,51.4570271,-0.1932607,GB
London Limehouse,2023-07-13 15:22:28,twice door opened one side refused let in. angry shows out. hate door !!!!!,1,51.5133074,-0.0351492,GB
London Whitechapel,2023-07-13 12:20:59,"class gym canceled therefore decided check classes nearby gyms. one always attend booked decided give try. trainer way times rushing allowing correct time exercise, worst came switching sides. one side would always half time. didn’t feel like workout although trainer late class class also finished early. safe say 1st last time attending classes location.",2,51.5174861,-0.0659685,GB
London Borough,2023-07-13 07:38:39,"tgere machines train back (lats) rowing lat pull ,, super small gym . doesn’t machines train back means gym . paying train muscles.",1,51.5011444,-0.0932926,GB
Bradford Thornbury,2023-07-12 21:19:37,loads broken tradmils rowing machines pay 27.99 month gym equipment work. please tell still paying,1,53.8030213,-1.7048953,GB
Newry,2023-07-12 14:46:22,big dissapoinment! visiting uk tried join gym possible u dont uk bank account gym everybody! really bad 👎🏾,1,54.1775283,-6.337506,GB
Sutton Coldfield,2023-07-12 05:21:34,"going almost everyday nearly years gives licence comment review gym accordingly. facilities meet demand, equipment like ropes goes missing weeks full broken machines. always bad last month really gone downhill really concerning, sad see. good luck getting good weight based here, place anyone takes seriously due lack proper working equipment overcrowding. staff respond review doubt copy paste comment ""app times"" attend gym week various times today hit boiling point shoddy",1,52.5623089,-1.8239794,GB
Bournemouth - Mallard Road,2023-07-12 03:00:24,use gym night time. constantly tissue refills spray bottles constantly empty broken work. makes hard us gym gower's keep tidy clips accessories broken replaced stairs cable machines. go good group people train gym. cleaners - terrable trainers rude generally helpful. good atmosphere users would rate triangle pg rough edges need sorting out. member see worked would really like change rating. 😔👍,1,50.7503219,-1.846402,GB
Hednesford Cannock,2023-07-11 21:17:34,"going since 2016, unfortunately last five attempts visiting unable use machines due busy store broken equipment cancelled direct debit coming back. bye. (it shows loyalty customer years returned actually capping limit crowded gym) classic example profit greed things lately",1,52.7113843,-2.0025384,GB
Aylesbury,2023-07-11 18:36:13,"air con, unbearably hot. i’m sure it’s health & safety hazard. issue last year quite frankly don’t seem care!",1,51.8161412,-0.8130383,GB
London Angel,2023-07-11 17:55:52,"i’ve membership puregym years angel branch rudest staff i’ve ever dealt with. months ago male pt came said squats bad without offering constructive feedback improve form. week powerlifting new member staff came told shoes deadlifts. never told puregym keep shoes on, i’ve even advised take pts lifts. anyone knows thing weightlifting knows decreasing space feet floor safest best way squats deadlifts. explained unsafe risky would lifts chunky shoes said didn’t care gym shoes stay on. said hygiene issue, don’t see enforcing rules bothering customers wiping surfaces. i’ve seen people socks plenty times gym told lying, even though told she’d weeks i’ve coming angel puregym year. didn’t want injure continued continuously disrupted workout speak condescending way child. staff clearly don’t know stuff seems like look ways make time unpleasant boredom enjoying power.",1,51.5324874,-0.1060356,GB
London Borough,2023-07-11 07:40:41,"gym size decent crowded except machine area. however, female changing room's shower area filthy tons midges. even clean every day? idea 🤨",2,51.5011444,-0.0932926,GB
Purley,2023-07-11 01:47:46,"busy, pictures website need updating lot machines close together, ac unit high enough, enforcement users put weights back clean machines",1,51.3388112,-0.1158589,GB
London Holborn,2023-07-10 21:15:32,decent gym. would nice air conditioning summer…it’s hot hell inside.,1,51.5195982,-0.1137266,GB
London Acton,2023-07-10 20:25:07,"gym dirty. almost every machine weight plates glue together dirt use hands divide ( dangerous). enough space dead lifts changing rooms dirty, shower there.",2,51.5027051,-0.2799643,GB
Bournemouth the triangle,2023-07-10 19:44:47,"gym always bit joke (overflowing sanitary bins left days, hand sanitiser sanitiser spray consistently empty, clips equipment broken/missing) always rationalised get pay for. injure bleeding, expect least plaster, right? nope! asked someone floor one, said get one, minutes sets later (using tissue bleed machines) still nothing. understand trainer floor super busy, even knocked office door two separate times, knowing someone there, received answer. small cut deep clean stop bleeding. ended getting blood clothes belongings time pack 👍 cheers! better next time!",2,50.7202399,-1.8840071,GB
Sutton Coldfield,2023-07-10 17:23:36,"space, weights, bench horrible need stay queue",1,52.5623089,-1.8239794,GB
Barnstaple,2023-07-10 10:20:04,manager looked bored. interaction gym goers,2,51.0804057,-4.0600467,GB
London Bermondsey,2023-07-10 04:47:18,horrendously busy unless like workout 5/6am actually able find space equipment either working taken someone apparently stockpiling every weight gather. place seems pretty grubby dirty best times nobody seems clear themselves. even spotted staff working leaving pile dumbbells plates scattered about. dirtiness made worse less cleaning stations entire place.,2,51.4970125,-0.063268,GB
London North Finchley,2023-07-10 02:46:18,"like youth centre, full young kids play fighting,groups sikny little boys messing !not proper gym go elsewhere 💯 % pathetic needs new management staff also ! shocking actually",1,51.6124905,-0.1756922,GB
Glasgow Bath Street,2023-07-10 02:05:57,busy,1,55.8637839,-4.2559582,GB
Gateshead,2023-07-09 17:11:27,"love pure gyms get feeling one run fully potential. needs cleaning frequently loo paper stocking etc! loads unused cardio equipment, size place little stretching area free weights space. always queue bench press deadlift. need plates also safety grips free weights. missing good bits kit pure gyms (for example assault bikes).",1,54.9625789,-1.6019294,GB
Birmingham Snow Hill,2023-07-09 13:59:51,"small gym lacks lot equipment, smaller free weights located studio upstairs, constantly classes can’t grab them. there’s bits equipment like boxes plates kept unfair gym users don’t want class, need equipment. isn’t enough space stretch out/do workouts aren’t machine focused. gym floor also carpeted, imagine many body fluids embedded carpet! can’t wait finish one month membership",1,52.4834796,-1.8992405,GB
Preston,2023-07-09 12:49:16,"gym let staff gym users, it’s absolute mess place i.e get teens leaving dumbbells floor, whole time i’ve trained i’ve never seen dumbbell kind order rack, bars left plates on, never seen staff educate anybody proper gym etiquette, think people train aren’t serious working every gym i’ve trained life wouldn’t tolerate behaviour, could good gym small improvements isn’t hard put dumbbells we’re belong isn’t hard make sure signs everywhere stating enforcing rules everybody enjoy gym experience instead stressful nightmare trying find equipment think staff care less gym goers place managed, i’ve nearly trained month look another gym unfortunately, don’t mind unorganised gyms, it’s bad place clinical workouts don’t like messing around sets looking one dumbbell one side rack another side, plenty better options preston.",2,53.7593363,-2.6992717,GB
Harrogate,2023-07-09 08:27:06,worn often disabled machines. obnoxiously loud music. 70db+ 2am completely unnecessary. changing room stinks urine days.,2,53.9921491,-1.5391039,GB
Derby,2023-07-09 07:06:26,"definitely worse gym going far pure gyms travel around country. dirty, smelly much equipment unlike others. hate think would like peak time. parking pay top pay gym. however staff customers friendly.",1,52.9142235,-1.4719885,GB
Aylesbury,2023-07-09 06:36:11,"reading reviews experience, clearly something wrong main floors air conditioning.. none. felt airflow vents. there's ongoing issue persisted year sign acknowledgement action fix. outrageous see lack response management generic replies every single review bringing issue. gym ashamed. inevitably receives generic reply, gladly terminating membership.",1,51.8161412,-0.8130383,GB
Gateshead,2023-07-09 05:15:32,"gym looks like green house place air conditioner working free weights, top vending machine working drinks cooled . see air conditioner . it’s degrees today .",1,54.9625789,-1.6019294,GB
Northampton Central,2023-07-09 02:44:19,"payed day pass receive pin, complete waste money help staff",1,52.2365694,-0.8982839,GB
Birmingham Beaufort Park,2023-07-09 02:34:13,"used good increased membership price. it’s squashy, stinks gets way hot stuffy. ac never seems either. also love i’m working rainy weather tiles cave head",1,52.493268,-1.8171797,GB
London Tottenham Court Road,2023-07-08 22:52:23,"pure gym tcr year now. enjoying classes instructors disappointing see best classes (step - zumba - pilates - yoga) external instructors, sold every week charged extra. shame add extra cost classes clearly super popular giving 2-weeks’ notice gym members. please reconsider many people already thinking go another gym due extremely unconscious decisions.",1,51.5163525,-0.1313917,GB
London Tottenham Court Road,2023-07-08 22:52:23,"frequenting gym several months now, feel compelled leave review. overcrowded, enough equipment people frequent it, good time work weekend off-peak hours. poor care gym, poor hygienic conditions toilets, also due fact people poor personal hygiene little civic education. cold air conditioning, even winter, much neck problems. non-existent staff. connection 3,4,5g, wi-fi staff. short, poor would go elsewhere. recommend it!",1,51.5163525,-0.1313917,GB
Solihull,2023-07-08 19:50:53,"times gym speak member staff, wanted sign membership wanted look inside. wait buzz member staff never arrives... happened twice. 1st day stood like lemon minutes pressing buzzer member staff responded. 2nd time approx minutes, response again. ignored staff... 2nd visit even asked gym goers please send member staff front, still get response. 3rd visit yesterday, instead buzzing waiting walked right behind someone. used phone get followed them, waited ""reception"" area desk right next pt room... could find anyone again. waste, attempts speak someone joy, guess going elsewhere!",1,52.4130189,-1.7768935,GB
Leeds Regent Street,2023-07-08 19:20:38,"weird gym woman. one side there’s women’s section absolutely great don’t feel comfortable working around men. however go upstairs wider range equipment literally men completely stick out. gym i’ve i’ve men come correct form try give unwanted advice, would men probably not. think issue there’s women’s section it’s almost though expected go hence upstairs almost men. definitely big shock coming gone city centre gyms however free parking main reason continue coming. note women feel uncomfortable here: paid amount everyone else right everyone else use part gym want",2,53.799097,-1.5352944,GB
London Hoxton,2023-07-08 13:17:36,hottest gym london! ac working probably.,2,51.5323935,-0.086078,GB
London Waterloo,2023-07-07 17:17:33,worst hair dryers known man,1,51.5028379,-0.112801,GB
Romford,2023-07-07 07:22:24,"update: closed due flooding, time several days. shameful. pathetic excuse gym. closed due flooding. happening way often gym advertises 24/7 least 4th time less year closed due sort water / drainage related issue. ""upgrading"" membership allow access gyms inconvenient get situations cut it. providing compensation days members paying gym unable use it. checking website see gym reopened (which still hasn't) also found new members join off-peak membership £18.99 per month, however paying £20.99 per month exactly thing. long time member originally joined gym opened, find disrespectful. check overcharged too!",1,51.5760462,0.1822646,GB
Warrington Central,2023-07-07 05:31:27,good,2,53.3919402,-2.5924167,GB
Manchester Cheetham Hill,2023-07-07 04:00:40,cheeky business make sure read fine print transactions change gym/alter payments month stuck till next month.,1,53.5032866,-2.2344764,GB
London Lambeth,2023-07-06 21:57:33,limited broken equipment. messy. think it’s largely due poor gym etiquette patrons.,1,51.4952111,-0.1163354,GB
London Great Portland Street,2023-07-06 13:23:12,"visited puregym great portland st. afternoon, really disappointing experience. aircon broken whole gym nasty decomposing smell. puregym good advising members showers working fail miserably aircon breaks, frequently. gym clean staff always friendly however lack good aircon real issue. member years regularly members promised improved aircon. late last year advised lovely staff whole aircon system going replaced jan however yet happen. puregym keeps repairing patches, good enough. puregym’s head office want spend money shame potential new members join. fear constantly broken aircon hot summer time freeze membership.",1,51.5238146,-0.1437048,GB
London Enfield,2023-07-06 05:59:32,"peak £22 monthly plan pointless using gym evening option. plan lets use facilities 21:00 usually packed time. aside gym oversubscribed, ventilation place terrible. two stars closest hour gym there's loads parking - thanks argos shut across road.",2,51.6517156,-0.0786839,GB
Swindon Stratton,2023-07-06 01:57:33,"bike got stolen, completely uninterested. apparently common issue",1,51.5844079,-1.7492304,GB
Yeovil Houndstone,2023-07-06 01:17:13,"enjoy gym it’s hot! i’ve told pts (who also think it’s hot) they’ve reduced air con least 50% save money, despite hundreds customers paying air con. know people considered leaving/left due this. it’s also quite dangerous gym hot felt ill sometimes whilst working out. sort air con hot",2,50.9457438,-2.6713494,GB
Nottingham West Bridgford,2023-07-06 00:57:03,get made feel like unless look like bodybuilder body glamour model. partner made feel guilty trying get self fit woman dig weight asked staff help laughed said people walked away. unless fit bother,1,52.9310754,-1.1256663,GB
Manchester Eccles,2023-07-05 10:01:43,"one go woman, especially got 'perfect' gym body. uncomfortable atmosphere lot creepy guys, guys taking lot space look / talk people gym. made feel like crying several occasions",1,53.4840887,-2.3375175,GB
Solihull,2023-07-05 07:40:30,keep money. there’s reason cheap. overcrowded young kids wannabe bodybuilders. people standing around waiting equipment. favour pay bit want gym truly offers experience everyone.,1,52.4130189,-1.7768935,GB
London Finchley,2023-07-05 07:00:10,"visited gym today encountered infuriating situation left fuming. despite crowded atmosphere, personal trainer shamelessly occupied bench smith machine whopping half hour, nobody else actually using them. make matters worse, went great lengths safeguard equipment, placing diary personal phone floor marking territory. behaviour absolutely disgraceful, especially considering gym's explicit policy encouraging equipment sharing. even astonishing, approached several individuals politely requested use machines since unoccupied, response filled sheer arrogance selfishness. truly exasperating witness actions, particularly paying use facilities, fair everyone equal access equipment. isolated incident, observed pt's engaging similar behaviour. disheartening see blatant disregard basic gym etiquette, sake reserving equipment trainee even present. understand personal trainers earn living training others, important remember paying use facilities. fair everyone equal access equipment. appreciate role personal trainers gym, becomes problem monopolise machines benches extended periods, especially clients actively utilising them. gym's policy encouraging equipment sharing place precisely ensure fairness efficiency members. strive balance personal trainers fulfill professional duties still respecting needs rights gym-goers. disheartening witness instances balance disregarded, leading frustration sense unfairness among paying members.",1,51.5973246,-0.1805587,GB
Gateshead,2023-07-05 05:09:14,rudest staff i’ve ever seen life!,1,54.9625789,-1.6019294,GB
London Bermondsey,2023-07-05 04:38:59,"good size lots equipment ridiculously busy especially work, always seem machines broken time, particularly leg press treadmills. staff ok need keep tighter handle people cleaning place tip time there's repercussions people it. recently also removed nearly sanitising stations seems really weird decision given hot sweaty place minute. good going work early mornings (5/6am) hours people work otherwise nightmare, especially given expensive is.",2,51.4970125,-0.063268,GB
Manchester Cheetham Hill,2023-07-05 04:08:44,"first time pure gym. packed, lots equipment great space free weights but… busy free weights plates left everywhere. cleaning station spray nobody wiping machines great selection machines though. might try gym quiet time stick normal pure gym early evening.",2,53.5032866,-2.2344764,GB
Birmingham Beaufort Park,2023-07-05 02:37:59,"membership suspended without prior warning, weights left floor us weights already floor. induction, prior warning, personal trainer working 5am morning mention anything us either weights, day suspension. everyone welcome, personally recommend gym, air con. assistant manager even apologise, personal trainer seems unhappy, approachable always face on.",1,52.493268,-1.8171797,GB
London Muswell Hill,2023-07-05 02:07:44,"experienced harassment homophobia gym whilst trying workout bullied gym group men want share workout space woman. went go look help staff, one entire facility help staff hours.",1,51.5910395,-0.1420768,GB
Dunfermline,2023-07-04 22:35:59,"ive regular since covid ended, staff friendly afew things wrong place im afraid. changing rooms/toilets cleaned often enough & alot lockers dont shut properly. majority customers dont clean machines use, especially males dont wash hands toilet use, dont see machines cleaned often, customers regularly dont. many vaping changing rooms & drug use premises, staff unaware vigilant enough. occassional people sneaking others in, cause arent staff regularly around. #could better",2,56.0713724,-3.4616183,GB
London Holborn,2023-07-04 21:15:19,much equipment,2,51.5195982,-0.1137266,GB
London Waterloo,2023-07-04 17:13:17,overcharged made pay normal amount + joining fee £58.99 applied 50% + jf promotion! customer service compensate refund overcharged amount.,1,51.5028379,-0.112801,GB
West Bromwich,2023-07-04 14:01:41,parking pay parking scammers every gym free,1,52.5186579,-1.9923114,GB
Uttoxeter,2023-07-04 03:56:33,cost higher tier pure gym locations lacking equipment available cheaper locations. enough equipment busy periods - spin bike (both stoke gyms 15+ each). equipment fixed quickly enough - spin bike worked properly months (not showing rpm) cross trainers order week now. poor management. leisure centre better opening hours go instead,1,52.8980321,-1.8649214,GB
Uttoxeter,2023-07-04 03:56:32,"extremely cramped busy period's difficult use equipment . changing facilities virtually none existent size gym number people using ,2 changing cubicles showers,who ever thought good idea needs head wobble. facilities looked , dirty , feels like sometimes showering small animal amount hair shower tray . new gym very, poor.. someone really needs think amount lack facilities. equipment absolutely fine , everything else. old pure gym stafford clean time, rare issue getting onto equipment cheaper uttoxeter, seems like ripped new gym. loads people also get free follow people gate, one seems bat eye lid . game please pure. showers blocked change , class music instructor volume sometimes horrendously loud , even noise cancelling earphones loud , seems women instructor's mainly. question earth need loud, get generic line company response .",1,52.8980321,-1.8649214,GB
London Muswell Hill,2023-07-04 02:05:36,smelly space,2,51.5910395,-0.1420768,GB
Staines,2023-07-03 18:01:32,air conditioning,1,51.434012,-0.511044,GB
Hereford,2023-07-03 12:08:35,gym cleaned enough toilets clean staff helpful,1,52.0553813,-2.7151735,GB
London Acton,2023-07-03 08:26:43,joined gym yesterday came use gym 6.08am gym shut opening hours advertised opening 6am update review. equipment poorly maintained. weight machines nearly impossible select desired weight plates stick together,1,51.5027051,-0.2799643,GB
Newcastle Eldon Garden,2023-07-03 07:46:24,vile place,1,54.9757161,-1.6168648,GB
London Limehouse,2023-07-03 03:24:13,"reason keep using place hours open like crowded gyms (hence go 4:30am). said, here's think place: several machines work brink failing. help put ""out order"" signs them. work taking out? men's shower area always full puddles water. urinals always stink urine (this thing really gets me). going use waterless systems please get one works, many market. cheaper gym chain mean shoddy basic things mentioned above.",2,51.5133074,-0.0351492,GB
Birmingham Arcadian Centre,2023-07-03 01:53:27,"gym good first signed however slowly going downhill. 80% men’s lockers broken unable close property, first joined getting worse worse makes incredibly annoying store things away session. top number occasions row automatic front door stopped working, day even unstaffed hours. would fine pin pad outside front door worked consistently half time doesn’t work meaning need wait someone leaving door sense motion inside turn around go home. lastly gym filled much unfriendly people used be. equipment selection good however location perfect, need put little bit care gym. hardly ever staff clearly causing people antisocial vandalise things.",1,52.4747581,-1.8965083,GB
Aylesbury,2023-07-02 18:29:41,"a/c situation absolutely awful, it’s hot must h&s risk. it’s complained numerous times (as per previous reviews) nothing seems done. seem haemorrhaging staff/trainers it’s obviously great place either. number classes offer cut significantly - weeknight spin classes weekend spin class. classes seem drop schedule warning, it’s impossible build routine arrange childcare able attend. went lbt class week, trainer sat phone time shouting instructions - motivating trainers can’t bothered exercise!",1,51.8161412,-0.8130383,GB
Dunfermline,2023-07-02 10:35:40,"good gym. biggest gripe incredibly messy is. weights place - floor, misplaced racks, left bars - everyday spend half workout wandering around looking plates need. staff here, personal trainers, never gets sorted. classes on, bass blasting magnitude noise-cancellation save you. ask turn down, it’s slightly better. air-conditioning rarely seems work. gets warm there’s lot people. redeeming factor it’s relatively cheap. would say get pay for, gym worth that.",2,56.0713724,-3.4616183,GB
London Waterloo,2023-07-02 05:12:57,"equipment selection great, space good, manager friendly pts joke. pt expressed actual knowledge elvis pts last years, he’s master trainer, rest seem average, ali looks like penguin. please fix shower issue! coming years it’s convenient me!!",2,51.5028379,-0.112801,GB
Leeds City Centre South,2023-07-01 21:59:18,pay extra £1. going city center. enough per month,2,53.3803135,-1.4706053,GB
Bradford Thornbury,2023-07-01 21:18:58,worst gym bradford. main machines missing. enough small (10 12kg)dumbells. people put back weights. reason coming closest gym change soon.,2,53.8030213,-1.7048953,GB
Chester,2023-07-01 16:56:45,"keep changing illegal charging fee , music feels like it’s dead place sometimes. pretty dirty gym everything stinks one cleans",1,53.1908873,-2.8908955,GB
Preston,2023-07-01 12:54:44,disappointed service equipment needs repair never bother it. water tap toilet also broken month left sign use rest room upstairs even disable. think come back never recommend anyone 👎👎👎,1,53.7593363,-2.6992717,GB
Manchester Eccles,2023-07-01 10:03:17,"lousy gym... previous gym also puregym, one salford. paying £16.99 month gym great, big, well equipped, machines good condition, clean. eccles puregym shame, small, cannot train well machines crowded due lack space, machines sorry state.... make lot noise... variety machines all, equipment deteriorated. changing rooms/shower/locker small. lack cleanliness. bad gym, least lower high price £22.99, fair pay monthly fee gym lousy services.",1,53.4840887,-2.3375175,GB
Birmingham West,2023-06-30 19:56:12,plz fix disabled shower. disabled shower working freezing cold.,1,52.4796992,-1.9026911,GB
London Streatham,2023-06-30 18:15:20,worse gym ever experienced charged every month paying £58.99 wifi horrible staff customer service.,1,51.429769,-0.1311105,GB
London Hayes,2023-06-30 18:15:20,"menager staff need interesting missing eguipment cleaning general cleaning !!! walk around going nothing . gym smelly , dirty safety . stołen bag last time dont check camera , avoided raport. bad !!!",1,51.6621711,0.7083861,GB
Coventry Skydome,2023-06-30 18:05:15,"1. overcrowded even 10pm evening, 2. phone number use contact them, 3. ""off peak"" time table showing anywhere peak membership forget peak hours turn gym able enter.",1,52.4075589,-1.5184111,GB
Birmingham Beaufort Park,2023-06-30 14:33:28,"pathetic gym, seriously recommend gym anyone. cannot even leave hoodie changing rooms without stolen dodgy characters attend gym careful !!!",1,52.493268,-1.8171797,GB
London Bermondsey,2023-06-30 04:38:25,"got told closing - says hours. local closed, doesn’t take lot change google hours. please get control google hours update accordingly",2,51.4970125,-0.063268,GB
Manchester Exchange Quay,2023-06-29 23:56:02,"air con summers row, timeline repair, old copy paste members.. make matters worse, sanitising tissue stations removed...why air con?! people unable clean areas sweat left lack air con. become unbearable leaving end next payment cycle.",1,53.4663229,-2.2822821,GB
Leeds City Centre South,2023-06-29 21:55:00,"i’ve used pure gym several years higher paying membership multi gym access partner use occasionally, main reason used mostly due location. however, recently increased price leeds south, good reason, lead reviewing experience. currently equipment shoddy state, example several running machines post higher speeds actually running at, verified garmin. needed you’re 20km close clear machine incorrect. pointed member staff basically said, ‘i don’t know much don’t use running machines’, pointed missing point, i’m simply asking get someone service machinery i’m substandard work out. one example many, sheffield branch go don’t turn aircon unless it’s blisteringly hot, take ages replace damaged equipment. addition, staff care mates, people want flirt with, specific people pay train them. otherwise you’re dead them. £26.99 month, assume £2-3 more. get same, probably better, experience gym group, nothing good experiences past. sure stayed long. i’m sure they’ll bland response, reality puregym owned american investment company, it’s lost purpose. provide accessible cost effective gyms.",2,53.3803135,-1.4706053,GB
Bristol Brislington,2023-06-29 21:14:40,"horrible showers, small dark space train",2,51.4377965,-2.5445382,GB
Manchester Exchange Quay,2023-06-29 11:49:55,"gym quite big spacious. wasn’t pt, wouldn’t use gym regular gym - air con regularly breaks takes month fix, don’t tend replace weights old equipment etc, doesn’t look like invest much improving gym. recently, they’ve removed sanitising stations probably unhygienic basic necessity gym.. i’m pretty sure covid demonstrated important regularly sanitise keep stations clean. another poor ‘cost saving’ move i’m sure explained away moving back pre-covid. want clean, hygienic safe place workout gym isn’t you. standard puregym copy paste response isn’t needed thank you. doesn’t help anyone doesn’t get anything resolved.",2,53.4663229,-2.2822821,GB
London Enfield,2023-06-29 05:56:56,"good amount equipment. however, gym always packed time go, people never put weights back enough weights thousand people attend everyday? water run female toilets never working.",2,51.6517156,-0.0786839,GB
Northampton Weston Favell,2023-06-29 05:16:36,"always busy! i’ve many sessions standing around waiting equipment benches, sometimes cutting sessions short pointless! dirty toilets showers.",1,52.2577432,-0.8369027,GB
Bournemouth - Mallard Road,2023-06-29 02:55:26,"company cares money way many members unless go early late can't get machines weights, always get treadmills theve got may need way little everything else...an toilets/changing rooms stinky mess much better gyms cancelled membership",1,50.7503219,-1.846402,GB
Leeds Thorpe Park,2023-06-29 01:04:31,"best part year % floor space unusable , shower cubicles, mat area taken weights, put price significantly, ought giving refunds",2,53.8006255,-1.4261013,GB
Manchester Urban Exchange,2023-06-29 00:14:06,crowded beyond belief - sort,1,53.4817408,-2.2283336,GB
London Lewisham,2023-06-28 19:31:38,- urinals men's changing room - action several weeks - handsoap dispenser men's washroom frequently soap - handsoap dispenser broken - changing rooms checked - someone walks signs 'checked' sheet walks without looking state washrooms (or checking soap levels example!) - air conditioning free weights area inactive several weeks height summer surprisingly bad gym overall. even bother contacting puregym va email - tell sort (i've already informed staff issues previously aware of),1,51.4656437,-0.0139562,GB
Paisley,2023-06-28 17:20:28,"gym fine poor equipment changing rooms showers worst, hot water long time mention stuff nothing fix it.",1,55.8455828,-4.4239646,GB
Paisley,2023-06-28 17:20:28,hot water showers. nobody listen complain it. outrageous.,1,55.8455828,-4.4239646,GB
Yeovil Houndstone,2023-06-28 01:11:50,good gym extremely hot. frustrating pay gym air-conditioning barely use turn summer high temperature. comes winter heating high using treadmill minutes already profusely sweating. like earn sweat don’t want sweat like pig even properly exercising. real shame air-conditioning big selling point me. i’m certainly reconsidering 😔,1,50.9457438,-2.6713494,GB
Grantham,2023-06-27 21:50:04,stuff taken lockers bag expensive didnt anything,1,52.913192,-0.6438974,GB
Grantham,2023-06-27 21:50:04,"stuff stolen locker!!! disgraceful, horrible, couldn’t anything !!!!!!!",1,52.913192,-0.6438974,GB
West Thurrock,2023-06-27 04:56:22,"increased price £2, gym sanitiser weeks disgusting. money going. got pandemic, need take cleaning equipment seriously.",1,51.47712,0.2721259,GB
Ipswich Buttermarket,2023-06-27 04:36:12,find people phones much..just sitting equipment actually workout/ .a guy today tick tock video near god sake !.also guys need stop hogging equipment/ machines groups intimidating.espcially women .let people use them.,1,52.0571564,1.1545049,GB
London Limehouse,2023-06-27 03:25:34,"machines take ages get fixed, switches broken cardio machines. internet",1,51.5133074,-0.0351492,GB
Stoke on Trent East,2023-06-26 23:43:37,full vests tattoos. can't get machines use free weights.,1,53.0593352,-0.8159322,GB
Southampton Central,2023-06-26 19:51:34,"bolted adjustable benches, cable tied caribeners cable machines sharp edges, staff busy staring gym goers manage gym. good thing cheap",1,50.9074977,-1.4142289,GB
New Barnet,2023-06-26 19:31:24,area uncomfortably male dominated staff carry sense superiority. manager acts like owns barnet. highly recommend go poor gym.,1,51.6497449,-0.1751403,GB
Sutton Times Square,2023-06-26 18:51:04,"bad customers service, pin suspended reason, wife’s pin working despite paid dd, suggesting either don’t care loyal members stilling money. leaving different gym, also couple friends, egz; somebody friends bought membership extra sessions partner, still didn’t receive second pin, gym got worse, day manager spraying chemicals, like oil based paint, dizziness, please think moment dangerous that, feeling bad rest day also headache. smith machine set properly two directions, also wobbly, safety gym seriously compromised.",1,51.3643147,-0.1915453,GB
Aylesbury,2023-06-26 18:30:54,"used good, screw something air conditioning. sweat box. suggest cancel subscription summer join back winter.. unbearable!",2,51.8161412,-0.8130383,GB
London Streatham,2023-06-26 18:20:49,always busy add equipment want money,1,51.429769,-0.1311105,GB
Wrexham,2023-06-26 09:06:07,"member 8+ years unfortunately cancel, due volume people let in. gym simply big enough! ques get place ques use machines benches. move bigger unit!",1,53.0465084,-2.9937869,GB
Camberley,2023-06-26 07:25:16,"gym terrible. missing standard vital machine like hack squat, back hypertension, many name. gym quite crowded best workout nighttime. atmosphere poor can’t expect much non contractual gyms. non-contractual affordable gyms means attract certain types people afford such, beware unorthodox mannerism. definitely racist gym i’ve encountered. use gym weekdays work walking distance apartment. wife go larger gym weekend minutes away vital equipment gym should.",1,51.3392845,-0.7460981,GB
London Catford,2023-06-26 07:05:05,gym cheap open hours. however definitely clean often. last days there's bit rubbish treadmill cupholder. - update - gym longer cheap. put price £12 £23,1,51.4444696,-0.0261521,GB
London Catford,2023-06-26 07:05:05,gym cleaned. hooks missing lot cables. wipes everywhere floor. ac absolutely useless - way hot.,1,51.4444696,-0.0261521,GB
London Canary Wharf,2023-06-25 18:48:49,there's air con could fooled me.,1,51.5048954,-0.0190006,GB
Aylesbury,2023-06-25 18:28:39,"great gym, relatively tidy, good equipment well maintained air conditioning absolutely awful. it’s also incredibly busy, even 6am wouldn’t dream going evenings 8pm. suspending cancelling membership imminently. today 9am degrees inside, degrees warmer outside 70% humidity one point. boarders dangerously hot train fans airflow. reference customer services team tell gyms kept degrees.... aware issue actively looking address fix confident anything actually change. last year mobile portable a/c units introduced integrated units used d/w gym sufficient cool space given (presumably) metal roof sits ceiling tiles. however told returning following managements decision remove them. shame enjoy using sites home gym use often. price increase recently top perfect... - response standard spiel parroting years reviews below. fundamental inadequacy air conditioning gym. train elsewhere summer months.",1,51.8161412,-0.8130383,GB
Staines,2023-06-25 17:58:24,"cramped dirty. air conditioning broken 2+ weeks middle heatwave. time, drinking water available due low water pressure. avoid costs!",1,51.434012,-0.511044,GB
London Enfield,2023-06-25 17:58:24,"decent gym always packed matter time go, busy messy lucky able get want use.",2,51.6517156,-0.0786839,GB
Macclesfield,2023-06-25 01:50:17,got banned something didn’t silly staff members,1,53.2606635,-2.1255158,GB
Bradford Thornbury,2023-06-24 21:18:00,"never ever use gym!!!!! using gym since march never issue parking recently, i’ve given parking notices £51 even though use gym never stay hour. ridiculous. says free parking website branch! use gym!",1,53.8030213,-1.7048953,GB
London Farringdon,2023-06-24 18:46:43,terrible. paid days membership £62 never reflected. desperate gym paid another days. came saturday it’s closed. advertise hours arent open weekend. bad business.,1,51.519964,-0.104555,GB
London Piccadilly,2023-06-24 07:31:01,"crowded proper ventilation, good machines crowded use staff expected low budget gym ,i would say could've done better adjusted bit small detials would've better.",2,51.5060854,-0.1441691,GB
Birmingham Maypole,2023-06-24 05:19:55,"dirty puregym, maintenance equipment whatsoever. cable mashine use month. now, decided good idea block fire exit. wonder people staying long gym.",1,52.4421234,-2.0024082,GB
Nuneaton,2023-06-24 04:09:18,overcrowded even 1am,1,52.5246182,-1.4684488,GB
London Tower Hill,2023-06-24 00:27:28,"small gym that's good cardio, extremely limited weights resistance machines. guess price based location facilities, still feels bit high given lack equipment. also showers lot steps, hard see (i couple bruises now, thanks). finally got one, passed several order ones, water icy. temperature control hot water pressure low practically run all. overall recommend already puregym member somewhere else using one occasionally. take membership this.",2,51.5098481,-0.0766986,GB
Cambridge Grafton Centre,2023-06-23 21:05:46,"unfortunately one places younger clientele downside. shame, place otherwise clean staff nice. also great location. lot bro behaviour weights area young men inconsiderate person space, yelling around, throwing weights/slamming things. bench press, worry, dude walking within inches bar/head press! consequence clientele, gym inclusive women, especially weights section. even sure men would like think would man. kind place might want avoid woman exercising alone. peaceful enjoyable gym experience.",1,52.2062587,0.1348954,GB
London Enfield,2023-06-23 18:04:14,"terrible, lost money lockdown, never get",1,51.6517156,-0.0786839,GB
Hitchin,2023-06-23 17:44:04,bare basics,2,51.9486943,-0.2779124,GB
Oxford Templars Shopping Park,2023-06-23 01:35:35,showers never clean windows cover bird poo nice look window cos always dirty,1,51.7333472,-1.2178489,GB
London Enfield,2023-06-22 18:01:42,everything always broken,2,51.6517156,-0.0786839,GB
London Bermondsey,2023-06-22 16:40:59,ridiculously busy gym. live around corner form gym forced drive minutes next pure gym one always busy. times feels like underground tube. please either open another gym area put prices make gym pleasant experience.,1,51.4970125,-0.063268,GB
London Bermondsey,2023-06-22 16:40:59,astonishing. words. recently joined. planned training schedule k row 5.15am believe rowing machines working. broken straps . batteries. staff anywhere.,1,51.4970125,-0.063268,GB
Manchester Exchange Quay,2023-06-22 00:02:36,air con makes nearly unbearable train!,1,53.4663229,-2.2822821,GB
Manchester Exchange Quay,2023-06-22 00:02:36,"management lie every year a/c fixed, it’s never fixed, it’s never booked repair. don’t want pay. there’s plenty budget gyms nearby great a/c, don’t bother here.",1,53.4663229,-2.2822821,GB
London Holborn,2023-06-21 21:11:12,"member many years. gary jessica amazing, best! however currently without aircon second summer running! took temp cardio area.. 26c!!! manager disinterested disengaged.",2,51.5195982,-0.1137266,GB
London Piccadilly,2023-06-21 19:30:22,"touring london, wanted workout local gym. good luck getting in, reception staff 1pm wednesday, convoluted sign system near impossible work without assistance. would recommend already membership/access.",1,51.5060854,-0.1441691,GB
Staines,2023-06-21 17:59:35,customer service place great all. want get abused staff it’s place you. plus machines lot times aren’t working. would recommend avoiding gym costs.,1,51.434012,-0.511044,GB
Manchester Cheetham Hill,2023-06-21 15:58:35,poor equipment . gym always dirty. every day there’s something broken like machine cardio,1,53.5032866,-2.2344764,GB
London Finsbury Park,2023-06-21 11:06:06,"always busy, news. but, ti add that: - gym wifi work neither mobile signal. - air con terrible upstairs. - ladies area wipes clean equipment using.",1,51.5648345,-0.1064144,GB
London Great Portland Street,2023-06-21 01:11:05,worst pure london far. air conditioning pull bars. tiny gym. pures london. nice people. nice atmosphere. terrible gym.,1,51.5238146,-0.1437048,GB
London Tottenham Court Road,2023-06-20 22:49:55,they’ve removed free classes zumba pay £4 top membership. disgusting.,1,51.5163525,-0.1313917,GB
Bristol Union Gate,2023-06-20 20:48:54,"get wrong, staff pts truly lovely enjoyed training years now. however, two really serious problems prompting leave review: 1) free weights area utter chaos, weight plates dumbbells place - surely something done improve member etiquette? 2) air conditioning system either broken stopped save money; this, combined absence open windows fans, killer summer months, probably outright dangerous people training hard. happy amend remove review steps taken!",2,51.4574315,-2.5919625,GB
New Barnet,2023-06-20 19:28:14,dirty enough machines machine management groups people staying one machine. worked corner free weights ! dirty,2,51.6497449,-0.1751403,GB
London Wandsworth,2023-06-20 18:37:46,whole last week coloured water machine working new week still nothing puregym care customers money! 😡,1,51.4570271,-0.1932607,GB
Northampton Weston Favell,2023-06-20 05:21:03,"every time come, half treadmills never working. please fix issue !!!",1,52.2577432,-0.8369027,GB
London Greenwich,2023-06-19 19:25:58,"scam unable access 17:30 unable contact anyone app, refund, gutted",1,51.4686256,0.0488306,GB
Derby,2023-06-19 19:05:48,terrible gym. especially since puregym. terribly poor supply machines. bench press gym city centre joke. could find better gyms countryside.,1,52.9142235,-1.4719885,GB
Aylesbury,2023-06-19 18:35:33,"non existent air ventilation. ac. wrote complaint email management, even acknowledgement. extremely uncomfortable work hot humid conditions. poor customer service. huge health safety risk. changing gym.",1,51.8161412,-0.8130383,GB
Liverpool Central,2023-06-19 13:22:54,"gym pretty grim, needs deep clean equipment replaced. can’t use showers they’re dirty. deliveroo riders use stairwell place sleep night stinks.",1,53.4042207,-2.9795092,GB
Portsmouth Commercial Road,2023-06-19 03:37:59,"zero staff site, customer service lack phone number. immediate help. dropped something another locked locker everyone gym said wasn’t couldn’t call get help. paid space zero staff site brand customer service phone line. recommend gyms actually staff phone line help. friends using ravalin sports centre",1,50.804976,-1.0870115,GB
London Limehouse,2023-06-19 03:17:48,worst gym ever! worst customer service! manners respect!,1,51.5133074,-0.0351492,GB
London Canary Wharf,2023-06-18 06:47:22,hot water working past weeks. going on!!!,1,51.5048954,-0.0190006,GB
Bromsgrove Retail Park,2023-06-18 06:37:17,small gym. often extremely busy times hard use machines benches. quite clean though good parking.,2,52.3382139,-2.055081,GB
Bradford Thornbury,2023-06-17 21:22:39,please avoid avoid avoid 6th parking fine received going gym £85 even though put number plate gym machine,1,53.8030213,-1.7048953,GB
Wakefield,2023-06-17 02:02:54,disgusting zero security system last week someone stole money manager said would like call police? police come arrest exactly person!!!! there's cctv today friend said someone stole whole thing inside closet big shame,1,53.6829541,-1.4967286,GB
Manchester Exchange Quay,2023-06-16 23:51:48,"need fix improve gym aircon. opening door summer going fix problem. getting sweat workout sweat inside gym. problem... feature. edit: automated response fill confidence. based reviews regarding past years gyms aircon issues, already fixed. better job reviewing complaints please.",1,53.4663229,-2.2822821,GB
Manchester Exchange Quay,2023-06-16 23:51:48,"plenty equipment ac coping summer weather (and cross even degrees outside year yet), even little people gym feels like sauna, full impossible exercise there. avoid summer.",2,53.4663229,-2.2822821,GB
Bristol Union Gate,2023-06-16 20:50:17,"gym smells terrible blue paper wipe available clean equipment. days review got email pure gym: please aware monthly price puregym bristol union gate increasing tuesday 20th june, meaning longer able access gym. let's hope coincidence.",1,51.4574315,-2.5919625,GB
London Park Royal,2023-06-16 20:40:12,cleanest gym.,2,51.5264341,-0.2839348,GB
Northallerton,2023-06-15 20:37:18,much exercise machine,1,54.3404812,-1.4344936,GB
Aylesbury,2023-06-15 06:29:40,"generally good gym - standard puregym. however, air conditioning leaves much desired. came back university period time felt would use premium membership visit one ayelsbury. however, despite going multiple occasions, eventually felt thought pointless hot & humid place kept. puregyms issue unsure ayelsbury stifling - ruined experiences overall found bothering go. would like see actual action taken opposed generic, copy & pasted answer know person feel way. despite issue, gym ayelsbury overall ok.",2,51.8161412,-0.8130383,GB
Epsom,2023-06-15 03:28:08,"updating star review months issues worse lol, degrees night turn. on. the. air. conditioning. thankfully leave music super loud often anymore, god horrible workout wipe sweat brows every seconds watch feet floor covered weights equipment. would say get pay (puregym cheapest option) even get lacklustre equipment sections shoved back behind army unused treadmills.",1,51.3326098,-0.2678212,GB
Manchester Exchange Quay,2023-06-14 23:46:16,air con summer time hot ventilation cant breathe,2,53.4663229,-2.2822821,GB
London Hoxton,2023-06-14 13:19:30,"cancel membership still changed whole month. send email asking refund hear back, send follow emails still noting 10days",1,51.5323935,-0.086078,GB
Newcastle Eldon Garden,2023-06-14 07:46:32,"faced racism one staff, speak english well. never tried help me, door open me, asked help opened door me, would it. even showed membership. unfortunate happened. never rejoin gym.",1,54.9757161,-1.6168648,GB
Aylesbury,2023-06-14 06:25:49,"hottest puregym i’ve to. last summer air con units lower temperature. year going get any. don’t know pts stand couple hours, let alone training someone.",1,51.8161412,-0.8130383,GB
Southampton Bitterne,2023-06-14 04:24:37,always overcrowded.,1,50.9181488,-1.3769392,GB
York,2023-06-14 00:12:29,lack natural light biggest downside. dont understand spinning studio aerobics studios closed minimise noise classes. branch best one experienced though.,2,53.9656578,-1.0743052,GB
London Monument,2023-06-13 22:01:15,toxic air paint fumes renovation upstairs. simply acceptable dangerous. warned.,1,51.5106328,-0.0861271,GB
Loughborough,2023-06-13 19:19:52,staff friendly helpful.there pieces equipment order many weeks equipment attachments need replacing either frayed tatty hand grips enough. difficult access machines impossible peak times cannot plan workout often use what's available bit hit miss .,2,52.7723859,-1.2077985,GB
Wolverhampton South,2023-06-13 03:11:04,"recently joined gym, concerned lockers changing rooms, lock safely, go choose safe locker lock mechanism either broken, bent lock. day, used padlock ensured lock firmly place, shower came back went open padlock, locker opened padlock still intact. staff present early morning. makes really doubt safety quality lockers people, leave car keys, mobiles wallets lockers. posted review management team review quality lockers. opportunist thieves certainly happy this. sure pure gym say security priority, however reading reviews seeing damaged broken lockers give much confidence. making consider leaving feel possessions unsafe changing rooms.",1,52.463146,-1.9844677,GB
London Holborn,2023-06-12 21:07:59,gym swelteringly hot. ideal workout shower still hot sweaty leaving. please open windows get aircon.,1,51.5195982,-0.1137266,GB
London Camden,2023-06-12 05:49:43,"came sunny sunday afternoon first thing see enter building homeless people hanging drinking beer smoking joints. left, one sleeping/passed out. lift smells urine, entire building poorly lit there’s toilets men. terrible experience doubt i’ll coming back.",1,51.5427965,-0.1624803,GB
Birmingham Arcadian Centre,2023-06-12 01:47:32,"leaving due pound increase especially already increased pound nightworker access locker rooms female bathrooms, much less member staff use access bathroom changing often wait quiet people using one bathroom always toilet roll hand sanitiser frank dirty several units always order really worth anymore",2,52.4747581,-1.8965083,GB
London Acton,2023-06-11 08:28:02,"best new machines work. terrible wifi, fast enough load spotify music youtube. you’d listen music gym on. also leaks floors gone years.",2,51.5027051,-0.2799643,GB
London Bermondsey,2023-06-11 04:36:03,"gym collapsing! always 2-3 machines service, dirty smelly toilets increasing membership fees.",1,51.4970125,-0.063268,GB
London Edgware,2023-06-10 14:48:51,"booked class arrived instructor said canceled. like that, without notice. tried reach customer service, not. online chat, nothing. tried social media, waste time. cancel membership. worst gym experience ever.",1,51.6136623,-0.2749555,GB
Liverpool Central,2023-06-10 01:21:18,liverpool week gym filthy smelly. stairwell leading gym dirty much rubbish. enter gym smells like urine. even treadmills smell foul smell. machines grubby like never wiped down. fair amount branches london also cardiff really clean pleasant. using branch right next staying. probably check liverpools branch. good thing branch fairly large plenty machines.,1,53.4042207,-2.9795092,GB
Sutton Coldfield,2023-06-09 17:17:04,"used like coming gym machines constantly broken serviced properly regularly. treadmills malfunctioning also stopped cleaning sprays towels, unhygienic. antibacterial spray pumps useless nothing comes pumps. manager dont seem care issues. gym always rammed days, issues resolved im moving another gym.",2,52.5623089,-1.8239794,GB
Brighton London Road,2023-06-09 13:55:17,"seriously bad. yes great convenience gym open 24/7 really say makes gym good. hygiene terrible men’s changing room almost always stinking urine, toilets disgusting! look like haven’t cleaned months wherever go building always, degree, mold caving walls around you. might possibly something fact building zero ventilation making air breathe damp, thick musty. final nail coffin though me, canceled subscription, fact whole place soo hot. again, place ventilated gets really hot. combined musty air, much.",1,50.83681,-0.1362631,GB
London Piccadilly,2023-06-09 07:31:17,"one worst pure gyms london. air inside especially stuffy summer. literally fan gym busy, gets unbearably hot imagine bad summer. oh poor air circulation, whole place wifi dead zone gym basement, places connect wifi.",2,51.5060854,-0.1441691,GB
London Wall,2023-06-09 04:09:25,"days, cancelled membership since move unexpectedly gym longer option me. sent email requesting refund never used facilities. received response them. even polite answer.",1,51.5099294,-0.0760209,GB
Bangor Northern Ireland,2023-06-09 02:38:40,joined day asked refund due situation change told can't get full refund would lose 7.18 one day member never even entered gym customer service non existent,1,54.662595,-5.6679127,GB
Newport Gwent,2023-06-09 01:17:57,expired protein shakes vending machine. made sick. already complained manager & bother it🤮🤢,1,51.590121,-2.9985571,GB
Wisbech,2023-06-08 05:37:35,well run gym spoilt lack aircon unhealthy stuffiness .insufficient ventilation health risk.are going wait someone passes ?,1,52.6651733,0.1606824,GB
Cardiff Central,2023-06-08 03:16:25,"awful people visiting place, never ever leave anything changing rooms,",1,51.4755495,-3.1797057,GB
Basildon,2023-06-07 06:55:55,"new gym, note considering joining... 1. enough equipment - there's lot empty walking space, sadly even equipment muscle building .. example lat machines, chest incline, leg etc.. massive crowd times. enough .. 2. machine hogging - people sit machines using there're cell phones, chatting ... wasting time yours.. worst part trainers casually walking nothing! 3. music - days feels like aquarium, sea world music! 4. cleanliness - cleaning lady always working, seems like needs helping hand.. one person enough .. find chewing gum stuck underneath equipment. overall experience 2/5, buy muscle building equipment empty space!!! (only exception cardio machines required)",2,51.5754602,0.4757363,GB
London Beckton,2023-06-07 02:43:49,"water work well, says every minutes, moment hour passes writes wait",1,51.5160797,0.0594257,GB
Dundee,2023-06-06 23:22:07,showers terrible cleaned often. reported mould weeks later still showing. staff really nice cannot make excuses showers. update: received message advising aware issue discussing contractors. basically means pay full price service can’t use! unreal response,1,56.4605938,-2.97019,GB
Derby,2023-06-06 18:59:52,"barely enough equipment overpopulation. quick grab money want maintain smelly, dim light basement",2,52.9142235,-1.4719885,GB
Bicester,2023-06-06 12:26:29,"mediocre, grubby, budget gym awful customer service. limited selection kit, narrow range classes busy size every evening. top that, it’s poorly maintained shabby. floors kit always dirty cooking smells (sometimes even smoke!) restaurants often fill gym. changing rooms usually full litter showers always reek urine. pts sound engage least. puregym app criminally bad loads annoying glitches like turning music open online ‘members area’ website unnavigable endless loop half answers. there’s number ring help, infuriating chat bot disinterested/rude ‘customer support’ reps eventually email passive aggressive comment. they’re cheaper places treat customers borderline disdain pricing strategy filled ryanair-like tricks catch out. cheap grubby gym cheap grubby company.",1,51.8988832,-1.1518287,GB
Walsall Crown Wharf,2023-06-06 12:06:19,❌worsted gym ever❌ 1. small! 2. air conditioners! 3. machines close u smell others breathing! 4. many machines u wait others finish lesson u start ever leave ! 5. enough space take activity!!!! . wasting money pay gym . disappointed everyone don’t know gym look window u see believe reviews. recommend difficult find ur self relaxed activity there.,1,52.5872454,-1.9883526,GB
London Whitechapel,2023-06-06 00:20:21,"quite lot now. never dumbells placed nearly correct order. 44s 8s etc, lucky find pair total mess. first thing morning, midday late night. dead busy. shows staff really care it.",2,51.5174861,-0.0659685,GB
Stoke on Trent East,2023-06-05 11:43:57,"recently showers men’s changing room become cold, mean freezing. won’t turn hot water interval also decreased making annoying pressing button every 15-20 seconds. found green wire hanging right shower piece booth (furthest one steps).this extremely dangerous!! also booth becomes flooded second turn water on, i’m disappointed. hope fix soon possible",1,53.0593352,-0.8159322,GB
London Camden,2023-06-05 05:50:53,"okay gym things tend order lot plus street door lock, leads generally interesting things happening stairs",2,51.5427965,-0.1624803,GB
Salford,2023-06-04 14:12:56,busy often hard get equipment want,2,53.4877463,-2.2891921,GB
Leeds City Centre North,2023-06-04 10:51:13,"utter disgrace gym, never clean, toilets absolute disgrace 24/7, standards kept staff, worst gym leeds",1,53.9558121,-1.1229892,GB
London Kidbrooke Village,2023-06-04 01:46:35,gym rubbish never space use weights opportunity learn adjust. you’re finally weights every minutes get someone asking you’re finished. gym cares money gets much packed possible. limit amount people gym,1,51.4614006,0.0259584,GB
Liverpool Central,2023-06-04 01:26:24,"crowded. regret getting membership here. literally walked gym soon came in. u gain much u'll wait long periods use equipments. ok u spend pound more, recommend different gym.",1,53.4042207,-2.9795092,GB
Birmingham City Centre,2023-06-03 22:04:41,"gym still old equipment, upgrade man ,there letting gyms get ahead better equipment",1,52.4856896,-1.871104,GB
Leicester Walnut Street,2023-06-03 08:37:52,"gym good it’s hot, ac, gym tooooooo warm.",1,52.6244566,-1.1343556,GB
Belfast Boucher Road,2023-06-03 07:17:12,"sarm goblins lord rings orcs, avoid going 17:00 regret life itself, commercial gym reason everything entails...",1,54.5710822,-5.9716097,GB
London Canary Wharf,2023-06-03 06:46:56,"showers disgusting, toilets dirty, fly infestation changing rooms. recommend tbh.",1,51.5048954,-0.0190006,GB
Northolt,2023-06-03 05:36:21,"it’s okay. bluntly says tin, sort of. stench toilets quite unbearable, though — vomit inducing! sort toilets might 2.5 stars.",2,51.5484582,-0.3695247,GB
Liverpool Central,2023-06-03 01:24:16,"awful gym. cardio machines wobble floor nobody ever fixes them. added pin pad outside street wee soaked nook, screwed wee height dip digits god knows get in. better managed better cared gyms nearby.",1,53.4042207,-2.9795092,GB
Stowmarket,2023-06-02 21:02:02,paying £34.99 month gym colchester one bigger equipment. would think would better. mention member staff kept shouting. one reason went 34.99 option could use gyms.,1,52.1878147,0.9973428,GB
Staines,2023-06-02 17:50:24,"loved gym three visits. great equipment, loads space, quite busy obvious reasons. unfortunately, encounter one pts ruined me. friend stretches one cardio rooms realized stretching room mats replaced free weight room benches. find mats spotted two mats equipment next cardio room. finished, realize mats belong there. approached staff member quite abrupt told us put mats back. tried explain put know belonged. listen kept telling us so, becoming agitated. friend mentioned rude way tell someone nicely, especially since idea mats belong there. pt started become aggressive told us thought rude, go office shut up. sure continue attending gym experience, knowing could bump person again. shame, though, since location good us.",1,51.434012,-0.511044,GB
Romford,2023-06-01 19:18:54,1st june - closed - 'no water'. nothing else retail park seemed effected.,1,51.5760462,0.1822646,GB
Bristol Union Gate,2023-05-29 21:53:34,"gym floor staff brilliant showers / men’s changing rooms disgusting, something gone wrong cleaning. also disabled loo broke disabled shower , please sort asap amend review 🤞🏼 aug update: sadly improved! gym still really dirty cleaned enough.",1,51.4574315,-2.5919625,GB
Wakefield,2023-05-29 03:14:02,"fine cardio work, weight machines frequently order, enough bench stations, dumbbell's usually wrong places finding right ones take weight area usually mess. treat new members lot better existing ones better deals etc. overpriced imo",1,53.6829541,-1.4967286,GB
Birmingham Arcadian Centre,2023-05-27 19:28:05,"it’s decent gym attitude members outright terrible, especially evening time. see several previous reviews highlighting clearly nothing done. stinking attitude allowed train here! likely returning, least know something done this.",1,52.4747581,-1.8965083,GB
Swindon Stratton,2023-05-26 02:17:18,"gym hot work out, air con never seems turned on. wifi weeks",1,51.5844079,-1.7492304,GB
London Sydenham,2023-05-24 05:44:57,longer subscribe unethical gym. ceos passionate position ongoing genocide disturbing.,1,51.427742,-0.0542215,GB
Haverhill Retail Park,2023-05-24 02:13:09,"updated: still needs good clean reduced stars 2. gym staff unless paying extra pt, even look you. manager one seen actually say hello people walk in.",2,52.0779434,0.4479895,GB
Bangor Wales,2023-05-20 23:35:38,"funks sweat time. needs better air con system something help air flow. really funks. toilets smelled dried pee. always constant mess recently. many machines / equipment broke work, i.e., leg press, exercise bikes. main floor filthy. seen cleaners past months. slowly going downhill. funks sweat edit: still dirty, needs deep clean",1,53.2277163,-4.1268822,GB
Southampton Central,2023-05-17 00:48:03,"showers broken months now. sometimes them, sometimes half them. water temperatures often cool. shower stalls smell fresh, either. also lot lockers men's changing room locks months, obviously never removed one policing overnight policy. shame, otherwise pleasant enough gym reasonable equipment, feels like management given trying here.",2,50.9074977,-1.4142289,GB
London Lewisham,2023-05-14 09:56:42,rules say keep shoes on. everybody gymtake shoes staff let use equipment without shoes. spreading toe fungus everywhere...,2,51.4656437,-0.0139562,GB
Northwich,2023-05-06 16:23:45,worst gym northwich. trying workout joke equipment needs looked it’s sticky unfit purpose. complaints aren’t listened generic reply put feedback box thing. layout ridiculous everyone mentioned. go brio leisure centre road smaller way effective,1,53.2602539,-2.5145104,GB
London Putney,2023-05-06 15:23:15,"hours ridiculous. 9am weekend opening? closure 8pm work week? else ever workout non peak hours? gym disaster. edit. came today aug 5th evening: air all. everyone drenching, filthy surety everywhere. sanitser. complain corporate filthy place",1,51.4625314,-0.2163018,GB
Leamington Spa,2023-05-05 16:41:52,"normally gym alright quiet periods stick headphones mind own. since created women's workout area, main gym become absolute mess. equipment random places everywhere makes pain train in. bad enough staff bother clearing (i swear tidy do) got ten times worse... also seem got rid amt stride, cardio piece knees hips tolerate. tried replacements horribly restrictive unnatural legs... p.s. popped head women's workout area... fooled... tiny. space could better utilised million ways gym gets crowded!",1,52.2913394,-1.536404,GB
Nuneaton,2023-05-03 14:54:26,"actual service puregym non existant, there's staff, subscribed choc full kids loitering around machines little taking space, equipment great, particularly clean, even particularly cheap anymore either. there's real benefit place 24hrs.",1,52.5246182,-1.4684488,GB
London Shoreditch High Street,2023-04-17 16:53:27,"actually enjoy gym unfortunately owners care disabled customers. lift ""broke"" december (the alarm work lift still used staff cart bin bags lower ground)- april 17th update whatsoever might able return despite reached numerous times! least second time happened. first time given access two gyms- one lift also broken scarcely room walk let alone navigate wheelchair. better claim inclusive gym! 🤷🏼‍♀️ edit- october 11th still update lift! 👌🏻 looks like going full year+... 👏🏻",2,51.5232534,-0.0744674,GB
Newcastle Eldon Garden,2023-04-14 14:15:08,full spicers sit hogging machines phones. bloke jeans flexing mirror minutes. bit weird ngl,2,54.9757161,-1.6168648,GB
Southampton Central,2023-04-11 00:51:34,good gym general plenty equipment use. rather cramped busy times showers seem break every months moment freezing cold good want shower sweaty workout,2,50.9074977,-1.4142289,GB
London East India Dock,2023-04-05 22:49:46,"gets busy times. 4g/data - putting micro-cell downstairs could online available rather stuck previous century. mgmt recently taken away half cleaning products (""that covid anyway"" - gee thanks happily sit people's sweat.) much would cost per person per mo these? like £1? put price then. seriously milking users there's alternative gym side canning town.",2,51.51103,-0.0228617,GB
Salford,2023-03-29 08:57:08,"great gym noone puts weights back aren’t staff police this, don’t. edit 30/03/23: thanks reply below. would note though i’ve gym early morning weekdays afternoon sunday there’s barely anyone gym still mess weights left dumbbells floor. also, guys formal internal mechanism complains like people don’t result making online public everyone see? edit 05/04/23: even people work put weights back train clients. puregym’s response garbage.",1,53.4877463,-2.2891921,GB
Motherwell,2023-03-25 02:05:49,"one worst puregyms to. lot handles machines falling apart, weight numbers assisted pull wrong lot weights machines stick together. treadmills constantly use incident one one work suddenly went full speed moments stepped could really dangerous. apparatus look like rarely cleaned, encountered cup holders full liquid multiple times. reported things members staff seem bothered fixing things. approached male member staff incredibly rude belittling halfway exercise could dangerous heard lot horror stories him.",2,55.7893512,-3.9904173,GB
Cambridge Leisure Park,2023-03-23 21:21:22,"awful stuffy, overcrowded, unhygienic locker room stinking mess gym! workout regularly gym afford somewhere else affordable came along would join heartbeat. went brief stage actually cleaned regularly lockdown. standards slipped considerably leaving every piece equipment covered layers assume residual sweat. place seems absolutely limit amount people let in! often leaving crowded wetherspoons friday night. air quality jon existent struggling catch breath cardio days. likely overcrowding. money definitely go elsewhere. edit: arrived gym again. lift strewn trash including pray god used condom. know alot people get alot pleasure gym think limit much pleasure had.",1,52.1900026,0.1367799,GB
London Hoxton,2023-03-21 21:27:09,"decided cancel membership, feel sorry severe vandalism issue time, higher management decision unstaffed hours poor control trough cctv. wonder there’s serious mould issue it’s poor ventilated basement company clearly trying save money much possible. could way worse, would happened customer inside + antisocial behaviour … stars go staff + equipment, always felt fine regards.",2,51.5323935,-0.086078,GB
Bristol Eastgate,2023-03-14 10:56:39,"edited: surprised disappointed never heard back anyone pure gym regarding messages reviews facebook, messenger, etc. 30+ attached pictures videos filthy, disgusting gym different days/timings ( took pictures every time visited two weeks, cancelled membership..) i’ve seen one reply someone complaining lack cleaning stations too… respond “yes cleaning stations around..” where?? 😃 really want go back pure gym eastgate could please proove gym isn’t filthy, disgusting smells like months ago?? it’s really effecting reputation, hope know that..? 😏😏 maybe change cleaning company asap hasn’t yet!!! i’m sad women’s area isn’t available anymore. main reason i’ve gone barrow road hoping :(((( cleaning wise many members said unfortunately gym hasn’t looked properly. 8+ years membership actually cancel look somewhere else. :( miss pure barriow road!!!!! :((( please something improve cleanliness bring back women’s area go back!!! 🙏🏻😩",1,51.4731698,-2.5663407,GB
Salford,2023-03-10 19:52:18,"!!!!no ventilation!!!! degrees outside air-conditioning inside, waiting for? someone pass out? wanna know summer change better gym",1,53.4877463,-2.2891921,GB
Sutton Coldfield,2023-03-06 14:00:11,bother gym far worst puregym never got staff always problems getting place. absolutely waste space time. lateral shoulder machine properly serviced got resistance one side large small cable machines there's resistance cable/belt weight itself. cable machines bread butter anyone trying build good physique far best engage full range motion excuse dragging cables/guide rods seated machine especially one side. literally takes minutes spray abit lube guide rods problem solved.,1,52.5623089,-1.8239794,GB
Birmingham Maypole,2023-03-01 23:44:05,"pure anymore, staff clean better. pay attention cleaning supplies. often cleaning spay early mornings. 1-7-2023 10am cleaning supplies one (for whole gym) cleaning station, feel disgusted. others complaint continuously ignored, complain health safety authority",2,52.4421234,-2.0024082,GB
London Hoxton,2023-02-25 09:27:16,"happened gym shocking. always plumbing issue lead close gym. 24/7 gym says it’s closed least days every week. get email saying “unfortunately temporarily close puregym london hoxton, please aware gym temporarily closed, due blocked toilets shower drains.” email continues every week! find gym elsewhere paying closed gym! still valid review 08th december 2023, gym closed already straight week continues close..",1,51.5323935,-0.086078,GB
Aylesbury,2023-02-23 06:30:59,"day pass pricey £7.99 looking switching gyms. train morning got half am...the place rammed! really busy, laps find free equipment. found squat rack corner started workout. quickly noticed terrible smell sweat bodily odours put poor hygiene users there, quickly realised real air system stench lingering. cut session short due this, struggle find free equipment wanted use, follow plan. use equipment randomly. toilet area also dirty needed clean. asked feedback gave honestly. contacted customer service via email apologised explained making improvements, including air con. ask refund possible said no. asked could get free day pass future made said improvements said no. get impression cared less. cant recommend gym all. dirty, busy, smelly, poor customer service.",2,51.8161412,-0.8130383,GB
Walton-on-Thames,2023-02-18 20:06:40,update... change obnoxious music instructors. gym expect music makes unbearable work here. like headaches tinnitus might gym update: moving star getting worse! especially classes blasting music regular gym music going,1,51.3856837,-0.419814,GB
Maldon,2023-02-15 17:42:16,overcrowded gym ive ever trained equipment need refurbishment sanitry standards changing rooms toilets showers awful,1,51.731198,0.6791849,GB
Epsom,2023-02-14 07:55:12,"great gym! well maintained friendly staff! good selection equipment large studio u use vacant classes.. unfortunately way many kids. like playground restriction time 18. screaming girls, boys crowding tops smoking. puregym need manage situation. first branch seen like this.",2,51.3326098,-0.2678212,GB
Wrexham,2023-02-07 19:25:37,"posting review gym borderline unusable since start january, week days 4-9 evening. course there's new years increase, helped discounts advertise new people. clocked people app yesterday, gym big all. also say 16+, checked, many teenagers low there. staff/pts nice helpful, gym kept clean. however, begging improvements. mirrors front squat racks, deadlift zone. also, mirrors whole bench section. another bench bar chest press. another two sided cable machine. could take place cardio machines, less popular machines upstairs (oblique twist, one works lower back). there's even budget, shoulder shrug machine go amiss, another leg press machine. gym good location me, rooting get better. automatic puregym reply approach gym manager use feedback box. pts ever there, feedback box exist. also impossible suggest things, reply wrexham email.",2,53.0465084,-2.9937869,GB
Walton-on-Thames,2023-02-02 08:08:57,"pros. good selection equipment. spacious stretching area. cons. rampant steroid use. black mould showers. ""influencers"" film across gym regard people privacy. conclusion. newbie friendly. good value money high street location. avoid peak times shower site.",1,51.3856837,-0.419814,GB
Brighton London Road,2023-01-26 16:17:17,extremely poorly ventilated tiny. like even use ac. place always reeks sweat feels musty. switching gyms. avoid place.,1,50.83681,-0.1362631,GB
West Bromwich,2023-01-24 03:21:36,"someone robbed samsung bud pro2. reported management team, details taken follow. extremely dissatisfied belongings supposed remain safe premises times. however, feel level trust gym anymore, simple little protocols followed. literally coming terms myself, really coming thoughts move gyms.",1,52.5186579,-1.9923114,GB
Leamington Spa,2023-01-23 03:39:09,"tldr: another gym viable option you, go instead. gym fine, problems users apathetic employees. blood left men's bathroom people parking wrong place despite spaces available two niche issues encountered last week. equipment frequently broken many gym users let weights slam, particularly cable machines. would suggest management takes hands-on approach asks offenders stop using equipment aggressively. signage enough. many young teenagers use gym hang spot makes hard use equipment creates hostile environment, considering swearing sexist comments heard many occasions. staffed hours peak times (weekday evenings) monitor manage situations. cleaning spray (men's) bathroom may way encourage individuals clean cleaners onsite.",2,52.2913394,-1.536404,GB
Liverpool Kirkby,2023-01-17 09:25:53,absolutely heaving. smallest puregym in. grotty scruff blew nose exercise floor using painfully bad form deadlifts.,2,53.4821071,-2.8886045,GB
Manchester Cheetham Hill,2023-01-17 07:24:48,pure gym boycotts im cancelling muslims cancel,1,53.5032866,-2.2344764,GB
London Streatham,2023-01-17 04:33:13,"joined gym classes. wrong choice. classes always super packed.i always follow class outside studio even though arrive least minutes earlier book class! one cares booking priority, hygiene safety. lift weights close others?! limit people (also considering studio small) always count least 25. how’s that? manager doesn’t listen explaining issue, neither gym itself. sent messages emails hoping someone would care, luck all. boyfriend cancel membership became metter safety. don’t recommend gym all!",1,51.429769,-0.1311105,GB
london Croydon,2023-01-12 02:38:15,"gotta love gym, staff friendly, professional, caring, crowd also nice. downside personal trainers act like djs, blasting music adeafening volume, already background music place. loud even noise cancelling headphones still hear music!! please mindful others, gym public space belong pt customers. sorted, review stars!!",2,51.3550556,-0.0643104,GB
Sutton Coldfield,2023-01-10 02:03:30,"extremely bad, super small, needs wait long time equipment",1,52.5623089,-1.8239794,GB
Bicester,2023-01-05 10:35:39,"far busy know decent price safety rails racks seems like accident waiting happen. evening waiting squat rack bench unfortunately, gotten bad last months. water showers taps odd smell. control night saturday night around pm kids jumped barriers get messed around think main entrance door always open means could easily keep happening worse",2,51.8988832,-1.1518287,GB
London Holborn,2022-12-27 05:41:03,"changing room super smelly, looked like extractor fan really nasty smell.",2,51.5195982,-0.1137266,GB
London Finchley,2022-12-26 21:16:43,since mar healthy. ground floor entrance weight lifting area smell mouldy. got sore throat stopped going gym.,1,51.5973246,-0.1805587,GB
London Beckton,2022-12-22 00:56:27,"ive reduce rating, gym unusable now, way overcrowded, cant afford spend 2-3hours gym every day get proper workout in. guys need limit number memberships. cancelling membership find new gym dont get chance half exercises want. many people hog bench press deadlift areas hour sometimes ridiculous.",2,51.5160797,0.0594257,GB
Bletchley,2022-12-19 13:25:24,long plan leave changing room toilets closed?,1,51.9943694,-0.7325655,GB
Birmingham Longbridge,2022-12-15 06:01:14,"great gym last year, really gone downhill since then. gym ridiculously hot times. know winter nobody wants warm gym, nice cool temperature would much better. also completely full peak times many people waiting popular equipment. alongside mobile phone signal gym forcing everyone use poor quality wifi. probably switching real gym soon.",2,52.3940521,-1.9807506,GB
Bradford Thornbury,2022-12-10 03:17:21,"broken machines never get fixed, equipment missing ,what shame",1,53.8030213,-1.7048953,GB
Nottingham Beeston,2022-12-08 19:00:34,happy cleaning stations gone??? makes want use equipment honest needs bringing back.,2,52.9209026,-1.2075548,GB
London Muswell Hill,2022-12-02 08:39:14,"four years gym worst. latest manager made arena terribly toxic many good pt left. bullies staff customers alike however much complained seems fall deaf ears. toxicity great intimidates people emails lies. many many people pt / customers left place filthy machines old . pts left keep place open weekends ! leaving found lovely gym - clean, friendly wonderful equipment price - scared move !",1,51.5910395,-0.1420768,GB
Southend Fossetts Park,2022-12-01 22:53:51,cancelled membership due ceo supporting genocide.,1,51.5602641,0.7196723,GB
London Hoxton,2022-11-30 09:23:38,"decent gym. reasonably priced, good equipment. however: gripe puregym impossible end membership via website app. search via site, you’ll find locked infinite loop two disingenuous pages, really (deliberately, i’m sure) tell nothing end membership. end, call customer service, told way end membership cancel direct debit via bank. doubt intentional – hope give up, forget cancel take money. end, block direct debit puregym via bank, like cancelling scam payment. concern pts run classes gym excessively loud. scream megaphones pump music earsplitting volume across gym, offending everybody within earshot. i’ve reported several times customer service, never bother write back me. cleanliness men’s loos could addressed. gym playlist also pure trash. make sure bring noise cancelling headphones drown out, you’ll curling weights infinite loop kesha ft chainsmokers. short: get pay for. cheap gym, don’t expect virgin active.",2,51.5323935,-0.086078,GB
Solihull,2022-11-22 23:57:42,"average gym, poor maintenance locker rooms even cleaned half time",2,52.4130189,-1.7768935,GB
Solihull,2022-11-22 23:57:42,"dropped stars initial 5. aircon spin room awful, audio quality bad instructors difficult hear months opening still wifi. get impression head office give toss. shame great opened.",1,52.4130189,-1.7768935,GB
Durham Arnison,2022-10-30 22:41:46,"recently got back gym coming home holidays yes speakers classes, noise levels gym music still loud quite crowded also noticed staff seem welcoming too, seem greet people especially classes getting trained, other's like either get looked turned away, one time welcomed first arrived gym officially opened people came staff even say hello, seem keep distance public yes one maiden castle, issues especially letting mum gym staff seemed talk people whether asking help general talk staff, least staff talking public gym yes gym small comparing staff one's arnison centre, prefer staff rather one's puregym, quite disappointing honest, nothing much changed gym equipment's getting moved around back gym, normally get's quite crowded people wait free bench near front way many treadmill's, less cycling would prefer weights something moved either upstairs near front. another thing cycling one's upstair's, need go toilet get drink pause it, machine pause number time goes annoying that, think gym ok, improved especially loudness music especially class, however main gym getting quieter nice class speaker's music loud quite hard concentrate.",2,54.8066978,-1.5811887,GB
Ashford,2022-10-30 06:33:30,"great gym, shame classes change times regular cadence. unfortunately, joined another gym due constant price hikes west thurrock gym (twice months) - multi-gym user premium member, raise price one gym use despite paying premium membership, rectified upgrading date direct debit taken, could month!! gym access duration! poor service levels regard assistance complaints! never speak human!! poor maintenance equipment, especially spin bikes, pedal straps always broken, therefore, pretty unusable! would never return gym group!",1,51.148555,0.8722566,GB
London Enfield,2022-10-26 05:23:52,"zero enforcement rules. equipment never returned, people using gym worse, zero enforcement make sure place tidy. machine attachments regularly lost missing, nothing hang again, resulting people constantly asking finished turn. several people, jumping single pods people entering without paying. surprised seen cctv often. people always recording, personal trainers also recording site time. large groups hanging around taking certain locations, meaning equipment basically limits. really annoys place, machines seem broken, new broken machine weekly. what's worse fact late evenings, time come here, people bring aux cable connect speakers play loud music. awful. people ruin place, team seem nothing it. personal trainers enforce anything.",1,51.6517156,-0.0786839,GB
Bromsgrove Retail Park,2022-10-24 01:37:21,"initially rated gym stars moved another pure gym months ago impressed better quality equipment decent amount space. unfortunately gone downhill since then. maintenance pretty much non existent. membership things kept falling apart. lockers awful one point maybe lockers available use locks permanently on, whether user not. shouldn’t like this. took probably 4-5 months get fixed. staff management awful. always locked staff room occupied gym equipment sat chat other. actually disgusting behaviour gym equipment dirty, paper disinfectant spray dispensers empty. i’ve got nothing chat colleagues least make sure basics done?? lead husband leaving issues direct debit even though plenty funds available. slapped ridiculous admin fees holiday issues wasn’t even fault. couldn’t even access website sort basically block country accessing website due “hacking”. joke. 🤦‍♀️ ended cancelling leaving. way we’re using sad company.",1,52.3382139,-2.055081,GB
Nottingham Basford,2022-10-16 02:04:05,changed star gym zoo. packed hilt air flow stinks,1,52.9816725,-1.1783596,GB
Wolverhampton Bentley Bridge,2022-10-14 05:05:47,"update 5th sept 2023: unfortunately gym dropped one star, last months exceeding amount equipment broken cannot used. whilst understand part parcel, gym seem getting anything repaired, things broken months unacceptable paying something getting. first time using gym surprised small was, enough go right time fine, imagine busy periods end leaving due lack machines. place kept tidy top everyone seems respect others work outs. music gym could alittle better help mental motivation. overall decent fine use late. using couple months say another big issue constant smell sewage mens toilets sink washing hands. first thought someone much eat bit smell constantly matter hours toilets ""clean"" .",1,52.5968429,-2.0898197,GB
London Wandsworth,2022-10-05 21:23:35,"daily user say this: assistant manager kevin away quality everything got extremely worse!! gym always dirty, extremely smelly, bathrooms collapsing, music loud, everything became horrible professional absent. today pleasure seeing gym noticed lot positive changes! active, serious work excellence love! please preserve 5-star professional company. delighted change review stars soon realize everything back normal.",1,51.4570271,-0.1932607,GB
Manchester Urban Exchange,2022-09-28 07:30:27,"rejoined highly disappointed aircon temperature control decent internet dripping roofs broken mirrors stinking changing rooms feels like i’m 3rd world country gym absolutely disgusting , pure gym one busiest gyms manchester that’s clients treated , it’s shame",1,53.4817408,-2.2283336,GB
Salford,2022-09-21 20:53:23,"unsafe terrible area getting bicycles/e-scooters stolen (good luck still finished gym workout), gym smelled musty, broken equipment, water leaking roof. good, already moved gyms.",1,53.4877463,-2.2891921,GB
London Wall,2022-09-12 20:02:06,"(update 14/7/23): air conditioning failure again. nice place train currently. unbearable weather warms up. previous a/c issues imagine take many months resolve. would nice pure gym could list a/c issue entrance area website etc along expected repair date. (update 1/11/22: week air conditioning fixed. manager ameet worked hard rectify situation kept updated. fingers crossed fix lasts time. updated review 1* 4*) always air conditioning problems london wall pure gym location (as per numerous complaints below). spoken staff numerous times issue fully aware. currently fans (evaporative coolers, confused a/c units) dotted around place circulate warm damp air. it’s pleasant. i’ve reduced number times visit find uncomfortable exercise in. clear air con issues entire time member (3 years) short periods working. a/c issue definitely recent thing despite response comment may suggest. warm summer worst bearing mind gym basement windows etc. would avoid gym unless proper fix found a/c rather usual sticking plaster. plus side staff always welcoming friendly.",1,51.5099294,-0.0760209,GB
Corby,2022-09-09 17:14:06,rammo even mid day. enough equipment thats dont lots space. loads people standing machine chatting. people horrific bo. people putting stuff back. people rep spend minutes texting someone. getting loads worse,2,52.4877341,-0.7032713,GB
London Bermondsey,2022-09-06 21:49:26,"showers gross ice cold, male staff came female changing room sign sheet cleaning. wifi work areas. place packed peak times staff limited actually need help.",1,51.4970125,-0.063268,GB
Newcastle Eldon Garden,2022-09-06 14:15:32,"plenty equipment across floors issues air conditioning, cleanlyness smell. second floor (weights floor) non functional air con, units pumping heat whilst floors properly controlled. asked told roof air con broken heat wave someone coming next day...thats weeks ago month broken air con, clearly urgency repairs. cleaning units either empty filled elsewhere gym. cleaning units alcohol hand gel clean equipment with. also lingering smell stairwell first second floor describe mouldy cabbage. male changing rooms literally smell toilet. mind gym literally equipment nothing ticks box. update oct 2022: smells gone, thr heat issues remain since heatwave summer got worse, sections top floor warm leaving obe small area back reasonable temperature. stage starting believe staff plain lying comes air con broken excuse, mean care thry work heat members do, sort out! update sept 2023. small area st thr top back warm, claim 19-21c, sorry lie stage, even asked evidence temps ignore emails now. so. uncomfortable working heat. avoid gym. reason still go need multi access. update june: heat issues ongoing, coolest floor third floor, two floors comfortable able work heat. weeks ago management said would look get temporary fans whilst heat issues ongoing, suprise suprise changes! update sept 23. still ongoing heat issues, blamed carbon neautral claim 21c, load rubbish pumping hot air. room om third floor went cool warm. broken can't bothered reply emails asking evidence area temps. avoid place, reason still go multi gym access. longbenton one much better suffer issues here. image show flaps air con, others aren't, makes difference anyway temps place shot.",1,54.9757161,-1.6168648,GB
Wolverhampton South,2022-09-02 04:59:03,full people like bounce press weights fake personal bests. bad smell toilet bad form users go hand hand,2,52.463146,-1.9844677,GB
London Whitechapel,2022-09-01 15:32:04,"gave 5* exactly year ago got bad 1*. toilets lockers always full water floor bad smelling (most probably pipes), soap dispensers broken. lockers floor often dirty inside many broken locker. sent email requesting could add lbt bodytone classes morning 7/7:30am extend abs classes, response. sent chaser - still nothing. today went class 9am guess what, pt turn lol stayed alone excersised myself. fact give no-show turn class still 10spots available joke, yet okay pt turn one person coming. guess block book classes week even less people turn = effort you. absolutely awful experience. much better giampaolo manager, pts friendly, motivated, chatty. currently, see pts phones, looking absolutely demotivated. became sad place. one lady previous era bet leave soon well. soon get routine motivated travel, definitely change gym",1,51.5174861,-0.0659685,GB
Chelmsford - The Meadows,2022-08-23 22:45:29,"today (sunday march 3rd) approximately 1:15pm received without doubt worst customer service encountered. lady (who previously finished teaching class) came accused personal trainer innocently working friend happened want train bit experience. accused (and colleagues apparently complained, one kept glancing over) consultation seated area socialising!!! also said cameras examining suspicious. ok show evidence personal trainer!! absolutely disgusting everyone involved hang head shame. staff member concerned lucy carpenter believe completed class others accusing unjustifiably.",1,51.7318661,0.4756173,GB
Leicester Walnut Street,2022-08-23 01:14:36,hate locker room atmosphere,1,52.6244566,-1.1343556,GB
London Edgware,2022-08-23 00:14:04,send many emails regards noise issues upper flats everything fell deaf ears. huge banging noise morning coming gym. gym generally overcrowded free weights area inadequate sense someone uses lot discs leg press deadlifts good luck finding discs train. pure gym finchley much better,1,51.6136623,-0.2749555,GB
London Hoxton,2022-08-15 22:18:15,"edit: look reply below, tells everything need know puregym. closed gym days say you’re entitled refund. december 2nd closed gym december 19th due flooding. it’s unreliable gym ever used. send email asking refund monthly fee, “upgraded” membership access units. urge impacted same. first, certainly won’t last issue unit. full partial closures common place, little notice. favour go somewhere else.",1,51.5323935,-0.086078,GB
Nottingham Castle Marina,2022-08-05 05:37:47,typical cheap gym stinks bo doesn’t provide wipes machines covered sweat,2,52.9453218,-1.1685107,GB
London Leytonstone,2022-08-01 10:01:06,easily worse puregym london. rude staff. weighing scales.,2,51.5684052,0.0111701,GB
London Leytonstone,2022-07-24 09:53:32,"good gym overall, please mindful space & capacity classes! booked class morning cancel space put mat down! bare mind spoke instructor end, apologised & told people hadn’t even turned class. class overcrowded despite people showing up, imagine. update 22/6/23: classes still overcrowded af. clearly didn’t take originally said board wouldn’t still case. classes need maximum people, try squeeze many possible nobody achieve full workout potential even personal space. i’ve terminated membership. well done 👍🏽",2,51.5684052,0.0111701,GB
Northolt,2022-07-18 19:13:35,"gym health safety hazard!!! -zero gym etiquette. -wierd attitude lot members -staff lacking lustre -no real rules want train sweat, stink navigate jungle dumbells plates - place you! mega busy somewhat chaotic; really finesse safety considered free weights area. dumb bells plates left floor incorrect places; enough clips clips broken. one really bothered long get bit done. subject broken, machines poor condition broken, attachment hooks compromised. circumstances, gym continues allow use equipment flippant attitude - well put sign up. broken lockers disgustingly smelly mens shower room (smells like urine excrement time). distinct lack hygiene health safety throughout northolt pg. going years ""bro-meathead"" collective well, guys training topless sweating multiple equipment without wiping etc etc.... this, unfortunately cannot changed individual. rules would help. but... would strongly suggest management take time go see pg marylebone maintained safety rules upheld. applied here, would seriously improve things northolt.",1,51.5484582,-0.3695247,GB
London Beckton,2022-07-07 02:02:50,"spin classes ceased, need re-evaluate membership...",2,51.5160797,0.0594257,GB
Manchester Spinningfields,2022-06-27 01:20:35,"time issue takes ages get fixed, heat gym smells like sweaty poo :)",1,53.4800153,-2.2517994,GB
London Leytonstone,2022-06-15 21:56:27,"reason many options. overpriced lack equipment compared units, also limits variety. space big boils number equipments per exercise, go end peak, expect wait quite likely group hogging machine. update 04/2024 conditions even worse, rarely cleaning liquid use, mats damaged falling apart, equipment sometimes placed ways limit configurations, equipment protective plastic altering configuration (literally pinch metal fingers pull change range motion chest machine.",2,51.5684052,0.0111701,GB
London Lewisham,2022-06-15 21:56:27,"smells around ,no ventilation working ,all mirrors dirty ,because smell can't even work ,rude staff .use good anymore .i cancel membership sooner soon",1,51.4656437,-0.0139562,GB
Stoke on Trent North,2022-06-04 16:03:37,"equipment going missing, machines working months, shower rooms flooding lockers amazingly locking valuables inside without locks, yeah it’s bad, lol. weren’t cleaning lady’s breaking locker skills old bent bread knife think i’d still waiting locksmith lol. irritating thing clips removed pulley machines spend valuable time wandering around trying find bloody things, really takes little common sense secure clips onto machines can’t removed,how simple that. i’ve already mentioned staff problem still nothing changed. response you’d probably get talking plank wood, really 😄",1,52.9860695,-2.1751228,GB
London East Sheen,2022-06-02 05:03:38,ok gym good equipment good weights barbell area. many teenagers hanging around gym phones. staff around manage.,2,51.4623706,-0.267094,GB
Newcastle Eldon Garden,2022-05-20 14:09:00,"disgusting gym, staff management....one worst experiences ever (and gym reallyyy stinks)......always dirty disgusting horrible smell !!!!!",1,54.9757161,-1.6168648,GB
Bath Spring Wharf,2022-04-23 02:08:28,toilets night time look disgusting disabled toilet order long time.,2,51.3846626,-2.3807866,GB
London Finchley,2022-04-08 22:24:00,gym undergoing mayor refit. well needed equipment becoming rather tired. instead leaving gym open minimal equipment available frustrated members gym closed. don’t really fancy breathing paint fumes dust whilst training anyway. contact pure gym refund monthly membership fee cant bothered reply.,2,51.5973246,-0.1805587,GB
New Barnet,2022-04-07 16:28:36,"gyms always busy, basically wait long anything, benches machines. missing weights place, best word describe ""long"".",2,51.6497449,-0.1751403,GB
Colne,2022-04-05 03:27:28,"ironic remotely funny many non-disabled white german cars fight disabled parking spaces yet badge; massive ego! wonder never brought disabled mum! never quiet time, say place full posers sat benches mobile phones absolutely nothing whilst wait literally price equipment become free. problem anyone actually anything like work out, clearly gen z understanding meaning 'workout'. no, preoccupied social media presence many people looking yet another exercise somehow always seems involve sticking backside everyone's faces. 3rd time returned last time visit. workout place, reflection gen z seems think sitting badly-needed bench minutes ""their right, man"". waste time trying work time.",1,53.8567728,-2.1691238,GB
East Grinstead,2022-04-04 00:13:38,"typical puregym experience. atmosphere, lack knowledge staff/pts, basic kit pretty poorly run. shame gyms like bulldogs/tgm effectively driven business cynical big chains. puregym may convenient, wetherspoons fitness industry.",2,51.1322179,-0.0117661,GB
Leicester Walnut Street,2022-03-31 01:14:57,spend time waiting parking exercising.,1,52.6244566,-1.1343556,GB
Cambridge Leisure Park,2022-03-28 22:18:47,"cheap wide range equipment, means overcrowded peak times. gym seen better days, could updating, cleaning better air conditioning.",2,52.1900026,0.1367799,GB
Edinburgh Fort Kinnaird,2022-03-26 18:53:12,"thinking joining think twice, 80% pt's clue coach properly know exercise safe proper manner .also gym full / yr olds piss using patents memberships .just say one pt , (she) rude disrespectful towards people 😡.",1,55.9334724,-3.1059406,GB
London Park Royal,2022-03-23 02:31:14,"good sized gym, zero olympic weight plates gym floor. female members take female area return",2,51.5264341,-0.2839348,GB
Milton Keynes Winterhill,2022-03-22 00:57:51,"gym new manager, think place improve. give another chance month two.",2,52.0277439,-0.7636732,GB
Folkestone,2022-03-17 12:31:29,every piece equipment seems layer dirt. never seen staff kind cleaning. equipment seems out-of-order months time. there's enough benches mens locker room. first time visit clear things like changing rooms are. there's really sign posts. overall good gym.,1,51.0791335,1.1794073,GB
Walton-on-Thames,2022-03-08 20:10:45,waited minutes door staff member show round joined. rang bell called assistance number. single sole came need. shocking! lost membership.,1,51.3856837,-0.419814,GB
Northwich,2022-03-08 15:17:55,"limited equipment many members size. equipment broken all-the-time. ""refurb"" marginally better / cleaner. gym got new set dumbells it..... wowzer, way push thr boat out.went back gym break tonight. took serious effort get there. spent mins (again) unable get anything walked end working out. direct debit soon cancelled. literally pointless.",1,53.2602539,-2.5145104,GB
London Hoxton,2022-03-08 09:24:35,member years. always something major working. drainage system wifi. moment im even receiving emails alert closures changing rooms allowing access shoreditch gym. forever disappointing.,1,51.5323935,-0.086078,GB
Leeds City Centre North,2022-03-08 08:03:13,"gym parking, crowded discount offers never seem end, music obnoxiously loud.",1,53.9558121,-1.1229892,GB
Salford,2022-03-08 08:03:12,"member many years, often coming 4+ times week. excellent value generally well maintained. however there's noticeable drop standards male showers. absolutely stench feaces done least month now. much flies accumulated (see pic). addition one shower get hot least months. generally feel like never get cleaned. gum picture months. get things go wrong, however puregym need proactive maintenance instead reactive (due complaints / reviews). unfortunate post this. edit: seen marked improvement last month. perfect (still stinks, shower order, chewing gum still since xmas) seen lot active cleaning going on!",2,53.4877463,-2.2891921,GB
London Canary Wharf,2022-03-08 07:52:51,puregym supports genocide! cancel membership found another 24hr gym!,1,51.5048954,-0.0190006,GB
Nottingham Beeston,2022-03-08 07:07:23,downhill,1,52.9209026,-1.2075548,GB
London Marylebone,2022-03-08 06:46:47,"start good points: location gym great. trainers really friendly know stuff. like running treadmill there's lot you. areas improvement: gym space small utilized poorly, could fit quite bit kit space maximized. amount exercise machines really lacking. (only one machines) gym hrs. recommend using cardio intensive exerciser happened area hours want get quick workout in. opinion, one puregyms could absolutely renovation.",2,51.5243712,-0.163592,GB
Leeds Hunslet,2022-03-08 06:46:47,many lazy people unable put weights back place use! take care tools! many people use phones someone else waiting them! toilet dirty. device used month!,1,53.7786185,-1.5282492,GB
Aylesbury,2022-03-08 06:36:31,"unfortunately management gym would rather post social media actually jobs. knee operation coming back knee rehab disabled changing fixed since october 2022, written twice sort issue out. issues follows: 1. sit toilet get changed spare seat (foldable) taken down. 2. shower floor slip hazard maybe install panels water seep out! 3. forced sit toilet wet shower seat seat change. 4. music speaker broken 5. shower curtain done toilet glued back wall. nothing done.",1,51.8161412,-0.8130383,GB
Gloucester Retail Park,2022-03-08 06:26:09,"refurb finished! that's end good news. name saving energy... showers cold, one worked months, lighting dimmed air con power reduced. best cardio cross trainers removed replaced.",2,51.859848,-2.2163951,GB
Portsmouth Commercial Road,2022-03-08 06:26:08,"air conditioning there, please? degrees outside suffocating inside…",1,50.804976,-1.0870115,GB
Bromborough,2022-03-08 05:55:07,"sports water machine working 100th time, pure gym needs keep providing customer service comes things like this, writting note & putting machine good enough! really annoying!!",1,53.3333672,-2.9774612,GB
London Colindale,2022-03-08 05:24:10,"pro: unquestionably well located close station pts nice, best organise many classes. cons: gym general bad state. going two years experiencing gradual ineluctable decay; seepage dripping everywhere (evidence buckets find floor), stinks entrance, water station downstairs broken knows long, holes cracks walls various locations... cannot even find enough spring collars bars ring connections machine handles...",2,51.5954091,-0.2499296,GB
London Piccadilly,2022-03-08 05:13:48,"giving using place, signal cell phone, wifi place never bad, terrible signal, works one rooms, rest disconnected world can't hear either music cell phone, if, example, stay long time miss important call waiting months, management place solve something problem anymore, addition bad smell bathrooms problems work renovations recent months.",1,51.5060854,-0.1441691,GB
London Piccadilly,2022-03-08 05:13:48,"gym bad, water shower cold.. ac high changing room expecially shower area.. wifi shame cover gym entrance.. gym centre london expensive lack details.. better chose different gym details fixed.",1,51.5060854,-0.1441691,GB
Basildon,2022-03-08 05:13:47,daughters bank card taken locker room used .. told us omeone moretons pitsea ordered things it. security whatsoever poor shower rooms,1,51.5754602,0.4757363,GB
Dudley Tipton,2022-03-08 05:13:47,"puregym brierley hill £9.99 month contract that's bigger better gym £21.50 tipton puregym, noticed lot cheaper puregyms aswell thay cleaner bigger?? saying tipton think would cheapest.",1,52.524461,-2.0492538,GB
Norwich Riverside,2022-03-08 05:13:47,air con doesn’t work summer full blast winter. gyms got personality well,1,52.6271817,1.3056472,GB
Basildon,2022-03-08 05:13:47,"recently left puregym sinks functioning fixed months, stated able use disabled toilets next door wash hands though dry hands hand dryer work. might go lengths use disabled toilet assume many would not, appalling puregym think months sink functioning toilets/changing rooms acceptable. cant understand others complained reviews high maybe indicates basildon well basildon, sure puregyms people would complained much sooner. gone times covid hygeine must, seem gone extent faeces etc gym equipment acceptable.",1,51.5754602,0.4757363,GB
London Charlton,2022-03-08 04:42:51,"oh boy, let tell gym. quite experience! say, certain...aroma it. aroma, mean smelliest gym ever set foot in!",1,51.4826053,0.0365359,GB
London Acton,2022-03-08 04:42:45,"given gym four star review past afraid due recent lapses care facilities, marking down. lack toilet paper coincides gym manned weekend - due staff cuts keep running costs down? whatever is, needs fixed fast out.",2,51.5027051,-0.2799643,GB
London Charlton,2022-03-08 04:42:45,fix. the. shower. left broken year. working showers wait available one nightmare microscopic changing room.,1,51.4826053,0.0365359,GB
East Kilbride,2022-03-08 04:42:44,"simply gave gym . done feedback n complained volume music n classes . last visits cancelled membership. membership staff walked n turned music volume right wanted customers want . 2nd visit thought class board heavy metal blasting away could hear staff customer's. staff playing music loudly . tvs playing music, blast music class , u can't hear tv music . can't wear headphones cause cant hear due level staff put music .but staff want wonder place dead . yes put feedback reply must ave busy listening music 🤔🤔🤷🤷 sept 21st",1,55.7601174,-4.1796401,GB
West Thurrock,2022-03-08 04:32:25,update. prison there. changed layout machines cardio floors - cramped. cancelled.,1,51.47712,0.2721259,GB
Leicester St Georges Way,2022-03-08 04:01:25,"always messy, stinks. #free🍉",1,52.635872,-1.1231787,GB
Wolverhampton Bentley Bridge,2022-03-08 04:01:25,"moment little bit disappointed due machines ar order working, machines use every time go, like two stairclimers, disappointed.",2,52.5968429,-2.0898197,GB
Wolverhampton Bentley Bridge,2022-03-08 04:01:25,"disappointed lately here, extremely busy . can't move busy, can't really enjoy fitness standing waiting .. unhappy turned away door busy, seems money regardless experience. maybe time day awful experience, stopped going this. small .",2,52.5968429,-2.0898197,GB
New Barnet,2022-03-08 03:30:11,"yanga sports water dispenser order 2-3 weeks, whether massage chairs working hit miss.these two benefits pay premium membership - what’s point they’re hardly ever available?? emailed puregym weeks ago water dispenser, auto reply, i’ve heard absolutely nothing. awful.",1,51.6497449,-0.1751403,GB
New Barnet,2022-03-08 03:30:10,good gym great staff recent class reorganisation head office makes less star... class timetable even worse,2,51.6497449,-0.1751403,GB
Birmingham City Centre,2022-03-08 03:09:35,gym supposed open 24/7 that’s case,1,52.4856896,-1.871104,GB
Birmingham City Centre,2022-03-08 03:09:34,"gym two half years, significant changes. noticeable difference minor improvements christmas, like paint construction. unfortunately, lack essential equipment incline bench barbell, decline press barbell, t-bar machine. many people, including myself, expressing concerns past two years. surprising reputed brand like pure gym uk address issues. hope feedback brings positive changes.",1,52.4856896,-1.871104,GB
Cambridge Grafton Centre,2022-03-08 02:48:57,"worst gym uk! overcrowded gym keeps running offers increase members! furthermore, gym considerably smaller average pure gym, try cram people small area?! designed large number people - even enough lockers found carry gym bag around, wasting minutes looking empty locker. make things even worse, dirty gym - toilets rarely cleaned always hand soap. gym needs new management!",1,52.2062587,0.1348954,GB
Ashton Under Lyne,2022-03-08 02:38:31,"great staff friendly atmosphere! fantastic review gym years ago, however anymore, since change equipment around last month get people machines upstairs downstairs now, went today sunday hoping would reasonably quiet, counted gang teen lads training asking finished sets! gym last months isn’t tom there, could go details staff gym i’m going waste time!",1,53.4865407,-2.098691,GB
Glasgow Shawlands,2022-03-08 02:27:54,"gym good decent range equipment. however lately lots members setting tripods recording gym pure gym seem care telling ""contact member staff happens"" even there's staff members time. needs company wide policy ban narrcists recording people. looking new gym respects privacy members. top that, removed almost cleaning equipment pinch penny's",2,55.8293953,-4.2924269,GB
Glasgow Shawlands,2022-03-08 02:27:54,"bad place unless feel like treated like robot, surrounded large groups teenagers using machinery. favour check future fitness next door!",1,55.8293953,-4.2924269,GB
Wakefield,2022-03-08 02:17:33,"casual gym goer it’s pretty much perfect - got basic equipment, loads cardio gear, it’s open 24hr. gym casual it’s something keep ticking yeah it’s bad. city centre it’s pretty convenient positives. you’re serious gym you’re avid gym goer i’d avoid place - equipment pretty poor standard it’s matrix stuff mainly pins lot free weight machines. enough equipment, free weight area tiny. power lifting area squat racks city centre gym - near enough. men’s changing area pretty awful never really clean especially peak times. music awful don’t headphones unlucky. peak times gets way busy point it’s even worth going. extra quid, go local independent gym smaller franchise, area you’re serious training miles better place.",2,53.6829541,-1.4967286,GB
Sutton Coldfield,2022-03-08 02:07:06,"popped thinking try lose weight, see still cardio machines, many weights machines longer about. there's chest press machines sort. looks like philosophy tends towards free weights, cable machines various sorts.",2,52.5623089,-1.8239794,GB
London Bromley,2022-03-08 02:07:01,"gym goers cleaning machines usage. gym goers respecting guilindes training close members. radio announcements state machines deep cleaned every night, hard believe there's dust covering backs them. problem. put trust others share values get letdown. that, nice gym, enough equipment use new gym opening december, may cancel join them, choice better choice equipment.",2,51.3668569,0.0617091,GB
Sutton Coldfield,2022-03-08 02:06:55,"poor gym. often things broken, like lifting equipment takes average two four weeks repair, well simple things like hand dryers two months! people often leave weights laying around without repercussions. management strong enough, pt's part problem rather setting example.",1,52.5623089,-1.8239794,GB
Birmingham Beaufort Park,2022-03-08 01:56:31,gym going downhill. biggest refurbishment can't even provide proper cable attachments forget attachments can't even get one clip per cable machine. percent attachments missing grip one rope entire gym. ridiculous.,1,52.493268,-1.8171797,GB
Birmingham Beaufort Park,2022-03-08 01:56:25,"soon walk in, smells bad odour. never switch aircon on. damaged machines take ages fixed, especially cables take months. toilets always filthy. recommend air freshener attached toilets. need game start adding machines ones broken useless. new staff pretty useless. come mothers meeting seem fixing issues keeping gym tidy environment.",1,52.493268,-1.8171797,GB
Nuneaton,2022-03-08 01:56:23,toilets nightmare. enough tolilets. unisex. sometimes see disgusting state. noise horrible. classes open space volume high. loks like cleaned all.,1,52.5246182,-1.4684488,GB
Oxford Templars Shopping Park,2022-03-08 01:56:23,"member couple weeks. never soap dispenser men's toilets, mentioned staff never done despite bringing up. equipment poorly looked - covered dust; mechanisms machines running poorly due lack maintenance; stack pins missing weights machines; seat channel chain rowers properly maintained...all basic stuff managing gym, especially high volume use. staff enforce gym rules regarding putting freeweights away much happier standing around looking phones. couple guys work leering woman working last time in, partner noticed - pretty much confirmed opinion professionalism made feel uncomfortable working freeweights area male-dominated. positives cheap convenient good selection equipment. update: joined convenience winter. still soap dispensers, toilet tissue, paper towels cleaning station. really changed much. serves purpose months",2,51.7333472,-1.2178489,GB
Oxford Templars Shopping Park,2022-03-08 01:46:02,"shift worker hour gym perfect. clean, modern, good equipment pretty spacious however enough people go zero respect place people training there. finding pair matching dumbbells take cos put anywhere (if put back all!!) people often leave plates equipment middle floor done. wish done this, ie signs warnings. also bit bright that's biggy",2,51.7333472,-1.2178489,GB
London Angel,2022-03-08 01:46:01,"gym would good, however.... showers always filthy smell. thursday man turns spends hours showers, showering fully clothed, treating showers laundry, odd unhygienic. staff seem care. complete lack security weekend non members tail-gating security barriers, teenage boys crawling security barriers members letting mates in. sure possibly feel safe there. sunday men's changing room suffers odd guys sat playing phones.... hmmmm wonder why? fitness staff respect people's work space chatting people. fitness staff favour private clients everyone else point rude. men's changing room used less changing photo booth guys wanting post instagram... changing room ridiculously small makes photo taking tedious.",1,51.5324874,-0.1060356,GB
Oxford Templars Shopping Park,2022-03-08 01:46:01,l know l go,1,51.7333472,-1.2178489,GB
Manchester Bury New Road,2022-03-08 01:25:37,"switched gyms came back 6-7 years see much changed here. equipment same, battered rusty. free bench press?? what? disappointing",1,53.493801,-2.2502732,GB
Warrington Central,2022-03-08 01:25:35,"second time less months puregym removing access gyms area without notice. started premium plan gyms , access less half none gyms area apart home gym. disappointed.",1,53.3919402,-2.5924167,GB
Nottingham Basford,2022-03-08 01:14:54,vertical pull horizontal pull cable machine broken well month. went recently converging chest press machines order 3rd one even maintained properly (one handle goes back much slack cable) vertical pull pull bar looks like going nearly snap metal worn much. rope attachments extremely frayed. poorly maintained gym ever to. puregym obviously putting minimal effort keep place running catching them. seen making response another review making sure people put weights back. well off-peak times staff around people almost never put weights back (it's busy there's excuse) cameras around check people never seen usual suspects coming gym years.,1,52.9816725,-1.1783596,GB
Newcastle Eldon Garden,2022-03-08 01:14:54,horrible stinky gym,1,54.9757161,-1.6168648,GB
Coventry Skydome,2022-03-08 00:54:16,could give zero stars would. since lockdown gone hill stayed there. staff changed know run gym. filthy whenever clean wipes come back black unsure cleaning takes place. witnessed pt's leave weights floor setting great standard others... tried emailing concerns inappropriately approached trainer stopped replying meant arrange talk. walked last week voiced concerns person manager overheard said yeah laughed. cancelled membership. laughing face customer concerns gym absolutely disgusting.,1,52.4075589,-1.5184111,GB
London Waterloo,2022-03-08 00:43:56,"downside this, ceo.",1,51.5028379,-0.112801,GB
Cardiff Gate,2022-03-08 00:43:56,"complete dump place, that’s always rammed it’s impossible work out. perfect place hang mates hog benches/machines play phone, actually want exercise, go elsewhere update: half gym currently closed amount equipment significantly reduced; gym therefore virtually impossible use peak hours. planned “upgrade” also see free weights removed make way studio space paid classes.",1,51.5389707,-3.1315077,GB
London Southgate,2022-03-08 00:02:41,"change review, gym smelt really bad last time went aqua massage machine smelt like cabbage, still making feel sick day. i’ve notice local homeless people made little makeshift shelter side gym would probably explain smell. noticed young woman dressed gym (big hiking boots, baggy cargo trousers tassels, hoodie surgical mask full makeup) came brother asking weights brother using, wasn’t even finished with. decided let cos creeping us didn’t even use weights. gym hour half noticed didn’t exercise whole time there. think using gym shelter yeah probably wouldn’t recommend.",1,51.6323183,-0.1277858,GB
Didcot,2022-03-08 00:02:41,surprisingly pretty good inside changing review stars though years still plus membership benefits e.g. yang sports water massage facilites,1,51.6056908,-1.2467923,GB
London Southgate,2022-03-08 00:02:41,many children attend place. puregym need stop selling £9 quid memberships year olds. place busy time. kids decency use gym. one worst branches seen!!!,2,51.6323183,-0.1277858,GB
London Greenwich,2022-03-07 23:31:40,smells like someone died there. ventilation please..!,1,51.4686256,0.0488306,GB
Blackburn The Mall,2022-03-07 23:11:09,"cancelled membership following comments made ceo pure gym regarding arming israel horrendous murder palestinian woman children. man morals. overall gym good experience, decent staff.",1,53.7489149,-2.4826216,GB
Blackburn The Mall,2022-03-07 23:11:08,gym three years ago clean enough gym gone downhill,1,53.7489149,-2.4826216,GB
London Edgware,2022-03-07 23:11:07,"signed joined today. really impressed ease sign-in process instructions get out. gym clean, good range equipment, crowded. toilet facilities good, lockers available. updating review water heaters men's room become really erratic. try come go straight work since close edgware station. last times come, every alternative time, heaters working. hard plan around this. going back home shower smelly gym clothes certainly signed for. despite repeated feedback, seem keen fixing one would think basic requirement gym makes sense conveniently located. sorry. out.",2,51.6136623,-0.2749555,GB
Plymouth Alexandra Road,2022-03-07 22:29:50,"slowly gone hill lack care/attention/investment. lots equipment returned place, odd weights, equipment fairly beaten now.",2,50.3818354,-4.1266441,GB
London Hayes,2022-03-07 21:48:45,"nothing better hayes updated 8/5/2023 pieces equipment broken months. that’s point acceptable since there’s wide variety alternatives although, toilet “out order” months, fountain upstairs water gym kinda busy. usually dirty, noticed improvement don’t believe gym’s fault, even 24/7 cleaner there, still people don’t respect sense using common space hygienic manner personally never engaged pts, even though know complaints past. say victoria, new one mina lenny exceptional! today closed gym kindly kicked us asked us go northolt. that’s due bad planning management maintenance facilities. received email hours membership temporarily upgraded (while plus member) hilarious. northolt gym 5g reception, even poor 4g dropped 5* 2* start it’s 24/7 star great pts updated 11/11/23 gym closed . say “no hot water”. lasts long time now, didn’t drinking water time better rebrand puregym poorgym",2,51.6621711,0.7083861,GB
London Kidbrooke Village,2022-03-07 21:38:22,"busy sometimes. best time training 16.30 weekdays. aware loud music far corner funcional classes. good all. needs reviewed management. pt's small ""reception"" balcony near entrance, engage members prefering entertained phones gadgets...a bad image someone who's leading public. equipment needs decent cleaning, full dust. toilets (males) need better hourly checking instead times day...if consider number members gym insufficient...",2,51.4614006,0.0259584,GB
London Leytonstone,2022-03-07 20:57:03,"equipment 7/10 pretty good, years attachments added variety abundance good, broken machines get repaired relatively quickly feel smooth well kept overall. could variety, generally get job done. activity 3/10 people signing becoming quite packed throughout entire day, go peak time 6-10pm goodluck getting anything done waiting machine pretty long especially groups people time (weekends good day night) amenenties 0/10 lockers either broken permanently reserved. toilets bad repairs get done then. reference half lockers always taken gym busy people carry bags them. staff 5/10 generally staff good, spoke seen interact people good way. except management, refusal listen act complaints, especially comes lockers. especially tarique, extremely petty lazy manager. complain anything persistently go far following cameras see get instead job. pretty foul behavior. recommend it? go peak, yes. go peak, avoid it.",2,51.5684052,0.0111701,GB
London Bermondsey,2022-03-07 20:57:02,"""alright price. members bit loud (should probably include myself)."" years ago, drop rating due absolutely appalling state facilities: - cleaners, staff sanitising machines spray liquid top pretend clean. - litter/stains seen spots week week (changing rooms, lifting area etc) - regularly soap changing rooms - plates lifting equipment left around members staff without even touching crowded gym get, that's different matter. space great, location ""unfortunately me"" convenient, hence keep going there. please please clean gym! toilets disgusting hands completely black every workout! culture terrible no-one taking care space, staff leading example.",2,51.4970125,-0.063268,GB
Bristol Union Gate,2022-03-07 20:57:02,"disorganised, cramped, untidy. old free weights area usually empty plates since set leg presses smith machines outside free weight area, plus plates often end functional fitness area hunt plates every time there. packed extra racks free weight area, cramped overlap neighbour always scrounge plates bars there's enough either. emails member services bounce back undeliverable, go response worth time. lack alternatives centre reason remain member.",1,51.4574315,-2.5919625,GB
Bristol Union Gate,2022-03-07 20:57:02,"music always loud, especially cycling studio classes competing yell groups.",1,51.4574315,-2.5919625,GB
London Muswell Hill,2022-03-07 20:46:38,"used love gym, member almost years. promises gym refurbishment happened, poor management, high staff turn over. air con v bad always smell gym. groups young guys hogging machines. murat leaving icing cake. pt two years. massive loss gym. husband cancelled memberships",1,51.5910395,-0.1420768,GB
