location,country,latitude,longitude,source,comments,review_date,score
Birmingham Beaufort Park,GB,52.493268,-1.8171797,Trustpilot,first day one help main door problems enter. one reception know ho women section bathroom. overall great.,2024-05-06 22:05:00,1
Birmingham Beaufort Park,GB,52.493268,-1.8171797,Trustpilot,"absolute madness, booked classes went attend one conduct class.",2024-04-23 20:24:00,1
Birmingham Beaufort Park,GB,52.493268,-1.8171797,Trustpilot,wouldn’t lent me. change date day pass,2024-04-15 20:46:00,1
Birmingham Beaufort Park,GB,52.493268,-1.8171797,Google,"don’t turn aircon always humid hot everyone breathing others air, disabled toilet order months still fix, multiple machines fix",2024-04-05 03:24:41,1
Birmingham Beaufort Park,GB,52.493268,-1.8171797,Trustpilot,joining fee,2024-03-23 03:27:00,1
Birmingham Beaufort Park,GB,52.493268,-1.8171797,Trustpilot,toilet r untidy,2024-02-23 01:53:00,1
Birmingham Beaufort Park,GB,52.493268,-1.8171797,Google,every one boycott puregym muslim pts work suggest leave boycott ceo puregym supports isreal boycottt,2024-01-31 02:17:32,1
Birmingham Beaufort Park,GB,52.493268,-1.8171797,Trustpilot,puregym stechford retail park absolutely disgusting. hygiene level extremely poor aswell maintainace equipment. equipment dust collected months end. never staff busy talking ro maintaining gym. paying customers standard gym beyond unacceptable.,2024-01-28 14:23:00,1
Birmingham Beaufort Park,GB,52.493268,-1.8171797,Trustpilot,someone stole jacket changing room unethical unsatisfied behavior. much theifs gym. zero star side asked staff check camera said check it. shown came changing room bad experience pathetic gym 👎👎👎👎,2024-01-26 02:32:00,1
Birmingham Beaufort Park,GB,52.493268,-1.8171797,Trustpilot,"still traumatised marched beaufort park pure gym aadbid hafezi,,,,i felt wrong ethnicity......so sad big city 2023/2024.",2024-01-24 00:22:00,1
Birmingham Beaufort Park,GB,52.493268,-1.8171797,Trustpilot,item placed designated places . got one one missing.,2023-12-26 21:30:00,1
Birmingham Beaufort Park,GB,52.493268,-1.8171797,Trustpilot,"machines always broken , never repaired quickly ,",2023-12-25 15:21:00,1
Birmingham Beaufort Park,GB,52.493268,-1.8171797,Trustpilot,"suitable white working class male enter, virtually marched management ridiculed abused ,h.r said sorry offered £ pound discount shameful place ethnicity welcome ...sad sad place silver medalist gracie jujitsu fighter.terrible experience would advise white person enter .if feel facts. shameful place pure gyms excellent welcoming professional.....this suitable white people .simple.",2023-12-09 12:30:00,1
Birmingham Beaufort Park,GB,52.493268,-1.8171797,Google,celebrating one month anniversary order machine.🎉,2023-12-08 14:03:38,1
Birmingham Beaufort Park,GB,52.493268,-1.8171797,Google,"first there’s way could recommend gym practicing muslim, individual takes religion seriously. place fitnah overload. understand it’s marketed muslim gym, would atleast expect womens area womens only, constantly disrupted male members staff. supposed bell system male member staff entering womens area, yesterday alarm went off, jumped machine headed straight changing room hide gone. even five seconds later two men entered, meaning walked right past eachother, without hijab on. sister wears niqab absolutely mortifying left tears changing room. absolutely thought consideration here, what’s point alarm don’t give chance sisters cover hide themselves? what’s worse lot high members staff seem muslim know better. additionally cleanliness hygiene place pretty disgusting, treadmills borderline crusty marks dirt literal months building up, i’ve never seen anyone clean machines almost three months coming. overall complete flop, wouldn’t recommend whatsoever.",2023-11-20 01:58:06,1
Birmingham Beaufort Park,GB,52.493268,-1.8171797,Google,people shower gym?,2023-09-12 02:49:37,1
Birmingham Beaufort Park,GB,52.493268,-1.8171797,Google,"gym nice assistant manager disgrace made feel uneasy unwelcome , never return gym",2023-09-08 02:49:46,1
Birmingham Beaufort Park,GB,52.493268,-1.8171797,Trustpilot,money snatching pt use personal trainers gym! private lesson christina harris never showed paid back. scammer gym taken responsibility it. refused pay back offered zero compensation. waste money crap excuse gym there's gyms way better this.,2023-09-03 18:52:00,1
Birmingham Beaufort Park,GB,52.493268,-1.8171797,Google,paid beaufort gym sent city center . tried refund option .......nothing .,2023-08-21 14:40:40,1
Birmingham Beaufort Park,GB,52.493268,-1.8171797,Google,"used good increased membership price. it’s squashy, stinks gets way hot stuffy. ac never seems either. also love i’m working rainy weather tiles cave head",2023-07-09 02:34:13,1
Birmingham Beaufort Park,GB,52.493268,-1.8171797,Google,"membership suspended without prior warning, weights left floor us weights already floor. induction, prior warning, personal trainer working 5am morning mention anything us either weights, day suspension. everyone welcome, personally recommend gym, air con. assistant manager even apologise, personal trainer seems unhappy, approachable always face on.",2023-07-05 02:37:59,1
Birmingham Beaufort Park,GB,52.493268,-1.8171797,Trustpilot,"day suspension individuals left weights floor, warning straight suspension. absolutely shocked. pure gym moto everyone welcome... sure feel welcomed. 1. prior warning suspension. 2. personal trainer working 5am say polite word us anything wrong. 3. induction even receive apology went in, two days gym suspension.",2023-07-04 22:00:00,1
Birmingham Beaufort Park,GB,52.493268,-1.8171797,Google,"pathetic gym, seriously recommend gym anyone. cannot even leave hoodie changing rooms without stolen dodgy characters attend gym careful !!!",2023-06-30 14:33:28,1
Birmingham Beaufort Park,GB,52.493268,-1.8171797,Trustpilot,"canceled gym membership months due various reasons, primarily staff member (edit: management pure gym reported review identifying staff member name omitted review. however mentioned reviews google). acts like owns gym, regularly forcing members, including myself, weights section private class. also records classes social media picks members background probably don’t want video (i know certainly don’t want extra background boxercise vids). despite availability private room, insists disrupting workouts. first time witnessed rude behavior. member asked help malfunctioning machine, responded sour face inconvenienced even though literal job. additionally, frequently shouts uses foul language. reviews also mention similar experiences her. rest staff friendly renovated women's section great, gym often overcrowded, overall experience consistently ruined staff member. considering price increase dissatisfaction, decided switch thegym despite longer journey. edit: i’m entirely sure pure gym management asked update review. unless addressed issue member created hostile environment, reason make changes. simply stating theres tolerance behaviour make difference members gym🥴",2023-06-15 20:35:00,1
Birmingham Beaufort Park,GB,52.493268,-1.8171797,Google,gym going downhill. biggest refurbishment can't even provide proper cable attachments forget attachments can't even get one clip per cable machine. percent attachments missing grip one rope entire gym. ridiculous.,2022-03-08 01:56:31,1
Birmingham Beaufort Park,GB,52.493268,-1.8171797,Google,"soon walk in, smells bad odour. never switch aircon on. damaged machines take ages fixed, especially cables take months. toilets always filthy. recommend air freshener attached toilets. need game start adding machines ones broken useless. new staff pretty useless. come mothers meeting seem fixing issues keeping gym tidy environment.",2022-03-08 01:56:25,1
Birmingham City Centre,GB,52.4856896,-1.871104,Google,nothing works,2024-04-09 22:56:29,1
Birmingham City Centre,GB,52.4856896,-1.871104,Trustpilot,every week there's broken lockers - never seen one get repaired. going months. result drag bag around there's place securely store it.,2024-04-04 20:51:00,2
Birmingham City Centre,GB,52.4856896,-1.871104,Google,"member gym years pure gym account holder years. recent machine changes removed small amount variety machine gym without replacing making harder navigate gym. really disappointing, i’m ending membership moving nuffield gym",2024-04-03 11:02:46,1
Birmingham City Centre,GB,52.4856896,-1.871104,Google,parking improved equipment old times broken. number gyms attend membership reduced cases far useful.,2024-03-30 21:59:03,2
Birmingham City Centre,GB,52.4856896,-1.871104,Trustpilot,"broken light keeps flashing tiring eyes head. wifi work 1st floor, machines broken plates dumbells scattered place. impossible find working locker.",2024-03-26 22:58:00,1
Birmingham City Centre,GB,52.4856896,-1.871104,Trustpilot,"2nd time could utilize code provided email, one call fact code working. extremely disappointing able train",2024-03-23 02:39:00,1
Birmingham City Centre,GB,52.4856896,-1.871104,Google,gym. rubbish station! understand people paying what? can't even one good lock put stuff in. lights flicking blinking blind eyes! look like hall gym big hall full items 🤧🤮 even couple weeks coming today cancelled membership,2024-03-06 21:50:23,1
Birmingham City Centre,GB,52.4856896,-1.871104,Trustpilot,first doesn’t let use bank card sign monthly subscription don’t recognised friends card bank works fine locks soon signed get friend help due door error thinks inside,2024-03-01 21:31:00,1
Birmingham City Centre,GB,52.4856896,-1.871104,Google,"member months experience far disappointed, old machines, enough equipment, showers working working properly (as hot water water pressure) equipment place (dumbbells correct place floor, disk weight enough floor too). place well smells weird, enough light looks like club almost big lockers broken. member gym group front much better, hopefully feedback read someone really care fix issues. it’s hard get feedback annoying see response others reviews saying “thanks feedback” fixing nothing.",2024-02-19 21:48:40,1
Birmingham City Centre,GB,52.4856896,-1.871104,Google,"terrible place. flickering lights. roof periodically caved studio, massive leaks elsewhere. many machines broken unsafe. management beyond useless.",2024-02-12 09:51:58,2
Birmingham City Centre,GB,52.4856896,-1.871104,Google,"poorly maintained, lots broken missing equipment. disappointing.",2024-02-09 21:50:57,2
Birmingham City Centre,GB,52.4856896,-1.871104,Google,worst experience using gym 2-3 days cables broken treadmills working management don’t care @puregym team please don’t marketing things gyms also try make better bot gym free paying expecting get good experience.,2024-02-05 21:50:26,1
Birmingham City Centre,GB,52.4856896,-1.871104,Trustpilot,"whilst running machines, pt pure gym worker exercises disabled man. member public went concern pt worker rude return, shouting ‘ shut up’ swearing. considering worked pure gym shocking here. aware full situation aggressive language used.",2024-02-05 13:46:00,1
Birmingham City Centre,GB,52.4856896,-1.871104,Trustpilot,cap amount people allowed in. cleaning stations well stocked. completely unaware type gyms wait hours bench press ridiculous. finally got one swimming bodily fluids. positive experience coming back,2024-01-20 10:58:00,2
Birmingham City Centre,GB,52.4856896,-1.871104,Google,i’m sorry idk reviews about. gym clean cleaners good job rest absolute ridiculous. it’s mess wires equipment broken… bunch pins clips missing. whole treasure hunt find need.,2024-01-18 09:46:29,1
Birmingham City Centre,GB,52.4856896,-1.871104,Google,"gym years . it’s time let star review. always it’s something broke gym always takes month fix . 30% times cold showers that’s huge problem . gym always dirty , toilets changing rooms always dirty . think clean per week . let’s talk gains everywhere. loose minutes per session find gains need .",2024-01-17 21:50:29,1
Birmingham City Centre,GB,52.4856896,-1.871104,Google,"probably worst pure gym's birmingham, can't even use treadmill mildly busy time there's problem equipment. weights.. good luck finding bench weight area. irony started training years back re-joined recently.. nothing changed! least gym group revamp years back pure gym still sleeping past.",2024-01-06 21:46:13,1
Birmingham City Centre,GB,52.4856896,-1.871104,Google,seen people hogging machines nothing like gym before. avoid.,2023-12-24 21:46:46,1
Birmingham City Centre,GB,52.4856896,-1.871104,Trustpilot,closed whole weights area days closed open mats area leaks leaks throughout rest gym closed ladies changing rooms ages closed ladies shower ages,2023-12-22 21:44:00,1
Birmingham City Centre,GB,52.4856896,-1.871104,Trustpilot,"ensure basic full working condition. equipment, music/tv,.....etc...we pay full subscriptions therefore gym proper order.",2023-12-20 22:57:00,1
Birmingham City Centre,GB,52.4856896,-1.871104,Google,would rather throw egg air head came taking foot bar pole bum beans covered step foot gym ever,2023-12-07 21:42:40,1
Birmingham City Centre,GB,52.4856896,-1.871104,Google,"visited puregym birmingham trip city, say disappointing experience. atmosphere branch quite unpleasant, disrespectful users, abandoned equipment (even pile weights corner), bottles scattered everywhere. additionally, significant number lockers broken. despite challenges, managed complete workout. however, local puregym resembled one, would seriously consider switching competitor. difficult take pictures without exposing users preserve privacy , attached pictures small example found (there way more)",2023-10-28 22:45:02,2
Birmingham City Centre,GB,52.4856896,-1.871104,Trustpilot,"hi team, name shebin ive part pure gym birmingham 4-5 months. firstly, let say really happy find gym open late hours. considering work schedule, really hard take care time time gyms close early. so, really happy. however, gym membership suspended 4days trying resolve issue best can. reason- stacking weights session. completely understand importance safety health hazard causes trying work assistant manager gym couple days now. unfortunately, good end. sure gym realises importance maintaining good healthy lifestyle daily workouts impact mental physical state person. issue really saddening gym taken good space daily routine puregym played major role it. hopefully get resolved soon thanks shebin",2023-10-19 19:53:00,2
Birmingham City Centre,GB,52.4856896,-1.871104,Trustpilot,terrible gym. manager suspended account nowhere claimed entered gym without pin true. dont even know possible. know people like always singling us out. manager balls. female theyre wet.,2023-10-17 15:10:00,1
Birmingham City Centre,GB,52.4856896,-1.871104,Google,terrible manager. wrongfully suspended account pay can’t go puregym membership like that.,2023-10-16 22:33:29,1
Birmingham City Centre,GB,52.4856896,-1.871104,Google,never answere pharmacy,2023-10-02 22:29:34,1
Birmingham City Centre,GB,52.4856896,-1.871104,Google,busy,2023-09-18 22:23:19,1
Birmingham City Centre,GB,52.4856896,-1.871104,Google,"place flooding (recent pic 10/09/23) one manager sight sort out. member put bin leaking roof there's one around anything else. age old saying. ""ain't pure gym without leaky roof""",2023-09-10 22:24:40,1
Birmingham City Centre,GB,52.4856896,-1.871104,Trustpilot,"member gym years now. 5/6 years green track use covered temporary (although it’s pretty permanent) wall. always orange barricades somewhere gym whether functional area one side rig reducing space available members elsewhere gym. every time go in, i’m surprised machines “out order” sign become norm gym. never gets permanent fix temporary one lets honest never lasts long. shocked surprised day gym, emergency buttons weren’t working sign next saying case emergency, call landline number speak cctv person. mean, come on. it’s joke. gym declined rapidly last year start good pts leaving (which don’t blame honest) lights flashing constantly free weights area section gym lights clearly don’t work air con absolutely rubbish hardly ever on. say i’m impressed understatement. become joke laughing every time get gym see else isn’t working. used 9kg, 12kg 15kg med balls they’re around anymore. nothing gets replaced! used way boxes think there’s 2. since i’ve member gym, always creepy members too. odd people stare whilst lift obviously too. absolutely astounded find ago physically avoid one specific member gym dodgy, strange overall putting would always come make conversation tell i’m working hard enough (firstly get lost one - judge someone else training) secondly months ago, walked gym find actually pt puregym bcc. wow. puregym you’ve stooped low one. creepy members one thing employing someone one people new low. hear stuff that’s going gym pts (apparently allowed name them), tell truth surprised all. surprised another pt (apparently allowed name person either) also isn’t one pts caught. honestly though, ry, aron jimmy leave, puregym bcc going really go downhill - good pts left - it’s already so. 🤷🏻‍♀️🤦🏻‍♀️",2023-07-28 09:37:00,1
Birmingham City Centre,GB,52.4856896,-1.871104,Trustpilot,"reviews much joke pure gym self. perpetrators getting people try back up. clear day: multiple accounts reported instances sexual assault, predatory behavior, inappropriate touching, invasion personal space, abuse positions power. wake puregym duty care instead part problem",2023-07-13 14:02:00,1
Birmingham City Centre,GB,52.4856896,-1.871104,Trustpilot,"tell reviews agm shitting reputation ruined due actions gym females. also tell ""positive reviews"" forced. especially person commented most. deeply saddened know puregym allowing vile behaviour agm creepy pt anything",2023-07-12 01:01:00,1
Birmingham City Centre,GB,52.4856896,-1.871104,Trustpilot,"one star review isn’t reflection gym way all, it’s draw attention behaviour seems ignored. friend negative experiences men mentioned previous reviews. understand positive reviews, men nice treated appropriate manner doesn’t mean haven’t treated people inappropriately.",2023-07-11 18:47:00,1
Birmingham City Centre,GB,52.4856896,-1.871104,Google,"gym still old equipment, upgrade man ,there letting gyms get ahead better equipment",2023-06-03 22:04:41,1
Birmingham City Centre,GB,52.4856896,-1.871104,Google,gym supposed open 24/7 that’s case,2022-03-08 03:09:35,1
Birmingham City Centre,GB,52.4856896,-1.871104,Google,"gym two half years, significant changes. noticeable difference minor improvements christmas, like paint construction. unfortunately, lack essential equipment incline bench barbell, decline press barbell, t-bar machine. many people, including myself, expressing concerns past two years. surprising reputed brand like pure gym uk address issues. hope feedback brings positive changes.",2022-03-08 03:09:34,1
Bradford Thornbury,GB,53.8030213,-1.7048953,Google,"dirty gym, machines wiped - sweat marks everywhere. wish better gym, worth £20 pay month. machines aren’t great either :/",2024-04-07 22:11:00,1
Bradford Thornbury,GB,53.8030213,-1.7048953,Trustpilot,like atmosphere enough equipment.,2024-03-19 18:01:00,1
Bradford Thornbury,GB,53.8030213,-1.7048953,Trustpilot,contract charge every month want cancel payment,2024-03-15 02:05:00,1
Bradford Thornbury,GB,53.8030213,-1.7048953,Google,bad. parking ticket thieves.,2024-03-09 09:02:21,1
Bradford Thornbury,GB,53.8030213,-1.7048953,Google,multimillion pound company even provide phone system. easy sign join yet difficult leave keep charging monthly.,2024-01-25 21:02:36,1
Bradford Thornbury,GB,53.8030213,-1.7048953,Google,"going months. air con never on, anti bacterial hand cleaners mostly empty. leg press order 80% time, lots men linger sit equipment. cancelled membership joined snap fitness.",2024-01-21 20:59:01,1
Bradford Thornbury,GB,53.8030213,-1.7048953,Google,could update. machines hardly work. machines like years old,2024-01-07 20:54:00,2
Bradford Thornbury,GB,53.8030213,-1.7048953,Trustpilot,"many people sat machines using phone instead training. phones banned gym ,if anyone found using phone gym floor instead locker membership terminated, music played music channel tv unexpiring.",2023-12-22 23:19:00,2
Bradford Thornbury,GB,53.8030213,-1.7048953,Trustpilot,four sanitisers empty.,2023-12-22 12:15:00,1
Bradford Thornbury,GB,53.8030213,-1.7048953,Google,"member pure gym couple years recent months there, moving another gym. quality equipment gone downhill massively. equipment take weeks repaired. there's massive turnover staff members recently, welcoming approachable. atmosphere gym changed, members put equipment away reprimanded it. even staff leave equipment tidy themselves. toilets always cleanest. plus side classes enjoyable, would highly recommend zumba simon's martins classes.",2023-12-09 20:52:02,2
Bradford Thornbury,GB,53.8030213,-1.7048953,Google,poor parking fines given randomly,2023-11-27 20:55:39,1
Bradford Thornbury,GB,53.8030213,-1.7048953,Trustpilot,today went leg curl machine realised hols blocked use. means unable use machine imagine alot others. gym meant cater everyone see would block holes people smaller thighs can't use. machine available half year anyway go alot pure gyms around country nobody ever done crazy,2023-11-15 10:33:00,1
Bradford Thornbury,GB,53.8030213,-1.7048953,Google,"dirty , broken equipment, enough equipment size gym.",2023-10-22 21:48:22,1
Bradford Thornbury,GB,53.8030213,-1.7048953,Trustpilot,"quite possibly worst gym i’ve ever used. unfortunately it’s convenient, way work cheap. however it’s dirty, hasn’t updated years equipment often broken. absolute nightmare gym!",2023-10-15 18:55:00,1
Bradford Thornbury,GB,53.8030213,-1.7048953,Trustpilot,good good,2023-10-15 08:20:00,1
Bradford Thornbury,GB,53.8030213,-1.7048953,Trustpilot,dirty! full dust every equipment! help suffer psoriasis. needs cleaning time. women’s room could equipment.,2023-10-14 18:45:00,1
Bradford Thornbury,GB,53.8030213,-1.7048953,Google,"gym big spacious dirtiest gym far unhygienic. different gyms bradford looks like unhygienic issues obvious. machines wiped every use, toilets cleaned regularly, antibacterial sprays disposable tussue towels placed different lacation inside gym allow customers wipe machines every use. gyms leeds can't compared gyms bradford gyms leeds super clean hygienically managed. bradford gyms jd gyms pure gyms dirty, smell toilets dirty soiled, shower changing rooms cleaned, bins full emptied. sad! ready covid cases!",2023-09-21 09:35:16,2
Bradford Thornbury,GB,53.8030213,-1.7048953,Google,"member pure gym years. overall gym reasonable. updated equipment years, two hand grips whole gym, definitely ones covid. worst part gym, sold car park third party company. decides fine whether follow procedure not, poor behavior, fine members using gym, using car park used years. clearly make every penny can, quit gym membership years, won’t accept lack appreciation members. chains support independent businesses don’t behave like",2023-09-12 09:32:59,1
Bradford Thornbury,GB,53.8030213,-1.7048953,Google,"good gym, sometimes machines extremely long periods, worst use horizon manage parking extortionate reason star",2023-09-04 21:30:09,1
Bradford Thornbury,GB,53.8030213,-1.7048953,Google,machines broken cable equipment missing pricing going equipments poor waste money,2023-08-08 09:27:31,1
Bradford Thornbury,GB,53.8030213,-1.7048953,Google,"friendly staff, lot equipment order. weight machines lot pieces missing needed train certain muscles! showers cold low pressure.",2023-07-19 09:24:58,1
Bradford Thornbury,GB,53.8030213,-1.7048953,Google,member half year. stuff nice friendly. lot machines. basically i’m happy gun except one thing. whenever something breaks fix long time… example machine leg curls broken months ago. please fix it!!!!,2023-07-15 21:29:01,2
Bradford Thornbury,GB,53.8030213,-1.7048953,Google,loads broken tradmils rowing machines pay 27.99 month gym equipment work. please tell still paying,2023-07-12 21:19:37,1
Bradford Thornbury,GB,53.8030213,-1.7048953,Trustpilot,bad staffing cleaners showers / toilet area messy pure mess,2023-07-09 21:37:00,2
Bradford Thornbury,GB,53.8030213,-1.7048953,Trustpilot,air conditioning early hours far many pieces equipment broken left broken many weeks months time poor cleanliness standards,2023-07-08 16:17:00,2
Bradford Thornbury,GB,53.8030213,-1.7048953,Trustpilot,"smelly toilet airfreshnes,no toilet roll,no soaps dispensers.",2023-07-06 20:38:00,2
Bradford Thornbury,GB,53.8030213,-1.7048953,Trustpilot,machine order takes months fix showers r good v poor showers water coming properly people hairs,2023-07-06 06:34:00,1
Bradford Thornbury,GB,53.8030213,-1.7048953,Google,worst gym bradford. main machines missing. enough small (10 12kg)dumbells. people put back weights. reason coming closest gym change soon.,2023-07-01 21:18:58,2
Bradford Thornbury,GB,53.8030213,-1.7048953,Trustpilot,complaint regarding gym changing rooms showers. recently stuffy warm changing rooms. could putting air condition changing rooms. also shower cubicles need unblocking making sure clean. appreciate trying keep costs low reduced water temperature pressure. shower unclean shower cubicle acceptable. hope action taken regarding blocked cubicles.,2023-07-01 00:37:00,2
Bradford Thornbury,GB,53.8030213,-1.7048953,Google,"never ever use gym!!!!! using gym since march never issue parking recently, i’ve given parking notices £51 even though use gym never stay hour. ridiculous. says free parking website branch! use gym!",2023-06-24 21:18:00,1
Bradford Thornbury,GB,53.8030213,-1.7048953,Google,please avoid avoid avoid 6th parking fine received going gym £85 even though put number plate gym machine,2023-06-17 21:22:39,1
Bradford Thornbury,GB,53.8030213,-1.7048953,Trustpilot,good fasilaties enough equipment showers dirty toiles unhygienic,2023-06-05 23:18:00,1
Bradford Thornbury,GB,53.8030213,-1.7048953,Google,"broken machines never get fixed, equipment missing ,what shame",2022-12-10 03:17:21,1
Dudley Tipton,GB,52.524461,-2.0492538,Trustpilot,staff.. clearly unsafe saw kids confirmed & actually looked young using heavy equipment without supervision adults.or staff worrying. dangerous.would use gym again.,2024-04-30 08:11:00,1
Dudley Tipton,GB,52.524461,-2.0492538,Google,gym far busy often run. enough equipment often broken down. cancelled membership,2024-03-10 16:59:29,2
Dudley Tipton,GB,52.524461,-2.0492538,Trustpilot,need new equipment,2024-02-14 00:49:00,1
Dudley Tipton,GB,52.524461,-2.0492538,Trustpilot,far busy matter ur going 11pm. enough weights equipment number ppl use it. weights shop seems like free all.,2024-02-08 18:34:00,1
Dudley Tipton,GB,52.524461,-2.0492538,Trustpilot,cold showers past year. emailed gym told they’re sorted couple weeks back. weren’t. stopped responding emails. tried twitter. ignored too.,2023-12-25 00:06:00,1
Dudley Tipton,GB,52.524461,-2.0492538,Trustpilot,"booked absolute abs class 13th dec , gone past time instructor present , went enquired - told class cancelled. 100% unprofessional. puregym dudley!",2023-12-13 20:50:00,1
Dudley Tipton,GB,52.524461,-2.0492538,Google,"joined puregym dudley tipton mainly bit cardio workout, got say, chuffed experience. recently shuffled things around gym, there's treadmills upstairs. treadmill sessions like me, bit nightmare. treadmills fill quicker flash sale. kidding, there's often queue get one. like waiting bus rush hour - stand hoping turn. folks, included, like spend good chunk time treadmill. limited number queue, bit letdown. feel rushed, relaxing workout experience want. sum up, joining puregym dudley tipton quality time treadmill, might want think twice. ideal spot now. maybe sort future, now, bit bummer us cardio fans.",2023-11-16 16:46:06,2
Dudley Tipton,GB,52.524461,-2.0492538,Google,"gym showers keep cycling warm freezing cold, like months. telephone number call report. email address useless auto response. know price cheap surely asking much shower works!",2023-11-14 04:45:17,1
Dudley Tipton,GB,52.524461,-2.0492538,Trustpilot,proper classes evening times ?,2023-11-02 23:13:00,1
Dudley Tipton,GB,52.524461,-2.0492538,Trustpilot,"broken equipment never gets repaired wait months, ladies showers smell filthy always cold lots members complied cold showers got ignored.. showers 33oc way!!! cold gym staff lies never going fix cold shower issue, find alternative gym. sick bull#### used alternative pure gym dudley showers cold goes show ones tipton freezing refused turn up!! staff tipton waste time!!!!! update response gym gym cold know heating wont come on, showers still cold saving money expense.",2023-10-24 08:13:00,1
Dudley Tipton,GB,52.524461,-2.0492538,Trustpilot,stopped using gym music way loud 2am - 4am,2023-10-20 23:26:00,2
Dudley Tipton,GB,52.524461,-2.0492538,Trustpilot,"gym hopeless updated gym removed cardio equipment house weights, old equipment falling apart, treadmills broken dont work properly! ladies showers freezing even cold weather why? complain staff dont care keep telling us cant anything.",2023-10-18 15:41:00,1
Dudley Tipton,GB,52.524461,-2.0492538,Trustpilot,cleaning need,2023-10-17 08:48:00,1
Dudley Tipton,GB,52.524461,-2.0492538,Trustpilot,shower cold running. it’s torture shower workout. horrible sensation. pure gym dudley wake fix it. premium increased!!!.,2023-10-15 18:59:00,2
Dudley Tipton,GB,52.524461,-2.0492538,Google,"ladies showers disgusting shower cold water ? staff dont care complained nothing dont like months, absolute joke saving money members expense shocking!!!",2023-10-13 17:39:29,1
Dudley Tipton,GB,52.524461,-2.0492538,Google,signed puregym last month. can't say impressed gym minutes phone rang incredibly busy gym. decided take call outside ending call tried reenter gym. success. tuck minutes gain reenter asking kind person's entering gym find gym employee. nowhere say restrictions reentry ! sent email complain two weeks ago response?,2023-10-11 17:37:00,1
Dudley Tipton,GB,52.524461,-2.0492538,Trustpilot,"pure gym tipton ac issues , ac dos work all. complained 10-15 times keep getting reply, working",2023-08-17 15:10:00,2
Dudley Tipton,GB,52.524461,-2.0492538,Google,"control members. members play loud music cars late night, drinking drugs, respect neighbours' right quiet enjoyment sleep. got security personel. shame!!!",2023-08-01 05:21:16,1
Dudley Tipton,GB,52.524461,-2.0492538,Trustpilot,"showers setting cycle freezing warm, uncomfortable. maybe intent, leads poor experience. enough benches male changing rooms, busy times there's enough space change. private changing cubicles male changing rooms small, making impractical use. enough new equipment added legs refurb compared gyms.",2023-07-09 06:53:00,2
Dudley Tipton,GB,52.524461,-2.0492538,Trustpilot,"joined gym disable member hope support unfortunately manage exercises, every time try contact gym’s manager busy even try contact email easy get access email",2023-07-08 22:14:00,2
Dudley Tipton,GB,52.524461,-2.0492538,Google,"puregym brierley hill £9.99 month contract that's bigger better gym £21.50 tipton puregym, noticed lot cheaper puregyms aswell thay cleaner bigger?? saying tipton think would cheapest.",2022-03-08 05:13:47,1
Leicester Walnut Street,GB,52.6244566,-1.1343556,Trustpilot,great far actual gym good staff friendly kit plenty choose from. place packed car park always full. air con can't keep demand people along people's terrible hygiene place stinks etiquette gym enforce rules bags floor trip people walking around barefoot. cheap get pay,2024-04-25 13:29:00,2
Leicester Walnut Street,GB,52.6244566,-1.1343556,Google,good equipment place packed,2024-03-14 20:26:25,1
Leicester Walnut Street,GB,52.6244566,-1.1343556,Trustpilot,"many people, enough equipments.",2024-02-06 12:09:00,2
Leicester Walnut Street,GB,52.6244566,-1.1343556,Trustpilot,"regarding previous review. raised gym, raised feedback raising issues forum get resolved. nothing resolved! forum along every channel feedback pure gym. company. comment still stands need resolving. please send gym manager instead asking me. you’re company ??????????",2023-12-15 19:21:00,1
Leicester Walnut Street,GB,52.6244566,-1.1343556,Trustpilot,"reduced showers cut carbon footprint. leave tvs signal messages 24/7. increasing carbon footprint. tvs staying message weeks. always good tvs showing important messages music videos. second point…. let’s transparent, cutting costs everywhere, removing showers reducing temperature water air temperature gym.",2023-12-13 15:56:00,1
Leicester Walnut Street,GB,52.6244566,-1.1343556,Trustpilot,gym cold wet. it’s lovely large windows cannot see anything due condensation. maybe gym bit warmer would happen. i’ve seen people training coats week. looking forward carpet smelling mould next weeks,2023-12-06 22:05:00,1
Leicester Walnut Street,GB,52.6244566,-1.1343556,Trustpilot,absolutly freezing colder outside morning. wonder dead,2023-12-04 12:30:00,1
Leicester Walnut Street,GB,52.6244566,-1.1343556,Google,"well equipped gym pt service competitive rates. however recent weeks feels like puregym forgotten turn heating walnut street, leicester. put training week gym freezing unbelievably, air con women’s changing room hot water either. fingers went numb, couldn’t grip weights leave! come pure gym, need offer better basic facilities - temp absence hot water even legal h&s?",2023-12-02 20:11:56,2
Leicester Walnut Street,GB,52.6244566,-1.1343556,Trustpilot,"well equipped gym pt service competitive rates. however recent weeks feels like puregym forgotten turn heating walnut street, leicester. put training week gym freezing unbelievably, air con women’s changing room hot water either. fingers went numb, couldn’t grip weights leave! come pure gym, need offer better basic facilities - temp absence hot water even legal h&s?",2023-12-02 17:53:00,2
Leicester Walnut Street,GB,52.6244566,-1.1343556,Trustpilot,"it’s freezing time gym! including water shower. something strange going ac windows streamed constantly yet gym always cold, would expect steamed little busy times time gym empty.",2023-12-01 23:32:00,1
Leicester Walnut Street,GB,52.6244566,-1.1343556,Trustpilot,"like gym huge problem it’s really cold here. air conditioning working sure, think it’s necessary almost december. useful would air circulation, bigger number people air breathe. glass wall steamy really easy effects floor next well. don’t want change carpets closest future, looking savings, something please. talked people it’s cause don’t want members. it’s shame became it’s really good gym.",2023-11-30 17:36:00,2
Leicester Walnut Street,GB,52.6244566,-1.1343556,Google,cost membership high. monthly payment roof,2023-11-17 08:14:09,2
Leicester Walnut Street,GB,52.6244566,-1.1343556,Trustpilot,terrible showers moving gym group road,2023-10-23 13:59:00,1
Leicester Walnut Street,GB,52.6244566,-1.1343556,Trustpilot,nothing works,2023-10-20 16:31:00,1
Leicester Walnut Street,GB,52.6244566,-1.1343556,Trustpilot,water machine working. pay extra,2023-10-18 09:26:00,1
Leicester Walnut Street,GB,52.6244566,-1.1343556,Trustpilot,sports water hydration station working everyone upper package,2023-10-15 18:24:00,2
Leicester Walnut Street,GB,52.6244566,-1.1343556,Trustpilot,"fix showers, maintenance anything gym absolute joke! months",2023-10-15 10:50:00,1
Leicester Walnut Street,GB,52.6244566,-1.1343556,Trustpilot,"broken windows, broken water machine, broken showers, broken machines, broken tvs, broken lockers….. went wrong?",2023-10-13 14:30:00,1
Leicester Walnut Street,GB,52.6244566,-1.1343556,Trustpilot,yet sort showers out. fyi removing order sign leaving dirty non working shower fixing issue. causing frustration.,2023-10-11 19:50:00,1
Leicester Walnut Street,GB,52.6244566,-1.1343556,Trustpilot,"extremely disappointed state showers. dirty also disrepair, disheartening management unresponsive concerns. lack maintenance attention completely unacceptable. deserve better!",2023-10-11 08:59:00,1
Leicester Walnut Street,GB,52.6244566,-1.1343556,Trustpilot,"general feedback, review responses puregym generic usually incorrect. many responses state feedback taken onboard pure gym take feedback inprove members. sadly case. usually feedback ignored changes implemented. it’s also clear generic response team don’t know local gym environment commenting on, making excuses for. another disappointing reason puregym number one members :(",2023-10-09 22:47:00,1
Leicester Walnut Street,GB,52.6244566,-1.1343556,Google,many gym rules enforced. bags aren’t brought gym area yet members constantly bring large holdalls gym area staff nothing it. members wearing footwear gym. wander around socks. members using pieces equipment once. throwing bags sweaters form reserving equipment. think what’s happened issues haven’t addressed early days it’s gone far police it. gym rules aren’t clearly signed gym area. there’s sign return weights that’s far goes. can’t sign bags erected? can’t sign footwear worn times erected? can’t use excuse cheap reason completely ignore health safety gym.,2023-10-07 21:03:24,1
Leicester Walnut Street,GB,52.6244566,-1.1343556,Trustpilot,"website boasts free parking. wrongly made assumption members people using free workplace parking football parking gym members. fed queuing whilst watching people return work cars, witness people parking walking leicester stadium evening match. get anpr puregym strapped cash cannot support members use free parking. soon won’t worth member i’m paying people park cars free able use facilities",2023-10-06 13:06:00,1
Leicester Walnut Street,GB,52.6244566,-1.1343556,Trustpilot,showers dirty,2023-10-02 08:58:00,1
Leicester Walnut Street,GB,52.6244566,-1.1343556,Trustpilot,showers order,2023-09-30 12:56:00,1
Leicester Walnut Street,GB,52.6244566,-1.1343556,Trustpilot,male changing rooms don’t showers? female disabled ones also state? feels quite discriminatory.,2023-09-29 10:49:00,1
Leicester Walnut Street,GB,52.6244566,-1.1343556,Trustpilot,showers working. reports ignored. terrible terrible service gym management feedback social channels. stop promotions start fixing poor poor state gym,2023-09-27 17:52:00,1
Leicester Walnut Street,GB,52.6244566,-1.1343556,Trustpilot,showers working,2023-09-26 12:21:00,1
Leicester Walnut Street,GB,52.6244566,-1.1343556,Trustpilot,like others said. showers need fixing. cleaning needs better,2023-09-25 14:22:00,1
Leicester Walnut Street,GB,52.6244566,-1.1343556,Trustpilot,sort showers,2023-09-24 13:51:00,1
Leicester Walnut Street,GB,52.6244566,-1.1343556,Trustpilot,"members getting frustrated fed lack action men’s showers specifically failing repair failing clean them. firmly pure gym hq team… complained gym, raised concerns green mould smell. written reviews contacted gym directors leeds. every single request ignored. taken samples mould evening sent environmental health.",2023-09-23 22:25:00,1
Leicester Walnut Street,GB,52.6244566,-1.1343556,Trustpilot,"car park unusable match days…either police put anpr. it’s horrible busy periods is, let alone match days. edit following generic response…. suggested manager (and previous managers), i’ve seen others suggest this…. even replied reviews gym don’t car park. lease site, covered cctv used covered anpr removed it…. sure ? confirm cost decision?",2023-09-23 20:07:00,1
Leicester Walnut Street,GB,52.6244566,-1.1343556,Trustpilot,"puregym management i.e rebecca passmore uk team, support gym fix problems members report….. generic response sorry it’s star, contact gym manager…. it’s clear don’t resources approval cost fix problems (which isn’t fault)…… increased cost gym membership yet cannot provide clean, safe, enjoyable place workout. list things resolve priority - mens showers - fix showers, remove mould, smell fix water pressure - clean gym better - dust everywhere - police car parking use anpr required - fix many machines constantly break also side note, puregym leicester looking great, well kept, invested in. replicate walnut street. giving lick paint update it. might actually make members feel getting value moneys",2023-09-20 11:33:00,1
Leicester Walnut Street,GB,52.6244566,-1.1343556,Trustpilot,thanks pure gym late work yesterday evening you’ve bothered fix showers months. wait car park wait shower. get plumber!,2023-09-20 09:01:00,1
Leicester Walnut Street,GB,52.6244566,-1.1343556,Trustpilot,sure get stock answer actual action like many peoples feedback. walnut street showers shocking. either order work full mould dirty. would thought law would keep clean. mould shocking. question mould could affect people’s health? would speak gym managers gone missing….,2023-09-15 20:09:00,1
Leicester Walnut Street,GB,52.6244566,-1.1343556,Trustpilot,"pure gym hq - please support gym manager deputy manager fix showers. members becoming unhappy situation (and also fed waiting working shower available, often late work). surely it’s hard get maintenance team plumber? you’ve managed refit leicester gym. one cannot even provide cleaner team fix showers.",2023-09-15 09:08:00,1
Leicester Walnut Street,GB,52.6244566,-1.1343556,Trustpilot,"gym managers? showers use months, apart dirty ones also broken (at least usable). never cleaned. communication issue presence gym management. please issue? gym closing ?",2023-09-13 11:33:00,1
Leicester Walnut Street,GB,52.6244566,-1.1343556,Trustpilot,please fix showers,2023-09-07 18:54:00,1
Leicester Walnut Street,GB,52.6244566,-1.1343556,Google,showers mouldy majority doesn’t work ! join dirty unorganised gym,2023-09-05 21:01:57,1
Leicester Walnut Street,GB,52.6244566,-1.1343556,Trustpilot,unable park car wait sometimes half hour,2023-08-31 21:13:00,1
Leicester Walnut Street,GB,52.6244566,-1.1343556,Trustpilot,couldn’t find manager last times i’ve in. trying report showers. keep going hot cold.,2023-08-30 11:10:00,1
Leicester Walnut Street,GB,52.6244566,-1.1343556,Trustpilot,"pts friendly supportive! keep great work… shame it’s let dirty machines, toilets dust",2023-08-29 17:46:00,1
Leicester Walnut Street,GB,52.6244566,-1.1343556,Trustpilot,"find really hard access gym due people using car park workplace home parking. often attend work appreciate peak time witnesses people week week walking work car others manage park walk car park towards city it’s unacceptable. car park never policed. get anpr give people 2/3 hours free parking. surely it’s hard fix large long standing problem. similarly showers. long standing problem, easy fix. either refit showers good standard keep clean fix clean up. usually stand workout waiting one two showers become free. it’s frustrating pure gym management constantly ignore issues raised don’t bother fix ones clearly viable them. maybe haven’t observed long standing car parking issues inspected showers months note two order. specifically shower issue it’s complete lack communication plan resolve issue. knows ?",2023-08-28 08:56:00,1
Leicester Walnut Street,GB,52.6244566,-1.1343556,Trustpilot,"please sort showers out. it’s beyond joke now. working showers. working 2, stink moldy. many members completely fed lack action issue.",2023-08-25 09:33:00,1
Leicester Walnut Street,GB,52.6244566,-1.1343556,Trustpilot,"rundown dirty finding really hard workout without sneezing gym. lots dust various surfaces, especially top wall divides vending machines. sure pure gym could checklist cleaning area's missed.",2023-08-23 14:01:00,1
Leicester Walnut Street,GB,52.6244566,-1.1343556,Trustpilot,showers - please resolve long standing issue. available showers months now. please call plumber.......,2023-08-23 09:17:00,1
Leicester Walnut Street,GB,52.6244566,-1.1343556,Trustpilot,plese clean fix showers,2023-08-22 09:45:00,1
Leicester Walnut Street,GB,52.6244566,-1.1343556,Google,avoid gym cost air con never working roof leaking causing equipment go rust machines always broke top manager celine barrow banned membership accidentally left dumbbell yet always plates floor cable attachment floor barbells floor banned membership dumbbell never stepping foot inside pure gym,2023-08-22 09:00:22,1
Leicester Walnut Street,GB,52.6244566,-1.1343556,Trustpilot,"rundown unhygienic toilets particularly dirty, excrement walls standards kept to, machines ever cleaned? covid seems along time ago, feels like place cleaned since restrictions lifted.",2023-08-21 18:11:00,1
Leicester Walnut Street,GB,52.6244566,-1.1343556,Trustpilot,"hot sweaty. although expect workouts hard work. would made comfortable cooler aircon. weirdly, changing rooms freezing.... maybe cool changing rooms sets.",2023-08-21 15:20:00,1
Leicester Walnut Street,GB,52.6244566,-1.1343556,Trustpilot,"another visit, another gym shower bites dust. two working (but dirty) showers. great waiting shower peak time half naked. please please please invest showers clean work.",2023-08-21 15:14:00,1
Leicester Walnut Street,GB,52.6244566,-1.1343556,Trustpilot,"stark comparison - pure gym st georges leicester vs pure gym walnut street leicester. hard safe, clean, warm shower? majority showers either use (for months) grubby, smelly full mold germs. alternate hot water cold water consistently. matter forum issues raised, direct people gym, online here. showers becoming public health concern. pure gym provide full response showers fixed. cleaned well maintained (previously witnessed gym trainers pouring cleaning solution shower. however covid. clear stopped due dirty grime across shower tray). pure gym's manage well?",2023-08-16 11:02:00,1
Leicester Walnut Street,GB,52.6244566,-1.1343556,Trustpilot,"showers action. ones open moldy shower tray ceiling showing lots green mould. water goes extremally cold burning hot. shower heads also weird fan blow water cold air. results terrible shower experience. invite gym management try shower them. instead looking afar. especially grime mold. come pure gym, constantly preach ""trainsafe"" gym cleanliness hygiene - maybe introduce ""showersafe"" clean safe place shower. mold specifically concerning. safe? bacteria ? breading group ecoli ? legionnaires? expect leading gym name uk, back street gym all!",2023-08-10 12:19:00,1
Leicester Walnut Street,GB,52.6244566,-1.1343556,Google,say. home gym west midlands. place bad. ha e gym etiquette whereby members put back dumbbells back correct places expect others put back. home gym would run risk membership suspended. policy ? also lot equipment order. come people lot better.,2023-07-28 08:48:12,2
Leicester Walnut Street,GB,52.6244566,-1.1343556,Google,"avoid. lack aircon puregym guarantees unpleasant experience cardio. there's also stench problem. cancelling membership, expecting multiaccess membership.",2023-07-19 20:51:31,1
Leicester Walnut Street,GB,52.6244566,-1.1343556,Google,"gym good it’s hot, ac, gym tooooooo warm.",2023-06-03 08:37:52,1
Leicester Walnut Street,GB,52.6244566,-1.1343556,Trustpilot,gym showers freezing.,2023-05-31 17:55:00,1
Leicester Walnut Street,GB,52.6244566,-1.1343556,Trustpilot,showers cold,2023-05-23 12:07:00,1
Leicester Walnut Street,GB,52.6244566,-1.1343556,Trustpilot,showers constantly cold,2023-05-19 13:23:00,1
Leicester Walnut Street,GB,52.6244566,-1.1343556,Google,hate locker room atmosphere,2022-08-23 01:14:36,1
Leicester Walnut Street,GB,52.6244566,-1.1343556,Google,spend time waiting parking exercising.,2022-03-31 01:14:57,1
London Bermondsey,GB,51.4970125,-0.063268,Google,dumbbells shelves dusty dirty one pays attention also soap ever toilets a/c working properly gym smells bad,2024-05-04 05:36:47,1
London Bermondsey,GB,51.4970125,-0.063268,Trustpilot,"could really good gym. great location, lots equipment staff pt's really friendly. temperature however lets massively. says website, fully air conditioned lie. main section gym always hot feels oppressive soon walk in. useless want sort cardio. side gym better, goes show issue there. also get super busy, much that, pick different time go. come pure gym, sort temperature!",2024-05-01 12:19:00,2
London Bermondsey,GB,51.4970125,-0.063268,Google,"dirty! equipment full sweat, toilets overflowing, soap sink ( ladies ). super crowded too. awful smell everywhere.",2024-04-21 05:30:55,1
London Bermondsey,GB,51.4970125,-0.063268,Trustpilot,"stairmaster machines currently working! case months! popular machine. currently prep competition machine part prep. leg press machine also broken months. bench press machines working. doubt take months fix. equipment old & price membership always increasing. least toilet floods recent months. attending gym quite time & going bad worse. however, pts friendly approachable e.g alessio, jack & marshell. declining fast! needs complete revamp!",2024-04-14 15:05:00,2
London Bermondsey,GB,51.4970125,-0.063268,Google,"keeping puregym app's general nosedive, brick mortar locations gone similar drop standards. enjoy gym etiquette thousands deluded #southlondoninfluencers throw money way! toilets work either, find needing go point... know say",2024-03-22 16:23:15,1
London Bermondsey,GB,51.4970125,-0.063268,Trustpilot,"horrible, better first check capacity registration new people , wait minutes every single machine",2024-02-24 14:34:00,1
London Bermondsey,GB,51.4970125,-0.063268,Trustpilot,"stars might harsh rating matter importance joined gym. firstly...on whole gym good, clean wide range equipment. things people would need. new member visits far pg membership another site let's compare. visited early mornings (pre 5am starts) feels busy concerned peak hours. however, fine needs. gym let's men's showering facilities. appalling. premium rate gym pg. one expensive. many members need start days directly workout therefore decent showering facilities essential. site fails. visits virtual ice bath temperature showers two cold ones. shower heads/outlets great condition water freezing cold water pressure wash poor. small gripe, terrible. showers also dirty, 6am seems unreasonable. cleaned towards end previous day? change soon likely take custom elsewhere. drive want gym 8am look another option, nowhere park. nowhere. even roads pg give online park incorrect permit holders only. warned. whilst appreciate reply puregym, telling change fact aren't. instead replying me, get showers improved meet standards sure hit pressure temperatures. thanks",2024-02-20 22:29:00,2
London Bermondsey,GB,51.4970125,-0.063268,Trustpilot,"smelly gym ,no fresh air ,old working machines, disgusting. worst pure gym .",2024-02-17 19:57:00,1
London Bermondsey,GB,51.4970125,-0.063268,Google,"sadly gym consistently falls acceptable standards. last year membership experienced least flooding male toilets, leaking roof, yanga machine functioning, lack heating changing room smell coming drains. today looks like sewerage flowing shower trays final straw me. leaving! health hazard!",2024-01-25 16:20:09,1
London Bermondsey,GB,51.4970125,-0.063268,Trustpilot,"worst pure gym ever! old equipment, smelly gym ,dirty,horrible location, windows,winter cold, summer air breathe, expensive offer! avoid.",2024-01-13 00:59:00,1
London Bermondsey,GB,51.4970125,-0.063268,Trustpilot,overcrowded,2024-01-09 19:55:00,2
London Bermondsey,GB,51.4970125,-0.063268,Trustpilot,poor facilities hot water inconvenience shower heart problem plus poor customer service unable answer,2024-01-03 06:53:00,1
London Bermondsey,GB,51.4970125,-0.063268,Google,extremely busy time,2023-12-29 16:16:18,2
London Bermondsey,GB,51.4970125,-0.063268,Trustpilot,"even get join, emailed gym weeks ago arrange view, popped rang bell one answered. wanted check joined gym majority working equiptment, clean wanted enquire pt. reply. negative reviews left reply managent seemed look imporntant issues raised reassure well managed gym. sadly try another. reply tells get touch actually address issue. already got touch 19th ignored it.",2023-12-03 16:24:00,2
London Bermondsey,GB,51.4970125,-0.063268,Google,avoid cost!,2023-12-01 04:11:51,1
London Bermondsey,GB,51.4970125,-0.063268,Google,"dont feel safe leaving belongings unattended, specially sundays times staff working, people stealing stuff. went friend sunday evening 30-min workout went back locker locked bag two coats, one there. looked help team members available frustrating gets pissed",2023-11-27 04:06:49,1
London Bermondsey,GB,51.4970125,-0.063268,Google,"place off-the-charts popular, top-notch. get wrong, letdown. first things first, always jam-packed. trying squeeze way onto machine find free spot work daily struggle. like trying fit sardine can. rarely give sweaty equipment proper cleaning. seen cleaner public restrooms place. comes equipment, seriously lacking. think demand, splurge machines, constant battle snag anything remotely useful. even do, half time, equipment old screaming tlc. really want show showers pictures, told person charge problems showers, acted like care ignored me. staff really rude. men's showers bad shape, big problems cleaning maintenance. showers work right, others really dirty could harmful health. place opinion, either warrants closure requires change management right away.",2023-09-08 16:56:58,1
London Bermondsey,GB,51.4970125,-0.063268,Trustpilot,overcrowded,2023-07-31 22:23:00,2
London Bermondsey,GB,51.4970125,-0.063268,Google,horrendously busy unless like workout 5/6am actually able find space equipment either working taken someone apparently stockpiling every weight gather. place seems pretty grubby dirty best times nobody seems clear themselves. even spotted staff working leaving pile dumbbells plates scattered about. dirtiness made worse less cleaning stations entire place.,2023-07-10 04:47:18,2
London Bermondsey,GB,51.4970125,-0.063268,Trustpilot,ladies changing room smell. drainage faulty. equipments faulty. list could go on.,2023-07-07 11:42:00,1
London Bermondsey,GB,51.4970125,-0.063268,Trustpilot,many members can't get machines. enough low weight dumbells. equipment left strewn around. changing rooms smell. gym horribly humid.,2023-07-06 14:14:00,1
London Bermondsey,GB,51.4970125,-0.063268,Trustpilot,crowded! nearly impossible get barbell desired machine available!,2023-07-06 02:34:00,2
London Bermondsey,GB,51.4970125,-0.063268,Google,"good size lots equipment ridiculously busy especially work, always seem machines broken time, particularly leg press treadmills. staff ok need keep tighter handle people cleaning place tip time there's repercussions people it. recently also removed nearly sanitising stations seems really weird decision given hot sweaty place minute. good going work early mornings (5/6am) hours people work otherwise nightmare, especially given expensive is.",2023-07-05 04:38:59,2
London Bermondsey,GB,51.4970125,-0.063268,Google,"got told closing - says hours. local closed, doesn’t take lot change google hours. please get control google hours update accordingly",2023-06-30 04:38:25,2
London Bermondsey,GB,51.4970125,-0.063268,Google,astonishing. words. recently joined. planned training schedule k row 5.15am believe rowing machines working. broken straps . batteries. staff anywhere.,2023-06-22 16:40:59,1
London Bermondsey,GB,51.4970125,-0.063268,Google,ridiculously busy gym. live around corner form gym forced drive minutes next pure gym one always busy. times feels like underground tube. please either open another gym area put prices make gym pleasant experience.,2023-06-22 16:40:59,1
London Bermondsey,GB,51.4970125,-0.063268,Trustpilot,"nice big gym plenty equipment toilets always disgusting state, piece equipment breaks seems stay broken weeks end flavoured water dispenser seems dispense stagnant filth. isn’t based one visit use gym regularly.",2023-06-16 07:32:00,2
London Bermondsey,GB,51.4970125,-0.063268,Google,"gym collapsing! always 2-3 machines service, dirty smelly toilets increasing membership fees.",2023-06-11 04:36:03,1
London Bermondsey,GB,51.4970125,-0.063268,Trustpilot,enjoy using services hence pay every month. paying extra able use rehydration machine isn’t working properly. used machine times visit yesterday tried different flavours yet none worked. particularly annoyed pay extra every single month service also several machines order times order month. can’t fathom able charge every month services par align signed first place would like sort resolution somewhere compensate loss funds paying service isn’t full filled,2023-06-09 09:24:00,2
London Bermondsey,GB,51.4970125,-0.063268,Trustpilot,"management horrible, 50% machines don’t work, water broken months, getting packed care put gym goes down. reason left. ac also broken times. hot cold random areas. horrible. going years it’s worst it’s ever been. give feedback directly get ‘thank feedback aim improve’ eff that. didn’t improve anything. better.",2023-06-09 07:22:00,1
London Bermondsey,GB,51.4970125,-0.063268,Trustpilot,"organised, gym staff helpful, enough equipment large gym, crowded place, dirty toilets",2023-06-05 20:31:00,1
London Bermondsey,GB,51.4970125,-0.063268,Trustpilot,"member years still air conditioning. new manager year nothing changes. try bring gaslight you, dismiss you, tell ""run slower"" treadmill. apparently attitude mainly reserved women - men seem taken seriously complain heat. horrible gym bro culture makes unpleasant women. recommend. place also stinks sewage. waiting new gym area change.",2023-06-03 11:55:00,1
London Bermondsey,GB,51.4970125,-0.063268,Google,"showers gross ice cold, male staff came female changing room sign sheet cleaning. wifi work areas. place packed peak times staff limited actually need help.",2022-09-06 21:49:26,1
London Bermondsey,GB,51.4970125,-0.063268,Google,"""alright price. members bit loud (should probably include myself)."" years ago, drop rating due absolutely appalling state facilities: - cleaners, staff sanitising machines spray liquid top pretend clean. - litter/stains seen spots week week (changing rooms, lifting area etc) - regularly soap changing rooms - plates lifting equipment left around members staff without even touching crowded gym get, that's different matter. space great, location ""unfortunately me"" convenient, hence keep going there. please please clean gym! toilets disgusting hands completely black every workout! culture terrible no-one taking care space, staff leading example.",2022-03-07 20:57:02,2
London Bromley,GB,51.3668569,0.0617091,Google,zero,2024-04-30 00:12:28,1
London Bromley,GB,51.3668569,0.0617091,Google,"first floor smells really bad, smells like urine",2024-04-06 00:15:37,1
London Bromley,GB,51.3668569,0.0617091,Trustpilot,always busy hour session turns 2-3hours many year olds using parents membership standing around machines using them.,2024-04-04 15:05:00,1
London Bromley,GB,51.3668569,0.0617091,Google,"go i’m student it’s cheap. roof upstairs leaking months, mould many places. day abductor machine stream water started pouring ceiling cable machine - stank downstairs afterwards. it’s great!",2024-03-23 11:04:08,2
London Bromley,GB,51.3668569,0.0617091,Trustpilot,surname wrong advance direct debit mandate twice membership fully paid blameless arbitrarily cancelled.,2024-03-11 03:05:00,2
London Bromley,GB,51.3668569,0.0617091,Trustpilot,gym far hot. temperature needs turned (it place working out). toilets / changing rooms clean would expect.,2024-03-07 14:05:00,2
London Bromley,GB,51.3668569,0.0617091,Trustpilot,"far good . sign , take money. can't get get help.",2024-03-06 15:26:00,1
London Bromley,GB,51.3668569,0.0617091,Trustpilot,"assume purpose serve afterschool crèche kids. safeguarding nightmare waiting happen… single person respects gym environment equipment. staff make zero effort ‘set standard’, ask people put weights away use. fact, staff zero presence gym floor whatsoever. time show faces staff room instruct classes, robbing people money return dare call personal training - entertaining clients random selection exercises they’ve seemingly made spot. poorly ventilated, gym smells black mould lines ceilings walls. despite numerous complaints, head office signpost communication back gym manager - zero control building maintenance. gym needs manager who’s willing kick door hinges unpopular sake raising standards staff gym environment. ‘more pay for’ puregyms recent slogan. sadly, puregym bromley falls circles hell promise.",2024-02-09 15:10:00,2
London Bromley,GB,51.3668569,0.0617091,Google,"time open female lifting area couple machines women there's enough space that. like gym motivating find nice guys respectful sporty (which admire keep motivated) others harassing women, either first floor get unwanted looks even taking pics girls stretching! (i tell asian guy day myself). second floor mostly monopolised males yet pay full membership deal unwanted attention particularly specific backgrounds fit mix gyms. sorry, sorry, information boards topic going solve issue afraid. get female-only area. feel even worse younger girls trying keep healthy yet harassed might confidence report it.",2024-02-06 10:57:13,2
London Bromley,GB,51.3668569,0.0617091,Trustpilot,"gym lucky even get one star. damaged gym equipment, atmosphere constantly pushing promotions tannoys trying workout. additionally, since mid-2022, lockers mens' changing room absolute disgrace damaged beyond repair. spend minutes playing around get lockers actually lock odd occasion find locker works, full somebody else's clothes (as bothered put padlock!). gyms to, always signage removing equipment locker workout. similarly, showers filthy. certainly cleaned regularly amount bacteria unsanitary things make breeding playground germs. years, time make change proper gym values customers. directors establishment truly ought ashamed",2024-01-08 17:43:00,1
London Bromley,GB,51.3668569,0.0617091,Trustpilot,"review specifically applies bromley gym. joined post covid (after years nuffield health’s membership) believed found frills, suitably clean functional gym. fast forward present: 1) many lockers state shocking disrepair unusable. case year action taken fix issue. 2) covid gone, cleaners gradually disappered (e.g. zero visibility) facilities filthy, regardless visiting 6am 4pm: dirty showers (which stop using), often paper towels cleaning fluid within apposite stations 3) debris left floor members brought gutter (chewing gum wrappers drinks bottles discarded floor, even chewing gum stuck benches) clearly issues cascade central leadership puregym, since local management seem powerless anything subject continuous turnaround. so, leadership puregym: wake smell coffee: competitive marketplace. shortage gyms bromley, including “no frills / functional” ones comparative price point… differential £10 issue means expected hygiene security standard place. discussed members, contemplating switching latest gym opened bromley last month puregym pts already migrated to.",2024-01-02 10:16:00,1
London Bromley,GB,51.3668569,0.0617091,Trustpilot,"fault staff locally, clearly limited choices higher management. gym poor. almost every locked smashed unusable, months years. complaints management don’t see replaced - need wholesale replacement. gym space huge poor used. feels like logic thought went went where. natural light - constraint space - dealt whit light painting schemes good electric lighting. keep g premises free mould. puregym don’t manage get basics right. yes, situation showers poor. (reduced 30+ second low pressure, tepid water exactly invigorating doesn’t energise workout. feels like might get comprehensive school hadn’t received investment thirty years. it’s bad space, isn’t maintained, management seem content run further. it’s pity could good - least far now. fix anything short order, fix lovkers. nothing g else , belongings safe robbery",2023-12-04 03:08:00,1
London Bromley,GB,51.3668569,0.0617091,Trustpilot,terrible experience shower temperature set luke warm degrees . 4.5 degrees body temperature totally unacceptable. complained response basically customer service dismissive barely warm shower company policy . probably cancel membership join new gym opening december bromley!,2023-11-22 22:25:00,1
London Bromley,GB,51.3668569,0.0617091,Google,"great space executed poorly. it’s dirty, lockers broke half running machines don’t work. it’s harder harder training routine nothing ever works available",2023-10-24 23:47:15,1
London Bromley,GB,51.3668569,0.0617091,Trustpilot,"regular member puregym bromley, gym equipment, staff, members fantastic. main problem gym lack hygiene. regular basis soap, paper towels, members going toilet wash hands touching equipment. present running water gym! hope occasion priority fixed asap. offered gyms train work us travel work bromley area. times hot water fixed week.",2023-10-04 12:28:00,1
London Bromley,GB,51.3668569,0.0617091,Trustpilot,supposed induction day september 6.30 pm reached literally one give induction. first time gym worst experience had.and want join gym,2023-09-18 20:15:00,1
London Bromley,GB,51.3668569,0.0617091,Google,"one week hand soap men’s toilets, situation hasn’t rectified despite raising several times. it’s actually quite regular occurrence way wash hands gym, inevitably means equipment filthy. luckily member least left body wash members clean hands - situation bad. seems management little disregard members health safety, cancelled membership gone bromley fitness centre much quieter apparently much cleaner.",2023-09-18 11:37:42,1
London Bromley,GB,51.3668569,0.0617091,Google,"bromley changing room (male): many locker doors close securely. many damaged. many padlocked overnight many nights, leaving low number lockers used.",2023-09-02 23:36:34,2
London Bromley,GB,51.3668569,0.0617091,Google,never,2023-08-14 23:36:20,1
London Bromley,GB,51.3668569,0.0617091,Trustpilot,"join place, paying sons membership every month, blue account suspended, done nothing wrong direct debit taken account, can't get phone customer service, emailing reply!!! disgusting treatment",2023-07-14 18:10:00,1
London Bromley,GB,51.3668569,0.0617091,Trustpilot,"aircon,no hot water,no cleaning weekends.",2023-07-06 13:20:00,2
London Bromley,GB,51.3668569,0.0617091,Trustpilot,"background check. applicants could buy course access vulnerable adults fatherless girls, alongside network people organised inside secret group chats- mocked gym members wrote positive reviews sect. viewable techniques also included humorous personas cryptic threats violence via stalking- charm people smokescreen deter giving evidence.",2023-06-20 10:14:00,1
London Bromley,GB,51.3668569,0.0617091,Google,"gym goers cleaning machines usage. gym goers respecting guilindes training close members. radio announcements state machines deep cleaned every night, hard believe there's dust covering backs them. problem. put trust others share values get letdown. that, nice gym, enough equipment use new gym opening december, may cancel join them, choice better choice equipment.",2022-03-08 02:07:01,2
London Canary Wharf,GB,51.5048954,-0.0190006,Google,"member puregym canary wharf quite time now, unfortunately, experience far satisfactory. tricep holder lacking grip since january, making difficult effectively use equipment. despite bringing issue attention staff multiple times, seems like nobody cares enough address it. effective equipment maintenance crucial positive gym experience, lack attention detail puregym canary wharf concerning. disappointing see negligence gym prides providing quality facilities services. hope management takes concerns seriously works improve overall experience members. then, can't recommend puregym canary wharf others looking reliable well-maintained gym.",2024-04-18 07:42:11,1
London Canary Wharf,GB,51.5048954,-0.0190006,Trustpilot,"could enter gym. common occurrence. something computer system. join, get used occasional lockout.",2024-04-13 19:30:00,1
London Canary Wharf,GB,51.5048954,-0.0190006,Trustpilot,"smelliest gym ever to. ventilation poor. actual gym smells gross block nose going past toilets. really really unpleasant, especially £40/month",2024-04-11 15:01:00,2
London Canary Wharf,GB,51.5048954,-0.0190006,Google,"made official complaint via email recommend women same, see via reviews (and imagine haven’t said anything) fares mahhediene guy really issue women. love gym, equipment classes he’s really making hard come back. detailed everything via email gym would like also make “students” aware alone. picks people, see it’s vulnerable ones, maybe first class, asking help - shouldn’t really put vulnerable position gym safe space, right? everyone trying improve know struggles limits. guy unprofessional personal trainer i’ve ever met, he’s definitely wrong job role. needs therapy!",2024-04-08 19:42:18,1
London Canary Wharf,GB,51.5048954,-0.0190006,Google,aircon never ! even gym it’s full capacity. spinning class small rooom aircon on. please avoid !,2024-03-02 18:27:30,1
London Canary Wharf,GB,51.5048954,-0.0190006,Google,"love everything gym except one thing: break dancers free workout area time. f time. take half space, almost never access mirrors. turn loud music don’t hear anything, including what’s earphones. smell them, especially group large… can’t stand it. management gives permission classes / jams without booking class room? feels like public outdoor gym. please fix",2024-02-24 06:32:07,1
London Canary Wharf,GB,51.5048954,-0.0190006,Google,"looking change regular pure gym branch. unfortunately shockingly horrible experience male tall trainer works here. extremely aggressive rude. first day attended consistently stared whilst training another person. next day approached ask help adjusting leg extension machine staff member floor. acted weirdly told didn’t understand problem equipment use usual gym isn’t “real gym equipment” (even though another pure gym). aggressively spoke asked let talk, rudely demanded “speak then” stormed away me. obviously serious issues problems speaking women. encounter went women’s changing rooms shocked experience. another female regular gym goer approached told consistently rude women - laughed girl struggling keep spin class. see also left review said name fares mahieddine. asked trainer show manager was, pointed managers door shouted across gym “you’re welcome” me. manager said would contact experience didn’t. clearly don’t care staff member making women uncomfortable. overall gym fine, good variety equipment. wouldn’t go back based abusive staff member carelessness manager. woman, would stay far away go limehouse bow wharf branch instead. trainer, maybe look anger management sessions control attitude towards women. find another job doesn’t involve people asking advice gym equipment … aka basic role gym trainer.",2024-02-18 06:27:41,1
London Canary Wharf,GB,51.5048954,-0.0190006,Google,there's mixed race guy dreadlocks tries act tough stares girls gym uncomfortable. edit: guy also appears fitness trainer gym anthony ward.,2024-02-07 06:27:40,1
London Canary Wharf,GB,51.5048954,-0.0190006,Google,prefer speak,2024-01-27 06:29:50,1
London Canary Wharf,GB,51.5048954,-0.0190006,Google,"overcrowded, outdated unmaintained equipment.",2024-01-26 06:27:26,2
London Canary Wharf,GB,51.5048954,-0.0190006,Trustpilot,"first experience bad, induction lasted min. guy told another person also going part induction, min induction booked min. encouraging all. really affected first day experience",2024-01-15 22:44:00,1
London Canary Wharf,GB,51.5048954,-0.0190006,Google,"i’ve gym year now, changing rooms smelly even refurbishment. staff rarely smile say hello.",2024-01-14 18:22:26,2
London Canary Wharf,GB,51.5048954,-0.0190006,Google,"recently went spin class housemate. honestly wanted say appreactive fares mahieddine attitude class. layout session poorly made. 30mins session. felt picking time pushed limits. rest still cycling keep momentum. fact kept coming quite disingenuous it. also spent barely time bike making quite hard beginner find feet. left class feeling deflated discouraged, fares lowered confidence. recently quit smoking lungs par wanted build that. fact left class laughed disrespectful. tbh think right job. personal trainer need know work people different abilities. mindful. shocked two girls commented experiences him. compared instructors. recommended go sara verna classes actually planned, forced on. actually sustainable session. update: went sara verna cycle session, actually lasted whole session 30mins actual plan high low intense workouts bike. fair it’s quite funny lasted mins faris session session designed poorly wasn’t moment rest. shows much done session. many thanks sara verna.",2024-01-10 06:24:29,1
London Canary Wharf,GB,51.5048954,-0.0190006,Google,gym! small! oh spin bike cardio areas!! good,2023-12-31 18:20:51,2
London Canary Wharf,GB,51.5048954,-0.0190006,Google,worst gym whole area. £40 month puregym gym’s standards bad. finally cancelled joined local gym cheaper quality. don’t waste time,2023-11-17 06:13:07,1
London Canary Wharf,GB,51.5048954,-0.0190006,Trustpilot,"update: edit: lots back forth emails safespace team call manager. lots promises resolved, including given deadlines “end week” times. it’s clear priority puregym, caring women feeling safe gym empty words. emailing ceo seem move things along slightly, anyone complaint make, recommend emailing humphrey@puregym (ceo) safespace@puregym friend disgraceful experience canary wharf gym. booked onto learn lift session call website “a fitness coach”. app told us wait functional area, arrived minutes early. 18:05 - minutes minute class meant start, saunters starts go men’s changing room. another pt spoke earlier called looked us asked wanted. explained class. proceeds look us like piece dirt, passively aggressively explain he’s waiting tables entrance. explain app told us wait functional area proceeds say “no, need wait tables know tables are, that’s need go”. attitude attempts mansplain table absolutely disgusting. goes walk away asked whether taking session. said would come back later. experience felt incredibly misogynistic two female gym goers knocked confidence ever coming back puregym women treated. attitude towards fact weren’t waiting was, whilst right area, disgusting. we’ve cancelled memberships don’t feel comfortable around future. gym asked remove personal details unfortunately women gym goers can’t warned him. would good hear back manager incident alas we’re still waiting.",2023-11-08 20:29:00,1
London Canary Wharf,GB,51.5048954,-0.0190006,Google,worst gym ever joined. horrible cleaning conditions showers mosquito inside horrible smell. showers blocked water peoples shower going shower side. disgusting regret much refund terrible experience.,2023-11-01 18:13:52,1
London Canary Wharf,GB,51.5048954,-0.0190006,Trustpilot,"yanga sports water machine order weeks now! seems like management interested fixing whilr still charging bolt every month, acceptable gym that's expensive competitors....",2023-10-16 12:42:00,1
London Canary Wharf,GB,51.5048954,-0.0190006,Trustpilot,"pricey, flexibility able use pure gym travel lot. pause membership cancel restart there's admin charge.",2023-10-14 20:10:00,1
London Canary Wharf,GB,51.5048954,-0.0190006,Google,"one weightlifting platform that’s shared heavy duty squat rack, everything split three levels, impossible find anything towels available puregyms price level, rip off, using different gym",2023-09-29 07:09:55,1
London Canary Wharf,GB,51.5048954,-0.0190006,Google,"unfortunately particular gym seem standards gyms brand been. machines warn clearly need maintenance (see photos), main door cracked months (now repaired tape), vending machines opinionated. changing rooms area around also often smelly. staff seems hovering around without achieving much. message management: please take grip situation, moment basics covered adequately, customer feel get move value. thanks",2023-09-24 19:07:35,2
London Canary Wharf,GB,51.5048954,-0.0190006,Google,place smells body odour men. everything feels dirty. need ac air freshener. it’s also quite small,2023-09-14 07:05:58,1
London Canary Wharf,GB,51.5048954,-0.0190006,Google,changing room always smell weights floor ventilation whatsoever makes hot smelly. dumbbells never place need specific weight might need search throughout whole gym sometimes,2023-09-13 18:59:57,1
London Canary Wharf,GB,51.5048954,-0.0190006,Google,"ac works, entire gym sweaty humid hot, impossible breathe. top off, changing rooms looming smell bathrooms swarm flies.",2023-09-07 06:59:42,1
London Canary Wharf,GB,51.5048954,-0.0190006,Google,"one worst pure gyms i’ve especially considering high monthly membership gym. poor ventilation, ac doesn’t work fly infestation changing rooms. management needs really listen feedback provided members take action it!",2023-08-27 18:59:20,1
London Canary Wharf,GB,51.5048954,-0.0190006,Google,£50 month even working ac. please fix ac friggin august melting.,2023-08-23 07:01:34,1
London Canary Wharf,GB,51.5048954,-0.0190006,Google,showers changing rooms.will returning again.,2023-08-19 18:57:37,1
London Canary Wharf,GB,51.5048954,-0.0190006,Google,"stars review fake,honestly? instead spending money marketing, spend money condition gym. male shower clean awful smell. facility good condition always busy. one worst gym among pure gym.",2023-08-15 18:57:16,2
London Canary Wharf,GB,51.5048954,-0.0190006,Google,there's air con could fooled me.,2023-06-25 18:48:49,1
London Canary Wharf,GB,51.5048954,-0.0190006,Google,hot water working past weeks. going on!!!,2023-06-18 06:47:22,1
London Canary Wharf,GB,51.5048954,-0.0190006,Google,"showers disgusting, toilets dirty, fly infestation changing rooms. recommend tbh.",2023-06-03 06:46:56,1
London Canary Wharf,GB,51.5048954,-0.0190006,Google,puregym supports genocide! cancel membership found another 24hr gym!,2022-03-08 07:52:51,1
London Enfield,GB,51.6517156,-0.0786839,Trustpilot,pin number work! access gym. paid access gym today 27/04/2024 access gym. frustrating start honest!,2024-04-27 23:53:00,1
London Enfield,GB,51.6517156,-0.0786839,Trustpilot,went gym 8am morning first time qr code pin code working. pushed button assistance one came help.,2024-04-27 11:06:00,1
London Enfield,GB,51.6517156,-0.0786839,Google,worst gym ponderend stinks piss everytime air conditioning 😑,2024-04-27 06:54:54,1
London Enfield,GB,51.6517156,-0.0786839,Trustpilot,"list bothered staff first day got stuck quiet long time. qrcode working, new clients. well scanning regular clients held long time, assistant unresponsive unprofessional.",2024-04-27 01:38:00,1
London Enfield,GB,51.6517156,-0.0786839,Google,workers there/personal trainers extremely rude . aged 16-18 always give dirty looks like don’t know also rude asking things. also talk clients rude. look us like don’t belong even though pay much others. clarify workers like however alot are.,2024-04-21 18:48:21,1
London Enfield,GB,51.6517156,-0.0786839,Trustpilot,"yellow-on-blue qr codes wall work. manually entered web address signed normal email one access via mobile paid £11.99 day pass find pin get accessible via email have. changed email account settings one access asked two separate pin reminders waited minutes never came. awful experience took business elsewhere anytime fitness road, greeted actual human went great workout. date yet figured get refund day pass able use.",2024-04-20 21:45:00,1
London Enfield,GB,51.6517156,-0.0786839,Trustpilot,"first all, gym dirty pay attention cleanliness. since carpet floor gym, incredibly dusty inside ventilation work well enough. bathrooms dirty, changing rooms dirty. went plan going again.",2024-04-19 10:09:00,1
London Enfield,GB,51.6517156,-0.0786839,Google,"£33 month spend time looking weights working out. equipment scattered everywhere untidy. full annoying college kids bozos common sense. toilets filthy , gym packed 24/7.🤮 worst gym ive london.",2024-04-17 18:55:22,1
London Enfield,GB,51.6517156,-0.0786839,Google,"qr codes lobby work. bought day pass, sent pin email access to. sent two requests via website pin sent changing email. never received pin way ask help staff lobby. even tried installing app every time reached 100% said install it. terrible experience.",2024-04-15 18:50:00,1
London Enfield,GB,51.6517156,-0.0786839,Trustpilot,bought day pass pin come time! leave gym.,2024-04-11 22:49:00,1
London Enfield,GB,51.6517156,-0.0786839,Google,honestly even deserve one star. unfortunately gym gets away bare minimum lack alternative options area. spend times putting away weights look equipment actually getting workout in. good trainers left leave one else's picks classes eventually get cancelled. also way many 16-20 years old majority piss around making hard others get workout done. gym stinks needs cleaners throughout day hours early mornings. also usually antibacterial tissues stations provided end keep bringing own. price charge worth considering shambles in.,2024-03-26 05:51:18,1
London Enfield,GB,51.6517156,-0.0786839,Trustpilot,still induction want go gym,2024-03-25 09:14:00,2
London Enfield,GB,51.6517156,-0.0786839,Google,"crowded teenagers young hanging around equipment, chatting. like teenage youthclub. putting mature adults unfortunately. expensive considering get pool steamroom. pure gyms facilities.",2024-03-18 17:41:37,2
London Enfield,GB,51.6517156,-0.0786839,Trustpilot,pin code sent joining gym working,2024-03-10 13:22:00,1
London Enfield,GB,51.6517156,-0.0786839,Trustpilot,"weights everywhere floor, benches six pairs dumbbells around floor. kicked kettle bell dumbbell area class start another minutes able finish set. disabled toilets soaked wee back tank brown bits sink, mens toilets toilet paper. pure gym locations meet expectation pure gym is. cancel membership month",2024-03-07 09:54:00,2
London Enfield,GB,51.6517156,-0.0786839,Trustpilot,"hello, good evening, new member club today problem entered club password work entered app saw charged more. initial registration fee 25.99 told pay 32.99. please email explain happened. thank you. interesting thing, wanted name mother test, conditions 25.99, means price increase explanation given, clear question me.",2024-03-02 19:23:00,1
London Enfield,GB,51.6517156,-0.0786839,Trustpilot,"thank feedback regarding air conditioning gym. recently made slight changes area, looking improving energy efficiency. control energy usage, also look reduce carbon footprint. law, requirement provide certain amount fresh air based occupancy levels, ventilation system increases decreases different times throughout day night, making sure meet requirements provide good air movement around gyms. levels based size gym, occupancy levels, regularly monitored. regards temperature gym, use air conditioning units heat air drops 17.5c, cools air goes higher 21.5c, keeping temperature within gym acceptable level. regularly checked ensure units operating across gyms. occasion, get faults ventilation ac systems normal. happens, process place ensure arrange contractors attend, investigate resolve faults return systems back full working order within timely manner. member feedback reviewed, brought attention facilities team, regularly review changes make gym facilities feedback taken account making future changes. hope continue enjoy gym meantime! love take feedback service provided today. please click complete 1-minute survey! thanks, clare puregym member services",2024-03-01 16:51:00,1
London Enfield,GB,51.6517156,-0.0786839,Google,"rudest staff ever, especially manager, help issue buying day pass. blamed, spoken rudely aggressively, even accused trying sneak in. multi gym access membership pay 36.99 month for, enfield costs 25.99, complete joke. tell guys hate jobs want take anger people.",2024-02-29 17:41:13,1
London Enfield,GB,51.6517156,-0.0786839,Google,never went google keeps saying have. star annoying,2024-02-18 05:37:16,1
London Enfield,GB,51.6517156,-0.0786839,Google,"terrible experience - half time doors don’t work get accused turning classes. class always starts late, instructors don’t care don’t want there. don’t safety checks beforehand provide guidance - got injured class. would recommend.",2024-02-13 05:44:40,1
London Enfield,GB,51.6517156,-0.0786839,Google,sorry say dirty gym fresh air words explain guys.,2024-02-04 05:39:28,1
London Enfield,GB,51.6517156,-0.0786839,Google,"messiest gym i’ve ever to, couldn’t find dumbbells needed half time.",2024-01-22 17:39:29,1
London Enfield,GB,51.6517156,-0.0786839,Trustpilot,"branch regional operations manager sacked, gym extremely dirty times. male changing room soap dispenser broken month now, basic wash hand soap available all, heard customers saying they’re bringing wash hand soap. paid core membership hope would using massage chair, impossible make use it. smells rotten, dead meat, rotten milk. blue roll cleaning products hygiene equipments time unavailable throughout cleaning station, since joined puregym enfield skin boils leaving bad scars. recommend puregym enfield.",2024-01-21 16:14:00,1
London Enfield,GB,51.6517156,-0.0786839,Google,"it’s sad gym indeed. weights plates scattered around gym workout consists walking around trying find need. it’s annoying, it’s also incredibly unsafe many tripping hazards floor. since gym staff enforcing basic rules, trying set example among gym goers starting put weights place themselves, enfield pure gym continues disorganized gym area. also, past month ac working windows remained closed, bringing temperature high almost dangerous get heart rate much risk fainting. please respect members.",2024-01-14 05:36:01,2
London Enfield,GB,51.6517156,-0.0786839,Trustpilot,days sports water,2024-01-12 16:54:00,1
London Enfield,GB,51.6517156,-0.0786839,Google,"equipment usually broken didn’t even inform closing times festive period. bunch clowns, moving gym",2023-12-26 17:33:47,1
London Enfield,GB,51.6517156,-0.0786839,Google,p.t rude unprofessional data,2023-12-06 17:28:29,1
London Enfield,GB,51.6517156,-0.0786839,Trustpilot,looks like others noticing cons new layout cardio plus leg workout area. great change,2023-11-23 14:00:00,2
London Enfield,GB,51.6517156,-0.0786839,Trustpilot,"enfield gym poor gym, every time problems, need close, recommend",2023-11-07 15:46:00,1
London Enfield,GB,51.6517156,-0.0786839,Google,classes always cut short enough bookings cancelled notice. waste monthly fee rarely get good full workout. dont use gym can't comment side things.,2023-10-22 06:19:18,1
London Enfield,GB,51.6517156,-0.0786839,Trustpilot,"reason star ratings. visited gym saturday 14th october say impressed state gym. members working late definitely show respect ever. much equipment put away. number water bottles left around ridiculous use bins provided. know new management keep gym check however, state control. also ridiculous number spin bikes need repairing replacing. try four bikes find one could use spin session. great new members existing members.",2023-10-17 20:17:00,2
London Enfield,GB,51.6517156,-0.0786839,Trustpilot,"let minor children come gym sit half hour chair without anything, people sit phone minutes another series starts, people sit minutes machine without anything",2023-10-15 19:00:00,2
London Enfield,GB,51.6517156,-0.0786839,Trustpilot,"common machines work, environment girl workouts become overcrowded men,maybe make section women gym big enough that… toilet facility never tissue price paid worth it. also u didn’t answer statement toilet disgusting environment hostile ur telling check app regulate ur gym clean toilets it’s shxt hole",2023-10-15 18:23:00,2
London Enfield,GB,51.6517156,-0.0786839,Google,"worse gym whole north london. full ignorant underaged kids knowing exercise, breaking equipment, injuring members, fighting. staff members don’t care, weights left floor. zero star, avoid place.",2023-10-13 06:23:08,1
London Enfield,GB,51.6517156,-0.0786839,Google,"cleanest, equipment often broken isn’t fixed weeks, gets packed, smells funky well",2023-10-04 18:19:55,2
London Enfield,GB,51.6517156,-0.0786839,Trustpilot,"simple question...why puregym employ someone keep gym, functional zone particular tidy - especially weekends?",2023-09-17 14:14:00,2
London Enfield,GB,51.6517156,-0.0786839,Google,"bought day pass i’m visiting area. review primarily free weights area that’s use. pros: - lots regular benches dumbbells - fair range machines/racks cons: - hardly barbell weights seen, people scavenge them. - hardly barbell clips - probably saw sets whole place - spent bit time cable machines matrix brand - looking extremely tired overall impressed glad isn’t regular gym (which isn’t pure gym either).",2023-09-12 18:17:25,2
London Enfield,GB,51.6517156,-0.0786839,Google,"gym insufferably hot, walk already sweating. seems never busy fantastic. sprint machines even get set always hunt find dumbbell",2023-07-29 06:08:11,2
London Enfield,GB,51.6517156,-0.0786839,Google,"peak £22 monthly plan pointless using gym evening option. plan lets use facilities 21:00 usually packed time. aside gym oversubscribed, ventilation place terrible. two stars closest hour gym there's loads parking - thanks argos shut across road.",2023-07-06 05:59:32,2
London Enfield,GB,51.6517156,-0.0786839,Trustpilot,"recently reactivated membership off-peak package pure gym enfield, enticed affordable price £22. however, experience far satisfactory. main issue off-peak package restricts users access gym 21:00. limitation resulted overcrowding available hours, making incredibly challenging find space, machines, free weights use. defeats purpose gym membership cannot utilise facilities due excessive demand. pure gym enfield offers solution problem providing upgrade option additional £7, allowing subscribers access facilities time. however, feels like unnecessary expense overcome gym's overcrowding issue. furthermore, found standards gym disappointing. ventilation system appears inadequate, especially air conditioning operation. poor ventilation poses potential health safety risk, particularly intense workout sessions fresh airflow crucial. overall, experience pure gym enfield unsatisfactory. overcrowding issue off-peak hours, coupled need pay extra better workout experience, left disappointed. subpar ventilation system exacerbates problems raises concerns gym's commitment members' well-being. hope pure gym enfield takes issues consideration makes necessary improvements provide better experience members.",2023-07-05 23:31:00,2
London Enfield,GB,51.6517156,-0.0786839,Google,"good amount equipment. however, gym always packed time go, people never put weights back enough weights thousand people attend everyday? water run female toilets never working.",2023-06-29 05:56:56,2
London Enfield,GB,51.6517156,-0.0786839,Trustpilot,"going gym since opened & part fine, staff always polite & helpful needed recently state building obviously fell standards... gym currently closed 2nd day row there's running water... obvious inconvenience desire travel southgate cheshunt rush hour go either gyms. convenient member cheshunt enfield anyway newer gym & also free parking, also cheaper (fr. £19.99 month) enfield (fr £24.99 month). addition recent water issue, last weekend ""no hot water"" signs changing room doors, weekends ago power cut half gym darkness big hole entrance hall men's changing rooms ages. understandably machines break & use time time, busy gym expected general state building becoming run & grotty, opinion reflection lack investment buildings keep puregym. needs refurb & money spent asap!",2023-06-28 16:48:00,2
London Enfield,GB,51.6517156,-0.0786839,Google,"decent gym always packed matter time go, busy messy lucky able get want use.",2023-06-25 17:58:24,2
London Enfield,GB,51.6517156,-0.0786839,Google,"terrible, lost money lockdown, never get",2023-06-23 18:04:14,1
London Enfield,GB,51.6517156,-0.0786839,Google,everything always broken,2023-06-22 18:01:42,2
London Enfield,GB,51.6517156,-0.0786839,Trustpilot,"equipment working, packed messy, expensive enough equipment, bad lockers",2023-06-05 18:58:00,2
London Enfield,GB,51.6517156,-0.0786839,Trustpilot,always 2/3 machines broken/out use enough equipment busy gym.,2023-05-18 21:28:00,1
London Enfield,GB,51.6517156,-0.0786839,Google,"zero enforcement rules. equipment never returned, people using gym worse, zero enforcement make sure place tidy. machine attachments regularly lost missing, nothing hang again, resulting people constantly asking finished turn. several people, jumping single pods people entering without paying. surprised seen cctv often. people always recording, personal trainers also recording site time. large groups hanging around taking certain locations, meaning equipment basically limits. really annoys place, machines seem broken, new broken machine weekly. what's worse fact late evenings, time come here, people bring aux cable connect speakers play loud music. awful. people ruin place, team seem nothing it. personal trainers enforce anything.",2022-10-26 05:23:52,1
London Finchley,GB,51.5973246,-0.1805587,Trustpilot,awful experience joining. won’t let get buddy membership tried bolt friend. websites useless telling what’s issue. bought expensive day pass end. freaked multiple times payment went email pin took ages send through. absolutely awful discourages greatly using different gyms chain. email sent write review also demanding tone. rude!,2024-05-07 15:27:00,1
London Finchley,GB,51.5973246,-0.1805587,Trustpilot,"purchased day pass wrong gym, nobody available fix issue. waiting refunded, heard anyone. reached email facebook messenger.",2024-04-30 12:05:00,1
London Finchley,GB,51.5973246,-0.1805587,Google,single shower working morning luke warm. go work sweetie. get grip “pure” zorica evetovic name passed office. please contact urgently members fed human person address appalling state basic facilities !!!!,2024-04-15 19:40:27,1
London Finchley,GB,51.5973246,-0.1805587,Trustpilot,"writing bring attention incident occurred recent visit gym 18/03/2024. husband arrived training session 19:30, looking forward utilizing functional training area part workout routine. approximately minutes session, one gym instructor,jorje, approached us requested vacate functional training area scheduled session there. understand need instructors conduct sessions, taken aback manner request made. instead politely asking us make way session,jurje addressed us aggressive tone, giving us three minutes leave. disrupted workout also left us feeling uncomfortable unwelcome gym environment. loyal members pure gym, expect courteous respectful communication staff, especially enforcing gym policies. understand need accommodate scheduled sessions, believe professional considerate ways handle situations without harming people using facility. thank attention, hope addressed. thanks dana",2024-03-19 00:42:00,1
London Finchley,GB,51.5973246,-0.1805587,Google,"locker broken into, wallet stolen",2024-03-10 06:33:59,1
London Finchley,GB,51.5973246,-0.1805587,Google,"rowing machines working should..screws missing taught tension completely gone making rowing v difficult. ergo rowers batteries can't track workout. free weights thrown main floor free weights put away...staff interested putting weights away, users interested putting weights away..",2024-03-03 18:40:12,1
London Finchley,GB,51.5973246,-0.1805587,Trustpilot,simply didn’t let us even though friend bought day passes one help us,2024-02-29 13:06:00,1
London Finchley,GB,51.5973246,-0.1805587,Trustpilot,gym air conditioner system good smelly,2024-02-25 19:32:00,1
London Finchley,GB,51.5973246,-0.1805587,Trustpilot,"pay £49.99 (£29.99 first month + £20 joining fee) join app, however arrived gym banners everywhere saying 50% first month + £0 joining fee would’ve roughly worked £14.95, feel i’ve scammed £35",2024-02-13 15:35:00,1
London Finchley,GB,51.5973246,-0.1805587,Trustpilot,two guys fighting equipment. management didn’t deal incident person blame allowed enter gym continue work fact using three gym machines. decline bench sit rest on. smith machine shoulders middle room bench dumbbells. one man using three items selfish allowed carry on. management know well acted like friend that’s allowed continue. police turned deal it. afterwards two people talking incident another guy perked gave two guys attitude. place full hot heads think buy weights right argue weights. gym nothing deal people disrespecting equipment other. it’s numbers want don’t care gets hurt. shocking.,2024-02-12 22:55:00,2
London Finchley,GB,51.5973246,-0.1805587,Trustpilot,members east finchley branch. one set free weights. weights never available missing. one putting weights back holding members accountable return weights gym always mess. despite several complaints pure gym cheap buy more. ladies change rooms always smell sanitary bins always overflowing. toilets cleaned sundays always disgusting. management ignore complaints. worth joining.,2024-01-23 14:16:00,1
London Finchley,GB,51.5973246,-0.1805587,Trustpilot,"give one star actual gym deserves service deserves 0. current 50% £0 joining fee promotion code reason work online. charged additional 40£. problem. problem try getting touch team realise contact information seems useless. email address sent automated response, phone number provided takes short automatic message hangs up. awful service.",2024-01-17 20:23:00,1
London Finchley,GB,51.5973246,-0.1805587,Google,"absolutely ridiculous advertised 3day pass closing specific days, whilst also advertising open days year 24/7 turn gym closed!! doors covered red “lockers use tape” disappointed also brand standards all.",2023-12-25 06:31:25,1
London Finchley,GB,51.5973246,-0.1805587,Trustpilot,"finchley east end road advertising free day pass selected days, show gym classed 24/7 closed two days chosen day pass. front doors covered red “lockers use ”tape. impressed.",2023-12-25 00:31:00,1
London Finchley,GB,51.5973246,-0.1805587,Google,"leaving review second time pt said something directly fatphobic gym. baring mind many gyms weight loss journey around uk abroad never experienced this. many overweight people comfort eat due mental health, passive aggressive condescending comments pts reason someone returning gym! first ever class september, pt ended ab class saying big smile face front whole class, ""don't go mcdonald's kfc!"", whether trying funny embarrass shame front class, sure, regardless totally unnecessary rude. night class, gym distributing free baked goods, asked pt baked items were, replied ""oh nothing sweet"", walked off, baring mind made mention sweet things question. unfortunately already paid years membership here, continue coming gym. shame time supportive lovely pts. urge management gym remind certain pt's common decency respect!!",2023-12-09 18:20:46,2
London Finchley,GB,51.5973246,-0.1805587,Google,unsafe place robbery happening. stuff stolen locked locker manager around take charge .. staff pure gym take care situation … contact number exist .. case accident one help …,2023-11-16 06:20:43,1
London Finchley,GB,51.5973246,-0.1805587,Google,"upgrade dreadful. gym much worse studio practically useless yoga & pilates classes. lights bright, strip lighting terrible fewer mirrors before. majority studio users complained management, apparently unable change anything. none pts freelance teachers consulted changes implemented. every class starts people complaining, time lost that.",2023-11-12 18:17:28,1
London Finchley,GB,51.5973246,-0.1805587,Trustpilot,think disabling class misses unfair. happened i’m sure justification. haven’t booked single class full. also cancel one due injury - cancel within hours class excessive. doesn’t allow last minute change plan happen without warning - especially children .,2023-10-17 21:10:00,2
London Finchley,GB,51.5973246,-0.1805587,Google,"booked stretch class september 20th; person reserved session. instructor approached informed class would held person registered, would wait see anyone else joined. asked instructor informed earlier, told notify people cancel classes, advised check app see many people booked attending class, surprised two reasons: 1) responsibility headache know many people booked paying customer. 2) appears stringent guideline stating class cancelled four hours advance; therefore, even notice one booked class two hours prior, still cannot cancel it. even though given option 1:1 session, anyways offered without requiring wait cancel class may even conversation. perhaps offered since instructor noticed wet brolly raining heavily outside informed joined class office lunch hour. realise nothing instructor; simply carrying duties, pure gym needs better job alerting clients one person signed session cancel class themseles hours prior notify attendee class cannot take place. least, would squandered time, energy, money. particularly detrimental new consumers recently renovated gym! certainly recommend friends supposed take membership pure gym london finchley.",2023-09-20 19:07:20,1
London Finchley,GB,51.5973246,-0.1805587,Google,"personal thief gym. locker broken valuables taken. gym staff confirmed happened before, open padlocks, take want lock lockers. making smooth clean job! it’s funny appropriate measures put place tackle issue.",2023-09-17 19:09:17,1
London Finchley,GB,51.5973246,-0.1805587,Trustpilot,"hi i’m finchely branch member. use gym early morning , yesterday ( 4/8/2023 ) went gym saw gym closed without notification email . planning notify schedule member ? please let know opening times whether going reopen gum soon ? thanks",2023-08-05 20:02:00,1
London Finchley,GB,51.5973246,-0.1805587,Google,"visited, correction, wanted visit gym find memberships see gym facilities. fact, impossible even enter, speak human being, let alone see place. reminds reverse prison. simply welcome unless willing part money online without seeing signing for. difficult understand thinking marketing department puregym creating disaster zone entrance gym east end road, finchley. (see photo.) need check least one gym chain, way joining hell hole. *** update *** since visited north finchley branch, able talk human being, showed around, explained everything. joined north finchley engaged pt well. loss finchley.",2023-08-05 19:04:40,1
London Finchley,GB,51.5973246,-0.1805587,Trustpilot,"joined weeks ago. cornered personal trainers trying flog services, (while trying work out) asking highly personal questions ""do health conditions?""! also, classes get cancelled last minute enough people, end making journey nothing. cheap get pay for.",2023-08-05 01:10:00,2
London Finchley,GB,51.5973246,-0.1805587,Trustpilot,"enough barbells - 12” soft box nowhere found, temperature indicates aircon. don’t understand charge much.",2023-08-04 01:17:00,2
London Finchley,GB,51.5973246,-0.1805587,Google,"visited gym today encountered infuriating situation left fuming. despite crowded atmosphere, personal trainer shamelessly occupied bench smith machine whopping half hour, nobody else actually using them. make matters worse, went great lengths safeguard equipment, placing diary personal phone floor marking territory. behaviour absolutely disgraceful, especially considering gym's explicit policy encouraging equipment sharing. even astonishing, approached several individuals politely requested use machines since unoccupied, response filled sheer arrogance selfishness. truly exasperating witness actions, particularly paying use facilities, fair everyone equal access equipment. isolated incident, observed pt's engaging similar behaviour. disheartening see blatant disregard basic gym etiquette, sake reserving equipment trainee even present. understand personal trainers earn living training others, important remember paying use facilities. fair everyone equal access equipment. appreciate role personal trainers gym, becomes problem monopolise machines benches extended periods, especially clients actively utilising them. gym's policy encouraging equipment sharing place precisely ensure fairness efficiency members. strive balance personal trainers fulfill professional duties still respecting needs rights gym-goers. disheartening witness instances balance disregarded, leading frustration sense unfairness among paying members.",2023-07-05 07:00:10,1
London Finchley,GB,51.5973246,-0.1805587,Trustpilot,"booked pilates 10.15.i min. late parking available also long que entrance. get people total allowed ""no space you"" even booked 6-7 unbooked people/managed get me/. rude lucy reynolds.another lady also shouted ""don't see space you"".that made cry...i never book pilates pure gym-finchley again!!",2023-06-10 11:46:00,1
London Finchley,GB,51.5973246,-0.1805587,Trustpilot,"started week. zumba, bodyfit dance far. zumba fine (ok types, done active zumba another gym west hampstead). bodyfit also ok dance weird. first mins songs good active dance movements beginning sweat burn fat, instructor started showing us moves mat (like pilates yoga) spent much time trying explain us moves body completely cooled down. rest mins showing us steps, trying learn it. sure didnt burn single calorie. would good dance class claims burn cals bother teaching us 'spiderman' moves! also smell sweat way overpowering general cleanliness clearly lacking, many people said thing reviews nothing happened far, maybe stay way. goal lose weight gain core strength continuing happily experience studio society west hampstead.",2023-06-09 10:26:00,2
London Finchley,GB,51.5973246,-0.1805587,Google,since mar healthy. ground floor entrance weight lifting area smell mouldy. got sore throat stopped going gym.,2022-12-26 21:16:43,1
London Finchley,GB,51.5973246,-0.1805587,Google,gym undergoing mayor refit. well needed equipment becoming rather tired. instead leaving gym open minimal equipment available frustrated members gym closed. don’t really fancy breathing paint fumes dust whilst training anyway. contact pure gym refund monthly membership fee cant bothered reply.,2022-04-08 22:24:00,2
London Hayes,GB,51.6621711,0.7083861,Trustpilot,"easily one worst gyms about. there’s many basic things don’t work; none fountains, toilets drinks machines. speak management, uninterested don’t care; appear rather incompetent yet arrogant. it’s shame gym terrible, puregyms immaculate, particularly given price. many gyms time one doesn’t cut it. however, change management gym recover!",2024-03-22 09:55:00,1
London Hayes,GB,51.6621711,0.7083861,Google,"one worst gyms about. none fountains, toilets drinks machines work. speak management, uninterested don’t care; appear rather incompetent yet arrogant. it’s shame gym terrible, puregyms immaculate, particularly given price.",2024-03-21 18:00:51,1
London Hayes,GB,51.6621711,0.7083861,Trustpilot,busy doesn’t matter time go don’t get machine free wait min least,2024-03-10 22:19:00,1
London Hayes,GB,51.6621711,0.7083861,Google,"big minus gym care cleanliness, toilet stinks urine showers clogged hair, cleaner",2024-03-08 18:04:15,1
London Hayes,GB,51.6621711,0.7083861,Trustpilot,"southall pure gym disgusting, poor hygiene levels, absolutely stinks there!! booked day pass check walked seconds smell hit us bad, making unbearable even workout! overly busy, equipment everywhere! absolutely awful hygiene levels wouldn’t even touch equipment! smells urine sweat.",2024-02-06 17:58:00,1
London Hayes,GB,51.6621711,0.7083861,Trustpilot,doesn’t customer service via phone chases face book e mail annoying,2024-02-01 02:43:00,1
London Hayes,GB,51.6621711,0.7083861,Trustpilot,would recommend gym people relationships! avoid partner going gym even it’s you! girls guys looking extra affairs here! central place pimps! bf decided pick girl sleeping around gym pts! stay away here!,2024-01-23 20:48:00,1
London Hayes,GB,51.6621711,0.7083861,Google,crowded. cancel membership first day.,2024-01-10 17:51:32,1
London Hayes,GB,51.6621711,0.7083861,Google,"many people, always full terrible ventilation.",2023-12-27 17:49:27,1
London Hayes,GB,51.6621711,0.7083861,Trustpilot,many equipment order.,2023-12-26 22:31:00,2
London Hayes,GB,51.6621711,0.7083861,Trustpilot,dirty toilets chewing gum urinals days pee stains walls months literally stinks every time like suburb (needs automatic air fresheners) there’s water half time water drinking fountains forcing us drink taps washroom even area dead fleas sink area well one worst kept entrance carpet area windows extremely dirty place needs anonymous company reviewer watch place. wouldn’t recommend anyone you’re better paying somewhere else even local charitable trust gym like ‘ better’ was/is cleaner. machines wise arm curler needs new cushioning elbows. good point plenty parking descent chaps well gym employees kind helpful please take positive criticism anyone would like clean fresh smelling washroom.,2023-12-26 19:10:00,1
London Hayes,GB,51.6621711,0.7083861,Trustpilot,many issues list hot water heating charging fozen membership drinks machine working pubic hairs shower trap absolutely discusting & cheek put menbership like ur paying much leaving,2023-12-22 22:48:00,1
London Hayes,GB,51.6621711,0.7083861,Trustpilot,"truly abysmal gym hayes. i’m paying almost £40 month gym has: 1. foul rotten egg urine smell coming sinks men’s changing room. hasn’t fixed months stinks every day. 2. fountains water machines broken every day can’t fill water bottle training use yanga machine. 3. lock disabled toilet broken 4. ac broken many occasions it’s hot makes gym feel like open sauna full sweat 5. water leaks coming roof every week 6. poor equipment as: leg press machine, hack squat seated hamstring curl, despite 300+ members concurrently peak hours 3000+ members. i’ve going gym years gradually gone hill, severely past year new staff come in. new manager walks talks like hood rat doesn’t care much anything. gym constantly neglected despite much members paying use gym. £38 month extortionate horrific gym.",2023-12-21 21:46:00,1
London Hayes,GB,51.6621711,0.7083861,Google,place stank bo packed people. machines order could even get water fountain broken!!!!!!,2023-12-19 05:55:52,1
London Hayes,GB,51.6621711,0.7083861,Google,"times last week, side people cheat system bringing friends free that’s becomes crowded sometimes. enter code friend joins entry tube goes together. fair pays facility.",2023-12-17 17:49:39,1
London Hayes,GB,51.6621711,0.7083861,Google,way crowded round clock,2023-11-24 17:46:32,1
London Hayes,GB,51.6621711,0.7083861,Google,"water fountains temperamental, work one day next, changing rooms always dirty, water facilities general temperamental showers often work. water ladies changing room sink strong sewage smell. stars staff friendly poor facilities fault.",2023-11-21 17:49:01,2
London Hayes,GB,51.6621711,0.7083861,Google,i’m really disappointed puregymhayes today went closed today notice yesterday water. received email regarding closing gym today want cancel membership hayes. really disappointed hayes pure gym,2023-11-12 05:41:04,1
London Hayes,GB,51.6621711,0.7083861,Trustpilot,"pure gym hayes : well managed suddenly constantly down. alots equipment maintained / damaged. shutting gym without notice / email / sms use / 11/11/2023 15:54 gym closed notice , didnt received notification went found locked closed notice . really !! wasting time money. thinking leave .",2023-11-11 17:56:00,1
London Hayes,GB,51.6621711,0.7083861,Google,always water clean,2023-11-11 05:48:40,1
London Hayes,GB,51.6621711,0.7083861,Google,"water machine constantly broken, even works it’s rubbish flows slow. need upgrade whole system. music play nightmare, pop techno. get updated play relevant hype music!!!!",2023-11-07 17:42:49,2
London Hayes,GB,51.6621711,0.7083861,Trustpilot,ive member almost year & quite ill came first tome hayes gymn & hot water & showers working & xold train left got message telling showers working came today cold trqin im apalled & theres way contacting customer service complain someone customer service get touch ridiculous,2023-11-02 03:55:00,1
London Hayes,GB,51.6621711,0.7083861,Google,"puregym member apart gym’s independent, corporate anytime fitness example. i’ve puregym longer anytime contrast outrageous even independent gym’s train at. one occasion trainers attempted give unsolicited advice despite training years adapt style training based professionals personally know giving input. fair may puregym whole puregym i’m hayes puregym puregym burnham. reason always puregym getting disrupted trainers mid set automatically got intuitive ability see someone’s intentions genuine, said always gym get unsolicited advice let’s call spade spade training incorrectly i’d a&e fairly often. vast majority trainers however experience management team & small percentage trainers good people unfortunately vast majority let down. generally it’s large gym everything need etc despite “home gym” initially joined puregym due experiences genuinely speaking stopped training here. kind message management team: anyone need advice want personal training session anyone trainers i’m sure they’ll ask personal dig management said it’s put off. maybe take pointers anytime fitness overall &/or puregym burnham, even independently owned gym they’re much smaller terms market share.",2023-10-25 06:41:23,2
London Hayes,GB,51.6621711,0.7083861,Trustpilot,responding email. one make changes membership gym email.,2023-10-21 20:14:00,1
London Hayes,GB,51.6621711,0.7083861,Trustpilot,"time go gym early morning nearby gym equipment organised, cuz you’re unable find suitable weight you.",2023-10-15 18:42:00,2
London Hayes,GB,51.6621711,0.7083861,Google,"gym lots equipment fun classes handy attend work quick workout, recently getting busy it’s possible use equipment spaces. also started noticing gym facilities broken left months unfixed eg. upstairs water fountain causing vile smell within area, females changing room sink constantly smells. notice toilet paper isn’t refilled much anymore resort using blue roll search whole gym find member staff. i’m sure benefits justify many downsides gym especially since membership increase. pure gyms larger, cleaner also populated area like hayes pure gym. leaves wondering hayes pure gym left unmaintained?",2023-10-07 18:42:05,2
London Hayes,GB,51.6621711,0.7083861,Google,worst gym ever machines always broken equipments always available toilets clean…waste money,2023-09-29 06:39:40,1
London Hayes,GB,51.6621711,0.7083861,Google,"gym machines ok , busy time , wait machines work . drinking water , male toilets wont work time .",2023-07-20 06:27:18,2
London Hayes,GB,51.6621711,0.7083861,Google,"menager staff need interesting missing eguipment cleaning general cleaning !!! walk around going nothing . gym smelly , dirty safety . stołen bag last time dont check camera , avoided raport. bad !!!",2023-06-30 18:15:20,1
London Hayes,GB,51.6621711,0.7083861,Trustpilot,"menager staff need interesting missing eguipment cleaning general cleaning !!! walk around going nothing . gym smelly , dirty safety . stołen bag last time dont check camera , avoided raport. bad !!!",2023-06-30 15:43:00,1
London Hayes,GB,51.6621711,0.7083861,Trustpilot,hydration machine working. basic water fountain also order nobody report ask assistance. take wallet gym cannot purchase vending machine cash.,2023-06-08 23:58:00,2
London Hayes,GB,51.6621711,0.7083861,Trustpilot,simple it’s space less peoples crowded…,2023-06-08 22:01:00,1
London Hayes,GB,51.6621711,0.7083861,Google,"nothing better hayes updated 8/5/2023 pieces equipment broken months. that’s point acceptable since there’s wide variety alternatives although, toilet “out order” months, fountain upstairs water gym kinda busy. usually dirty, noticed improvement don’t believe gym’s fault, even 24/7 cleaner there, still people don’t respect sense using common space hygienic manner personally never engaged pts, even though know complaints past. say victoria, new one mina lenny exceptional! today closed gym kindly kicked us asked us go northolt. that’s due bad planning management maintenance facilities. received email hours membership temporarily upgraded (while plus member) hilarious. northolt gym 5g reception, even poor 4g dropped 5* 2* start it’s 24/7 star great pts updated 11/11/23 gym closed . say “no hot water”. lasts long time now, didn’t drinking water time better rebrand puregym poorgym",2022-03-07 21:48:45,2
London Hoxton,GB,51.5323935,-0.086078,Google,"pure gym staff allowed blame annoying people hoxton ? get second time working guy clear brown hair , work gym ,start blame dressing heavy metal -shirt. singer band criminal past that's pure gym employee blaming me. wonder guy make circus hip hop rock shirt. go amy winehouse shirt would like pure gym staff bother telling drug addicted ; what's point this? suggest pure gym better choose page wages. guy ruined mood work today.",2024-05-07 14:10:01,1
London Hoxton,GB,51.5323935,-0.086078,Trustpilot,"pure gym staff allowed blame annoying people hoxton ? get second time working guy clear brown hair , work gym ,start blame dressing heavy metal -shirt. singer band criminal past that's pure gym employee blaming me. wonder guy make circus hip hop rock shirt. go amy winehouse shirt would like pure gym staff bother telling drug addicted ; what's point this? suggest pure gym better choose page wages. guy ruined mood work today.",2024-05-07 12:53:00,1
London Hoxton,GB,51.5323935,-0.086078,Trustpilot,"smell unbearable, people need start using deodorant…",2024-04-28 10:33:00,1
London Hoxton,GB,51.5323935,-0.086078,Trustpilot,receipt says contact customer support issue signing up.,2024-04-22 10:08:00,1
London Hoxton,GB,51.5323935,-0.086078,Trustpilot,"choose gym seemed offer lot better.org gyms. able understand access multi gyms pass paid for. want change home gym keep sending emails click link (here) nothing happens meanwhile wasting money keep refusing entry local gyms little help apps sort quickly. would great person either talk email made sense move forward. home gym stratford local gym hoxton. sure it’s included multi pass it’s hard change home gym app via email. please respond positive news cancel membership, save money. would awful gym motivates delay crucial health journey. thank",2024-04-19 18:51:00,2
London Hoxton,GB,51.5323935,-0.086078,Google,"wifi gym, especially peak time. signal went ask complain staff. explained : “ peak time “ ??? signal find work also gym sometimes closed longtime, due flooded floor. refund discount. stop membership",2024-03-22 01:04:46,2
London Hoxton,GB,51.5323935,-0.086078,Google,connection wifi last weeks. barely find managers trainers toilets disgusting stinks.,2024-02-22 01:02:28,1
London Hoxton,GB,51.5323935,-0.086078,Trustpilot,"took minutes pin number come buying day pass, time leave didn’t even get use it. would like full refund",2024-02-08 21:26:00,1
London Hoxton,GB,51.5323935,-0.086078,Trustpilot,"post inaccurate opening times. also membership allows use different gyms, certain gyms removed without notice, turn entering multiple times previously suddenly find longer enter. also wifi oftne work particular gyms phone reception certain gyms. e.g. hoxton. price good, product exasperating. impossible find anyone contact problems. want lot frustrations perfect gym you.",2023-12-28 20:06:00,1
London Hoxton,GB,51.5323935,-0.086078,Trustpilot,"shocking gym, gym closes time saying pipe issues. washroom flooded, forever leaking urinal unit men’s room. find another gym go waste time, life money. unreliable gym london.",2023-12-25 01:39:00,1
London Hoxton,GB,51.5323935,-0.086078,Google,open now…?,2023-12-19 00:47:19,1
London Hoxton,GB,51.5323935,-0.086078,Google,"recommend puregym company. gym great. however sprinkler system building looking back history, set multiple times, flooding gym rendering unusable weeks. puregym refund time closed. may freeze account free kick fuss, sending complaint. option go another gym freeze membership proposed.",2023-12-16 00:55:16,1
London Hoxton,GB,51.5323935,-0.086078,Google,traveled way gym says you’re open google get find closed paying monthly money gym frustrating unorganised. new comers go constantly stinks sewage told member staff it’s pipe system gym messed toilets always leaking flooding causing changing rooms closed terrible gym worth money,2023-12-12 12:50:57,1
London Hoxton,GB,51.5323935,-0.086078,Google,closed days,2023-12-11 00:50:42,1
London Hoxton,GB,51.5323935,-0.086078,Google,"someone vandalized gym's fire system unstaffed time period, caused sprinkler pumps overwork flood gym. strange people keep showing gym? things like keep happening, good idea consider staff? also nearest gym minute walk away, really think customers waive membership fee next month, upgrade membership benefits!",2023-12-08 12:51:50,1
London Hoxton,GB,51.5323935,-0.086078,Google,"summary: staff, incompetence highest, broken website, support team anything, gym website. clearly corporation got greedy paying employees normal salary. arrived gym intentions work out, greeted fancy qr codes redirect site broken paywall, trying pay minutes sign up, plans people uk bank accounts, hit ""there problem payment, please try later"". sign up, also need inside building, impossible access without member entering first. recommend pay pounds go normal gym. cheap joke.",2023-12-01 00:50:11,1
London Hoxton,GB,51.5323935,-0.086078,Google,terrible place go live here. terrible company general.,2023-09-06 01:34:17,1
London Hoxton,GB,51.5323935,-0.086078,Google,"many problems sorted gym: (1) let bring bikes inside, outside bikes destructed making unsafe option (2) instructors see unless come bike expell (3) measured frequenters rudely spending minutes cellphones sitting equipament nobobody cares (4) cancellation impossible make online system work answer emails, need make bank. (5) flovoured water often without refills spills disgusting liquid need wait minutes recharge, passion fruit one unavailable week.",2023-08-29 01:25:35,1
London Hoxton,GB,51.5323935,-0.086078,Google,hottest gym london! ac working probably.,2023-07-08 13:17:36,2
London Hoxton,GB,51.5323935,-0.086078,Google,"cancel membership still changed whole month. send email asking refund hear back, send follow emails still noting 10days",2023-06-14 13:19:30,1
London Hoxton,GB,51.5323935,-0.086078,Trustpilot,bad experience gym cancelling subscription. overcharged,2023-06-05 19:55:00,1
London Hoxton,GB,51.5323935,-0.086078,Google,"decided cancel membership, feel sorry severe vandalism issue time, higher management decision unstaffed hours poor control trough cctv. wonder there’s serious mould issue it’s poor ventilated basement company clearly trying save money much possible. could way worse, would happened customer inside + antisocial behaviour … stars go staff + equipment, always felt fine regards.",2023-03-21 21:27:09,2
London Hoxton,GB,51.5323935,-0.086078,Google,"happened gym shocking. always plumbing issue lead close gym. 24/7 gym says it’s closed least days every week. get email saying “unfortunately temporarily close puregym london hoxton, please aware gym temporarily closed, due blocked toilets shower drains.” email continues every week! find gym elsewhere paying closed gym! still valid review 08th december 2023, gym closed already straight week continues close..",2023-02-25 09:27:16,1
London Hoxton,GB,51.5323935,-0.086078,Google,"decent gym. reasonably priced, good equipment. however: gripe puregym impossible end membership via website app. search via site, you’ll find locked infinite loop two disingenuous pages, really (deliberately, i’m sure) tell nothing end membership. end, call customer service, told way end membership cancel direct debit via bank. doubt intentional – hope give up, forget cancel take money. end, block direct debit puregym via bank, like cancelling scam payment. concern pts run classes gym excessively loud. scream megaphones pump music earsplitting volume across gym, offending everybody within earshot. i’ve reported several times customer service, never bother write back me. cleanliness men’s loos could addressed. gym playlist also pure trash. make sure bring noise cancelling headphones drown out, you’ll curling weights infinite loop kesha ft chainsmokers. short: get pay for. cheap gym, don’t expect virgin active.",2022-11-30 09:23:38,2
London Hoxton,GB,51.5323935,-0.086078,Google,"edit: look reply below, tells everything need know puregym. closed gym days say you’re entitled refund. december 2nd closed gym december 19th due flooding. it’s unreliable gym ever used. send email asking refund monthly fee, “upgraded” membership access units. urge impacted same. first, certainly won’t last issue unit. full partial closures common place, little notice. favour go somewhere else.",2022-08-15 22:18:15,1
London Hoxton,GB,51.5323935,-0.086078,Google,member years. always something major working. drainage system wifi. moment im even receiving emails alert closures changing rooms allowing access shoreditch gym. forever disappointing.,2022-03-08 09:24:35,1
London Leytonstone,GB,51.5684052,0.0111701,Google,"convenient location narrow range equipment, sustained damage years. none broken getting shabby. lack proper air conditioning makes real sweat pit summer months.",2024-05-02 04:43:57,2
London Leytonstone,GB,51.5684052,0.0111701,Google,"gym nice, always crowded, can't go want specific times slots, otherwise exercising becomes pain machines never free, classes, small studio alway full. buy upper floor extend it, would space machines available people. even sure safe legal 80-90 people small space, case fire emergency easy evacuate everyone",2024-05-01 16:46:04,2
London Leytonstone,GB,51.5684052,0.0111701,Google,"dirty, terrible smell, needs deep cleaning",2024-04-25 04:45:42,2
London Leytonstone,GB,51.5684052,0.0111701,Google,manger puregym leytonstone disrespectful verbally abusive towards customer service poor also seemed personal problem zero manners whatsoever recommend gym,2024-03-21 03:42:35,1
London Leytonstone,GB,51.5684052,0.0111701,Google,"gym closed since stinks soon walk in. toilets smell like urine assigned gender. absolutely disgusting, full hair, urine, name it. enough equipment. pool. expensive packed times! sooooo unhappy",2024-03-11 03:35:07,1
London Leytonstone,GB,51.5684052,0.0111701,Trustpilot,"puregym suspended account continued charge me, far charged £240 recusing process refund. considering ones suspended account, means cannot access account. avoid company!!!",2024-03-09 13:32:00,1
London Leytonstone,GB,51.5684052,0.0111701,Google,time changing room messy toilet smells horrible work hygiene,2024-02-25 15:39:24,2
London Leytonstone,GB,51.5684052,0.0111701,Google,"pros - open hours, something leytonstone barber shop estate agents. cons - gym needs serious revamp, every machine equipment broken breaking, tears every bench. gym stinks years sweat, tears human fluids place needs deep clean. limited equipment, smith bench press. also compared pure gyms dumbbells go 40kg taking account gym always busy one expensive pure gyms really reinvest money revamp place instead continuously opening new sites.",2024-02-20 03:31:38,2
London Leytonstone,GB,51.5684052,0.0111701,Google,"tiny gym tonnes regulars nearly enough free weights (1 bench press setup) machines. regular long waits equipment free up, alright.",2024-02-18 03:36:14,2
London Leytonstone,GB,51.5684052,0.0111701,Google,"showers toilets disgusting!! pee place, tissue everywhere floor never paper dispenser. fees though i’ve walked teenage boys locker room. absolutely gross! price gym pretty expensive!! it’s wrong.",2024-01-17 15:27:16,2
London Leytonstone,GB,51.5684052,0.0111701,Google,"average. toilets usually covered pee, showers dirty, two shack looking changing rooms. class schedule great branch. huge discrepancies one farringdon badly need privacy road, people love stare lurk sadly. bit stuffy too, nothing compared underground farringdon.",2023-11-22 03:23:55,2
London Leytonstone,GB,51.5684052,0.0111701,Trustpilot,"pt complained provided feedback contacted directly long defensive aggressive text message - distorting truth cover back. text made calling names distorted scenarios protect - scenarios never mentioned raised complaint. fact scenarios never documented raised shows false narrative used protect himself. shows inability receive feedback respond professionally. professional correct response would've apologise, raise line manager address refund. contacted cluster manager screenshot text messages. along truth false allegations using justify unjust behaviour. hope puregym deal unprofessionalism bullying appropriately. advise members receive professional training customer service, diversity & inclusion (which covers discrimination gender equality). feel though lot driven x (pt) perceiving young black woman could take advantage of, expect would escalate appropriately. continue feedback negative experiences x general gym staff escalate regional manager - paying customer treated way, hope happen again.",2023-10-30 12:41:00,1
London Leytonstone,GB,51.5684052,0.0111701,Trustpilot,"pt - awful experience pt stole money. poor customer service, manners, professionalism etiquette. flagged apprehension pt sessions due demanding career, reassured clients demanding careers able accommodate. needed cancel 7th session due panic attack - exploded horrible. cancelled 8th session - ignored blocked asked refund. documented proof. sessions often full grumpy complaining - draining long day work. thought funny keep saying name wrong seriously say inappropriate. occasion asking sun burns rudely responded ‘well look brown/black’ (racial micro-aggression - he’s compared ethnicity sun-related skin damage). experienced extremely awful/disgusting customer service humanity considering flagged circumstances beforehand (as always do). i’ve many pts extremely flexible reassured would be. i’ve also honest pts said would unable flexible (beforehand). friendly kind desperate get new client.",2023-10-29 00:00:00,1
London Leytonstone,GB,51.5684052,0.0111701,Google,personal trainers rude condescending. sort attitude out. people coming beginners,2023-09-15 16:13:15,1
London Leytonstone,GB,51.5684052,0.0111701,Google,"first time , toilet hygiene shower put big time",2023-08-30 18:57:13,2
London Leytonstone,GB,51.5684052,0.0111701,Google,"condition gym far satisfactory. firstly, air conditioning system inoperable, subjecting anyone enters unpleasant stifling atmosphere. pervasive odour clogged ventilation exacerbates discomfort. secondly, membership fees exorbitant. affordable tier, priced £30, comes restrictions utilize facilities, so-called 'convenient' alternative costs nearly £40. steep cost access cramped 4x4 gym space, devoid fresh air equipped bare essentials. moreover, gym fails offer additional amenities like pool sauna, typically expected price bracket. contrast, fee ranging £45 £50, gyms, twice size one, provide pristine invigorating environment along supplementary perks. given circumstances, strongly recommend steering clear gym unless happens sole available option.",2023-08-21 04:04:46,1
London Leytonstone,GB,51.5684052,0.0111701,Google,showers. £40 worth all. rumor maintenance. year now. 😅,2023-08-13 04:02:42,1
London Leytonstone,GB,51.5684052,0.0111701,Google,gym owner compassion man’s shouting using gym ball telling friends get,2023-07-25 03:58:19,1
London Leytonstone,GB,51.5684052,0.0111701,Google,"home gym stratford closed maintenance came here. gym ok, ok want quick basic workout, half lockers work, smells soon walk in, there’s changing rooms small toilets shower rooms together. home gym stratford definitely better better facilities it’s cleaner fresher",2023-07-18 17:08:43,2
London Leytonstone,GB,51.5684052,0.0111701,Google,home gym stratford close temporarily maintenance work use leytonstone gym first day can’t last minutes gym small smells bad ac sweat stays coming back waiting home gym open,2023-07-17 15:59:48,1
London Leytonstone,GB,51.5684052,0.0111701,Google,easily worse puregym london. rude staff. weighing scales.,2022-08-01 10:01:06,2
London Leytonstone,GB,51.5684052,0.0111701,Google,"good gym overall, please mindful space & capacity classes! booked class morning cancel space put mat down! bare mind spoke instructor end, apologised & told people hadn’t even turned class. class overcrowded despite people showing up, imagine. update 22/6/23: classes still overcrowded af. clearly didn’t take originally said board wouldn’t still case. classes need maximum people, try squeeze many possible nobody achieve full workout potential even personal space. i’ve terminated membership. well done 👍🏽",2022-07-24 09:53:32,2
London Leytonstone,GB,51.5684052,0.0111701,Google,"reason many options. overpriced lack equipment compared units, also limits variety. space big boils number equipments per exercise, go end peak, expect wait quite likely group hogging machine. update 04/2024 conditions even worse, rarely cleaning liquid use, mats damaged falling apart, equipment sometimes placed ways limit configurations, equipment protective plastic altering configuration (literally pinch metal fingers pull change range motion chest machine.",2022-06-15 21:56:27,2
London Leytonstone,GB,51.5684052,0.0111701,Google,"equipment 7/10 pretty good, years attachments added variety abundance good, broken machines get repaired relatively quickly feel smooth well kept overall. could variety, generally get job done. activity 3/10 people signing becoming quite packed throughout entire day, go peak time 6-10pm goodluck getting anything done waiting machine pretty long especially groups people time (weekends good day night) amenenties 0/10 lockers either broken permanently reserved. toilets bad repairs get done then. reference half lockers always taken gym busy people carry bags them. staff 5/10 generally staff good, spoke seen interact people good way. except management, refusal listen act complaints, especially comes lockers. especially tarique, extremely petty lazy manager. complain anything persistently go far following cameras see get instead job. pretty foul behavior. recommend it? go peak, yes. go peak, avoid it.",2022-03-07 20:57:03,2
London Seven Sisters,GB,51.5817795,-0.0739615,Google,u don’t wanna get fit place go poorly equipped lockers whole gym,2024-05-04 21:57:33,2
London Seven Sisters,GB,51.5817795,-0.0739615,Google,"closed notice. wasted time. can't book induction time slots in-between. cheap equipment much choice. pay extra classes. staff ever available. great, little privacy streets co-ed changing/ shower handful lockers. average.",2024-04-03 11:33:20,1
London Seven Sisters,GB,51.5817795,-0.0739615,Google,"pay multi-gym membership, pay seven sisters wasn’t included list gyms (bit ridiculous). shrugged gym mins away home, thought it’d save travelling way finsbury park tube. honestly, disappointed gym. utilise space well it’s small, feels exposed treadmills stairmasters directly infront bus stop. girls, you’ll probably stared glass. studio lights seem set timer switch back amount time. lights also glarey - you’re floor exercises, you’ve got find spot isn’t underneath light. many bars weights studio barbells. decent amount variety machines though, haven’t ever wait machines since going here. haven’t seen cleaning stations around gym yet. great considering like wipe yoga mats use. disappointing thing upstairs changing area: separated male/female changing rooms, cubicles, btw usually dirty and/or rubbish them. individual unisex toilet cubicles never clean - literally poo stains every time i’ve lol. there’s like lockers, pretty small, you’re unlucky get one go, there’s exposed cupboards leave things in, come now, it’s seven sisters, hardly safe leave anything out, better yet carry belongings around you. pros: - good variety machines weights - ceilings tall feels spacious cons: - it’s actually small gym - doesn’t seem like gets cleaned often - there’s single water fountain member’s drinks machine, thought gyms would you’re paying premium membership - changing area unisex, don’t go you’re comfortable seeing people walking around naked - month it’s already closed consecutive days maintenance. announced last minute. new gym, i’m impressed gym offer. probably going re-set finsbury park main gym every aspect much worth money.",2024-04-03 11:33:20,1
London Seven Sisters,GB,51.5817795,-0.0739615,Google,"expensive offer. compared gyms lower prices, unlimited water one water fountain whole gym, cleaning stations, massaging chairs, lockers maybe 25-30 mixed changing room toilets showers issue busy times. place big, many machines cardio. space could used different ways added machines things missing. worth price.",2024-04-03 11:33:20,2
London Seven Sisters,GB,51.5817795,-0.0739615,Google,"open couple week ago, much equipments close morning without notice send emails members informed …",2024-04-03 11:33:20,1
London Seven Sisters,GB,51.5817795,-0.0739615,Google,"drove way crouch end try gym i’ve wanting try since opened, park tesco walk way gym, find closed!!!! never go back gym… could least sent notification say you’re closed! poor!",2024-04-03 11:33:20,1
London Seven Sisters,GB,51.5817795,-0.0739615,Google,"pros: - new gym, everything new, clean tidy. cons: - lack lot equipment, machines free weights. nothing calves, inclined declined bench presses, one machine abduction adduction, more. also cardio equipment. - enough lockers, taken people leave stuff there. quite frustrating leave stuff safely. - ""changing room"" cubicles (like fitting rooms clothes shops) shared men women. showers toilets. comfortable. - staff, though friendly, knowledgeable. approach one ladies ask advice replace exercises routine due lack equipment kept repeating ""we machine"". - price!!! kept price £17, say ok. £25? much gym offers. £32??? big no.. def worth price, way hell. compare: gym tottenham high road (about times size, price £25 so) yeah, sorry bit harsh, quite different gyms london able compare, honest review. there's certainly room improvement, though, get machines, benches, cardio, etc... rethink bit price, perhaps could good gym. ps: reviews stated, issue closure less two weeks lack communication. hopefully that's exception happen again.",2024-04-03 11:33:20,1
London Seven Sisters,GB,51.5817795,-0.0739615,Google,"current state gym terrible. managed extremely poor fashion. unannounced closure many days without information closes 10pm longer 24/7? bit joke. many issues: co-ed showers changing room - advertised joining, enough equipment enough variety (the place half empty), sanitation station, privacy people bus stop feet away. wasted time money getting kiss door. resigned previous gym pay joining fee paying nothing here, might well swap back gym...",2024-04-03 11:33:20,1
London Seven Sisters,GB,51.5817795,-0.0739615,Google,"it’s worse pure gym london. since opened december shut twice already, currently shut. informations reopening received company, refund offered days lost already. less lockers total sort bad joke considering busy place less one month opening. cheap equipment spaces offered. managed save even walls doors, fact “studio” doors walls ceiling, result everyone gym listen extremely loud music playing classes. real nightmare overall, cancel membership asap.",2024-04-03 11:33:20,1
London Seven Sisters,GB,51.5817795,-0.0739615,Google,new gym charged dont even enough lockers,2024-04-03 11:33:20,1
London Seven Sisters,GB,51.5817795,-0.0739615,Google,"it’s fine - wish would clean often. changing area always gross, showers grim toilets filthy. it’s open month though, hopefully creases need ironing out. also, it’s supposed gym, closed two days closed prior warning!",2024-04-03 11:33:20,2
London Seven Sisters,GB,51.5817795,-0.0739615,Google,closed without notice..excellent beginning 😞,2024-04-03 11:33:20,1
London Seven Sisters,GB,51.5817795,-0.0739615,Google,ain't even tried it. live around area thought join.. well level seen enough hefty price tag. convience got money guess.,2024-04-03 11:33:20,1
London Seven Sisters,GB,51.5817795,-0.0739615,Google,"stuff rude care money. receive penalty reason. now, need email get money back. thanks puregym another headache.",2024-04-03 11:33:20,1
London Seven Sisters,GB,51.5817795,-0.0739615,Google,"good place, good equipment. changing room unisex bathrooms terrible.",2024-04-03 11:33:20,2
London Seven Sisters,GB,51.5817795,-0.0739615,Google,"enough lockers. temperature high really training, degrees maximum - melting here!?",2024-04-03 11:33:20,2
London Seven Sisters,GB,51.5817795,-0.0739615,Google,handful lockers. benches. water machine. worst pure gym london,2024-04-03 11:33:20,1
London Seven Sisters,GB,51.5817795,-0.0739615,Google,mało sprzętu cardio. mało miejsca w szatni. nie gdzie zostawić plecaka bo wszystko zajęte. jedyny plus że wszystko jest świeże... bo jest nowe. za jakiś czas już nie będzie. kiepsko ogólnie,2024-04-03 11:33:20,2
London Seven Sisters,GB,51.5817795,-0.0739615,Trustpilot,machines. basic machines chair flexors open-back articulated pull-ups available. days numbered here.,2024-02-22 12:07:00,2
London Seven Sisters,GB,51.5817795,-0.0739615,Trustpilot,"charging dont even enough locker, people putting belongings floor bring gym. gym, enough tools like light dumbbell people needed, three cable total one rope, location, would definitely choose brand gym",2024-01-18 22:40:00,1
London Seven Sisters,GB,51.5817795,-0.0739615,Trustpilot,"poor gym males females changing room poor machines… please please could least put locker , take back training area … thank",2023-12-26 19:22:00,1
London Seven Sisters,GB,51.5817795,-0.0739615,Trustpilot,"worth it. space like gym goers. free gym locals would like gym cannot afford it. sharing locker rooms women!! cleaning stations!!!! disgusting!!! cancelled membership. manager really lovely, bring back fp!!!!!!!!!!!!!!",2023-12-23 20:26:00,1
London Seven Sisters,GB,51.5817795,-0.0739615,Trustpilot,"pros: - new gym, everything new, clean tidy. cons: - lack lot equipment, machines free weights. nothing calves, inclined declined bench presses, one machine abduction adduction, more. also cardio equipment. - enough lockers, taken people leave stuff there. quite frustrating leave stuff safely. - ""changing room"" cubicles (like fitting rooms clothes shops) shared men women. showers toilets. comfortable. - staff, though friendly, knowledgeable. approach one ladies ask advice replace exercises routine due lack equipment kept repeating ""we machine"". - price!!! kept price £17, say ok. £25? much gym offers. £32??? big no.. def worth price, way hell. compare: gym tottenham high road (about times size, price £25 so) yeah, sorry bit harsh, quite different gyms london able compare, honest review. there's certainly room improvement, though, get machines, benches, cardio, etc... rethink bit price, perhaps could good gym. ps: reviews stated, issue closure less two weeks lack communication. hopefully that's exception happen again.",2023-12-22 22:34:00,1
London Seven Sisters,GB,51.5817795,-0.0739615,Trustpilot,"gym closed week due maintenance issue members received zero communication - waste time walking seeing sign door! emails whole time closed, unhelpful info website estimate reopen telling members use finsbury park crouch end gym (which pay travel walking distance!) cannot believe there's even one email members, also getting month december refunded. frustratingly there's also way get touch anyone - app gives option tweet pure gym message via facebook messenger. use either social media platforms, supposed do? option call email gym - issue complaint wanted raise privately, supposed publicly tweet get response? beyond this, gym really feel complete yet. missing loads machines gyms have, two cross trainers, hand sanitiser equipment wipes, changing area unisex enough lockers.",2023-12-19 16:56:00,1
London Seven Sisters,GB,51.5817795,-0.0739615,Trustpilot,"switched gym based location plus me. negative's closed due flood, actually gym became apparent. update members issue resolved. need regular updates email gym reopened. gym equipment, equipment needed better use space accommodate machines equipment. lockers, larger lockers required. hope management take comments reviews space potential good gym additions.",2023-12-19 15:25:00,2
London Seven Sisters,GB,51.5817795,-0.0739615,Trustpilot,"honest review (1) gym small many ""standard"" equipment exist. (2) lockers men women basically small space (3) gym closed week opening due ""unforeseen"" circumstances received update via e-mail form communications (4) 20-30 people present gym moment almost sure able exercise since small. (5) price singed early 17.99 pounds. using information safe conclude even low price exactly ""value money"". think 23-24 pounds supposed go pounds within months. obviously gym fully regenerated shut since smarter go another pure gym rather one. (*) even vending machines contain useful products gyms (that's negligible course)",2023-12-19 14:57:00,1
London Seven Sisters,GB,51.5817795,-0.0739615,Trustpilot,"paid extra money upgrade membership use gym. previously used crouch end one one near work, one much nearer. slightly confused additional cost incurred adding gym lot smaller one used previously less ""premium"" area. gym fine. bit smaller pure gyms quiet went. also separate male/female changing rooms, cubicles. issue quiet went see problem busier. however, gym closed soon opening. basically paying extra before. communication reopening really annoying. feeling bit conned!",2023-12-19 13:32:00,2
London Seven Sisters,GB,51.5817795,-0.0739615,Trustpilot,personally wasn’t fussed layout gym gym closed nearly week update open disgusting. reason signed gym local. go bloody islington!! update us i’m joining gym group annoying frustrating. facility issue a**. open gym!,2023-12-19 01:14:00,2
London Seven Sisters,GB,51.5817795,-0.0739615,Trustpilot,brand new gym. currently close due problems gym. plan use gyms far me. joined seven sisters branch near. gym good one. need machines. lockers. especially doors. open shelves! also mixed changing rooms me... hope iron problems. gym potential good one.,2023-12-18 21:13:00,2
London Seven Sisters,GB,51.5817795,-0.0739615,Trustpilot,almost week gym shut still haven’t received single email update proceed. can’t go gyms like (finsbury park) nearest one - hence joined local seven sisters ones. keep coming check gym re-opened every day absolutely commitment keeping us loop. there’s maintenance carried try solve problem. it’s making think catch £16.99 first months offer - want us cancel membership gone £24.99 month.,2023-12-17 17:18:00,1
London Seven Sisters,GB,51.5817795,-0.0739615,Trustpilot,"excited puregym opening it’s minute walk house quickly go home shower go straight work. reason joined member gym group cannot fault service. second reason joined promotional offer £16.99 ( joined opened ) first six months price increases £32.99! puregym need rethink price increase members want value money aren’t providing this. example: constructed layout small, expected much bigger space price. much wasted space deadlift rack could instead three mirrors area can’t see side angle. addition way back extension positioned can’t see side angle one long mirror dumbbells don’t front view it’s placed front pillar. discovered cable machines wrong stickers weights thought choosing 2.3kg example really 4.3kg. sign informing members this. corner bar row platform landmine attachment handle positioned placed carpet window / open doors rains water comes makes carpet extremely wet. discovered using landmine seated position tracksuit bottoms soaked. informed manager sign placed inform members. whoever designed gym left critical elements. gym missing key machines: biceps curl, triceps press, lat pulldown, lateral raise, calf press, hack squat low amount cardio machines price. example one upright bike. good amount cable machines, couldn’t believe don’t provide cable straight bar used attachment cable machines narrow grip landmine handle & row attachment. shocking. good amount functional stuff that’s it. puregym opened doors public first thing shocked fact changing area, toilets/showers lockers floor shared men women. aren’t enough lockers members also provided open shelves people put possessions ridiculous sign says puregym can’t held accountable anything goes missing. didn’t provide lockers? frustrations increased opened 01/12/2023 closed 13/12/2023 didn’t send email members telling us. found going gym seeing sign saying place shut due facilities issue use closest gym me. joke main reason joined close proximity closest would crouch hill, finsbury park muswell hill means additional cost pay transport distance doesn’t work me. contacted customer service option given freeze membership would pay £6.99 month. find preposterous emails sent update members gym open again. could pay £6.99 freeze membership open tomorrow. we’ve told keep eye email. shocking. gym group never this. give timeframe keep updated constantly. i’m made pay freeze membership i’m cancelling membership. feel lot members leave first six months price increase doesn’t reflect quality gym.",2023-12-16 21:03:00,1
London Seven Sisters,GB,51.5817795,-0.0739615,Trustpilot,overpriced. new gym clean small. changing area upstairs shared everybody. small lockers shelves put stuff can't lock it. change either need use toilets changing cubicles like shops. cross trainers treadmills. also gym got closed due facilities issues update reopen waste time money.,2023-12-16 15:22:00,1
London Seven Sisters,GB,51.5817795,-0.0739615,Trustpilot,"bit small side changing rooms male female? big me! lockers half already taken people keep stuff night. pls that, take gym bag u leaving free lockers! equipment still missing , many machines…. cleaning stations sanitising sprays clean sweaty benches /equipment. really uncomfortable makes feel bad use dirty bench covered sweat. gym closed due unforeseen circumstances get email long reopen? comparing pure gyms one well..",2023-12-13 18:25:00,2
London Seven Sisters,GB,51.5817795,-0.0739615,Trustpilot,"excited gym worth value. new, nicely built, unfortunately overpriced gym. appreciate welcome price that's catch! final basic price: £32.99 ! constructed layout small, expected much bigger space price. much wasted space unorganised positions machines. missing 1-10kg dumbbell set free weight. missing key machines: biceps curl, triceps press, lat pulldown, lateral raise, calf press, hack squat low amount cardio machines price. good amount cable crossovers, good amount functional stuff, deadlift rack could move use back side too... puregyms cheaper bigger area - understand one high priced. maybe 24/7 access, that's compensating issues mentioned. really hope consider act advise. lower price add stuff!",2023-12-13 15:40:00,2
London Stratford,GB,51.541289,-0.0035472,Trustpilot,"gym full, impossible find available equipment relaxed workout. insufficient number lockers. sufficiently air conditioned, warm, stuffy smelly inside. toilets smell disgusting.",2024-05-07 11:12:00,2
London Stratford,GB,51.541289,-0.0035472,Google,"one star even generous . i’ve going gym . decided class hadn’t done one gym . i’m assuming regular people classes knew needed equipment wise . walked , man tattooed face introduce even say hi , didn’t tell equipment needed rather left someone else class tell . didn’t explain class would go , explain certain exercises could clearly see confused . obviously doesn’t care job helping people taking part classes . hygiene gym disgusting , soap ladies toilets month . never see cleaner one time see cleaner sitting phone changing rooms actually cleaning . toilets downstairs flooded floors gym soaking wet disgusting . cleaning stations always empty , point installing there’s never spray tissue .overall stuff need retrained hire people brain cells cleaner actually cleans needs hired it’s filthy",2024-04-18 05:31:02,1
London Stratford,GB,51.541289,-0.0035472,Google,went gym thursday assistant manager rude,2024-04-13 17:34:09,1
London Stratford,GB,51.541289,-0.0035472,Google,rudest stuff want find gym instead nice costumers like don’t time you.,2024-04-10 05:29:57,1
London Stratford,GB,51.541289,-0.0035472,Google,"always busy, enough space equipment accommodate everyone there's always people hanging waiting use equipment. agree others quite unsanitary gym could use improvement area. staff unapproachable.",2024-03-29 16:23:56,1
London Stratford,GB,51.541289,-0.0035472,Google,"changing rooms toilets almost always dirty that's annoying thing. main annoying thing wifi months now. one works seems know fixed. gym needs app uses internet enter exit gym, that's problematic, especially considering there's signal building use internet data...",2024-03-27 16:29:11,2
London Stratford,GB,51.541289,-0.0035472,Trustpilot,i’d cancel membership last january carry charging another months notice simply ignoring emails pretending understanding i’m saying,2024-03-22 19:07:00,1
London Stratford,GB,51.541289,-0.0035472,Google,equipment fine changing horrible paying useless changing room.,2024-03-18 16:20:51,1
London Stratford,GB,51.541289,-0.0035472,Google,"frequented many gyms years, puregym stratford sadly ranks one unpleasant experiences, primarily due overpowering odor. bewildering whether lack proper ventilation deliberately forgo using it, gym perpetually enveloped sharp, pungent scent sweat that's hard ignore. equally disappointing conditions toilets, clear testament lack social responsibility among members seemingly indifferent attitude staff towards maintaining cleanliness. efforts, lack thereof, result half-hearted attempt barely scratches surface needed keep gym respectable state.",2024-03-17 16:27:23,1
London Stratford,GB,51.541289,-0.0035472,Trustpilot,"avoid gym want exercise friendly clean space!! deleted review trustpilot, i’m writing again. gym manager pure gym stratford extremely rude, unprofessional really loves power plays. incorrectly replaced dumbbells wrong shelves, humiliated raising voice publicly, also proceeded suspend gym membership told cannot raise voice front everyone. weeks hundreds emails, able get membership back meeting cluster manager. understood concerns definitely friendly professional vibe. returned gym weeks, saw lot dumbbells placed wrong shelves there. around warning anyone way raised voice me. reason account suspended didn’t let raise voice me. know act talk people lot bad reviews google reviews. also, care terrible hygiene level gym changing rooms always look dirty smell disgusting like never seen soap toilet, one wash hands this. men's changing room, hair dryers rarely work times can’t dry hair shower used see people smoking cigarettes changing room. recommend gym don’t want get extra drama life. stratford pure gym needs hire new manager asap, someone needs work anger issues talking member.",2024-03-14 09:43:00,1
London Stratford,GB,51.541289,-0.0035472,Google,"months ago come check reviews scared disgusted. now, expecting improvement even worse. congratulations worse reviews ever read, used go puregym another city awesome. even courage go.",2024-03-12 04:18:51,1
London Stratford,GB,51.541289,-0.0035472,Google,"first time gym. went ask simple information, manager tattooed face blonde woman super arrogant even gave wrong information! see care gym customers barely even look face. paid much attention, would men painting wall women's bathroom peak hours gym? change clothes take shower situation? uncomfortable use bathroom men front bathroom doors. reviews see alone opinion, fact!!!",2024-03-06 16:27:26,1
London Stratford,GB,51.541289,-0.0035472,Google,place filthy - week don’t even soap,2024-03-02 16:26:27,1
London Stratford,GB,51.541289,-0.0035472,Trustpilot,"avoid gym want exercise friendly clean space. gym manager named daria uniatowska extremely unprofessional really loves power plays pure gym stratford. incorrectly replaced dumbbells wrong shelves, humiliated raising voice publicly, also proceeded suspend gym membership told cannot raise voice front everyone. weeks hundreds emails, able get membership back meeting cluster manager. understood concerns definitely friendly professional vibe. returned gym weeks, saw lot dumbbells placed wrong shelves there. around warning anyone way raised voice me. reason account suspended didn’t let raise voice me. know act talk people lot bad reviews google reviews. also, care terrible hygiene level gym changing rooms always look dirty smell disgusting like never seen soap toilet, one wash hands this. men's changing room, hair dryers rarely work used see people smoking cigarettes changing room. recommend gym don’t want get extra drama life. stratford pure gym needs hire new manager asap, someone needs work anger issues talking member.",2024-03-02 11:53:00,1
London Stratford,GB,51.541289,-0.0035472,Google,gym wifi & limited staff presence. showers & mem’s changing area joke. (unfortunately) hard avoid. need tear terrible retrofit attempt & start again.,2024-03-02 04:20:02,1
London Stratford,GB,51.541289,-0.0035472,Google,"avoid gym want exercise friendly clean space. gym manager named daria uniatowska extremely unprofessional really loves power plays pure gym stratford. incorrectly replaced dumbbells wrong shelves, humiliated raising voice publicly, also proceeded suspend gym membership told cannot raise voice front everyone. weeks hundreds emails, able get membership back meeting cluster manager. understood concerns definitely friendly professional vibe. returned gym weeks, saw lot dumbbells placed wrong shelves there. around warning anyone way raised voice me. reason account suspended didn’t let raise voice me. know act talk people lot bad reviews google reviews. also, care terrible hygiene level gym changing rooms always look dirty smell disgusting like never seen soap toilet, one wash hands this. men's changing room, hair dryers rarely work used see people smoking cigarettes changing room. recommend gym don’t want get extra drama life. stratford pure gym needs hire new manager asap, someone needs work anger issues talking member.",2024-03-01 04:16:55,1
London Stratford,GB,51.541289,-0.0035472,Trustpilot,strangest gym ever told employee even safe gym. way go,2024-02-29 20:17:00,1
London Stratford,GB,51.541289,-0.0035472,Google,started going last month fine last days oxygen humidity must 90%+. see glass entrance full water. get headache minutes. please fix ventilation system.,2024-02-19 04:19:15,2
London Stratford,GB,51.541289,-0.0035472,Google,unclean disgusting 🤢. sweat everywhere one cleaning equipment. washroom dirty well. recommending.,2024-02-05 04:21:18,1
London Stratford,GB,51.541289,-0.0035472,Google,busy!! equipment free need wait long time equipments,2024-02-03 04:16:30,1
London Stratford,GB,51.541289,-0.0035472,Trustpilot,"waiting join pure gym stratford center, reading negative reviews, really put off. hygiene gym firstly big problem. rude management staff helpful. big waste money time. shame, that's local gym close live. look somewhere else now. bad reviews. unbelievable one anything improvement either.",2024-01-29 16:03:00,2
London Stratford,GB,51.541289,-0.0035472,Google,"staff welcome. it’s worthy. lady black hair supposedly help, it’s extremely rude, don’t know personal trainer. doesn’t look trained work gym place.",2024-01-25 16:20:09,1
London Stratford,GB,51.541289,-0.0035472,Google,poorly run gym🙁 lockers always use people leave items overnight nice atmosphere,2024-01-23 04:18:15,1
London Stratford,GB,51.541289,-0.0035472,Google,"based reviews, joining stratford branch puregym seems like bad idea. reviews mention broken equipment hygiene issues, would annoy. trust customers' feedback accept poor responses management. therefore, consider place option.",2024-01-15 16:13:26,1
London Stratford,GB,51.541289,-0.0035472,Google,"good size gym lot options muscle training. visited various branches puregym male changing room stratford dirty, stinking disgusting place ever seen. definitely requires upper management schedule cleaning often signing paper saying checked.",2024-01-06 16:18:05,1
London Stratford,GB,51.541289,-0.0035472,Trustpilot,"2nd review. absolute worst gym london. previously complained cleaning spray tissue told bring own! recently changed this. went week ago water ! running water! manager, guy tattoos face, rude busy even look phone asked anywhere wash hands (there wasn't). also watched ignoring members busily used phone. years ok service puregym branch finally pushed gymbox. must say glad left. shambles gym (along bow) true disgrace care taking money even care get sick shocking hygienic practices. would give minus possible.",2024-01-04 19:03:00,1
London Stratford,GB,51.541289,-0.0035472,Google,daria useless manager! unprofessional rude dont recommend.,2023-12-06 04:11:21,1
London Stratford,GB,51.541289,-0.0035472,Google,attending gym year never issue i’ve always focused workouts left. today things stolen female changing rooms. went manager daria assist instead empathetic referred silly girl raised voice multiple time ask raise voice want resolve issue extremely disappointed level customer service experienced loyal member would liked offered show cctv footage instead insulted like wasn’t victim would recommend gym manager daria know meaning manager customer service,2023-12-06 04:11:21,1
London Stratford,GB,51.541289,-0.0035472,Google,repair door gonna injure someone! like last days. ignorant management!!!!,2023-12-04 04:09:37,1
London Stratford,GB,51.541289,-0.0035472,Google,"gym crowded, wait long get machine.",2023-12-04 04:09:37,1
London Stratford,GB,51.541289,-0.0035472,Google,"enough locker space (obviously, people carrying around bags hovering changing room, easy fix) enough equipment, there’s space improve. busy times get bit crazy.",2023-11-24 04:09:25,1
London Stratford,GB,51.541289,-0.0035472,Google,toilets partition narrow toilets blocked toilets always block sink also blocked hand soap,2023-11-14 16:01:02,1
London Stratford,GB,51.541289,-0.0035472,Google,manager's behaviour inappropriate.she rude also disrespect others.i stop membership her.,2023-11-11 04:07:47,1
London Stratford,GB,51.541289,-0.0035472,Trustpilot,"worst hygiene gym ever seen. reviews going back several years saying disgusting place yet nothing. puregyms sanitizer, hand towels. place even soap toilets working hand dryer. staff tell bring sanitizer!! disgraceful. usually go oval weekends stuck sh@t hole. always put meaningless, generic response - see below. pathetic",2023-11-03 15:14:00,1
London Stratford,GB,51.541289,-0.0035472,Google,"mentioned reviews, staff extremely rude unapproachable, attitude shows interaction customers appreciated. weights always lying around/left machines staff sitting around desk. hygiene level gym extremely low. toilet reeks urine, tissue dispenser broken importantly rarely ever soap use. locker poorly kept, cockroaches crawling around locker. around worst gym experience had.",2023-11-03 04:04:59,1
London Stratford,GB,51.541289,-0.0035472,Google,"manager, daria uniatowska, extremely rude gym incident leave due maintenance work. unprofessional grumpy communication, behavior echoed others left gym. lack awareness care spoke people, especially managerial role, quite shocking. embarrassment puregym. see comments based rudeness google reviews. surprise! earth put manager?",2023-11-02 15:58:26,1
London Stratford,GB,51.541289,-0.0035472,Google,"staff create good environment all. feel like nuisance bring concern try ask questions. staff circulate remains unseen time. unhygienic - cleaning materials. brought management, cited ""economic environmental"" concerns provide wipes spray pandemic, expect members provide towels home order cover machines. many issues place. terrible experience overall. waste money!",2023-10-28 17:02:07,1
London Stratford,GB,51.541289,-0.0035472,Google,"going gym almost months now. quite satisfied equipments space general. however, gym desperately need sanitising stations like ones. people sweating standing benches mats shoes kind disgusting. please get sanitising stations please people still clean start workout. thank you.",2023-10-28 05:03:22,2
London Stratford,GB,51.541289,-0.0035472,Google,"shocking. unhygienic, worst gym ever used (and membership almost every gym london)!",2023-10-25 05:00:15,1
London Stratford,GB,51.541289,-0.0035472,Google,used like gym machines recently arn’t getting cleaned weeks,2023-10-22 17:05:39,1
London Stratford,GB,51.541289,-0.0035472,Google,"good gym massively let complete lack hygiene cleanliness. puregym likely respond someone covid-19 response changing government guidelines. however, air filtration system isn’t going wipe someone else’s sweat machine me. tissue cleaning spray absolute basic need gym fail here. machines constantly covered sweat grease stains. frustrating could easily solved basic cleaning materials available floor, like every puregym, however reason branch simply refuses. please give us cleaning spray tissue",2023-10-20 16:57:49,1
London Stratford,GB,51.541289,-0.0035472,Google,way many people! every time go full,2023-10-16 05:03:01,1
London Stratford,GB,51.541289,-0.0035472,Trustpilot,"one worst puregym fountain broken, people filling bottles yanga water. last time wait minutes fill bottle. pay extra every month benefit, it’s quite fair wait fill bottles time, times row !!! there’s alcohol clean machines machines broken long time",2023-10-15 19:04:00,1
London Stratford,GB,51.541289,-0.0035472,Trustpilot,yes it’s cheap state place disgusting time,2023-10-15 18:28:00,1
London Stratford,GB,51.541289,-0.0035472,Trustpilot,getting crowded unhygienic. waiting time use equipment ~ minutes. sweaty benches clogged washrooms.,2023-10-13 19:40:00,2
London Stratford,GB,51.541289,-0.0035472,Google,gym staff duria needs sacking. many complaints her. put many members left. job? regardless like sweaty smell dirtiness yes good gym.,2023-09-22 04:55:32,1
London Stratford,GB,51.541289,-0.0035472,Google,"unfortunately give star, impossible train, hours day super crowded, dumbbells equipment, wait least minutes get dumbbells. already sent email complaint, nothing resolved. even space lockers, absolutely suggest stopping subscriptions, seems like market gym. interest think money. water tap always broken, cleanliness absolutely zero stars, always super messy dirty. write ask staff talk already done use. recommend everyone",2023-09-05 04:53:50,1
London Stratford,GB,51.541289,-0.0035472,Trustpilot,"gym incredibly busy, even evening 8-10pm. surprised barely staff present many people squatting power cage despite safety guards available - especially death justyn vicky (bodybuilder died failing squat barbell breaking neck). barely point signing gym unless fan queueing equipment. top weights never put back right rack even available. worst gym far, shame tonne space utilized - ridiculous freeweights area packed full people tip toeing one another - causing even safety issues.",2023-08-29 10:29:00,1
London Stratford,GB,51.541289,-0.0035472,Trustpilot,"took membership week pure gym stratford say disgusted understatement. past week use gym around 4:30am till 6:30am believe state month old gym. firstly entering see protien powder floor near entrance first day assumed must recent exact patch thursday days later looked like cleaned. multiple machines order signs fine whilst gym empty multiple machines service days seems extremely uncaring. typical gyms public space tend cleanest mornings cleaning usually takes place end shifts businesses shockingly seen opened cans redbud, spilled protein powder, electrolyte drink bottle various food wrapper drink items left around gym day day. like assume staff best see rubbish days repeatedly astounding. weights never easy find wether im looking specific dumbbell plate inconvenient blame users gym staff case see weights left place days seems strange considering gym busy. biggest issue gym far mens changing rooms. explain full extent filth. horrible smell actual putrid, toilet cubicles immense amounts dirty toilet paper floor around them, stains floor benches looks like hair snot showers. understand daily cleaning business kind. sanitary stations like gyms. shame pure gym stratford seems affordable considering rapid growth local area gym either needs increase price starve less respecting customers allow rest value gym well providing cleaning equipment members clean themselves. needs sort cleaning schedule comprehend state. honestly would rather refund month joining fee genuinely shocking. much expect bs corporate response action needs taken immediately.",2023-08-18 22:11:00,1
London Stratford,GB,51.541289,-0.0035472,Google,fails workout place. provision tissue clean equipment. staff concerned users pay wages. see ego b.o.,2023-08-16 16:49:31,1
London Stratford,GB,51.541289,-0.0035472,Google,"member puregym least years, happy see one open near stratford. however….. common theme runs reviews seems, rude staff. big tattoo dude sweet, issues anyone else solely gym boss lady. efficient clearly loves ‘manager’ overhearing conversations, incredibly rude. i’ve two interactions asking general gym related questions met unnecessary hostility. i’m sure honest it’s shame. gym great. would love decline benches always moved back bench section it’s clearly overcrowded live kettle bells, everyone drags back time. anyway…. hope don’t get generic ‘leave something suggestion box’ reply. 2/5 stars.",2023-08-07 16:47:19,2
London Stratford,GB,51.541289,-0.0035472,Google,"avoid coming gym like plague occasionally come choice. cannot handle manager lady, rolls eyes every question refuses ever help out- she’s unpleasant, simple that. creates really uncomfortable environment. staff members nice though. four times row (on different days) flavourings vitamin water out…. really feels like i’m scammed point- paying ordinary water. know response “speak member staff” continually nothing ever gets done. it’s honestly time someone higher get involved it’s embarrassing.",2023-08-07 16:47:19,1
London Stratford,GB,51.541289,-0.0035472,Google,stratford pure gym one worst visited. staff even respond emergency alarms. there's 'out order' equipment like month. water machine latest 'out order' victim. gym can't even provide water approaching rock bottom.,2023-08-05 04:47:30,1
London Stratford,GB,51.541289,-0.0035472,Google,"overall gym spacious decent equipment, also great see recent addition hack squat machine reason two stars men's toilet rotten! exaggeration. puregym probably arranges someone cleaning week reduce margins also, way gym handles noticing users temporary closed ridiculous. twice go home gym unexpectedly closed. see notified us via instagram story",2023-08-05 04:47:30,2
London Stratford,GB,51.541289,-0.0035472,Google,stuff gym time ! entry doors always making problems need someone help . online help centre it’s absolutely useless manager “the lady red hair” it’s acting bossy like people trying break house. need understand help assist people . i’m cancelling membership today.,2023-08-05 04:47:30,1
London Stratford,GB,51.541289,-0.0035472,Google,disgusting gym ever !!! cleaning products tissues clean sweat benches machines !!! spots back head week place!!!,2023-08-05 04:47:30,1
London Stratford,GB,51.541289,-0.0035472,Google,first time coming come :/ looks soo un organised th classes terrible lady personal trainers really qualified compare gyms far terrible u men peaking ladies session privacy ladies wear hijabs ? studio soo small even standard room overcrowded really vibe ilford puregym way !!!,2023-08-05 04:47:30,1
London Stratford,GB,51.541289,-0.0035472,Google,"gym bad? stratford expected better, wasted day...",2023-08-05 04:47:30,1
London Stratford,GB,51.541289,-0.0035472,Google,gym opened loved honestly enjoyed going one canningtown . stopped going due staff members rude helpful! went back closer staff memebrs helpful rude. takes one sec nice customers . whoever managing gym please think customers. people come gym diffrent reasons relief stress etc come gym get rude response staff member nice!,2023-08-05 04:47:30,1
London Stratford,GB,51.541289,-0.0035472,Google,bewilders gym paper towels surface sanitizer sprays. nothing wipe equipment staff say gym longer provides cleaning products… expect sweat drenched unhygienic equipment.,2023-08-05 04:47:30,2
London Stratford,GB,51.541289,-0.0035472,Google,gym remains crowded always,2023-08-05 04:47:30,1
London Stratford,GB,51.541289,-0.0035472,Google,water fountain broken weeks now. staff care fix it. cross trainer machines. broken one month now.,2023-08-05 04:47:30,1
London Stratford,GB,51.541289,-0.0035472,Google,"normally write reviews. usually keep gym workouts go. gym equipment great. atmosphere certain staff great. customer service non existent staff, highlighted lack interest made query. please, dont cost smile shows slight bit interest customer approaches you. one experience made feel whats pount asking anything. would never ask staff anything moving forward unless cancelling membership. vibes gym music, staff dont actually feel welcoming.",2023-08-05 04:47:30,2
London Stratford,GB,51.541289,-0.0035472,Google,"get gym minutes, staff members present (this 6pm). finally got inside lock bought vending machine work, carry bag around gym. staff super unhelpful. horrible experience, stay clear.",2023-08-05 04:47:30,1
London Stratford,GB,51.541289,-0.0035472,Google,"strange interaction one members staff today. bench covered sweat. requested cleaning products wipe down. told equipment cleaning regularly provided. insisted since i’d rather use bench disinfected wiped down. lady eventually wiped bench without back forth, clearly unnecessary. luckily use multi gym pick. wont returning hurry. like spacious nature amount equipment would keep away. least equipment clean.",2023-08-05 04:47:29,2
London Stratford,GB,51.541289,-0.0035472,Google,manager rude customers disrespectful. horrible day.,2023-08-05 04:47:29,1
London Stratford,GB,51.541289,-0.0035472,Google,"sign gym closed already information.the lady manager rude totally unprofessional, need customers service training.had even go time gym.evoid evoid evoid!!!",2023-08-05 04:47:29,1
London Stratford,GB,51.541289,-0.0035472,Google,"started membership yesterday, cancelled today. absolutely appalled got 5am go gym morning find notes doors saying there's technical fault gym would shut notice. email (checked junk too), messages one call ask gym opening. cannot expect customers take stroll gym try luck. really unfair. puregym home town clean, professional reliable. really unacceptable. rather focusing many stars getting, please focus low ratings take board feedback. read lot reviews made decision join willing give gym benefit doubt. stratford tariff quite expensive compared others, would hope standards high.",2023-08-05 04:47:29,1
London Stratford,GB,51.541289,-0.0035472,Google,"24/7 gym closed without notice even sign door. says ""gym staffed"". 25min walk place nothing. hire professional people. dont play people's time.",2023-08-05 04:47:29,1
London Stratford,GB,51.541289,-0.0035472,Google,disgusting gym! sweet everywhere try workout. tried speak staff get tissues rude lady red hair advised buy wet wipes clean machines. unacceptable,2023-08-05 04:47:29,1
London Stratford,GB,51.541289,-0.0035472,Google,"big guy working gym tattoos face body rude high ego. seemed like nice person asking question politely turned head slowly looked upisde looked away replied ""no"" rude tone look disgusting something. doesnt like job, find somewhere else. want make complaint felt im unwelcomed place due rude attitude. seemed nice person said talking him, need explanation rude attitude tone super ego? wrong me? im welcomed? instead saying smile """"yes, help you?"" get look upside instead saying ""no, im afraid maybe possible, sorry smile"" doesnt look face says ""no"" absolute disgust!",2023-08-05 04:47:29,1
London Stratford,GB,51.541289,-0.0035472,Google,"shut start again! staff mainly invisible see rude clearly customer service skills. machines order lot!!! sanitiser wipes machines use. often buckets placed leaks around gym, entrance pods work when. it’s absolute disaster. said start review temporarily close either retrain staff customer service get rid hire people know aspects job. walking around gym (when actually appear) posing looking good! i’m looking instagram models go gym i’m looking professionals good customer service. sort like people know cancelling membership joining another gym group.",2023-08-05 04:47:29,1
London Stratford,GB,51.541289,-0.0035472,Trustpilot,"extremely non-hygienic bathrooms & changing rooms, clogged drains showers & sinks horrible smell imagine lingers weeks stains & rubbish everywhere floor. 'out service' signs sit various broken equipment months. definitely bring cleaning liquid tissue gym provide, someone else pointed out, see people sweat sticking benches. need increase frequency ""deep"" cleaning, otherwise amount cleaning moment borderline negligent.",2023-07-20 09:28:00,1
London Stratford,GB,51.541289,-0.0035472,Trustpilot,gym open today not??,2023-07-19 21:55:00,2
London Stratford,GB,51.541289,-0.0035472,Trustpilot,"gym closed 16th july. thisnis second time month. understand, gym new, months open. paying monthly membership access 24/7. almost every motht gym accessible. hygiene bad, toilets 🚻 dirty. machines, dusty, sweaty, u can't even clean yourself, u wipes anything clean. attitude managers staff awful. respect costumers service skills all. rude disrespectful. try aproche issue gym, asking something, answer got ""that's f**** problem, want do?!' rude. disappointed service received puregym stratford center.",2023-07-18 19:30:00,1
London Stratford,GB,51.541289,-0.0035472,Trustpilot,"option starts. start first?! sign saturday puregym stratford , sunday got gym gym closed notice, nobody informed us regarding matter, customer phone number facebook messenger email address, course can’t complain anyone. secondly red hair manager lady , oh man… need school love! doesn’t even know talk customers basic questions gym, top rude unprofessional, polite nothing , even ?she can’t run gym customers leave, manager need skills customer service vital . trainings please .this gym opened january already closed disappointing honestly, first think checked gym , wasn’t feel welcomed, hot inside air con problems, smelly , dirty broken equipment, regret signed ,will try different brunch happy cancel it. evoid !",2023-07-18 18:00:00,1
London Stratford,GB,51.541289,-0.0035472,Trustpilot,gym open,2023-07-18 17:31:00,1
London Stratford,GB,51.541289,-0.0035472,Trustpilot,zero customer service. one reply immediately reply helpful all. 'out service' signs equipments broken weeks weeks. poor hygiene changing room clogged drain shower. crowding peak hours much waitng time use equipment. app slow buggy. bring cleaning liquid tissue gym provide see people sweat sticking benches. gym says cleaning wipes covid. covid people stops sweating totally fine use gross sweaty benches others.,2023-06-10 12:00:00,1
London Stratford,GB,51.541289,-0.0035472,Trustpilot,equipments broken it’s don’t fix,2023-06-09 12:09:00,2
London Stratford,GB,51.541289,-0.0035472,Trustpilot,"live local waiting long time commercial gym open stratford. gym nice many factors disappointing. signal/no wifi, can't even use data parts store. cleanliness.. biggest issue, toilets, changing room smell urine, one sink always dirty flooded water. always machines order, cubicle getting inside gym always bugs reason..",2023-06-05 11:53:00,2
London Stratford,GB,51.541289,-0.0035472,Trustpilot,"joining puregym stratford opened, january, partner lasted less four months establishment. unhygienic gym visited; wipe stations, paper towels, embarrassing standards means equipment greasy wet wiping hands towel literally leave marks using equipment. male changing rooms constantly smell like urine, gents enter odour wafts main floor. every time. management incompetent. partner eventually left physically threatened infront member staff, less enthused dealing situation. constant pressure ‘safe space’ team, turned around story started blaming us. apparently, gyms full testosterone hormones, it’s perfectly natural people threaten wait outside premises harm you. tattooed manager, please get new line work. separate related note: initially amused inclusion ‘sharps bin’ gents toilets. reflection, i’m sure bennie crack and/or meat heads really appreciate. cannot stress enough: avoid gym. absolute embarrassment establishment.",2023-05-30 22:36:00,1
London Swiss Cottage,GB,51.543722,-0.174982,Trustpilot,fullest gym ever visited… went around 8:30 pm basically free equipment. two flat benches bench pressing crazy huge gym. also moving around equipment pain everything stuffed together. money making machine sell way contracts capacity,2024-04-30 22:08:00,1
London Swiss Cottage,GB,51.543722,-0.174982,Trustpilot,pin code sent work. phone number call someone assist assistant button work.,2024-04-25 10:47:00,1
London Swiss Cottage,GB,51.543722,-0.174982,Trustpilot,"paid day pass evening 13/04/2024, went next day, find get in. nobody around help me, bought another day pass. guess made mistake second purchase, never got pin get gym, total waste time. paid twice, gym time, far support whatsoever puregym. looking refund.",2024-04-14 22:36:00,1
London Swiss Cottage,GB,51.543722,-0.174982,Trustpilot,toilets absolutely disgusting!!! gym ok. definitely best equipment seems tired old.,2024-03-17 00:53:00,2
London Swiss Cottage,GB,51.543722,-0.174982,Trustpilot,code would work.,2024-03-03 18:58:00,1
London Swiss Cottage,GB,51.543722,-0.174982,Trustpilot,normal pure gym. exercise couldn’t focus music cycling class 7:00 horrible! honestly one needs type music time. cycle classes pure gym know music loud accept acceptable style music. feels like bad rave am. please change style music,2024-02-28 13:45:00,2
London Swiss Cottage,GB,51.543722,-0.174982,Google,2.5kg 1.25 kg plates.,2024-02-25 14:48:56,2
London Swiss Cottage,GB,51.543722,-0.174982,Google,two stars one personal trainers denied access accessible toilet disabled. obligation specifically stated uk gym (i find) non-disabled people cannot use accessible toilet.,2024-02-20 02:51:17,2
London Swiss Cottage,GB,51.543722,-0.174982,Google,way way busy,2024-02-20 02:51:17,1
London Swiss Cottage,GB,51.543722,-0.174982,Google,"crowded, machines distributed good way around gym. example: want train legs need visit different floors. one loaded chest machine.",2024-02-11 02:45:55,2
London Swiss Cottage,GB,51.543722,-0.174982,Trustpilot,one chest loaded machine. poor machines distribution inside gym,2024-02-08 11:50:00,2
London Swiss Cottage,GB,51.543722,-0.174982,Google,rather called ….the kids gym!! much potential ruined hordes hordes kids teenagers occupying machines without even using them. one pays membership right behind enter without paying!! simply staff never around check. kids smoking vaping facilities company better way controlling memberships since frustration among people palpable. really considering cancel memberships appears things deteriorating instead improving. better get grip job guys!!!,2024-01-20 02:47:36,1
London Swiss Cottage,GB,51.543722,-0.174982,Trustpilot,help app staff.had change home gym. unhappy,2024-01-20 01:04:00,1
London Swiss Cottage,GB,51.543722,-0.174982,Google,"staff bit rude, apart female manager nice. lovely big space it’s missing quite lot important equipment.",2024-01-18 02:42:56,2
London Swiss Cottage,GB,51.543722,-0.174982,Google,ridiculously busy peak times making nigh impossible get equipment complete full workout planning use one machine location expect people plus god damn tripods gym busy hours,2024-01-17 14:46:52,1
London Swiss Cottage,GB,51.543722,-0.174982,Google,"main issues: 1. extremely dirty 2. toilets constantly order 3. staff never 4. fire alarm went & staff - evacuate 5. machines always broken weeks time one fixes every single day go womens toilets use - also lock toilet make look like aren’t use? used toilet main area it’s piled rubbish pee seat - one cleans place all. staff sit around seems cleaners??? everything dirty. machines constantly broken fixed, body mass scale paper replaced weeks one use it. recently i’m going staff sign 4pm sunday staff there, day new years ever 5pm sign - fire alarm & staff evacuated ourselves. sign one staff there. genuinely going leave getting unsafe.",2024-01-09 02:43:50,1
London Swiss Cottage,GB,51.543722,-0.174982,Google,"gym looks great. plenty space equipment. smell festering sweat almost burnt nostrils, extremely overwhelming overpowering. even complete workout left less hour. considering cancelling membership.",2024-01-03 14:44:08,2
London Swiss Cottage,GB,51.543722,-0.174982,Google,"place disgusting, crowded smelly! machines stay broken months! toilets always mess smell strong! gym floors smell like poo well. cleaners use floor sweep “clean” counter tops well. place unbelievably dirty. keep taking away plates there’re enough people use even outside peak times. experience extremely frustrating infuriating.",2024-01-02 02:42:47,1
London Swiss Cottage,GB,51.543722,-0.174982,Trustpilot,signing told freeze year month cost. came months activity process complicated could freeze subscription support got rude helpful all.,2023-12-21 22:17:00,1
London Swiss Cottage,GB,51.543722,-0.174982,Google,"poor maintenance especially since price almost £50! stinks b/o second enter (before coded doors front). smell migrates throughout gym even want know odors coming changing rooms/toilets, repugnant understatement!! gym floor like walking school playground full groups adolescents, thing missing joke place spray paint stand cocktail bar delinquents think ibiza. seriously get sorted daylight robbery least. going filthy/smelly alleyway equivalent puregym branch, difference free!! bother joining, staff ever sight one two sit chatting instead fixing broken machines service since summer.",2023-12-15 02:38:34,1
London Swiss Cottage,GB,51.543722,-0.174982,Google,toilet paper toilet obviously checked signed disabled toilets shower room always seem locked eligible use,2023-12-15 02:38:34,1
London Swiss Cottage,GB,51.543722,-0.174982,Google,"women's toilets pure gym swiss cottage always disgusting! always dirty, smelly, and/or service. honestly, quality experience nightmare that.",2023-12-08 02:45:44,1
London Swiss Cottage,GB,51.543722,-0.174982,Google,"stairmasters “out order” months! working stairmasters always wait line use doesn’t seem steps taken fix two stair masters last months. cleaning supplies also scarce gym could definitely benefit additional cleanings, hygienic. please fix two stairmasters, we’ve waiting months!!",2023-11-14 02:34:09,2
London Swiss Cottage,GB,51.543722,-0.174982,Trustpilot,"staff gym great. equipment also good , cleaning standards maintenance poor. shower looks sorry full hair mosquitos , blocked toilets missing toilet paper constant hope look us continue happy gym",2023-10-16 09:51:00,2
London Swiss Cottage,GB,51.543722,-0.174982,Trustpilot,"overcrowded messy. weights, dumbbells, clamps place. two flat benches bench presses, almost always occupied, safety bars them. raise price need increase staff clean place, put weights order, warn people taking spaces long add two flat bench press benches.",2023-10-15 21:06:00,2
London Swiss Cottage,GB,51.543722,-0.174982,Trustpilot,"raised times different puregym staff finchley rd gym bikes speed level suddenly accelerating recovering broken ankle, quite hard. happens minutes cycling nothig done it. also disabled toilet open use others, vacant toilet, one needs go downstairs often order?",2023-10-15 20:10:00,2
London Swiss Cottage,GB,51.543722,-0.174982,Trustpilot,place small disabled toilets showers rarely cleaned. always packed there's room stretch.,2023-10-15 01:26:00,1
London Swiss Cottage,GB,51.543722,-0.174982,Trustpilot,"female changing room finchley road branch consistently unpleasant odor, toilets regularly order…",2023-10-14 20:32:00,2
London Swiss Cottage,GB,51.543722,-0.174982,Google,"disabled toilets always either locked feces floor. place seems rarely get cleaned. pretty small, always packed barely get weights. hate pt's come middle set. want pt!",2023-09-08 03:20:01,2
London Swiss Cottage,GB,51.543722,-0.174982,Google,"dirty place ever been, don’t understand shower cleaners weekend all?? don’t follow health safety regulations reported gyms run london days! public places like gyms must cleaner board premises must cleaned times day! especially place runs 24/7, days week. disscussed smell dirt womens changing room especially! manager would recommend read gym health clubs dirty enviroment rights, health safety regulations first. gym run circumstances?!",2023-08-05 03:16:42,1
London Swiss Cottage,GB,51.543722,-0.174982,Google,"positive big spacious; unfortunately space could done much evidently. month now; lot basic attachments cables added. mentioned hygiene day one ignored one spray tissue cycle room. see attempt put bins sprays near weight section clearly sighted refilled. toilets showers left state; suggested cleaning periodically. shame new gym 1st impressions count. add latch showers? anyone could open there? changing rooms look like keypad access used? saying 'you get paid for' goes year, really worth it? time tell. poor response fact can't pass feedback. maybe social media team needs look send managers branch question. also read review? clearly cut paste job reply. taken star away one star. really disappointed",2023-08-05 03:16:42,1
London Swiss Cottage,GB,51.543722,-0.174982,Google,"newly built gym management ashamed poorly gym run maintained. ladies' locker room stinks toilets always dirty. never toilet paper always ask rudest staff seen pure gym. one day overfload day locked. yesterday room locked altogether notice. travelled get find locker room inaccessible use tiny lockers groundfloor. gym massively overcrowded teenages hoarding multiple machines lockers taken, people forced leave. feel refunded membership. shame!",2023-08-05 03:16:42,1
London Swiss Cottage,GB,51.543722,-0.174982,Google,"edited 2024: please, adductor machine broken two months, hip thrust machine well. stop moving equipment around fix instead. 2023: used great opened, keeps getting worse, opinion. keep changing time workout looking quiet time, gym always busy (even lunch time) yet looking members. looks like one looking equipment. people leave weights handles everywhere sometimes hard find right piece equipment workout. agree comments read: groups teenagers specially annoying.",2023-08-05 03:16:42,2
London Swiss Cottage,GB,51.543722,-0.174982,Google,horrible gym,2023-08-05 03:16:42,1
London Swiss Cottage,GB,51.543722,-0.174982,Google,"overcrowded messy. weights, dumbbells, clamps place. two flat benches bench presses, almost always occupied, safety bars them. raise price need increase staff clean place, put weights order, warn people taking spaces long add two flat bench press benches.",2023-08-05 03:16:42,2
London Swiss Cottage,GB,51.543722,-0.174982,Google,many people gym time,2023-08-05 03:16:42,1
London Swiss Cottage,GB,51.543722,-0.174982,Google,tell homeless man sleeping entry inside gym please i’m trying find phone number website help around 2:30 morning wednesday 12th july,2023-08-05 03:16:42,1
London Swiss Cottage,GB,51.543722,-0.174982,Google,"last month puregym suspended account reason, called number told email them, done replied next day telling email gym manager, sent email last month still replied took pounds account recently without even allowed gym honesty horrible sitting waiting get email back minimum staff truly little consideration clients, recommend joining.",2023-08-05 03:16:42,1
London Swiss Cottage,GB,51.543722,-0.174982,Trustpilot,told manager can’t bench press squat racks damages floor. place good set weightlifting powerlifting - management allowed use it..,2023-07-18 22:44:00,1
Maidenhead,GB,51.522743,-0.7197368,Google,unbelievably crowded ridiculous staff attitude needing help always waiting someone answer speak gym team button waited 20mins never evan came outrageous recommend maidenhead puregym,2024-04-24 00:09:11,1
Maidenhead,GB,51.522743,-0.7197368,Trustpilot,"stayed away home weeks visited local gyms get training in. peak times.. sadly wish hadn’t bothered visiting maidenhead branch. couldn’t get equipment, people interested sharing found surprise. friendly.. poor hygiene. finally get equipment it’s covered sweat person previous didn’t clean up. people smelt like hadn’t good wash 🤣 won’t returning stay area again.",2024-04-13 21:24:00,1
Maidenhead,GB,51.522743,-0.7197368,Trustpilot,filthy. it’s dirty smelly.,2024-04-06 11:27:00,1
Maidenhead,GB,51.522743,-0.7197368,Trustpilot,shocking. one talk to. minutes outside door one answering bell. absolutel terrible,2024-04-02 15:36:00,1
Maidenhead,GB,51.522743,-0.7197368,Trustpilot,machine ratios way off. row machine lat pull downs meant queues people machines. struggled complete simple pull sessions,2024-03-30 08:15:00,1
Maidenhead,GB,51.522743,-0.7197368,Trustpilot,"certainly one worst experiences life. attempting use day pass gym, maidenhead, initially denied access. add insult injury, pure gym flatly refused allow re-schedule session, obtain refund. attempts contact faceless wonders head office met deafening silence. seem bunch money-grabbing, thoughtless mercenaries. would legally defined theft, wonder?",2024-03-23 16:54:00,1
Maidenhead,GB,51.522743,-0.7197368,Trustpilot,"£10 poor numer machines, ignoring bell staff, big empty gym, sucha waste space ...",2024-03-23 10:27:00,2
Maidenhead,GB,51.522743,-0.7197368,Google,leaking pipes everywhere one fixing months,2024-03-10 23:02:44,1
Maidenhead,GB,51.522743,-0.7197368,Trustpilot,joined gym classes fully booked oversubscribed disheartening. otherwise it’s nice gym £30 month. packed peak hours.,2024-03-09 16:18:00,2
Maidenhead,GB,51.522743,-0.7197368,Trustpilot,"atmosphere, people left weights everywhere, people staring constantly....",2024-03-09 00:45:00,1
Maidenhead,GB,51.522743,-0.7197368,Google,lots equipment good size oversubscribed busy even 5am. plus handwash toilets four days hand sanitiser (puke emoji) afford another gym suggest stay away puregym.,2024-02-20 11:05:37,2
Maidenhead,GB,51.522743,-0.7197368,Trustpilot,paid lot money go kick cause looked young i’m legal age go kicked looked young asked id i’m provide don’t passport cause i’ve never country birth certificate got lost moved house i’m disappointed spent money get kicked nothing,2024-01-30 20:21:00,1
Maidenhead,GB,51.522743,-0.7197368,Trustpilot,"far many people apparently workout, occupy equipment look phones, use equipment clothes hunger bottle holder, lockers personal lockers, occupied get there, loads people come go see nobody touching them, get one open empty put padlock forever people carry belongs around lots bags bothering around, best part is, apparently couches paid sit nothing looking phones 🤷🏻 frustrating",2023-12-26 09:57:00,1
Maidenhead,GB,51.522743,-0.7197368,Trustpilot,alright gym. sometimes free membership discounts month complete lie still pay. means want steal money. manager great. smelly toilets. always packed space all. guys offered free membership plus membership. currently looking email?,2023-12-25 17:03:00,2
Maidenhead,GB,51.522743,-0.7197368,Google,"desperately needs seated calf machine boxing bag(s). nothing help people train terms self defence, disappointing.",2023-11-01 22:48:59,2
Maidenhead,GB,51.522743,-0.7197368,Trustpilot,"facilities gym ok, seem consideration customer. choose deep cleaning locker rooms 8:30 time people rushing get dressed get out, consideration girl cleaning male locker rooms time might ideal; last week decided move equipment stairs- 8:45?! people queueing stairs get gym- gym surely better time this. morning 8:45 one pod order, second pod 'slow' manager woman usual sat bottom, shaking head, assistance offered. could got let people disabled door would require getting up. management fault here, spend day sitting nothing expect?",2023-10-23 11:59:00,1
Maidenhead,GB,51.522743,-0.7197368,Google,horrendously overcrowded. come 8.30 thinking it’s past peak time it’s basically full. even lunch time afternoons busy. even 4pm onwards busy . please stop adding members. massively oversubscribed. also - toilets often dirty looked after.,2023-10-17 23:48:41,1
Maidenhead,GB,51.522743,-0.7197368,Trustpilot,crowded means waiting use equipment lot time wasted. showers always dirty cold water option.,2023-10-16 10:29:00,2
Maidenhead,GB,51.522743,-0.7197368,Trustpilot,without inform suspend booking classes,2023-10-15 16:07:00,2
Maidenhead,GB,51.522743,-0.7197368,Google,"time gone, far far busy. never able get onto machines free weight benches. one set free weight shared 100+ people there. seems fine cardio waste time strength training. also really dirty weights scattered place. staff take notice. far worst gym experience time. favour go somewhere cares gym culture.",2023-09-19 23:36:57,1
Maidenhead,GB,51.522743,-0.7197368,Google,around 20£ month,2023-08-26 23:39:08,2
Maidenhead,GB,51.522743,-0.7197368,Google,"🚫avoid🚫 morning almost people already gym, far many people apparently workout, occupy equipment look phones, use equipment clothes hunger bottle holder, lockers ""private lockers"", occupied get there, loads people come go see nobody touching them, get one open empty put padlock forever people carry belongs around lots bags bothering way, best part is, apparently couches paid sit nothing looking phones 🤷🏻 frustrating",2023-08-04 23:34:49,1
Maidenhead,GB,51.522743,-0.7197368,Google,"it’s unbelievable wait staffs fix broken door. could please tell fire door stand for? pay good services, door broken don’t open fire door people able leave. don’t see problem that. big queue outside inside reasons. please improve",2023-08-04 23:34:49,1
Maidenhead,GB,51.522743,-0.7197368,Google,"good gym parking space, absolutely cleaning facilities site wipe machines/benches, huge let eyes. hygiene important comes training, puts",2023-08-04 23:34:49,2
Maidenhead,GB,51.522743,-0.7197368,Trustpilot,"one door working. people trying leave people trying get gym. friend paying member tailgate me. eyes back head. stupid manager bans friend. call, text email. even courtesy contact ""you banned"". nothing terms conditions. ban broken rules ban us me. rubbish customer care services",2023-07-21 11:49:00,1
Maidenhead,GB,51.522743,-0.7197368,Trustpilot,"facilities good zero none air con air circulation, you’re treadmill you’re roasting time you’re even halfway workout…",2023-05-29 21:06:00,2
Manchester Exchange Quay,GB,53.4663229,-2.2822821,Google,dear influencers- stop using kit store/ set filming equipment ? dont cheap - buy camera tripod something. realize people need use gym equipment too? it’s filming training sessions,2024-04-29 12:45:47,1
Manchester Exchange Quay,GB,53.4663229,-2.2822821,Google,"gym weeks got issue busy, gym, going be! however booked onto classes trainer time class, however still ends time, classes first thing morning low numbers noone seems turn arent notified going cancelled, good, needs looking at!",2024-04-16 12:39:23,2
Manchester Exchange Quay,GB,53.4663229,-2.2822821,Google,"well, rejoined gym month hiatus. major surgery decided gradual return im still healing abdominal surgery . today, pin work despite buying core (any gym) membership. buzz staff. get friendly welcome even showed receipt. saw selected urban quay (mistake) instead exchange quay. staff member said exchange quay urban exchange. replied, didn’t matter bc paid “any gym” membership. put pin showed didn’t work. asked app. explained still downloading . stated, “i’ll let today i’d find left issue pin. want say thanks treating like criminal. would nice received friendly welcome especially since error pin work. also paid membership. urban exchange expensive exchange quays membership. i’ve decided today gym temporary membership only. soon i’m fully recovered surgery, i’ll find another gym go to..",2024-03-30 23:39:54,1
Manchester Exchange Quay,GB,53.4663229,-2.2822821,Trustpilot,"well, rejoined gym month hiatus. major surgery decided gradual return im still healing abdominal surgery . today, pin work despite buying core (any gym) membership. buzz staff. get friendly welcome even showed receipt. saw selected urban quay (mistake) instead exchange quay. staff member said exchange quay urban exchange. replied, didn’t matter bc paid “any gym” membership. put pin showed didn’t work. asked app. explained still downloading . stated, “i’ll let today i’d find left issue pin. want say thanks treating like criminal. would nice received friendly welcome especially since error pin work. also paid membership. urban exchange expensive exchange quays membership. i’ve decided today gym temporary membership only. soon i’m fully recovered surgery, i’ll find another gym go to..",2024-03-30 20:52:00,1
Manchester Exchange Quay,GB,53.4663229,-2.2822821,Google,"disappointing experience puregym, primarily due substandard quality matrix gym equipment.limited selection selectorized machines, seemingly arranged spatial aesthetics functional fitness. limited variety compounded poor maintenance equipment, noticeably lacking care attention.the gym's redeeming features free weights, including barbells dumbbells, cardio machines, which, basic, reliably usable pieces equipment available. looking use cable stacks, experience frustrating best. availability aside, challenge finding essential attachments d-handles needlessly difficult. moreover, embark bilateral exercise, prepared inconsistent resistance profile; selecting weight sides guarantee resistance, undermining effectiveness workout.this inconsistency extends gym's plate-loaded machines, two. even equal weights loaded, one side inevitably feels heavier other, presenting baffling disappointing scenario users expecting balanced workout.members left little choice rely basic elements gym—the free weights cardio machines—for workouts, highlighting significant area improvement puregym must address.",2024-03-19 11:30:26,1
Manchester Exchange Quay,GB,53.4663229,-2.2822821,Google,every time come emergency cord disabled bathroom tied support bar! disabled person anyone ever need support help clearly can't trust safe,2024-03-10 23:33:00,1
Manchester Exchange Quay,GB,53.4663229,-2.2822821,Google,absolutely stinks!!! people saturday afternoon smoking there!,2024-01-13 23:22:57,1
Manchester Exchange Quay,GB,53.4663229,-2.2822821,Trustpilot,"overall poor, enough equipment, powerlifters taking space ages peak hours, could use care clients, adding working equipment. price it’s worthwhile, reason i’m using live next door, anything else nearby go there.",2023-12-25 13:07:00,1
Manchester Exchange Quay,GB,53.4663229,-2.2822821,Google,"absolute hole. changing room reeks excrement, weights everywhere, enough handles cable machines, cold showers (it’s october degrees outside!). coming gym makes cancel gym membership, i’d rather pay go somewhere else. imagine local gym started day everyday. shocking",2023-10-26 12:09:06,1
Manchester Exchange Quay,GB,53.4663229,-2.2822821,Trustpilot,mostly bars without grips. mostly machine cable broken. tol machines many dust .,2023-10-15 08:19:00,1
Manchester Exchange Quay,GB,53.4663229,-2.2822821,Trustpilot,music atmosphere,2023-10-14 18:34:00,2
Manchester Exchange Quay,GB,53.4663229,-2.2822821,Google,"agree sentiments expressed previous review regarding bike rack local gym. regular gym-goer advocate sustainable transportation, excited see local gym bike rack. however, recent experience using bike rack left thoroughly frustrated, especially rainy season approaching. one glaring issues complete lack rain protection bike rack. living region unpredictable weather, astonishing gym invested simple shelter covering bike rack. know, rainy days catch us guard, returning soaked bicycle strenuous workout far ideal. furthermore, peak gym hours, bike rack consistently full. overcrowding issue become recurring problem, making incredibly inconvenient cyclists like rely biking means transportation gym. frustrating arrive gym, find available space secure bike safely. order enhance overall experience cyclists, gym seriously consider expanding bike rack capacity. would ensure cyclists reliable place park bikes also encourage people choose sustainable transportation options. conclusion, appreciate gym's efforts accommodate cyclists, significant improvements need made. providing rain protection bike rack addressing issue overcrowding peak hours would go long way making gym cyclist-friendly. improvements made, would advise fellow cyclists explore alternative parking options prepared inconvenience dealing less-than-ideal bike rack situation gym.",2023-09-12 12:04:14,1
Manchester Exchange Quay,GB,53.4663229,-2.2822821,Google,pump class... new instructor (manger) - felt like boot camp change tempo.. however nice try new moves,2023-08-09 23:56:38,2
Manchester Exchange Quay,GB,53.4663229,-2.2822821,Google,"wifi, enough equipment air conditioner prices keep going up. update: need approach manager leave feedback suggestions box, everyone knows air conditioner wifi doesn’t work. also send email months ago recibe received response saying puregym “working it”",2023-07-31 23:58:47,1
Manchester Exchange Quay,GB,53.4663229,-2.2822821,Google,"air con summers row, timeline repair, old copy paste members.. make matters worse, sanitising tissue stations removed...why air con?! people unable clean areas sweat left lack air con. become unbearable leaving end next payment cycle.",2023-06-29 23:56:02,1
Manchester Exchange Quay,GB,53.4663229,-2.2822821,Google,"gym quite big spacious. wasn’t pt, wouldn’t use gym regular gym - air con regularly breaks takes month fix, don’t tend replace weights old equipment etc, doesn’t look like invest much improving gym. recently, they’ve removed sanitising stations probably unhygienic basic necessity gym.. i’m pretty sure covid demonstrated important regularly sanitise keep stations clean. another poor ‘cost saving’ move i’m sure explained away moving back pre-covid. want clean, hygienic safe place workout gym isn’t you. standard puregym copy paste response isn’t needed thank you. doesn’t help anyone doesn’t get anything resolved.",2023-06-29 11:49:55,2
Manchester Exchange Quay,GB,53.4663229,-2.2822821,Google,"management lie every year a/c fixed, it’s never fixed, it’s never booked repair. don’t want pay. there’s plenty budget gyms nearby great a/c, don’t bother here.",2023-06-22 00:02:36,1
Manchester Exchange Quay,GB,53.4663229,-2.2822821,Google,air con makes nearly unbearable train!,2023-06-22 00:02:36,1
Manchester Exchange Quay,GB,53.4663229,-2.2822821,Google,"plenty equipment ac coping summer weather (and cross even degrees outside year yet), even little people gym feels like sauna, full impossible exercise there. avoid summer.",2023-06-16 23:51:48,2
Manchester Exchange Quay,GB,53.4663229,-2.2822821,Google,"need fix improve gym aircon. opening door summer going fix problem. getting sweat workout sweat inside gym. problem... feature. edit: automated response fill confidence. based reviews regarding past years gyms aircon issues, already fixed. better job reviewing complaints please.",2023-06-16 23:51:48,1
Manchester Exchange Quay,GB,53.4663229,-2.2822821,Trustpilot,"start…. member gym number years seen huge decline gym run managed. gym facilities, air conditioning, equipment parking hit it’s time lowest point appears gym run ground. good thing gym space train many problems fixed dealt years issues overlooked anymore. speaking management issues it’s never ending excuses issues fixed dealt properly. it’s going get worse completely unacceptable amount money making memberships month. despite issues members complaints actually audacity increase gym membership months ago help “towards gym maintenance”, improvements made time it’s got significantly worse. small snapshot issues .. •the air conditioning gym stopped working soon hot weather arrives, third year row happened. mangers come gone time make excuses say working air conditioning unit uses smart system smart! unbearable train heat, pleasant breathing everyone’s germs body odours, sweating like sauna generally nice environment in. felt like going pass day, least last year left doors open hired large portable aircon units. i’ve start training gyms shouldn’t i’m paying membership. • gym equipment old tired needs replacing ( like new precor equipment south) things always broken order signs on, cable machines tired way out, dumbbells olympic bars mostly bent, cardio machines broken need serious maintenance. serious injury occur, it’s waiting happen! •cleaning facilities wipe equipment reduced since january therefore equipment clean be. might time day train personally never seen member staff cleaning equipment also changing rooms disgusting smell constantly. •the gym notify members months ago would building work commencing apartments across road building company would using upto car park spaces builders allowed park too. parking difficult members best times enough spaces gym capacity this. parking premium cannot park surrounding streets double yellow lines. don’t know finish. many occasions members train gyms busy 5pm can’t find parking space. •most pt’s unfriendly welcoming unless you’re part “clique” •the new assistant manager needs address issues raised myself, many members instead parading around gym gawping male members. find really uncomfortable actually hypocritical given promote “a harassment” campaign posters gym. check cctv, clearly see checking individuals out. •the gym listed gay dating/meet site members use facilities late night get alsorts. highly rated aswell believe not.. madness! it’s signed to. list endless matter manager takes managers head office, none appear anything it. unless something changes drastically, don’t think will, mass exodus members leave come back. shouldn’t charged nearly £30 month train substandard facilities management don’t listen address issues raised. thinking joining gym, favour find another one.",2023-06-16 14:48:00,1
Manchester Exchange Quay,GB,53.4663229,-2.2822821,Google,air con summer time hot ventilation cant breathe,2023-06-14 23:46:16,2
Manchester Exchange Quay,GB,53.4663229,-2.2822821,Trustpilot,"wifi exchange quays puregym terrible. please sort out. wifi era would ok lack wifi leaves exposed terrible gym ""music""(horrible covers classics touched). wifi needed. either 20g data month playing songs.",2023-05-25 13:20:00,1
New Barnet,GB,51.6497449,-0.1751403,Google,"gym way hot even workout in. windows open ac barely works. staff near friendly always rude, especially men. clients doesn’t mean don’t work here.",2024-05-09 20:16:04,2
New Barnet,GB,51.6497449,-0.1751403,Google,air-conditioning doesnt work,2024-05-08 20:20:02,1
New Barnet,GB,51.6497449,-0.1751403,Google,terrible,2024-05-02 08:16:19,1
New Barnet,GB,51.6497449,-0.1751403,Google,"gym used pre covid.i joined back last year years break still shocked state it.i finally decided cancel membership. gym dirty, lockers changing rooms broken,gym classes loud, it’s unbearable. since rejoined i’ve never enjoyed workout. machines always busy, it’s overcrowded. overall atmosphere used be.it’s tense groups semi aggressive teenagers occupying machines stand there. stay away gym.",2024-04-30 20:22:48,1
New Barnet,GB,51.6497449,-0.1751403,Trustpilot,lot equipment broken time.,2024-04-30 11:45:00,2
New Barnet,GB,51.6497449,-0.1751403,Google,"man, organised equipment gym? earth would put cardio machines facing wall staircase middle, back windows, back mirrors. must taken lot effort too, considering windows around somehow one machine facing them. 💀 really think prefer stare wall running look outside window? whyyyy?",2024-04-23 20:16:56,1
New Barnet,GB,51.6497449,-0.1751403,Trustpilot,far busy equipment working order,2024-03-31 01:41:00,2
New Barnet,GB,51.6497449,-0.1751403,Trustpilot,"hit miss gyms. rejoined pure new barnet year gap (covid work). gym really good back them. thr gheto gym ever seen. lockers broken into, locker room void vanity stations there. benches missing. lockers big open room smashed lockers smell urin. earth happened. equipment changes 4years buy memberships viewing local branch.",2024-03-24 14:17:00,1
New Barnet,GB,51.6497449,-0.1751403,Google,always warm there. needs air con!,2024-03-22 07:08:06,2
New Barnet,GB,51.6497449,-0.1751403,Google,"joined back gym year break, earth happened? never seen ghteo gym, almost every locker male changing room broken destroyed. stinks piss. mirrors hairdryers removed, central bench removed. ther nothing ther either smashed lockers. rest gym tired refresh since since left years ago. still great selection kit. hell happened? joined swiftly canceling sad see.",2024-03-19 07:08:09,1
New Barnet,GB,51.6497449,-0.1751403,Trustpilot,"get budget gym wow dirty, unhygienic gym. enough cleaning stations anti bacterial spray paper towels. stars location parking situation",2024-02-13 14:36:00,2
New Barnet,GB,51.6497449,-0.1751403,Trustpilot,"yanga sports water machine order again. i’ve given week time writing this. i’ve also noted apparently can’t leave google reviews anymore gym: wonder 🤔 shame - it’s great gym many ways, things like equipment massage chairs order neglected really let down.",2024-02-10 10:30:00,1
New Barnet,GB,51.6497449,-0.1751403,Trustpilot,"sent pin late! waited hour outside gym come. says minutes buy day pass.it staff member there, could see sales receipt let in. could access gym minutes leave. £9.99 day pass. like 9.99 hour! joke! pin eventually arrived hours later valid 12am. really much day pass then. using service again.",2024-02-10 09:14:00,1
New Barnet,GB,51.6497449,-0.1751403,Google,love gym pay extra use massage beds never work!! currently lying second one. first worked minute stopped. one loses power seconds later returns. relaxing 😫,2024-02-09 07:03:13,1
New Barnet,GB,51.6497449,-0.1751403,Trustpilot,gym dirty even enough cleaning materials to.even do.it yourself. single wipe or.cleaning fluid weights room downstairs,2024-01-25 20:05:00,1
New Barnet,GB,51.6497449,-0.1751403,Google,nice place training getting worse. many teenagers . overloaded,2024-01-24 07:02:43,2
New Barnet,GB,51.6497449,-0.1751403,Trustpilot,"lockers broken due broken opened robbed .to many kids sitting machines texting , like youth club . suppose pay get ….",2024-01-14 19:24:00,1
New Barnet,GB,51.6497449,-0.1751403,Trustpilot,"new barnet puregym's policy get 2.5h parking free another 1.5 hours enter car's registration screen. stayed 3h fined registering car, fault. staff told appeal would cancelled since member gym. appeal required proof attendance, go back staff obtain gym logs. getting proof manager spoke rudely condescending, telling ungrateful members parking gyms parking. essentially, customer paying staff rude me. parking company cancel fine end.",2023-12-26 21:22:00,1
New Barnet,GB,51.6497449,-0.1751403,Trustpilot,email telling schedule gym open festive period. general opening hours say hours day days week mention days year it’s unclear,2023-12-25 20:09:00,1
New Barnet,GB,51.6497449,-0.1751403,Trustpilot,nasty dirty equipment audacity charge expensive memberships.,2023-12-21 20:15:00,1
New Barnet,GB,51.6497449,-0.1751403,Google,nan,2023-11-25 18:59:47,1
New Barnet,GB,51.6497449,-0.1751403,Google,"covid way equipment! cardio everything else always taken! also someone already pointed out- make gym + only! gym playground! oh forgot say, get used smell cannabis!",2023-11-21 18:49:34,1
New Barnet,GB,51.6497449,-0.1751403,Trustpilot,"- music low poor selection - staff welcoming unless interested pting - set temperature gym - equipment cleaned regularly - air freshener toilets/changing rooms - equipment everywhere weekends - 16s using gym supervision could keep listing would great start, 16s use gym totally fine groups 4+ training crazy, form terrible hurt themselves. select time use gym peak staff help training compulsory induction perhaps.",2023-10-15 19:00:00,2
New Barnet,GB,51.6497449,-0.1751403,Trustpilot,"physically assaulted staff member gym trying close door room class suddenly started bellowing booming music right behind tried quiet cardio workout temporarily take mind fact long found mother incurable cancer, (as couldn’t even hear programme streaming earphones full volume). staff member shoved chest sarcastic, aggressive rude even pointed done commit assault. shocking.",2023-10-13 02:29:00,1
New Barnet,GB,51.6497449,-0.1751403,Google,"classes gym bloody loud! don’t know louder, music instructor. can’t hear music - headphones completely unnecessary shouting.i bet lot people suffering headaches classes- talking participants. mainly using cardio machines machines always busy, group five using place hang around, get hold someone lurking around like lunatic thinking kind behaviour force finish. top everything shortened parking hours weekend, means possibly park street difficult mainly residential parking!",2023-10-12 19:47:13,1
New Barnet,GB,51.6497449,-0.1751403,Google,decent selection equipment it’s soooo crowded it’s pain even get bench,2023-10-10 19:44:44,2
New Barnet,GB,51.6497449,-0.1751403,Google,"everything well sideway beginning: overpacked car paks ( spent minutes trying find parking spot), purchased one time entry get in, entry gates automated apparently staff free facility, anyone help out. tried reach email get refund - luck too. disappointing.",2023-09-26 19:42:56,1
New Barnet,GB,51.6497449,-0.1751403,Google,"corporate garbage!! heirarchy structure membership try squeeze money out. means customer certain package treated like rubbish. even best package gym always packed barnet there's lot juiced aggresive roid morons seem always edge. latest barnet can't use lift unless interviewed manager right membership. never experienced anything ridiculous. corporate set means customer services, know care less individuals, meat. aerobic classes basically hiit label differently, make think special. nothing like good crossfit class offer price high",2023-08-07 07:32:41,1
New Barnet,GB,51.6497449,-0.1751403,Google,area uncomfortably male dominated staff carry sense superiority. manager acts like owns barnet. highly recommend go poor gym.,2023-06-26 19:31:24,1
New Barnet,GB,51.6497449,-0.1751403,Google,dirty enough machines machine management groups people staying one machine. worked corner free weights ! dirty,2023-06-20 19:28:14,2
New Barnet,GB,51.6497449,-0.1751403,Trustpilot,"number cardio machines mysteriously removed weeks ago sign replaced. gym staff, including manager, clueless. taken bailiffs?",2023-05-17 21:57:00,2
New Barnet,GB,51.6497449,-0.1751403,Google,"gyms always busy, basically wait long anything, benches machines. missing weights place, best word describe ""long"".",2022-04-07 16:28:36,2
New Barnet,GB,51.6497449,-0.1751403,Google,"yanga sports water dispenser order 2-3 weeks, whether massage chairs working hit miss.these two benefits pay premium membership - what’s point they’re hardly ever available?? emailed puregym weeks ago water dispenser, auto reply, i’ve heard absolutely nothing. awful.",2022-03-08 03:30:11,1
New Barnet,GB,51.6497449,-0.1751403,Google,good gym great staff recent class reorganisation head office makes less star... class timetable even worse,2022-03-08 03:30:10,2
Northwich,GB,53.2602539,-2.5145104,Google,"poor outdated gym. layout confused, small weights section, alot machines rusty action. see charge decent rate membership, classic cheap cheerful motto. snap fitness leading way makes puregym look laughing stock",2024-03-07 04:54:07,1
Northwich,GB,53.2602539,-2.5145104,Trustpilot,"poor outdated gym. layout confused, small weights section, alot machines rusty action. see charge decent rate membership, classic cheap cheerful motto. snap fitness leading way makes puregym look laughing stock",2024-03-07 04:39:00,1
Northwich,GB,53.2602539,-2.5145104,Trustpilot,"shocking! reply generic, standard, patronising, condenseding response. none real issues highlighted addressed reply anyway whatsoever puregym also chosen ignore first complaint regarding intimidating conditions. note comment always lookout new sites upgrade current gyms. look far snap fitness managed open building far superior pg northwich. arrogance towards members=customer unbelievable. privileged position use take advantage people interest legitimate issues concerns",2024-02-08 08:54:00,1
Northwich,GB,53.2602539,-2.5145104,Trustpilot,"totally inadequate facility asked do. gym driven pure greed. massively subscribed. can't even get car park let alone use equipment. complained recently via ""rate experience"" email receive incident experienced there. received message back ""manager"" asking contact details discuss experience. sent mobile number email address. -12 weeks later still waiting call back. gym, social club shed staff members of. go train there, go lean equipment gangs one use people talk b0ll0x. ask use equipment leant confrontation begins. member pure gym 6-7 years now, used gyms across uk travel lot semi pro rugby league player say degree certainty, northwich worst pure gym country mile. want many people members taking hard earned cash them, move bigger site. fit purpose. could argue health hazard, many people crammed one end building want use equipment residence training",2024-02-06 20:50:00,1
Northwich,GB,53.2602539,-2.5145104,Trustpilot,"gym room much suffocated. narrow space, many people working time",2024-01-21 01:15:00,2
Northwich,GB,53.2602539,-2.5145104,Google,"haven’t clue thought it’d good idea put new weight racks without labelling weights go like old racks (not mention fact new free weights shallowest grip imaginable), want pair free weights you’ve got stand 2mins like lost child find dumbbell completes pair floor far end people don’t know racks put them, well toilets chemical/bio war zone. gods name someone think good idea cram machines beyond treadmills, tiny room back building machines practically see soul eyes person across machines positioned. looks wanted put strip fake grass people could throw ropes around (haven’t seen single person use since appearance), can’t forget fact upstairs area cycle machines forever smells like urine-esk sweat whatever reason isn’t proper ventilation, want use cables endure humidity japan poor lad sweating pools worth cardio.",2024-01-13 16:49:42,1
Northwich,GB,53.2602539,-2.5145104,Trustpilot,screens haven’t worked years it’s way cold get shower men’s locker room. heating?,2023-12-21 20:52:00,2
Northwich,GB,53.2602539,-2.5145104,Trustpilot,"member two years now, say thankfully finally another option opening area next weeks. kit ok, even placement kit poor. gym, fine expect. issue staff. seen manager several times week since joined, even acknowledged said much hello, said previous assistant manager. majority personal trainers same. interaction, welcome, even smile. even go far dirty looks see you, overheard even insulting making fun members. made complaint asked leave review time ago, got email telling wrong. exactly kind place gives gyms bad name, ignorance staff personal trainers would enough put new gym goer.",2023-12-03 21:05:00,1
Northwich,GB,53.2602539,-2.5145104,Trustpilot,"£30 - that's much membership costs per month. equipment old, tired, squeaky & rusty. something breaks, takes weeks repaired & there's everything, often left waiting someone finish. foolish assume made huge deal ""we're building better gym""& ""upgrading gym bring brand-new look feel latest kit"", would mean new equipment replacing old & total refresh. nope, gotten rid cardio equipment (keeping various 'out service' treadmills place) adding functional area cleared space. weight machines uncomfortably squeezed together - fantastic! air con patchy best. oven summer freezing winter. showers tepid desperate need upgrading. morning, without prior warning via social media emails members, gents showers closed 're-grouting' - surely planned weeks, send simple email advise showers would unavailable?! reason gym busy is, there's competition area. expect memberships plummet snap fitness opens, people realise better alternatives.",2023-11-16 12:34:00,1
Northwich,GB,53.2602539,-2.5145104,Google,"terrible, busy outdated gym. can’t wait new gyms northwich built.",2023-11-14 04:35:11,1
Northwich,GB,53.2602539,-2.5145104,Trustpilot,kit dated genuinely poor can't wait move new gym opening winsford. pure seems like noone gives stuff,2023-10-18 21:10:00,1
Northwich,GB,53.2602539,-2.5145104,Trustpilot,"far warm ac doesn’t work terrible ac, put heating morning even though already boiling there. lack equipment amount members, busy time, terrible music, honestly worst run gym ever much improvement needed",2023-10-15 18:48:00,1
Northwich,GB,53.2602539,-2.5145104,Trustpilot,puregym northwich worst gym i’ve ever years training !!!! machines always broke dirt grim everywhere people training phone told management nothing dirty looks staff girlfriend called “ f—cking moron pt training !!!! reported nothing backing back yet least people dirty looks abuse pt girlfriend competed bnbf natural bodybuilding come nd overall british finals even well done one well apart one pt surly makes gym look good poor management everyone says gym turn air con red hot outside !!! constant smells worst music i’ve ever heard terrible rust caps missing allot equipment reported years ago !!!! still fixed would give zero could poor management poor attitudes allot pts yet warrington new one crewe great atmosphere great music vibe pts zero dirty looks . zero northwich needs total overhaul immediately iam affraid strangely enough cannot go management puregym northwich contact number email !!!!,2023-09-11 22:07:00,1
Northwich,GB,53.2602539,-2.5145104,Trustpilot,"enjoy using gym, however, left frustrated following points, believe justifies £29.99 membership cost. 1: air con gym temperature makes awful workout experience, simply hot. see people's feedback mentioned temperature automatically controlled, might true cardio section gym, always refreshingly cool. however, free weights area immediately left enter, needs addressing. air con functioning here, done years. previously, got it, beyond joke now, members deserve better shouldn’t work pool sweat. 2: time takes equipment fixed – example cable machine upstairs. approaching months action, acceptable considering busy get 3: lat pull attachments - up-to-date attachments please (i can't insert url, google ""mirafit gym cable machine attachment set - handles"" know ones referring to). gym used one them, disappeared months back replaced finally, suggestion box mentioned previous reviews, good idea. able locate it? office, think moved somewhere else allow people provide constructive criticism without speak staff member, might reduce negatives reviews here, members frustrated issues would like resolved, way report",2023-09-08 13:08:00,2
Northwich,GB,53.2602539,-2.5145104,Trustpilot,"equipment basic understand corporate gym. problem little it. due high intake clients broke often. moment broken equipment cable machine, lumbar extension, leg press, leg extension. item equipment use same. pay go another gym weekends get full training session. multiple treadmills broke. equipment dangerous missing safety caps eg pec dec. equipment takes months fixed loads equipment way out, completely rusted. air conditioning turned lot time hot weather. tvs allowed switched now. music even bit. worst gym present. dirty places. action feedback given management held back review long. un motivating train in. lack gyms area. hour ones either positive point give. looked headquarters email asked contact details gym - none found given. fitness/weight training you. wanna go chat sit phone maybe is. double training time queues equipment little it. need total refurb. pure gym warrington crewe 💯 better motivated staff bad northwich.",2023-09-07 22:27:00,1
Northwich,GB,53.2602539,-2.5145104,Google,"machines need updated. spin classes evening, member yrs seriously thinking joining somewhere else due youth club culture seems taken",2023-08-13 05:23:22,2
Northwich,GB,53.2602539,-2.5145104,Trustpilot,"got pair glasses stolen here. understand responsibility something left outside locker, bus station, unlikely happen quiet hour, careful leave outside lockers. overall, equipment bad. edit: like stated above, understand staff responsibility, need highlight experience gym chains (such virgin), exact scenario. try reaching gym manager. however, able help, understand. thanks response",2023-06-20 17:26:00,2
Northwich,GB,53.2602539,-2.5145104,Trustpilot,moving warrington northwich puregym absurdly equipped packed. warrington north much better!,2023-06-06 14:11:00,1
Northwich,GB,53.2602539,-2.5145104,Trustpilot,"currently hot gym! seem stopped air con coming on, either broken it’s cost saving measure, okay. cardio area gets really hot really quickly it’s uncomfortable",2023-05-18 21:38:00,2
Northwich,GB,53.2602539,-2.5145104,Google,worst gym northwich. trying workout joke equipment needs looked it’s sticky unfit purpose. complaints aren’t listened generic reply put feedback box thing. layout ridiculous everyone mentioned. go brio leisure centre road smaller way effective,2023-05-06 16:23:45,1
Northwich,GB,53.2602539,-2.5145104,Google,"limited equipment many members size. equipment broken all-the-time. ""refurb"" marginally better / cleaner. gym got new set dumbells it..... wowzer, way push thr boat out.went back gym break tonight. took serious effort get there. spent mins (again) unable get anything walked end working out. direct debit soon cancelled. literally pointless.",2022-03-08 15:17:55,1
Nottingham Colwick,GB,52.9486418,-1.088899,Trustpilot,"smelt really bad / sweaty lot smaller expected, every way, feel like use gyum one there. really expecting sseing recently opened",2024-05-07 10:47:00,1
Nottingham Colwick,GB,52.9486418,-1.088899,Trustpilot,said looked young felt little,2024-05-05 19:53:00,2
Nottingham Colwick,GB,52.9486418,-1.088899,Google,fined £85 using gym,2024-04-18 21:59:43,1
Nottingham Colwick,GB,52.9486418,-1.088899,Google,"using gym weeks already received £85 parking fine. ask members register car reg every single day avoid parking fines, that's ridiculous. update: appeal rejected puregym still help. customer service says nothing them.",2024-04-03 11:23:03,1
Nottingham Colwick,GB,52.9486418,-1.088899,Google,like sauna inside. thick horrible air air con reason. it’s also pretty small one non-cardio equipment,2024-04-03 11:23:03,1
Nottingham Colwick,GB,52.9486418,-1.088899,Google,"received parking ticket, despite inputting reg computer.",2024-04-03 11:23:03,1
Nottingham Colwick,GB,52.9486418,-1.088899,Google,"****be careful thinking joining gym euro car parks try catch out***** forgot type reg machine inside wich easily missed forgotten way pure gym care neither, pure gym need send better emails put bigger signage stop people getting stung parking fines",2024-04-03 11:23:03,2
Nottingham Colwick,GB,52.9486418,-1.088899,Google,"bad layout, machines good, poor rom. classes held open must nice people taking part it’s certainly annoying everyone else gym.",2024-04-03 11:23:03,2
Nottingham Colwick,GB,52.9486418,-1.088899,Google,rubbish. havent even got revolving straight bar cable machines. £20 puregym,2024-04-03 11:23:03,1
Nottingham Colwick,GB,52.9486418,-1.088899,Google,equipment hygiene needs improve. tissues cleaning sprays.,2024-04-03 11:23:03,2
Nottingham Colwick,GB,52.9486418,-1.088899,Google,"people say, customers fined £85 parking!",2024-04-03 11:23:03,1
Nottingham Colwick,GB,52.9486418,-1.088899,Google,"poor show pure gym. posted social media times day weeks trying get people door stating free parking sainsbury’s forgot mention caveat need put registration details in. signage state small pad easily display aren’t looking communication via email. 12.99 month sounds fantastic it’s quid park. put bit focus social media/ communications emails let customers know, quite clearly reading reviews facebook communications issue pure gym quite frankly customers reinstated lack communication, putting website little late",2024-04-03 11:23:03,1
Nottingham Colwick,GB,52.9486418,-1.088899,Google,hour gym yet get £85 parking fine hour session…,2024-04-03 11:23:03,1
Nottingham Colwick,GB,52.9486418,-1.088899,Google,"several others mentioned, members never told register car reg every time enter gym. result several members received parking charges £85. management never took responsibility clearly evident 1) free parking allowed available access gym 2) mention parking situation included joining instructions terms. instead, problem emerged, management silently added a4 paper warning need enter car reg tablet almost hidden behind wall. waste time, money sanity become member. cancelling mine.",2024-04-03 11:23:03,1
Nottingham Colwick,GB,52.9486418,-1.088899,Google,"£85 parking ticket training less hours, without stress, pay monthly membership expect parking free says free parking",2024-04-03 11:23:03,1
Nottingham Colwick,GB,52.9486418,-1.088899,Google,fining customers parking there's enormous car park that's never capacity ridiculous. puregym ashamed. thinking joining saw reviews.,2024-04-03 11:23:03,1
Nottingham Colwick,GB,52.9486418,-1.088899,Google,register car visit sainsbury's starbucks go gym? easy forget make mistake typing in. got two fines euro car parks already.,2024-04-03 11:23:03,1
Nottingham Colwick,GB,52.9486418,-1.088899,Google,"fined £85 parking, never ever seen indication can’t park anything saying need type reg, ridiculous. cancelling membership.",2024-04-03 11:23:03,1
Nottingham Colwick,GB,52.9486418,-1.088899,Trustpilot,yanga water chilled & told cost saving issue & music loud theres really need overnight,2023-12-21 22:05:00,2
Nottingham Colwick,GB,52.9486418,-1.088899,Trustpilot,"several others mentioned, members never told register car reg every time enter gym. result several members received parking charges £85. management never took responsibility clearly evident 1) free parking allowed available access gym 2) mention parking situation included joining instructions terms. instead, problem emerged, management silently added a4 paper warning need enter car reg tablet almost hidden behind wall. waste time, money sanity become member. cancelling mine.",2023-11-07 01:00:00,1
Nottingham Colwick,GB,52.9486418,-1.088899,Trustpilot,"using gym weeks already received £85 parking fine. ask members register car reg every single day avoid parking fines, that's ridiculous.",2023-10-25 22:38:00,1
Nottingham Colwick,GB,52.9486418,-1.088899,Trustpilot,"received £85 parking fine today! since realised enter vehicle details monitor mounted wall behind walk (yes serious). signage walk reminding course. poor puregym, would known going issue appears made effort support members. expecting usual cut paste reply, something like: ""the car park operated third party therefore nothing us blah blah blah"" appeal rejected, cancelling membership. everlast gym victoria retail park (less mile puregym) new gym parking restrictions there!",2023-10-22 22:25:00,1
Nottingham Colwick,GB,52.9486418,-1.088899,Trustpilot,"poor show pure gym. posted social media times day weeks trying get people door stating free parking sainsbury’s forgot mention caveat need put registration details in. signage state small pad easily display aren’t looking communication via email. 12.99 month sounds fantastic it’s quid park. put bit focus social media/ communications emails let customers know, quite clearly reading reviews facebook communications issue pure gym quite frankly customers reinstated lack communication",2023-10-20 17:20:00,1
Nottingham Colwick,GB,52.9486418,-1.088899,Trustpilot,"got first parking ticket , signed nothing website entering details it’s there! understand it’s gym last pure gym machine enter details hours expect park big car park advertised pure hun enter car details sainsbury’s hours £85 fine far times since , tried contact get details needed appeal help , pure gym basically problem",2023-10-20 16:57:00,1
Nottingham Colwick,GB,52.9486418,-1.088899,Trustpilot,"attended 02.10.23 05.44am. received notice parking fine £85.00. website says free parking sainsburys! gym spoken manager, signs telling enter car reg stop fine shop hours parking. staff simply interested. shame pure gym notification either gym website, another fine landing mat tomorrow. thank goodness poorly since otherwise would looking £500!!!",2023-10-16 16:24:00,1
Nottingham Colwick,GB,52.9486418,-1.088899,Trustpilot,"gym good charged £85 went sunday morning,can train sainsburys opening hours good ,not really hr gym.was birthday present.had cancel cant get without car work long hours.dissapointing.",2023-10-15 14:52:00,2
Sutton Times Square,GB,51.3643147,-0.1915453,Trustpilot,"extremely busy, fresh air.",2024-05-09 22:51:00,1
Sutton Times Square,GB,51.3643147,-0.1915453,Google,"booked day pass thinking see gym is. based planning go monthly membership. went gym, code didn’t work :( contacted phone line, noone responded. contacted support twitter(x), response. conclusion: didn’t get paid for(day pass). joining gym.",2024-04-03 19:37:44,1
Sutton Times Square,GB,51.3643147,-0.1915453,Google,"there's nothing real alot staff see health guru nothing respectful offer, would rather use pure gym lack respect shown personal wellbeing. expectations pure gym improvements made. #purley_puregym #suttontimesquare_puregym #kingston_puregym noticed regular suspicious behaviour pattern various people purley puregym indirect comments various staff unfortunately never talk need fix get life. #rude",2024-04-01 07:45:47,1
Sutton Times Square,GB,51.3643147,-0.1915453,Trustpilot,take away pure gym joke business rude staff looking know themself. multi access joke ting membership running back compensation theft inconvenience review people's gym hold.,2024-03-31 21:12:00,1
Sutton Times Square,GB,51.3643147,-0.1915453,Google,"little equipment, benches ect. it’s small gym shows. use area home gym located different part country. wouldn’t use gym local. needs machines updated equipment.",2024-03-02 18:37:36,1
Sutton Times Square,GB,51.3643147,-0.1915453,Trustpilot,"used messenger, telephone email try confirm details gym selected response all.",2024-02-23 21:04:00,1
Sutton Times Square,GB,51.3643147,-0.1915453,Google,tried different lockers pad lock closed still open pad lock shut. full backpack car keys/ wallet etc plus clothes jacket came with. member staff site chinese called anthony. spoke interested making money personal training. asked could leave stuff staff room could come check lockers faulty ignored me. dont know class racism unproffessional ! going check locker room every set stressful annoying. find different job cant paying something safe !,2024-01-25 06:35:04,1
Sutton Times Square,GB,51.3643147,-0.1915453,Trustpilot,app allow access gym,2024-01-19 12:10:00,1
Sutton Times Square,GB,51.3643147,-0.1915453,Google,"fantastic gym, absolutely ruined waves school kids attend groups 4/5 people. respect gym users equipment. regularly piles dumbbells left makeshift ninja warrior course rarely tidied kids. sheer lack awareness people's space also huge issues. groups interrupting ""safe space"" around users. blame one gets knocked weight coming down. even worse yet bumping someone mid set holding weight heads/faces. examples unacceptable behaviour witnessed, asides poor form group ripping t-shirt another persons back one occasion. another teenage couple kiss cuddle middle cable machines. gym really place get second base. latter today enough cancelled membership join another gym. shame gym well equipped, pts friendly. know gym accessible draw line using children's nursery. sort behaviour needs challenged. anyone age mandatory face face induction educate poor behaviour safe practices gym.",2024-01-05 18:31:46,2
Sutton Times Square,GB,51.3643147,-0.1915453,Google,never,2023-12-02 06:25:03,1
Sutton Times Square,GB,51.3643147,-0.1915453,Trustpilot,"gym toilet shower week & sign bother repair. fact anything breakdown gym, get repaired months. air conditioning leaks summer & blows cold air winter. weights left place & toilets often run toilet paper. cheap gym, shows.",2023-11-30 21:32:00,1
Sutton Times Square,GB,51.3643147,-0.1915453,Google,"man cleaning ladies bad, bad ,bad idea! poor guy, either standing front door waiting empty sohe clean, cleaning go home sweaty. like it, many women ! find solution, you?",2023-10-31 18:20:54,2
Sutton Times Square,GB,51.3643147,-0.1915453,Google,cheap wouldn’t say cheerful. things take ages get repaired including toilets/urinals machines. cleanest space i’ve ever - particular changing rooms toilets. never showered don’t plan - wait get home. peak times genuinely nightmare…no parking access popular machines including benches free weight area. 2/5 stars due cost and…and cost alone. ultimately get pay for.,2023-10-21 19:12:52,2
Sutton Times Square,GB,51.3643147,-0.1915453,Google,"member gym time. certain members staff nice, not. one reasons leaving gym inexcusable attitude problem staff member gym recently made experience torrid. member staff's attitude, despicable unprofessional, also leaving due fact gym become over-ridden pubescents people one apparatus, practically means severely long wait time. obviously unprofessional measure try horde much people possible without regard addition machines and/or controlling flow members. gym nice colour-scheme, unique layout decent people. fair share pickling users aside that, gym boded well year period. guess, due fact huge aspects unprofessionalism involved gyms now, need relinquish move on, gladly will.",2023-10-21 19:12:52,1
Sutton Times Square,GB,51.3643147,-0.1915453,Trustpilot,"giving star option zero. bought day pass grandaughter gymn. travelled mins get arrival pin number sent would work get in. rung bell several times online said pin work ring bell member staff let in. hour trying use pin ringing bell, staff appearing, gave went home. way call call number online automated voice tells make contact via social media. would advise looking gymn use puregymn.",2023-10-02 08:09:00,1
Sutton Times Square,GB,51.3643147,-0.1915453,Google,"giving star option zero. bought day pass grandaughter gymn. travelled mins get arrival pin number sent would work get in. rung bell several times online said pin work ring bell member staff let in. hour trying use pin ringing bell, staff appearing, gave went home. way call call number online automated voice tells make contact via social media. would advise looking gymn use puregymn.",2023-10-02 07:10:54,1
Sutton Times Square,GB,51.3643147,-0.1915453,Google,"horrible experience paid nothing can’t access gym can’t reach huamb help me, pin doesn’t work",2023-09-23 19:15:15,1
Sutton Times Square,GB,51.3643147,-0.1915453,Google,"small decent enough. however, full children definitely age pretty disconcerting especially spending time free weights section clearly struggling",2023-09-10 19:13:02,2
Sutton Times Square,GB,51.3643147,-0.1915453,Google,"zero gym etiquette members always full children packs 5-10 pretending train phones. could use lot staff. also never seen hand sanitiser refilled. cheap, get pay guess.",2023-09-10 19:13:02,1
Sutton Times Square,GB,51.3643147,-0.1915453,Google,"terrible experience. don’t normal door, even though knew lift working bother put note it. led getting stuck lift. alarm button seem work either. luckily another gym goer got help otherwise would died lift ventilation directly sun heatwave. gave panic attack. staff member still refused put note it, saying discuss manager, putting people risk traumatic experience. awful place. told want use lift death take minutes detour, car park street look main entrance. leaving begged put note door, staff member spoke lied already it. yet min detour get car, checked note still wasn’t there.",2023-09-08 19:08:05,1
Sutton Times Square,GB,51.3643147,-0.1915453,Google,charged double payment fee missing one payment.,2023-08-14 19:03:59,1
Sutton Times Square,GB,51.3643147,-0.1915453,Google,"bad customers service, pin suspended reason, wife’s pin working despite paid dd, suggesting either don’t care loyal members stilling money. leaving different gym, also couple friends, egz; somebody friends bought membership extra sessions partner, still didn’t receive second pin, gym got worse, day manager spraying chemicals, like oil based paint, dizziness, please think moment dangerous that, feeling bad rest day also headache. smith machine set properly two directions, also wobbly, safety gym seriously compromised.",2023-06-26 18:51:04,1
Sutton Times Square,GB,51.3643147,-0.1915453,Trustpilot,horrible overall ac ever always sweat excessively well everyone else gym whole place reeks weed time managers horrible focus problems rather problem watching every female enters get talk dirty perverts well harassing anyone sets training don’t need assistance well awful use space gym quarter training equipment rest area filled cardio machines used horrible staff horrible area nothing good please go gym even there’s go better getting equipment training home,2023-05-18 21:03:00,1
Wakefield,GB,53.6829541,-1.4967286,Google,"size gym simply enough machines, prepared wait use some. hack squat machine unusable padding non existent. entrance system annoying. beginner, casual gym goer someone wants lose weight using cardio machines gym would suitable. experienced serious lifters, would recommend it.",2024-04-14 02:49:00,2
Wakefield,GB,53.6829541,-1.4967286,Trustpilot,"oh goodness, gym toilet absolutely horrendous! smells like toxic waste dump there. could please install exhaust fans help clear putrid stench? like stepping mcdonald's bathroom hell. definitely lovin' it!",2024-04-08 01:56:00,1
Wakefield,GB,53.6829541,-1.4967286,Google,worst puregym ever to. showers always dirty changing rooms. full people never seem work living sit hog machines whilst phones constantly.,2024-03-10 13:47:48,1
Wakefield,GB,53.6829541,-1.4967286,Google,najgorsza siłownia na jakiej trenowałem cały czas coś nie działa naprawę sprzętu długo się czeka. trenerzy personalni są nie odpowiednio wytrenowani już nie mówię że niektórzy z nich są niepełnosprawni nie umieją odpowiednio trenowac innych. siłownia wyrzuciła mnie za że trenowałem razem z moim kolegom który nie był doświadczony ja tak wiec go trenowałem. gdysz sami nie mają klientów mieli żal. porażka,2024-02-28 13:46:29,1
Wakefield,GB,53.6829541,-1.4967286,Google,"use gym late night/early morning spacious fairly well equipped though missing couple important machines. well ventilated cool enough summer. free parkimg validation helpful park right side gym dead night. side locker room always disgusting, regardless time go toilets never even remotely acceptable obviously cleaned regardless ever signed cleaning schedule wall (it definitely gets signed cleaned). broken equipment stays way much long, weeks sometimes months time. stars due unhygienic state bathroom areas lack equipment maintaining. still worth going late nights pound week.",2024-02-13 01:42:33,2
Wakefield,GB,53.6829541,-1.4967286,Google,"staff gym unbelievably rude unprofessional. assistant manager looks people. one ""personal trainers"" kept making sly comments walking past. tried speaking manager higher one seems care.if shy anxious gym really you. gym alright good price staff ruin it. definitely recommend especially women.",2024-02-12 01:47:51,1
Wakefield,GB,53.6829541,-1.4967286,Google,"ben chard unhelpful manager rude customer service skills !!!!! don’t go managers need help , think ur problem attempt help !!!",2024-01-19 13:40:30,1
Wakefield,GB,53.6829541,-1.4967286,Google,enough equipment overcrowded. improper use space many cardio machines insufficient resistance machines.,2023-12-26 13:41:41,1
Wakefield,GB,53.6829541,-1.4967286,Google,"dirty / smelly locker room, gym machines/ equipment always order, lockers always damaged can’t put stuff away safely…exit door always order …. best gym ever ……",2023-12-12 13:31:20,2
Wakefield,GB,53.6829541,-1.4967286,Google,they’ve got horrible changing room sticking toilet hasn’t cleaned days,2023-12-07 01:32:33,1
Wakefield,GB,53.6829541,-1.4967286,Google,"needs improvement several areas. decent equipment, flimsy locker doors either warped close locking mechanism damaged waste first mins visit searching functioning locker. one water fountain inadequate size gym. one two entry capsules working way almost month now. causes unnecessary congestion peak times disabled entry use members repair carried out. given monthly membership increased £3 month since jan 2022, would nice see additional revenue invested back things benefit members.",2023-12-06 01:40:05,2
Wakefield,GB,53.6829541,-1.4967286,Google,"matter time is, gym always full inconvenient beings know behave respectfully. equipment used working serve backrest stay cell phone. stopped worrying people using power lifting equipment gym min. insane! (i force train weightlifting equipment people passing). either staring phones chatting working out. lockers poor condition used safely amount people drop backpacks gym floor much. drinking fountain whole gym. dumbbells weights never organized. place smells unpleasant thing praise nice staff guy always kind nice person see him, gym always zero staff around. last month member since seen reviews gym like long time look like get better.",2023-11-18 01:33:05,2
Wakefield,GB,53.6829541,-1.4967286,Google,"horrible place workout. men's.chanhing room lockers mostly wonky showers mouldy. weights everywhere. mess. apart pricing 24x7, nothing else good place. machines hooks missing misplaced. chewing gum stuck wall. omg",2023-10-26 14:30:28,1
Wakefield,GB,53.6829541,-1.4967286,Trustpilot,"booked induction gym pretty severe anxiety things, turned minutes allotted time waited outside pods like email instructed saying would someone greet earlier allotted time, waited minutes one appear, staff weren’t useful slightest ignored me, don’t bother anxiety",2023-10-20 12:32:00,1
Wakefield,GB,53.6829541,-1.4967286,Google,tonight first time wil defo going back crowded machine free people sat machine phone machine order worst gym ever,2023-09-26 02:24:04,1
Wakefield,GB,53.6829541,-1.4967286,Google,"overcrowded... early morning late evening... people sitting machines checking phone. waste space. reply pure gym ""because popular"". that, cheapest gym maybe think open second one wakefield",2023-09-20 02:18:18,2
Wakefield,GB,53.6829541,-1.4967286,Google,"targeted manager! targeted manager! finished three-sets deadlifts went refill water-bottle. returned fourth set, another gym-member asked finished weights said yes, took them. proceeded preacher station curls. turned back manager started putting weights away said - ''excuse me, finished weights''. statement angered somewhat response say - ""well could cruel tell put weights left floor away"" - weights already given somebody else! re-clip ez-bar skulked off. left gym, approached manager told gym member took ownership weights might want check cctv wrongly accusing leaving weights lying around. completely ignored walked without apologising saying anything. manger. attitude stinks. perhaps consider revenue generated puregym members helps pay salary co-worker's salary!!! due experience, canceling membership going another gym. disclaimer. little inconsistent putting weights away instance, fault. date experience: august",2023-08-05 02:16:10,1
Wakefield,GB,53.6829541,-1.4967286,Trustpilot,"targeted manager! finished three-sets deadlifts went refill water-bottle. returned fourth set, another gym-member asked finished weights said yes, took them. proceeded preacher station curls. turned back manager started putting weights away said - ''excuse me, finished weights''. statement angered somewhat response say - ""well could cruel tell put weights left floor away"" - weights already given somebody else! re-clip ez-bar skulked off. left gym, approached manager told gym member took ownership weights might want check cctv wrongly accusing leaving weights lying around. completely ignored walked without apologising saying anything. manger. attitude stinks. perhaps consider revenue generated puregym members helps pay salary co-worker's salary!!! due experience, canceling membership going another gym. disclaimer. little inconsistent putting weights away instance, fault.",2023-08-04 19:13:00,1
Wakefield,GB,53.6829541,-1.4967286,Google,"whilst experience gym overall decent, second time things stolen lockers (i even lock pad on) machines often order locker room toilets always shambles. security things like coat, bag house keys stolen. come unless it’s option.",2023-08-02 02:11:02,2
Wakefield,GB,53.6829541,-1.4967286,Google,disgusting zero security system last week someone stole money manager said would like call police? police come arrest exactly person!!!! there's cctv today friend said someone stole whole thing inside closet big shame,2023-06-17 02:02:54,1
Wakefield,GB,53.6829541,-1.4967286,Trustpilot,machines broken weeks telling repaired. lot people go gym definitely enough equipment. machines exercising 🍑should next weights men.,2023-06-08 20:52:00,2
Wakefield,GB,53.6829541,-1.4967286,Google,"fine cardio work, weight machines frequently order, enough bench stations, dumbbell's usually wrong places finding right ones take weight area usually mess. treat new members lot better existing ones better deals etc. overpriced imo",2023-05-29 03:14:02,1
Wakefield,GB,53.6829541,-1.4967286,Trustpilot,"fine cardio work, weight machines frequently order, enough bench stations, dumbbell's usually wrong places finding right ones take weight area usually mess. treat new members lot better existing ones better deals etc. overpriced imo",2023-05-28 23:57:00,1
Wakefield,GB,53.6829541,-1.4967286,Trustpilot,"good gym, equipment great however workers unpleasant towards us, male worker looking us funny leaving pulled dirty look us.",2023-05-20 18:59:00,2
Wakefield,GB,53.6829541,-1.4967286,Trustpilot,"toilets stink, showers stink, air con never on, staff office none ever come cleaning 😔",2023-05-19 17:17:00,2
Wakefield,GB,53.6829541,-1.4967286,Google,"casual gym goer it’s pretty much perfect - got basic equipment, loads cardio gear, it’s open 24hr. gym casual it’s something keep ticking yeah it’s bad. city centre it’s pretty convenient positives. you’re serious gym you’re avid gym goer i’d avoid place - equipment pretty poor standard it’s matrix stuff mainly pins lot free weight machines. enough equipment, free weight area tiny. power lifting area squat racks city centre gym - near enough. men’s changing area pretty awful never really clean especially peak times. music awful don’t headphones unlucky. peak times gets way busy point it’s even worth going. extra quid, go local independent gym smaller franchise, area you’re serious training miles better place.",2022-03-08 02:17:33,2
Walsall Crown Wharf,GB,52.5872454,-1.9883526,Google,"absolute filthy toilet machines, machines usually broken timeline fix. cleaners don’t seem clean machine, covid sanitisation stations removed like didn’t learn anything that. went christmas got sick straight away. loads times hand wash toilet. tissue tissue dispensers wall. gym closes randomly without prior notice except piece paper saying closed today sorry inconvenience. always hotbed germs. proper aircon. staff seem ignorant times, some. abit shame really. better",2024-05-07 12:59:12,1
Walsall Crown Wharf,GB,52.5872454,-1.9883526,Trustpilot,pay jym workout reached gym temporarily closed good tell us confirming confirmation,2024-05-04 05:56:00,1
Walsall Crown Wharf,GB,52.5872454,-1.9883526,Trustpilot,gym construction day purchased,2024-05-03 05:32:00,1
Walsall Crown Wharf,GB,52.5872454,-1.9883526,Google,busy. flat barbell bench only. loads kids chilling go 5. someone also wears old spice deodorant got like george floyd mid set walk past. wouldn’t recommend.,2024-04-10 00:57:34,2
Walsall Crown Wharf,GB,52.5872454,-1.9883526,Google,nis,2024-04-04 12:56:53,1
Walsall Crown Wharf,GB,52.5872454,-1.9883526,Trustpilot,men's hand dryer toilet broken months & replaced. told members staff put request new one nothing dome. this??,2024-03-31 07:53:00,2
Walsall Crown Wharf,GB,52.5872454,-1.9883526,Google,alot eqiupment,2024-02-15 23:48:46,1
Walsall Crown Wharf,GB,52.5872454,-1.9883526,Google,problem parking min voucher somtimes voucher working. pay parking fee 1£ ph,2024-02-10 23:44:15,1
Walsall Crown Wharf,GB,52.5872454,-1.9883526,Google,enough time free parking..when it’s busy minutes isn’t enough time workout shower. end paying extra £20 per month extra parking fees,2024-02-06 11:47:39,2
Walsall Crown Wharf,GB,52.5872454,-1.9883526,Trustpilot,"admit standards dropped since puregym walsall decided move crown wharf. firstly gym size wifi still available? surely health safety equipment working, however noticed faulty cross trainer half broken nearly slipped it. also treadmills faulty buttons don’t increase reduce speed, surely dangerous??? think puregym scarified customer service experience instead decided increase membership prices without providing customer basic equipment facilities exercise.",2024-01-01 14:37:00,2
Walsall Crown Wharf,GB,52.5872454,-1.9883526,Google,parking send parking tickets free otherwise lose customers,2023-11-04 11:31:41,1
Walsall Crown Wharf,GB,52.5872454,-1.9883526,Google,would give zero stars possible would advise stay away unless want deal constant broken parking ticket machine gym advised leave registration details piece paper forwarded parking company weeks later fines £60 posted door. help pure gym even though fault constant back forth customer service continue tell responsible parking fines even though pure gym machine broke worth hassle clearly,2023-11-04 11:31:41,1
Walsall Crown Wharf,GB,52.5872454,-1.9883526,Google,puregym that's,2023-11-04 11:31:41,2
Walsall Crown Wharf,GB,52.5872454,-1.9883526,Google,free parking sending parking tickets people aware,2023-11-04 11:31:41,1
Walsall Crown Wharf,GB,52.5872454,-1.9883526,Google,nan,2023-11-04 11:31:41,1
Walsall Crown Wharf,GB,52.5872454,-1.9883526,Trustpilot,"demotivating, like working complex; whole place negative energy; stuff always order; never smells nice.",2023-10-16 07:07:00,1
Walsall Crown Wharf,GB,52.5872454,-1.9883526,Trustpilot,"one worst unreliable gym walsall pure gym , it’s stated hours gym paper reach 3am door won’t open , u contact emergency line inform gym won’t open day due bla bla .. , don’t even bother inform us mail text . it’s happen multiple times ( latest today 3/10/2023) , still u need pay car park otherwise penalties. gym inside dirty always , wifi like using 20years one , management totally unreachable. experience overall worst morning nightmare. branch shame pure gym franchise. know people won’t publish feedback truth always hurts isn’t . thank much nothing",2023-10-03 06:25:00,1
Walsall Crown Wharf,GB,52.5872454,-1.9883526,Trustpilot,garbage. moved gym cuz one parking. parking ridiculous unsafe first off. secondly company deals parking nightmare deal with!! they’ll take anything even used voucher gym gives. case gone one since may give pay £170 cuz machine didn’t work. gym staff useless like class sessions. manager classless. office guys make big decisions move gyms also fools. garbage gym absolute horrendous.,2023-09-22 23:13:00,1
Walsall Crown Wharf,GB,52.5872454,-1.9883526,Trustpilot,"real let classes, 6/10 instructors available, fail notify app, extremely short staffed, bank classes, like year. see yourself, say warn you. keep saying going improve said, like year warning app.",2023-08-30 22:15:00,1
Walsall Crown Wharf,GB,52.5872454,-1.9883526,Google,"came get information joining gym, button assistance pressed twice waited minutes, unfortunately nobody show respond. disappointed.",2023-08-27 12:15:57,1
Walsall Crown Wharf,GB,52.5872454,-1.9883526,Google,there’s cleaning station!!!!,2023-08-16 00:21:05,2
Walsall Crown Wharf,GB,52.5872454,-1.9883526,Google,parking validation work rarely paper printer. go morning staff available wait till 6am since somebody staff comes put paper printer. otherwise parking ticket issued. email manager issue times nothing sorted.,2023-08-15 12:13:40,1
Walsall Crown Wharf,GB,52.5872454,-1.9883526,Google,"many equipments, busy even busy(i mean equipments) 90mins free parking enough all. used day pass o2(for £1) happy thay buy membership pass.",2023-08-11 00:11:40,2
Walsall Crown Wharf,GB,52.5872454,-1.9883526,Google,"pure gym classes cancelled without notifications app, several members turning instructor. happening past months sign improvement, diabolical.",2023-08-04 12:18:18,1
Walsall Crown Wharf,GB,52.5872454,-1.9883526,Google,"parking validation worked visits. tend visit quieter times staff finishing shift, emergency contact number goes someone tells take fine dispute puregym 🤣 please fix validation printer - update 01.08.23 actually asked dispute group nexus puregym using puregym app managed supply gym usage times … fingers crossed",2023-07-25 12:11:08,2
Walsall Crown Wharf,GB,52.5872454,-1.9883526,Trustpilot,"staff seem decent friendly enough however people attend gym spoil others, past months showers included puddles urine, cigarette waste faeces, removal recently cleaning stations makes gym hygenically unsafe attend. also avoid paying extra zenga water machine flavours regularly empty.",2023-07-10 09:25:00,1
Walsall Crown Wharf,GB,52.5872454,-1.9883526,Trustpilot,"staff seem decent friendly enough however people attend gym spoil others, past months showers included puddles urine, cigarette waste faeces, removal recently cleaning stations makes gym hygenically unsafe attend. also avoid paying extra zenga water machine flavours regularly empty.",2023-07-10 08:04:00,1
Walsall Crown Wharf,GB,52.5872454,-1.9883526,Trustpilot,get free parking car park would help,2023-07-07 12:55:00,1
Walsall Crown Wharf,GB,52.5872454,-1.9883526,Trustpilot,parking horrible,2023-06-29 14:17:00,1
Walsall Crown Wharf,GB,52.5872454,-1.9883526,Trustpilot,tried cancel membership app let joing weeks. got deal £11.00 first month get charged £40 next month. couple emails still never cancelled membership advised cancel direct debit go back app waste time. recommend puregym. bad customer service.,2023-06-09 03:56:00,1
Walsall Crown Wharf,GB,52.5872454,-1.9883526,Google,❌worsted gym ever❌ 1. small! 2. air conditioners! 3. machines close u smell others breathing! 4. many machines u wait others finish lesson u start ever leave ! 5. enough space take activity!!!! . wasting money pay gym . disappointed everyone don’t know gym look window u see believe reviews. recommend difficult find ur self relaxed activity there.,2023-06-06 12:06:19,1
Watford Waterfields,GB,51.6523792,-0.3894354,Trustpilot,manager gone!!! reasons obvious....,2024-04-28 10:52:00,1
Watford Waterfields,GB,51.6523792,-0.3894354,Trustpilot,manager arrogant rude!,2024-04-26 21:52:00,1
Watford Waterfields,GB,51.6523792,-0.3894354,Trustpilot,filthy gym!,2024-04-25 09:06:00,1
Watford Waterfields,GB,51.6523792,-0.3894354,Google,blaring music cycling classes disrupts rest gym. clown organization.,2024-04-03 11:33:20,1
Watford Waterfields,GB,51.6523792,-0.3894354,Google,"martin woodward manager rude …. guy really needs therapy urgently … girls, careful him!",2024-04-03 11:33:20,1
Watford Waterfields,GB,51.6523792,-0.3894354,Google,tried contact answer nothing,2024-04-03 11:33:20,1
Watford Waterfields,GB,51.6523792,-0.3894354,Google,manager: martin woodward staring cleavage several time. felt intimidated. going come back :(,2024-04-03 11:33:20,1
Watford Waterfields,GB,51.6523792,-0.3894354,Google,gym small clean. showers cold though (after workout). reported numerous times nothing done. shower head anyone would feet tall maybe would benefit heat.,2024-04-03 11:33:20,2
Watford Waterfields,GB,51.6523792,-0.3894354,Trustpilot,got charged twice couldn’t get refund gym small machines weren’t best. however plus staff really nice,2024-03-16 19:30:00,2
Watford Waterfields,GB,51.6523792,-0.3894354,Trustpilot,"worst customer service reply review posted three days ago. reply exactly would expect. generic, cold, brushed response exact response sent everyone complains. taking further. people need made aware operation running scam behind it. unacceptable.",2024-02-01 14:28:00,1
Watford Waterfields,GB,51.6523792,-0.3894354,Trustpilot,"awful customer service. son paid day pass: code come refused entry gym. despite showing transaction banking app, turned away. offered support basically told something wrong therefore unable enter. tech breaks time! assume it’s customers error without offering support empathy ridiculous. work health field. comes self care. form self care improve overall mental physical wellness exercise. ashamed yourselves. emailed done requested online chosen ignore us.",2024-01-29 15:24:00,1
Watford Waterfields,GB,51.6523792,-0.3894354,Trustpilot,"like money back, please.",2024-01-23 13:46:00,1
Watford Waterfields,GB,51.6523792,-0.3894354,Trustpilot,rude management :(,2024-01-23 11:49:00,1
Watford Waterfields,GB,51.6523792,-0.3894354,Trustpilot,"attention: left wallet locker someone broke took it. lost cash, creditcard id. shameful !!!!!!!",2024-01-22 11:22:00,1
Watford Waterfields,GB,51.6523792,-0.3894354,Trustpilot,used discount code bluelight aviva applied. offer says joining fee nhs workers bluelight still charged.,2024-01-17 23:45:00,1
Watford Waterfields,GB,51.6523792,-0.3894354,Trustpilot,management arrogant hostile :(,2024-01-17 11:46:00,1
Watford Waterfields,GB,51.6523792,-0.3894354,Trustpilot,trainers serious. correct postures. take classes sake it!,2024-01-17 00:59:00,2
Watford Waterfields,GB,51.6523792,-0.3894354,Trustpilot,"rude staff, especially management :(",2024-01-15 22:56:00,1
Watford Waterfields,GB,51.6523792,-0.3894354,Trustpilot,rude staff. intimidating. respectful.,2023-12-01 22:06:00,1
York,GB,53.9656578,-1.0743052,Trustpilot,awkward process redeem friend's day code. know go site every option looked like would pay getting last step. entry pods horrible.,2024-03-16 13:21:00,2
York,GB,53.9656578,-1.0743052,Trustpilot,paid day pass pin let get,2024-02-11 21:57:00,1
York,GB,53.9656578,-1.0743052,Trustpilot,able access gym due membership permitting york? eventhough proof membership york,2024-02-07 14:21:00,1
York,GB,53.9656578,-1.0743052,Trustpilot,sure anyone fault. experience. studio dark couldnt read anything bike screens. took midday class off-peak people. normal person apparently wasnt stand manager take class. didnt enjoy music. back peloton home.,2024-02-05 14:06:00,1
York,GB,53.9656578,-1.0743052,Google,"member lot years put membership fee questioned informed sent email month earlier checked emails back 15th december nothing received pure gym, cannot talk anyone contact online, impressed",2024-02-03 23:56:30,2
York,GB,53.9656578,-1.0743052,Trustpilot,make hard get day pass 😡,2024-01-31 21:52:00,1
York,GB,53.9656578,-1.0743052,Google,"noise gym absolutely atrocious! managers/owners seem realise may people gym hyperacusis, misophonia types sensitivity sound - want workout relative peace quiet! background music fine classes problem, classes blast trashy club music full volume instructor shout microphone make heard. wear noise cancelling headphones listen music working out, still hear noise. today leave five minutes warm-up two classes happening time, two sets music blaring two voices screeching mic, horrible. pay membership like everybody else deserve able work-out comfortable environment. wrote email complained weeks ago got reply, going find another gym.",2024-01-04 23:48:32,1
York,GB,53.9656578,-1.0743052,Trustpilot,"noise gym absolutely atrocious! managers/owners seem realise may people gym hyperacusis, misophonia types sensitivity sound - want workout relative peace quiet! background music fine classes problem, classes blast trashy club music full volume instructor shout microphone make heard. wear noise cancelling headphones listen music working out, still hear noise. today leave five minutes warm-up two classes happening time, two sets music blaring two voices screeching mic, horrible. pay membership like everybody else deserve able work-out comfortable environment. wrote email complained weeks ago got reply, going find another gym.",2024-01-04 21:09:00,1
York,GB,53.9656578,-1.0743052,Trustpilot,cancelled membership still got charged amount couldn’t got contact details don’t know get refund using years think never use gym ever,2023-12-25 15:18:00,1
York,GB,53.9656578,-1.0743052,Trustpilot,new equipment less great well done,2023-12-24 00:02:00,1
York,GB,53.9656578,-1.0743052,Trustpilot,"emailed hours ago, get response whatsoever! i’m trying reinstate membership can’t can’t via app website. extremely frustrating!",2023-12-22 00:16:00,1
York,GB,53.9656578,-1.0743052,Trustpilot,"recently york gym got lot kit replaced. time removed several items significantly less kit available. whole row cardio equipment center gym another row car park wall gone. also least one, tall free-standing multi gyms disappeared, replaced. typically go peak evening time, imagine could lot people disgruntled lack availability now. please get volume kit back asap.",2023-12-20 21:21:00,2
York,GB,53.9656578,-1.0743052,Trustpilot,"lot equipment broken run down. know puregym base cheaper alternative expect least able use gym. steppers york order (odd broken), lot running machines too. lot seats longer adjustable. gyms area recall ever seeing many things broken use.",2023-11-09 11:33:00,2
York,GB,53.9656578,-1.0743052,Google,"usual pure gym, dumbells rack place mixed up, due lazy people. clips cable machines / lat pulldowns missing , go search find one. using gyms years unfortunately gym chain wants call day go business.",2023-10-25 12:34:53,1
York,GB,53.9656578,-1.0743052,Trustpilot,last time spin class able sit session bike faulty less missed class session. happy.. book class expect bike working order good condition.,2023-10-23 02:39:00,2
York,GB,53.9656578,-1.0743052,Trustpilot,p kids fire alarms always goin one seems know switch off.,2023-10-13 18:43:00,1
York,GB,53.9656578,-1.0743052,Google,awful hygiene. get cleaning stations instead 1.staff please job make sure hand sanitisers solution asked. signs wipe equipment use needed. thorough cleaning equipment rare. place needs sorting areas. go gyms get healthy fit pick viruses become ill.,2023-09-22 00:33:20,1
York,GB,53.9656578,-1.0743052,Google,"well equipped super busy time. could laid whole lot better. frankly given cleaning. recently got rid one ""train safe"" cleaning stations often empty (no ""roll"" spray). toilets showers bloomin' stink. management floor presence absent.",2023-09-04 00:29:05,2
York,GB,53.9656578,-1.0743052,Trustpilot,sport drink machine still flavours - like week. pay membership! gym filthy - weights everywhere,2023-07-09 23:10:00,1
York,GB,53.9656578,-1.0743052,Trustpilot,absolutely rubbish. dirty site hasn’t new kit years. quit sick everything brown.,2023-07-09 15:15:00,1
York,GB,53.9656578,-1.0743052,Trustpilot,"gym equipment often broken connot used. poor hygene /bins overflowing. equipment rarely wiped staff users great. poor hygene generally. gym often overcrowded people queing use weight resisitance machines. lack windows makes place feel dingy dim soviet-era. tv screens watch sky news would nice lots gyms 15-20 years ago. less intense lighting would nice. whole place vaguely subterranean air due lack sunlight-like gym mining colony mars. also impressed cancelling hour access gym little communication. locker room ""shuts"" locks 23:00 hours meaning realistically cannot use gym 22:45 hours. severly unimpressed major factor joining. addition gym staff number. realistically price point understand pool prehaps option kind members area people could meet/socialise /get non-alcoholic drink would nice. fitness first (now 24/7 fitness) odd years ago similar/smaller floorspace, can't see cant done here.",2023-06-28 17:41:00,2
York,GB,53.9656578,-1.0743052,Google,lack natural light biggest downside. dont understand spinning studio aerobics studios closed minimise noise classes. branch best one experienced though.,2023-06-14 00:12:29,2
