location,review_date,comments,score,latitude,longitude,country
Sutton Times Square,2024-05-09 22:51:00,"extremely busy, fresh air.",1,51.3643147,-0.1915453,GB
Leeds City Centre South,2024-05-09 18:09:00,men’s changing rooms smell bad. need deep clean sort smell management toilets. pleasant put using facilities all. regular cleaning enough get top this.,2,53.3803135,-1.4706053,GB
Dunfermline,2024-05-09 09:16:00,"one cleaning equipment use. cleaning stations hidden away corners. empty cans bottles lying floor. people using equipment properly, staff around ensure people going injured.",1,56.0713724,-3.4616183,GB
Bristol Harbourside,2024-05-09 08:03:00,"best experience 7am week day. bought day pass received receipt access code. walked delivery guy couldn’t find anyone works gym help me. walked like three round gym without result. tried leave possible leave needed code again. money spare, would urge everyone pay bit get service another gym.",1,51.450363,-2.600511,GB
Birmingham Snow Hill Plaza,2024-05-09 00:35:00,"signed puregym week booked class today. signing straightforward, price fair. arrived gym bit early get bearings. went room class held, instructor along another attendee. instructor left - assumed needed grab something. never returned. class attendee sitting minutes gave waiting. great experience first day gym.",2,52.4848692,-1.8983889,GB
Sunderland,2024-05-08 18:16:00,staff hands tied surely head office could bring rules email members. using weight benches sit standing bicep curls unacceptable. reserving machines sports bottles whatever unacceptable. gym scary atmosphere it. can't monitor use phones surely notices asking members consider long sit watching videos making calls sat equipment lot ask. feel problem head office gym staff. must scary times. case pile stack high attitude. ££££,1,54.9058512,-1.3828727,GB
Cambridge Leisure Park,2024-05-08 14:04:00,"manager showed qr code without giving support. didn’t get code access immediately, manager available questions, left we’re reachable anymore.",1,52.1900026,0.1367799,GB
Sunderland,2024-05-08 14:03:00,"pure gym sunderland like wild west. bring dinner feel free eat sat machine. (see video footage leg curl machine 14:00 07/05/24) feel free leave drink one machine note pad another machine, leave vape third machine. men wandering around tops staff turn blind eye powerless anything fear repetition members head office. really intimidating place pitty staff following orders. rules ""there aint rules suckers""",1,54.9058512,-1.3828727,GB
London Sydenham,2024-05-08 10:12:00,"croydon, purley, even romford puregyms around town. however, none stuffy smelly sydenham puregym. smells horrible smell go there's proper ventilation (i mean sure good enough), entire gym wherever were, whichever machine would use could smell sweat air. window (useful) ac help bring fresh air. felt really stuffy. machines felt bit sweaty thats partially expected. would nice put disinfectant sprays paper towels like covid times.",2,51.427742,-0.0542215,GB
Southampton Bitterne,2024-05-08 06:45:00,"blocked access gym, take day work meet idiot manager want lose money job, gym recommend pure gym anyone .i found touched green box height door handle! found touched one green box right took money account remember always call bank request refund account get refund registered office address town centre house, merrion centre, leeds, ls2 8ly",1,50.9181488,-1.3769392,GB
London Ilford,2024-05-08 02:27:00,half gym equipment old broken time. customer since ilford branch opened. honestly thinking leaving big gym limited equipment. really make useful tbh,1,51.5589375,0.0689113,GB
Ipswich Buttermarket,2024-05-07 22:28:00,"air con seems big issue. it’s uncomfortable partake classes hiit training due air con units either functioning blowing warm air. i’ve reported times get reply customer service every time: regards temperature gym, use air conditioning units heat air drops 17.5c, cools air goes higher 21.5c, keeping temperature within gym acceptable level. regularly checked ensure units operating across gyms.",2,52.0571564,1.1545049,GB
Norwich Aylsham Road,2024-05-07 20:22:00,"terrible experience, recommend all!! went induction cancelled membership car park leaving, waste time money.",1,52.6411579,1.2882664,GB
London Finchley,2024-05-07 15:27:00,awful experience joining. won’t let get buddy membership tried bolt friend. websites useless telling what’s issue. bought expensive day pass end. freaked multiple times payment went email pin took ages send through. absolutely awful discourages greatly using different gyms chain. email sent write review also demanding tone. rude!,1,51.5973246,-0.1805587,GB
London Hoxton,2024-05-07 12:53:00,"pure gym staff allowed blame annoying people hoxton ? get second time working guy clear brown hair , work gym ,start blame dressing heavy metal -shirt. singer band criminal past that's pure gym employee blaming me. wonder guy make circus hip hop rock shirt. go amy winehouse shirt would like pure gym staff bother telling drug addicted ; what's point this? suggest pure gym better choose page wages. guy ruined mood work today.",1,51.5323935,-0.086078,GB
Aberdeen Wellington Circle,2024-05-07 11:27:00,email pin,1,57.1094741,-2.0932843,GB
London Stratford,2024-05-07 11:12:00,"gym full, impossible find available equipment relaxed workout. insufficient number lockers. sufficiently air conditioned, warm, stuffy smelly inside. toilets smell disgusting.",2,51.541289,-0.0035472,GB
Leicester St Georges Way,2024-05-07 11:01:00,worse gym leicester,1,52.635872,-1.1231787,GB
Nottingham Colwick,2024-05-07 10:47:00,"smelt really bad / sweaty lot smaller expected, every way, feel like use gyum one there. really expecting sseing recently opened",1,52.9486418,-1.088899,GB
Sevenoaks,2024-05-07 10:39:00,"staff weren’t available greet, left outside fumbling qr codes. website didn’t recognise log-in/pin. reset, waiting far long reset. still arrived! happy take money, worked fine. customer service total rubbish, i’ve experiencing 15mins. first impressions count. please look away bottom line turn focus customer journey improve it.",1,51.2745218,0.1961166,GB
Eastbourne,2024-05-07 06:28:00,awful first morning pure gym member. arrive site 5am find can’t get i’ve drove hour get work eastbourne,1,50.7664372,0.2781546,GB
London Greenwich Movement,2024-05-07 01:54:00,"trained late sat night. weights gym floor, dumbbells put back correctly racks lacked atmosphere,equipment needs upgrading.",2,51.4897267,0.0390648,GB
Birmingham Beaufort Park,2024-05-06 22:05:00,first day one help main door problems enter. one reception know ho women section bathroom. overall great.,1,52.493268,-1.8171797,GB
Purley,2024-05-06 13:29:00,"cleanliness male changing area deteriorated last months. many occasions, enter changing rooms see dirty floors toilets period days time. currently, one shower cubicles order past weeks fixed.",1,51.3388112,-0.1158589,GB
London Kingston,2024-05-06 00:48:00,gym missing cleaning stations,1,51.4129277,-0.3018577,GB
Nottingham Colwick,2024-05-05 19:53:00,said looked young felt little,2,52.9486418,-1.088899,GB
Wirral Bidston Moss,2024-05-05 13:06:00,"purchased £8.99 day pass go gym one session significant other, purchased pass received barcode pin enter gym. received notification app could go gym received induction, despite member another gym chain regularly going gym unit (hms collingwood). seems counter productive could get gym induction (despite previous points) could even get gym. received email stating membership suspended without even getting inside despite £8.99 taken account. please hesitate contact evidence suspension payment received nothing suspension £8.99 would appreciate refunded got nothing day pass.",1,53.410373,-3.076908,GB
Leeds City Centre South,2024-05-05 12:49:00,bought day pass never got sent code,1,53.3803135,-1.4706053,GB
Exeter Fore Street,2024-05-04 15:38:00,"member exeter little while, gym fine, number occasions toilet paper there’s hot water showers. what’s going people, gym, would think hot water toilet paper, basics businesses, let alone gym, please sort guys, keep getting information getting personal trainer tips workout meals. well, let’s sort basics first shall ? get hot water would good start, don’t want cancel membership, things continue go hill are, i’ll choice, sad really, enjoying staff don’t seem care, ?",2,50.7205151,-3.5351998,GB
Peterborough Brotherhood Retail Park,2024-05-04 09:17:00,registered blind ex paralympian treated badly told using gym couldnt use seen manager even though ive used gyms hundreds times before. although there's button asking need help disabled access ask why. also cant speak anyone phone. also think disabled people consulted access colour contrast. disappointed,1,52.6002891,-0.2642011,GB
Walsall Crown Wharf,2024-05-04 05:56:00,pay jym workout reached gym temporarily closed good tell us confirming confirmation,1,52.5872454,-1.9883526,GB
Bradford Idle,2024-05-03 23:47:00,"gym really dark inside, equipment limited use, freeweight area organised (weights bars left floor) equipment tired, went one machine tried hold handles get hands covered sticky solution meant hold grips down. bike went foot strap snapped off. toilet roll women's toilets. visited bradford idle branch around 5.45",2,53.8352205,-1.7304012,GB
London Beckton,2024-05-03 19:12:00,"puregym beckton staff aggressive violent, thought safe place protected puregym staff case. puregym staff ones charge square face wanting fight you. avoid gym costs won’t protected staff complaints procedure. get bad books think twice attack threaten violence. exactly happened tuesday 30/04/24 days ago since management team say still investigating. confront gym trainer client asked hogging machine whilst taking 3-5 minutes breaks, even though waiting patiently already around 15-20 mins. staff got angry rushed face wanting fight me. emailed management team, ray marshall today asking update, got one liner back saying looking it. due uncertainty happen, question puregym safe train weekend ignored. it’s unbelievable big company like puregym deals serious complaints nature shows it’s customers empathy lack customer care seems urgency finding solution. happy customer all, safe avoid staff don’t know react management won’t care.",1,51.5160797,0.0594257,GB
Norwich Aylsham Road,2024-05-03 18:40:00,"extremely dirty cleaning night quiet cleaned properly, bottle dirty toilet paper place days",1,52.6411579,1.2882664,GB
Edinburgh Exchange Crescent,2024-05-03 12:24:00,got charge 45.99 reason sure get money back,1,55.9471483,-3.2090253,GB
Walsall Crown Wharf,2024-05-03 05:32:00,gym construction day purchased,1,52.5872454,-1.9883526,GB
Lisburn Laganbank,2024-05-03 00:42:00,"gym suitable amount people using gym. gets far crowded lack equipment, especially weights section. one rack suitable deadlifts you’re lucky it’s available, shortage plates use. facilities also unclean. feel gym lots empty space upper floor could better used equipment.",1,54.5092116,-6.0413824,GB
Manchester Cheetham Hill,2024-05-02 17:21:00,"choice selection gym equipment great. gyms busy changing room facilities best. newly joined tried gym days, ended cancelling membership. happy pay extra better gym better shower changing facilities.",1,53.5032866,-2.2344764,GB
Romford,2024-05-02 15:24:00,joined next day flooded like days. idea happened didn’t even email customers imagine someone paid journey get,1,51.5760462,0.1822646,GB
Stowmarket,2024-05-02 14:56:00,treadmill faces wall there’s tv window look whilst running. speakers quite loud it’s difficult hear music. went afternoon clear staff one wearing uniform. quite small. shower smells mouldy - needs bleached. lockers seemed occupied belongings without padlocks. best gym experience. worth price. would pay bit nicer gym.,2,52.1878147,0.9973428,GB
London Marylebone,2024-05-02 13:17:00,equipment good unfriendly staff.,1,51.5243712,-0.163592,GB
London East Sheen,2024-05-02 08:31:00,"really don’t appreciated classes run , pt , don’t help much , don’t care safe manual , asked help fix one stuffs look unhappy help .. bad experience, pure gym east sheen.",1,51.4623706,-0.267094,GB
Glasgow Robroyston,2024-05-02 07:40:00,robroyston puregym stairs stair laltely diwnstair closed dont kniw upstairs available make busy even use machine need wait long,1,55.886885,-4.1743912,GB
Aberdeen Shiprow,2024-05-01 20:27:00,"upgraded core membership purely sports water got never worked again. also booked classes noone turned twice now! fortunatley one pts gave 1:1 instead. email told, reply. gym ok nothing cleaned even though ppl r meant clean use quite hard get solo machines meat heads hogging them. needless say paying go better gym away.",2,57.1460327,-2.0954146,GB
Sheffield Millhouses,2024-05-01 19:34:00,"would grateful could please k young, fit, able clients stop using three disabled parking spaces side gym. blue badge holder, yrs old mobility problems & numerous occasions unable park uncaring young people choose use disabled spaces. put notice remind selfish clients. thank you.",1,53.3459759,-1.4969316,GB
Basildon,2024-05-01 19:23:00,"worst ""gym"" ever been. first gym. gym never cold like here, muscle cannot grow cold. ac full blast reason matter winter summer, high fan speed full blast power pump ice cold air over. annoying absolutely unprofessional. cannot train well need wear layers cloths avoid cold. reason join lower price gyms, one worth penny.",1,51.5754602,0.4757363,GB
London Bermondsey,2024-05-01 12:19:00,"could really good gym. great location, lots equipment staff pt's really friendly. temperature however lets massively. says website, fully air conditioned lie. main section gym always hot feels oppressive soon walk in. useless want sort cardio. side gym better, goes show issue there. also get super busy, much that, pick different time go. come pure gym, sort temperature!",2,51.4970125,-0.063268,GB
Birmingham Arcadian Centre,2024-05-01 07:32:00,parking explained. know enter reg start arcadian birmingham. explained anywhere worried fine. punch bag?,2,52.4747581,-1.8965083,GB
West Thurrock,2024-05-01 07:30:00,turned gym gym code would let in. still nobody contacted,1,51.47712,0.2721259,GB
London Swiss Cottage,2024-04-30 22:08:00,fullest gym ever visited… went around 8:30 pm basically free equipment. two flat benches bench pressing crazy huge gym. also moving around equipment pain everything stuffed together. money making machine sell way contracts capacity,1,51.543722,-0.174982,GB
Blackburn The Mall,2024-04-30 20:01:00,take way long fix things double doors going blackburn gym worked dats,1,53.7489149,-2.4826216,GB
Southampton Central,2024-04-30 16:45:00,unable correct profile website,1,50.9074977,-1.4142289,GB
London Marylebone,2024-04-30 13:11:00,membership wanted access gym list contacted customer support yesterday said would give temporary access. action request gym told buy day passbfor £12.99. delay responding issue cost money time despite trying proactive getting access early.,1,51.5243712,-0.163592,GB
London Finchley,2024-04-30 12:05:00,"purchased day pass wrong gym, nobody available fix issue. waiting refunded, heard anyone. reached email facebook messenger.",1,51.5973246,-0.1805587,GB
New Barnet,2024-04-30 11:45:00,lot equipment broken time.,2,51.6497449,-0.1751403,GB
Dudley Tipton,2024-04-30 08:11:00,staff.. clearly unsafe saw kids confirmed & actually looked young using heavy equipment without supervision adults.or staff worrying. dangerous.would use gym again.,1,52.524461,-2.0492538,GB
Walsall,2024-04-30 01:03:00,really gym joined work lates geared go gym closed email nothing i’ve lost motivation gym,1,52.5847949,-1.9822687,GB
Falkirk,2024-04-30 00:07:00,didn’t get confirmation booked found spam folder email didn’t attend need rebook gutted today sat thinking hadn’t accepted booking etc realised spam folder missed induction. sadly,1,55.9991959,-3.784376,GB
London Croydon,2024-04-29 15:50:00,"join walked cancelled straight away, equipment falling apart…",1,51.3550556,-0.0643104,GB
Cardiff Bay,2024-04-29 14:50:00,wanted bring friend staff get equipment low 6ft adjusting free weight benches tiny way low,1,51.4639553,-3.1641374,GB
Salford,2024-04-29 13:01:00,says joining fee took pound,1,53.4877463,-2.2891921,GB
Sheffield City Centre South,2024-04-29 11:34:00,staff really unhelpful i’m terminated account,1,53.3755841,-1.4673519,GB
Newport Gwent,2024-04-28 18:06:00,"went puregym newport - south wales couple hours day pass. visited gym previously couple years back. unfortunately, filthy deplorable gym ever to. changing rooms absolutely disgusting; firstly took trying lockers found one could locked standard puregym padlock. toilets toilet paper two urinals inaccessible due litres urine them. sink dirty cleaned months. gym incredibly dirty, floors matted dues hair. machines old, rusting unsafe. handles machines human skin stuck them. little cleaning stations any. cleaners gym staff around mention anything to. saw bed bugs carpet - reported council. benches free weight area cheapest unsafe benches ever come across. dumbbell chest presses like feel safe living 60kg+ body, feel safe benches almost cushion like instability. subscribed puregym regular basis another location. visit newport puregym seen never subscribe attend another puregym ever.",1,51.590121,-2.9985571,GB
Nottingham Beeston,2024-04-28 17:00:00,session good ‘being friend’ pin work door entry exit. staff said common issue.,2,52.9209026,-1.2075548,GB
London Park Royal,2024-04-28 13:14:00,"cold water, dirty floor missing equipment",1,51.5264341,-0.2839348,GB
Birmingham Longbridge,2024-04-28 11:51:00,"attended guest & pin work. machines examples, jogger & rower weren’t disinfected!! it’s fact covid isn’t cured so, paper towels gel placed view customer need clean machines advised.",1,52.3940521,-1.9807506,GB
Watford Waterfields,2024-04-28 10:52:00,manager gone!!! reasons obvious....,1,51.6523792,-0.3894354,GB
London Hoxton,2024-04-28 10:33:00,"smell unbearable, people need start using deodorant…",1,51.5323935,-0.086078,GB
Oxford Central,2024-04-27 23:54:00,lost stuff locker room oxford central,1,51.7675994,-1.2611954,GB
London Enfield,2024-04-27 23:53:00,pin number work! access gym. paid access gym today 27/04/2024 access gym. frustrating start honest!,1,51.6517156,-0.0786839,GB
Cambridge Grafton Centre,2024-04-27 22:48:00,far busy. enough machine variety. i’m suprised let many people gym quite clearly cannot accommodate amount people. waiting equipment. pleasant work out. maybe better time day,2,52.2062587,0.1348954,GB
Harlow,2024-04-27 20:28:00,"made mistake package opted for. tried changing it. sent many emails correct this, acknowledgement received,or corrected package tried change to, fact, think error expensive package listed asking changed, would like could accommodate matter. thank",1,51.7685568,0.0949036,GB
London Enfield,2024-04-27 11:06:00,went gym 8am morning first time qr code pin code working. pushed button assistance one came help.,1,51.6517156,-0.0786839,GB
Swindon Stratton,2024-04-27 08:54:00,"overall gym equipment wasn’t bad one thing really bugged fact don’t need pin go woman’s changing room, walk straight in, anyone can. showers glass doors yeah portion frosted absolutely privacy.",2,51.5844079,-1.7492304,GB
London Enfield,2024-04-27 01:38:00,"list bothered staff first day got stuck quiet long time. qrcode working, new clients. well scanning regular clients held long time, assistant unresponsive unprofessional.",1,51.6517156,-0.0786839,GB
Watford Waterfields,2024-04-26 21:52:00,manager arrogant rude!,1,51.6523792,-0.3894354,GB
Wrexham,2024-04-26 16:27:00,"wrexham pure joke. alot underage kids (wearing school uniforms) pissing about, going anything besides taking space. manager walks around sees going doesn’t say anything. really bad",1,53.0465084,-2.9937869,GB
Birmingham West,2024-04-26 11:01:00,"way pt classes cancelled members turn pt class appalling. structure place. say one thing though, kieth... lloyd....and lucy current pt trainers heart soul place. pt classes amazing make work potential. pt trainners leave reason leaves pt accommodate pt classes aswell individual client classes. gym needs invest pt trainners cancel classes last minute unprofessional business causes inconvenience members take time attend pay good money membership gym. bearing mind birmingham west compared puregym highest rate membership charges.",1,52.4796992,-1.9026911,GB
Bridgwater,2024-04-25 23:26:00,super busy. expensive better equipped puregyms. small gym enough equipment amount users,2,51.1283378,-3.0037046,GB
Bangor Northern Ireland,2024-04-25 16:54:00,gym closes 10pm although claiming 24/7 bangor northern ireland. can’t find news updates regarding long it’ll for. joined purely it’s 24h isn’t case,2,54.662595,-5.6679127,GB
Colchester Retail Park,2024-04-25 14:59:00,joined online arrived gym found 50% discount first month also joining fee,1,51.8926343,0.8909382,GB
Bletchley,2024-04-25 13:52:00,"inform buddy program well enough, new immigrant thought would access find could go four times",1,51.9943694,-0.7325655,GB
Leicester Walnut Street,2024-04-25 13:29:00,great far actual gym good staff friendly kit plenty choose from. place packed car park always full. air con can't keep demand people along people's terrible hygiene place stinks etiquette gym enforce rules bags floor trip people walking around barefoot. cheap get pay,2,52.6244566,-1.1343556,GB
Peterborough Serpentine Green,2024-04-25 12:21:00,"email received puregym says log complete health declaration. members portal option complete health declaration seems membership paused completed step. googling got two pages listed website discuss health declaration, neither option accept declare anything. supposed do!",1,52.5403778,-0.2632194,GB
London Swiss Cottage,2024-04-25 10:47:00,pin code sent work. phone number call someone assist assistant button work.,1,51.543722,-0.174982,GB
Watford Waterfields,2024-04-25 09:06:00,filthy gym!,1,51.6523792,-0.3894354,GB
Newbury,2024-04-25 07:23:00,gym congested.,2,51.4020243,-1.3242212,GB
Sevenoaks,2024-04-24 21:48:00,wanted join daughters could visit school realised sevenoaks pure gym twice expensive else looked ??? justified? looks like daughters going gym ! reply pure gym comment .... sorry doesn't!,1,51.2745218,0.1961166,GB
Brierley Hill,2024-04-24 20:39:00,"asked somebody show treadmill machines work 1st try told nobody available machines easy use..!!, second attempt manager came show turn machine asking different program settings work told idea really use treadmill....!!!!!, showers disgusting dirty smelling badley also first shower went even work, large amount different equipment nice see.",2,52.4823185,-2.1237803,GB
Glossop,2024-04-24 17:21:00,"gym mess l, weights everywhere. need expand cope amount members",1,53.4433552,-1.9499173,GB
Aberdeen Shiprow,2024-04-23 20:57:00,"extremely disappointed joining experience . understand digital world everything digitalised opinion enough staff aid customers issues case pure gym. barely see worker help need help . membership suspended aided someone .i understand policy didn’t get much explanation got suspended,only email say suspended literally second day ! top one help resolve issue . membership still suspended even though i’ve sent emails. someone takes fitness seriously wanted kick start fitness properly issues , experience proven discouragement . spoke people work experience said less thing . understand policies put place , grown adult using money service , would nice especially since second day joining warning even proper channel resolve issue. thank",1,57.1460327,-2.0954146,GB
London Farringdon,2024-04-23 20:54:00,"equipment dated. came expecting able training per coached plan equipment basic. baffled none staff even heard watt bike. machines don’t synch smart watches tell watts doing. complete training based guess work. said staff found equipment disappointing, said price membership reflects quality however paid £14.99 visit gym one day nearly much membership back home swim gym classes!",2,51.519964,-0.104555,GB
Birmingham Beaufort Park,2024-04-23 20:24:00,"absolute madness, booked classes went attend one conduct class.",1,52.493268,-1.8171797,GB
Reading Basingstoke Road,2024-04-22 18:15:00,"bought day pass online £7.99 staying reading night , got given code code getting accepted pods . pushed button entrance assistance multiple times one came . got email saying membership got denied suspended however still payment taken . email told contact gym manager however contact number one coming pushing button assistance . didn’t gym session lost £7.99",1,51.4230851,-0.9698911,GB
Southport,2024-04-22 13:58:00,"booked onto class minutes due start instructor turned up, enquired pt, working client couldn’t take class(understandable) said thought cancelled earlier day! emailed member services, response days saw pt eating sandwich whilst working client professionalism doesn’t appear something care",1,53.6475988,-3.0041751,GB
Ashford Warren Retail Park,2024-04-22 11:21:00,unable access gym pin number supplied would work. difficult contact anyone regarding phone numbers,1,51.1583631,0.8682394,GB
London Hoxton,2024-04-22 10:08:00,receipt says contact customer support issue signing up.,1,51.5323935,-0.086078,GB
Newcastle Eldon Garden,2024-04-21 13:15:00,"firstly, staff entrance, upon first visit, barcode working, nobody help me. floors, one floor working air con, partner began feel light headed dizzy certain workouts, due overwhelming heat lack air con. 3rd floor closed off, unable use it, yet still paying full price month’s membership, think quite unfair. comes equipment, different equipment focus different areas body scattered around different floors, don’t think makes much sense. back tricep equipment one floor, leg equipment one floor, etc? finally, drinks machine 3rd floor order, yet signed membership, would allow pay extra part monthly membership use it.",1,54.9757161,-1.6168648,GB
Exeter Fore Street,2024-04-21 12:57:00,paid months access several units travel lot work...but far able access unit...that's disappointing...that's review can't good. . sad,1,50.7205151,-3.5351998,GB
Gravesend,2024-04-21 09:15:00,busy. staff young clue. manager also busy speak.,1,51.4424747,0.3694468,GB
London Enfield,2024-04-20 21:45:00,"yellow-on-blue qr codes wall work. manually entered web address signed normal email one access via mobile paid £11.99 day pass find pin get accessible via email have. changed email account settings one access asked two separate pin reminders waited minutes never came. awful experience took business elsewhere anytime fitness road, greeted actual human went great workout. date yet figured get refund day pass able use.",1,51.6517156,-0.0786839,GB
London East Sheen,2024-04-20 18:47:00,"looks like cleaners site.the toilets weren’t clean, smelly water flooded floor sinks. terrible experience!",2,51.4623706,-0.267094,GB
Stoke-on-Trent East,2024-04-20 09:48:00,wanted use gym buddy code didn’t work. one help either. waste time large chain gym…,1,53.0593352,-0.8159322,GB
London Hoxton,2024-04-19 18:51:00,"choose gym seemed offer lot better.org gyms. able understand access multi gyms pass paid for. want change home gym keep sending emails click link (here) nothing happens meanwhile wasting money keep refusing entry local gyms little help apps sort quickly. would great person either talk email made sense move forward. home gym stratford local gym hoxton. sure it’s included multi pass it’s hard change home gym app via email. please respond positive news cancel membership, save money. would awful gym motivates delay crucial health journey. thank",2,51.5323935,-0.086078,GB
London Enfield,2024-04-19 10:09:00,"first all, gym dirty pay attention cleanliness. since carpet floor gym, incredibly dusty inside ventilation work well enough. bathrooms dirty, changing rooms dirty. went plan going again.",1,51.6517156,-0.0786839,GB
Chester,2024-04-19 09:57:00,first time gym staff friendly busy walking around,1,53.1908873,-2.8908955,GB
Romford,2024-04-19 08:42:00,free parking gym membership every time drive pay. live far away inconvenience,1,51.5760462,0.1822646,GB
Preston,2024-04-19 01:55:00,bought pass online didnt even let bit mess really,1,53.7593363,-2.6992717,GB
Exeter Bishops Court,2024-04-18 18:51:00,"code hours, day purchase shown clearly enough. bought day entry around 1830hrs evening intention going gym 0500hrs next day. got there, code expired midnight gone, never got use it.",1,50.7151321,-3.4685252,GB
London Charlton,2024-04-18 14:00:00,"whenever coming training always packed. system barcodes simple 100% sure users giving away barcode using one 10th persons. never seen wide gym would packed time. example gym next door ""fitness4less"" using door fobs even 5-6pm gym able use others who's arriving bit later.",2,51.4826053,0.0365359,GB
South Ruislip,2024-04-18 10:31:00,drinking morning look sink dirt,1,51.5569909,-0.3990635,GB
Wrexham,2024-04-18 09:02:00,"many people let everyone in, impossible plan workout",2,53.0465084,-2.9937869,GB
London Park Royal,2024-04-17 19:46:00,disgusting long taking fix male showers. animals,1,51.5264341,-0.2839348,GB
London Borough,2024-04-17 16:50:00,sound system broke cycle class done silence. instructor unenthusiastic.,1,51.5011444,-0.0932926,GB
Hednesford Cannock,2024-04-17 08:23:00,"gym great. however bought day pass working away, find got gym hot water.",2,52.7113843,-2.0025384,GB
Burgess Hill,2024-04-16 15:46:00,free day pass working,1,50.9575365,-0.1332853,GB
Harlow,2024-04-16 13:57:00,"contacted pure gym get help access gym, hours wait, still waiting one return back assist, fantastic service poor lack standard, showed bad image.",1,51.7685568,0.0949036,GB
Newry,2024-04-16 08:55:00,"signed free day pass, excited check place thought becoming member really loved it. signed last night find free pass expired midnight, basically useless, kept trying change day, wouldn’t let me. feel slightly scammed honest. totally put",1,54.1775283,-6.337506,GB
Birmingham Beaufort Park,2024-04-15 20:46:00,wouldn’t lent me. change date day pass,1,52.493268,-1.8171797,GB
Manchester Spinningfields,2024-04-15 17:02:00,"nothing wrong gym. signing bit that's faulty. first showed ""failed sign up"" message eventually got there.",1,53.4800153,-2.2517994,GB
London Muswell Hill,2024-04-15 13:05:00,sh#t management,1,51.5910395,-0.1420768,GB
London Whitechapel,2024-04-15 05:45:00,cancelling membership. irresponsible tone deaf ceo express anti palestinian sentiments whilst genocide full force them. ceo needs sacked. ceo sacked company apologises may reconsider joining.,1,51.5174861,-0.0659685,GB
London Swiss Cottage,2024-04-14 22:36:00,"paid day pass evening 13/04/2024, went next day, find get in. nobody around help me, bought another day pass. guess made mistake second purchase, never got pin get gym, total waste time. paid twice, gym time, far support whatsoever puregym. looking refund.",1,51.543722,-0.174982,GB
Glasgow Bath Street,2024-04-14 19:32:00,ski erg rower old,1,55.8637839,-4.2559582,GB
Inverness Inshes Retail Park,2024-04-14 16:02:00,happy paying joining fee plenty banners inverness showing joining fee,2,57.4687423,-4.1901094,GB
London Bermondsey,2024-04-14 15:05:00,"stairmaster machines currently working! case months! popular machine. currently prep competition machine part prep. leg press machine also broken months. bench press machines working. doubt take months fix. equipment old & price membership always increasing. least toilet floods recent months. attending gym quite time & going bad worse. however, pts friendly approachable e.g alessio, jack & marshell. declining fast! needs complete revamp!",2,51.4970125,-0.063268,GB
Bath Victoria Park,2024-04-14 12:35:00,booking system looks negative select reduced time package. guess likely many classes booked week advance may routine waiting list able get slot close session many people booked “in case” drop out. whilst early days sure retain membership conditions.,2,51.3856653,-2.3766501,GB
Nuneaton,2024-04-14 12:31:00,paid day pass pin didn’t arrive help service help,1,52.5246182,-1.4684488,GB
Borehamwood,2024-04-14 12:28:00,registered let inter club. totally unacceptable,1,51.6555295,-0.2764051,GB
Manchester Bury New Road,2024-04-14 03:33:00,"dirty,and stinky place.on top toilets. disaster .. toilet paper. soap! seats dirty urinalysis only..",1,53.493801,-2.2502732,GB
Maidenhead,2024-04-13 21:24:00,"stayed away home weeks visited local gyms get training in. peak times.. sadly wish hadn’t bothered visiting maidenhead branch. couldn’t get equipment, people interested sharing found surprise. friendly.. poor hygiene. finally get equipment it’s covered sweat person previous didn’t clean up. people smelt like hadn’t good wash 🤣 won’t returning stay area again.",1,51.522743,-0.7197368,GB
London Canary Wharf,2024-04-13 19:30:00,"could enter gym. common occurrence. something computer system. join, get used occasional lockout.",1,51.5048954,-0.0190006,GB
Paisley,2024-04-13 14:12:00,today gym really disappointed put sprays clean machines don’t put anything wipe machines asked personal trainer put hands like it’s problem. sprays make sense today paper wipes. meant use clothes,1,55.8455828,-4.4239646,GB
Hatfield,2024-04-13 11:12:00,enough mirrors all. mirrors studio floor? can’t see all. it’s small.,2,51.7634675,-0.2258741,GB
Eastbourne,2024-04-12 21:40:00,"took minutes code come email, rang hours button got answer 5pm, machines accurately weighted (lighter labelled) it’s good kid starting young girl, you’ve lifted weights stared like mutant guess that’s benifit bit ego boost",1,50.7664372,0.2781546,GB
Glasgow Charing Cross,2024-04-12 20:51:00,showers extremely dirty,2,55.8646397,-4.2695777,GB
Maldon Blackwater Retail Park,2024-04-12 08:05:00,£27.99 gym pass per month classes dont enough spaces people per class practical always waiting waiting list. waste money,1,51.7361235,0.682067,GB
Newcastle Eldon Garden,2024-04-12 07:24:00,didn’t even get pin…i’m waiting outside gym..i signed now.,1,54.9757161,-1.6168648,GB
London Enfield,2024-04-11 22:49:00,bought day pass pin come time! leave gym.,1,51.6517156,-0.0786839,GB
Gloucester Retail Park,2024-04-11 21:02:00,"grim! stank man sweat, every machine used nothing available clean sweat equipment people left.",1,51.859848,-2.2163951,GB
Newbury,2024-04-11 20:45:00,"terrible experience. expensive, crowded limited equipment.",1,51.4020243,-1.3242212,GB
London Beckton,2024-04-11 17:48:00,"cancelled membership, asking rejoin higher price, can't speak anyone, can't explain anyone, want email contact",1,51.5160797,0.0594257,GB
Peterborough Brotherhood Retail Park,2024-04-11 16:19:00,"8th,9th,10th april 8th april gym like 11am till 13:00 on9th morning like 8:30/9:00 till 11:00 on10th april 7:00am till 9:00 dear sir/medam i’m babar ikhlaq done days pass puregym peterborough brotherhood , really really bad service ask staff show machines exercises minutes job ( repeat ask help staff didn’t ask training something else asked showing machines minutes job said busy can’t next day asked said minutes help ,but didn’t i’m really sorry say pure gym brotherhood poor service trained many different gyms every time asked help good gym staff poor staff service kind regards babar ikhlaq",1,52.6002891,-0.2642011,GB
London Canary Wharf,2024-04-11 15:01:00,"smelliest gym ever to. ventilation poor. actual gym smells gross block nose going past toilets. really really unpleasant, especially £40/month",2,51.5048954,-0.0190006,GB
Inverness Inshes Retail Park,2024-04-11 14:14:00,"code work, couldn’t get gym",1,57.4687423,-4.1901094,GB
Luton and Dunstable,2024-04-11 13:18:00,joined online front gym. many questions one let look join. awful way first join gym,1,51.8969557,-0.4744282,GB
Oxford Central,2024-04-11 09:52:00,running water. bought day pass can't even shower can't much. warning advance.,1,51.7675994,-1.2611954,GB
Nuneaton,2024-04-11 08:46:00,"gym poor state machines broke. loads kids standing around machines nothing, feel intimidating . toilets dirty & water floor, sure i’ll stay member long.",2,52.5246182,-1.4684488,GB
Southend Fossetts Park,2024-04-11 08:34:00,"really poor personal trainers unless training make feel really uncomfortable watch stare train, make rude comments training assistant managers try make decisions control listen hear say customers gym say something personal trainers belive stay well clear gym fossets way pure gym",1,51.5602641,0.7196723,GB
Didcot,2024-04-10 22:22:00,it’s always way hot workout properly. paying won’t turn a/c on?! please use outside winter. can’t workout like i’m going switch gyms,1,51.6056908,-1.2467923,GB
Belfast Adelaide Street,2024-04-10 18:22:00,never received pin,1,54.5936289,-5.9282801,GB
Liverpool Brunswick,2024-04-10 16:17:00,"rude people training, big men thinking intimidate young girls bully way onto equipment",1,53.3832177,-2.9760156,GB
Leeds City Centre South,2024-04-10 15:02:00,"busy, people sit machine aimlessly phones without challenged staff particularly dirty changing rooms / toilets. looks blood ceiling toilet stall people injecting(?!) smashed lockers.",2,53.3803135,-1.4706053,GB
Belfast Adelaide Street,2024-04-10 09:55:00,gym good. however leak water fountain ground floor really bad smell vomit.,2,54.5936289,-5.9282801,GB
Crewe Grand Junction,2024-04-10 08:51:00,"terrible experience one personal trainers’s puregym crewe (oliver holmes). posting review absolute last resort something wanted do. however, lack professionalism, communication manners left choice. started pting ollie september fine initial months. last payment end november sessions. fast forward months now, sessions. past months constant cancelled sessions weekly basis, occasions show severe lack communication. offered refund remaining sessions due weeks ago (which received), promised 4th april & still getting excuses yet. consistently getting ignored & follow messages send, experience extremely draining & distressing. patient understanding past months given plenty chances rectify situation prior writing review continues mess around. service horrific, cannot steal people expect ok behaviour without consequences. would avoid service avoid unnecessary stress. heard & seen great feedback puregym crewe pts wish gone instead.",1,53.0991747,-2.440752,GB
Merthyr Tydfil,2024-04-09 23:20:00,buy day pass joining monthly contract email recognised however money taken account. emailed sent facebook messages still waiting response,1,51.7455659,-3.3786082,GB
Wrexham,2024-04-09 21:47:00,"got day pass, awful experience. members smoking changing rooms",1,53.0465084,-2.9937869,GB
London Wembley,2024-04-09 19:15:00,"regret say experience pure wembley gym extremely disappointing. whole place suffers poor cleanliness, evident sticky floors unkempt equipment. additionally, discriminatory behavior british woman working there, towards minority patrons, unacceptable. furthermore, pervasive odor throughout gym nauseating makes wanting leave.",1,51.5560695,-0.2796034,GB
Aberdeen Shiprow,2024-04-09 17:19:00,"paid day pass didn’t receive pin number enter gym. contacted customer services, still haven’t replied. received email receipt pass also email review joining process, ironic, pin. two days day pass, still cannot access gym request refund. customer service department must operate like gyms do, one single member staff.",1,57.1460327,-2.0954146,GB
London Holloway Road,2024-04-09 15:44:00,"serious personal safety threat. attend gym. issue required police prosecution. threatened stabbed another member morning appalled staff handled situation. individual continually insulted me, urged fight outside, threatened stab changing rooms outside. particularly ended losing membership. initial trigger thinking condescending towards him. on-floor staff - later told training conflict management - refused address violent individual, despite screaming behaving clearly belligerent manner. addressed me, implied contributed issue. witnesses footage show, nothing calm measured throughout. nevertheless, asked leave situation violent individual allowed finish workout retained membership. must repeat: heated argument, stabbing threat london. one interested taking seriously me, you. staff also informed cctv may reach respective area gym. cctv may available internet down. shocked lightly puregym consider stabbing threat premises. committed chasing case consequences faced. mean time, attend gym. personal safety concerns.",1,51.5528674,-0.1130095,GB
London Camberwell New Road,2024-04-09 10:42:00,hot like working piccalilli line. many machines use weights scattered everywhere.,2,51.4802321,-0.1081217,GB
London Waterloo,2024-04-09 09:55:00,mins haven’t received pin. nobody gym answering button. standing wasting time. needs balance low cost bad service,1,51.5028379,-0.112801,GB
Folkestone,2024-04-09 09:16:00,rejoined sent email saying 30% off.and zero joining fee rejoined yesterday. took full amount yesterday pound including joining.fee disgusted pure gym,1,51.0791335,1.1794073,GB
Runcorn,2024-04-08 19:41:00,wheres pin💀💀💀,1,53.3421509,-2.7334941,GB
London Marylebone,2024-04-08 16:05:00,"gym overall okay, there’s aeration, there’s mirrors big wall, everywhere annoying. well furnished material missing. wait benches 20min least every time..",2,51.5243712,-0.163592,GB
Plymouth Marsh Mills,2024-04-08 08:28:00,"overall bad experience, gym little cramped would worth avoiding peak hours though. main gripe state showers! clearly cleaned everyday unless wolves using facilities. pubes, hair snot walls floor. cleaning needs serious look at. edit: april 15th change shower conditions, one order another blocked causing scum rise plug.",2,50.3949594,-4.0824299,GB
London Charlton,2024-04-08 08:24:00,"equipment missing, dumbbells",2,51.4826053,0.0365359,GB
Wakefield,2024-04-08 01:56:00,"oh goodness, gym toilet absolutely horrendous! smells like toxic waste dump there. could please install exhaust fans help clear putrid stench? like stepping mcdonald's bathroom hell. definitely lovin' it!",1,53.6829541,-1.4967286,GB
Linlithgow,2024-04-08 01:05:00,"online joining process ok day joined, booked ""get started"" class. turned up, young lady, stood waited, waited, trainer seen. eventually fellow gym-goer told us trainer turned earlier classes too. hang around hr still class, email explain why, quite upset way handled. gym un-manned, without induction, idea contact. fully understand people reasons attending work thought least get email say",2,55.977167,-3.6006234,GB
London Camberwell New Road,2024-04-07 22:14:00,majority equipment order.,1,51.4802321,-0.1081217,GB
Stoke-on-Trent East,2024-04-07 19:20:00,"love concept puregym: affordable exercise everyone, everywhere, 24/7 get generic equipment across pure gyms uk. guys really need update equipment/ move times - fitness industry fluid, fast-moving one reflected pg equipment/ machines! glute-focused machines gyms now??? smith-machines without horrific design flaw lowest stopper position high - stops able soooooo many exercises it?!?!?! guys purchased worst smith machine inherent design flaw & put branches all-over uk & never updated it!🤯 honestly - whoever pg’s buyers - need cabinet reshuffle take early retirement, seriously - wackiest design smith machine i’ve ever come across can’t take bar floor anywhere close - that’s joke! v-squat machines??? single leg extension & single-hamstring machines?!?! booty builders hip thrust machines?!?! multi-hip machines? need stay top ever-evolving scientific technological advancements fitness industry! nothing changed pg gyms (boring, generic equipment) - years years! that’s many people leaving going back expensive gyms - get use state-of-the-art equipment see influencer posts socials! still feel pg much geared men train upper body (in terms many upper body machines), women want build lower bodies gym multi-billion dollar industry - trend (that’s growing way decade now) reflected pg equipment / machines! i’ve pt years know i’m talking about. could go don’t time! pg need move times, forward msg ceo & consultant pulls pg brand/ chain 21st century good! :) diss msg,..just genuinely love pg concept feel hasn’t reached full potential yet,…and want to! :)",2,53.0593352,-0.8159322,GB
Aberdeen Shiprow,2024-04-07 14:09:00,"initial positive experience joining really looking forward going working out. however, first problem gent's changing rooms one two toilets completely toilet paper, nearly empty. barely enough me, would difficult whoever came me, say least! got gym itself, hygiene spray anywhere, paper dispenser empty, impossible wipe machines/benches use. finally, workout, showers freezing cold! one, all! simply good enough! please address issue matter urgency, others like gain maximum enjoyment membership pure gym. all, huge amount positives!",2,57.1460327,-2.0954146,GB
Harrogate,2024-04-07 13:29:00,"many broken pieces kit. one assault bike site, dumped walkway note saying working. place also needs good clean, smells foul.",1,53.9921491,-1.5391039,GB
Cardiff Bay,2024-04-07 11:03:00,small gym tried fit much equipment. whole gym intimidating busy,1,51.4639553,-3.1641374,GB
London Holborn,2024-04-07 10:16:00,spray clean equipment gym. paper towels. hygienic.,2,51.5195982,-0.1137266,GB
Milton Keynes Winterhill,2024-04-07 03:06:00,lot equipment seems old battered. cable machines example don’t run smooth should.,2,52.0277439,-0.7636732,GB
London Wembley,2024-04-06 18:54:00,"-- urgent -puregym -- reason get message yoga class missed, reason got message calander app, (on mobile number: 07376710997?), reply, managed read message now?? nb: also would like know sent message calander, hope legal would forced tell local police, ha, ha ha??!! emanuel rodney",2,51.5560695,-0.2796034,GB
Belfast Boucher Road,2024-04-06 17:17:00,"needs bar collars, benchs racks. showers would good also. slightly average experience ever use pg im desperate",2,54.5710822,-5.9716097,GB
Coventry Skydome,2024-04-06 17:10:00,"tried phone puregym could find phone number. trying sign internet, wife together, separately. frustrating. offered 30% deal joining fee, payment direct debit link seemed wrong figures used. left assume “sort out” get back wrong? would hate cancel prematurely!",1,52.4075589,-1.5184111,GB
Ashton-Under-Lyne,2024-04-06 14:05:00,"fail understand sweat class, timetable scheduled studio, moved open part gym, leaving whole studio empty designed for. assume pt want set equipment studio. also,the arrogance pt moving gym users away equipment secured open part gym riduculous. point paying gym membership cannot use equipment properly.",2,53.4865407,-2.098691,GB
Maidenhead,2024-04-06 11:27:00,filthy. it’s dirty smelly.,1,51.522743,-0.7197368,GB
Swindon Stratton,2024-04-06 09:23:00,"brought day pass, code didn’t work. pure gym entrance minutes trying get code work, putting multiple times didn’t. embarrassed everyone else able get apart ended going another gym. £6.99 wasted, buying code didn’t work. absolutely furious can’t get money even try another day it’s one day pass.",1,51.5844079,-1.7492304,GB
Wirral Bidston Moss,2024-04-06 07:14:00,could gain access gym pin working. contact number customer services. gym unmanned. go proper gym. staff.,1,53.410373,-3.076908,GB
Byfleet,2024-04-05 21:51:00,"code free day pass, accepted reduced £9.99 zero, however, reached payment screen still stated £9.99 pay. gym unmanned no-one around assist. case paying £9.99 wasted trip.",1,51.3401727,-0.472897,GB
Leeds Hunslet,2024-04-05 14:06:00,first impressions good. booked induction one showed up. booked onto class instructor quite dismissive. nearly class us there. class take time ensure knew barely showed us assuming would get straight away. looking trying follow said. offered instructions even asked correctly. probably stick work left bad taste mouth. continue go neednto use equipment.,1,53.7786185,-1.5282492,GB
Poole,2024-04-05 11:01:00,pure gym tower park ok lacks lot experienced pure gyms. - sanitiser clean hands equipment use. - dedicated stretching area - short grass track sled pulls/push,2,50.7179472,-1.981521,GB
Exeter Bishops Court,2024-04-05 08:10:00,it’s hot gym makes uncomfortable work in. equipment (treadmills rowers downstairs example) must quite old / well used poor condition. gym poorly laid doesn’t make space could equipment available. price quite expensive size gym- member another better pure gym gym considerably cheaper.,2,50.7151321,-3.4685252,GB
Basildon,2024-04-05 07:34:00,"dip machine order now, set cable machines told member staff calf raise machine stiff got brushed don’t care.",2,51.5754602,0.4757363,GB
Aberdeen Kittybrewster,2024-04-04 22:59:00,"many people gym, enough space time wait machine want use.. plus boxing bag, even single jumping robe studio exercising!",2,57.1616343,-2.1132396,GB
Birmingham City Centre,2024-04-04 20:51:00,every week there's broken lockers - never seen one get repaired. going months. result drag bag around there's place securely store it.,2,52.4856896,-1.871104,GB
London Bromley,2024-04-04 15:05:00,always busy hour session turns 2-3hours many year olds using parents membership standing around machines using them.,1,51.3668569,0.0617091,GB
Chippenham,2024-04-04 00:45:00,portuguese teh app doesnt work cell phone,2,51.4587621,-2.1159032,GB
Eastbourne,2024-04-03 10:29:00,"never get onto classes without waiting list sometimes days confirmed onto classes. book week advance unless pay even money per month! cannot plan ahead. would think would offer popular classes accessible time day (some us work daytime!). huge problems trying get membership sorted initial offer price, increased times days! heard nothing back member services emailing help get membership sorted. got response someone left negative customer service review emailed me. explained situation, even promises sort issue, nothing followed up. ended cancelling membership, felt complete utter waste time money.",1,50.7664372,0.2781546,GB
London Muswell Hill,2024-04-03 08:48:00,gym packed rundown. people don’t clean either. worth membership £40 another gym pool sauna road £50.,2,51.5910395,-0.1420768,GB
Cardiff Bay,2024-04-02 23:26:00,pay £10 joining fee membership second location option joining fee offer available,1,51.4639553,-3.1641374,GB
Bangor Northern Ireland,2024-04-02 23:17:00,annoying offer peak membership,1,54.662595,-5.6679127,GB
Basildon,2024-04-02 21:01:00,absolutely rubbish,1,51.5754602,0.4757363,GB
Bath Spring Wharf,2024-04-02 18:13:00,paid membership fee march. time due technical issue website couldn’t apply promo code zero joining fee. it’s unfair pay pound due glitch website.,1,51.3846626,-2.3807866,GB
Maidenhead,2024-04-02 15:36:00,shocking. one talk to. minutes outside door one answering bell. absolutel terrible,1,51.522743,-0.7197368,GB
Coleraine,2024-04-02 12:20:00,access gym pin provided,1,55.1315912,-6.671861,GB
Cambridge Grafton Centre,2024-04-02 00:10:00,"bought day pass never got pin enter , happened twice now, waste time using pure gym. avoid",1,52.2062587,0.1348954,GB
London Southgate,2024-04-01 18:15:00,abundance brocolli haired kids crowding machine bad hygiene levels gym. believe toxic waste areas chernobyl less hazardous.,1,51.6323183,-0.1277858,GB
Cambridge Grafton Centre,2024-04-01 17:39:00,downloaded app paying online. asks password. password option provided joining/paying. tried using pin recognized. clicked forgot password email sent reset password! wt?,1,52.2062587,0.1348954,GB
Rayleigh,2024-04-01 14:13:00,poor changing facilities. equipment properly fitted together (benches loosely fixed together tredmill belt fitted right) general unwelcoming atmposhere. poor acess control.,1,51.5884892,0.6012418,GB
Heanor,2024-04-01 12:38:00,"freezing cold. heating seems on, small two limited machines werent working properly.",2,53.0145821,-1.3574966,GB
Sutton Times Square,2024-03-31 21:12:00,take away pure gym joke business rude staff looking know themself. multi access joke ting membership running back compensation theft inconvenience review people's gym hold.,1,51.3643147,-0.1915453,GB
Maldon Blackwater Retail Park,2024-03-31 16:32:00,little machines hardly enough work really disappointing,2,51.7361235,0.682067,GB
Leicester St Georges Way,2024-03-31 11:58:00,1. don’t manage app 2. trainers don’t show 3. don’t reply emails. 4. don’t care complaining giving feedback,1,52.635872,-1.1231787,GB
Walsall Crown Wharf,2024-03-31 07:53:00,men's hand dryer toilet broken months & replaced. told members staff put request new one nothing dome. this??,2,52.5872454,-1.9883526,GB
New Barnet,2024-03-31 01:41:00,far busy equipment working order,2,51.6497449,-0.1751403,GB
Redditch Ringway,2024-03-30 22:53:00,"generally cheap expectations never high redditch branch variety weight lifting equipment. however, machine based equipment (treadmills, stair master etc.) regularly broken take weeks fixed. maintenance equipment none existent, recent issue involving faulty bike causing personal injury, sent several emails manager, never responds seems display level basic customer service. afford it, much better gyms there.",2,52.3087539,-1.9434403,GB
Manchester Exchange Quay,2024-03-30 20:52:00,"well, rejoined gym month hiatus. major surgery decided gradual return im still healing abdominal surgery . today, pin work despite buying core (any gym) membership. buzz staff. get friendly welcome even showed receipt. saw selected urban quay (mistake) instead exchange quay. staff member said exchange quay urban exchange. replied, didn’t matter bc paid “any gym” membership. put pin showed didn’t work. asked app. explained still downloading . stated, “i’ll let today i’d find left issue pin. want say thanks treating like criminal. would nice received friendly welcome especially since error pin work. also paid membership. urban exchange expensive exchange quays membership. i’ve decided today gym temporary membership only. soon i’m fully recovered surgery, i’ll find another gym go to..",1,53.4663229,-2.2822821,GB
Bournemouth Mallard Road,2024-03-30 08:28:00,"toilets needs cleaned, they’re really smelling",1,50.7503219,-1.846402,GB
Maidenhead,2024-03-30 08:15:00,machine ratios way off. row machine lat pull downs meant queues people machines. struggled complete simple pull sessions,1,51.522743,-0.7197368,GB
Staines,2024-03-29 18:41:00,"busy, machines clean. lockers knackered. disappointed",1,51.434012,-0.511044,GB
South Ruislip,2024-03-29 14:13:00,went morning gym class 12th 14th march. received two parking tickets. website says free parking. think would go back south ruislip pure gym again.,1,51.5569909,-0.3990635,GB
Reading Calcot,2024-03-29 13:38:00,"packed, cold showers,",1,51.4468889,-1.0381147,GB
Manchester Spinningfields,2024-03-29 09:31:00,"sign-up process took long wait minutes code get in. find towels. treadmill low quality. timer set minutes interrupted run - low automatic slow down. overall, pleasant experience.",2,53.4800153,-2.2517994,GB
Aintree,2024-03-28 23:13:00,"hi , yet it’s aintree gym work low scoring prove would deserve anything higher!",1,53.4803632,-2.9376261,GB
Hemel Hempstead,2024-03-28 22:38:00,worst gym around,1,51.7511784,-0.472528,GB
Aberdeen Shiprow,2024-03-28 19:09:00,wanted three day pass working. went gym could nothing. opt expensive monthly plan.,1,57.1460327,-2.0954146,GB
London Park Royal,2024-03-28 02:33:00,"guest access really difficult. correct code but, reason, activated. that's despite showing website correctly guest. pressed button get help nobody came.",2,51.5264341,-0.2839348,GB
Rayleigh,2024-03-28 01:19:00,"let gym, code scanner work",1,51.5884892,0.6012418,GB
London Lewisham,2024-03-28 00:55:00,rubbish gym. hot water year.,1,51.4656437,-0.0139562,GB
Widnes,2024-03-27 18:06:00,"whilst working away, booked 'day pass' widnes gym. arrived find gym closed refurb. disappointed allowed book online gym actually closed. plus, nice lady (member staff) got refund spot. compensation wasted time mileage.",1,53.3646888,-2.7283328,GB
Edinburgh Exchange Crescent,2024-03-27 12:16:00,"machines exchange crescent old, outdated worn out, limited variet everday gym. also many treadmills cardio machines. worst gym ever. small space compare quartermile craigleith. almost dead wifi. no~not recommended",2,55.9471483,-3.2090253,GB
Birmingham City Centre,2024-03-26 22:58:00,"broken light keeps flashing tiring eyes head. wifi work 1st floor, machines broken plates dumbells scattered place. impossible find working locker.",1,52.4856896,-1.871104,GB
Leeds Hunslet,2024-03-26 17:52:00,machines toi close together times since fit different time day time air con. weights hard keep hold slippery. beileve moving gyms.,2,53.7786185,-1.5282492,GB
Birmingham Longbridge,2024-03-26 15:40:00,"first visit, booked zumba class. informed class cancelled email text ect. disappointing.",2,52.3940521,-1.9807506,GB
Cardiff Bay,2024-03-26 14:47:00,"online sign process unclear times student membership discount somewhat misleading. instance, offers membership discount 30% - expensive membership available. therefore, actually cheaper get (off-peak) membership offer corresponding reduction cheapest membership. represents considered tactical marketing and/or seemingly deceptive sales pitch (by silence) when, reality, company (pure gym) could simply upfront. although correct stating get discount 30% - actually still expensive (at £19.50 p/m) get ""discounted"" membership. also includes burden minimum month contract comes ""discount"" applied. reality, would otherwise cheaper potential new members get basic off-peak membership (£15.99) comes added flexibility contract. else, tactics used sneaky give impression value, really view purely financial standpoint.",1,51.4639553,-3.1641374,GB
London Beckton,2024-03-25 18:09:00,croweded space work chance work evening thats time go gym,1,51.5160797,0.0594257,GB
Dunfermline,2024-03-25 18:08:00,"gents changing rooms/ toilets disgrace. needing cleaned cleaned properly days. urine walls floor smell accompany it, soap walls sinks walls hand dryers literally black dirt. gym floor fine changing rooms shameful.",1,56.0713724,-3.4616183,GB
Broadstairs,2024-03-25 12:47:00,paid day pass couldn’t use it. never got qr code time.,1,51.3586758,1.4407855,GB
Corby,2024-03-25 10:15:00,"member corby purgym years. time gone average poor. equipment breaks continiously takes age fixed, toilets smell seems zero interest company investing gym.",2,52.4877341,-0.7032713,GB
London Enfield,2024-03-25 09:14:00,still induction want go gym,2,51.6517156,-0.0786839,GB
London Streatham,2024-03-25 01:17:00,multiple occassions seen people walking time using code. raises serious concerns regards security times belongings left unattended going rerack weights going water fountain. also puts safety risk trespassers site also simple courtesy pay membership whilst lot dont.,1,51.429769,-0.1311105,GB
New Barnet,2024-03-24 14:17:00,"hit miss gyms. rejoined pure new barnet year gap (covid work). gym really good back them. thr gheto gym ever seen. lockers broken into, locker room void vanity stations there. benches missing. lockers big open room smashed lockers smell urin. earth happened. equipment changes 4years buy memberships viewing local branch.",1,51.6497449,-0.1751403,GB
Hatfield,2024-03-23 23:09:00,"managers hugely unprofessional, don’t care people’s complaints don’t take time talk members, quite happy complaint leave actually sort issue.",1,51.7634675,-0.2258741,GB
Rushden,2024-03-23 21:36:00,facilities good members staff came across rude - example one interrupting mid-set say way class starting 9am even though time 8:24am… smile pleases thank yous would go long way!,2,52.2911567,-0.5988177,GB
Hednesford Cannock,2024-03-23 18:22:00,rejoining gym received code ‘friend’ try gym free charge. booked son using code - charged full day pass fee?? sent email manager local gym (as requested herself) yet receive reply. disappointed somewhat son wanted join gym considering us joining elsewhere now.,1,52.7113843,-2.0025384,GB
Maidenhead,2024-03-23 16:54:00,"certainly one worst experiences life. attempting use day pass gym, maidenhead, initially denied access. add insult injury, pure gym flatly refused allow re-schedule session, obtain refund. attempts contact faceless wonders head office met deafening silence. seem bunch money-grabbing, thoughtless mercenaries. would legally defined theft, wonder?",1,51.522743,-0.7197368,GB
Leeds Hunslet,2024-03-23 16:41:00,"great equipment roomy dirty (don’t put anything drink holders machines likely bring phone whatever used chewing gum on). used blue roll allover floor disgusting toilets. uncommon see people parked machines talking mobile phones half hour even eating bowls cereal. staff say word inconvenience them. however, staff *are* obsessed people leaving weights machines. obviously move back one rule love call observe broken. fine, sort of, - use machine leave found expected tidy previous person move whatever using back. don’t staff to. question expect bellowed aggressively across gym. don’t try reason. job tidy customers - theirs. don’t mention customer service. expect barked ‘you’re *my* customer’ do. expect phrases like ‘i’ll barred’. expect think ‘why paying spoken like dog excrement’. expect regret pure gym firm monopoly gym provision uk looking alternative. expect wonder staff consider career military prison service instead. consider member staff really keen pursue argument done asked follow around shouting ‘what say? say?’. def kind customer service mentality going on. imagine bellowed publically staff bank supermarket front manager. staff - it’s *what say* it’s say it. also - don’t lose temper customer ever. don’t try speak manager he’ll make pretty clear doesn’t like shut go away. customer base staffing reflects area it’s in. you’ll either get idea won’t. feel bit edgy times. finally new treadmills definitely improvement. can’t switch kmh. unclear speed running measured - speed 5? rest new equipment big improvement though sure.",1,53.7786185,-1.5282492,GB
Maidenhead,2024-03-23 10:27:00,"£10 poor numer machines, ignoring bell staff, big empty gym, sucha waste space ...",2,51.522743,-0.7197368,GB
Birmingham Beaufort Park,2024-03-23 03:27:00,joining fee,1,52.493268,-1.8171797,GB
London Putney,2024-03-23 02:39:00,problem subscription able get gym. contacted manager gym able help sent email asking help several days still response them. frustrating.,1,51.4625314,-0.2163018,GB
Birmingham City Centre,2024-03-23 02:39:00,"2nd time could utilize code provided email, one call fact code working. extremely disappointing able train",1,52.4856896,-1.871104,GB
Stoke-on-Trent East,2024-03-23 01:29:00,"much variety machines, everything basic.",1,53.0593352,-0.8159322,GB
London Stratford,2024-03-22 19:07:00,i’d cancel membership last january carry charging another months notice simply ignoring emails pretending understanding i’m saying,1,51.541289,-0.0035472,GB
Crewe Grand Junction,2024-03-22 15:39:00,"tldr: can't get human, customer service bots. partner signed payment bounced paid weekly. tried take again, cause bounced twice within days terminated account. cannot pay it! way get back pay off, cannot contact human bots way get pay it. added load charges, albeit terms issue cannot pay start cause can't log extremely stressful. yet speak human. easy pay manually need help.",1,53.0991747,-2.440752,GB
Aintree,2024-03-22 13:42:00,shower cubicle floors unclean cubicle walls also need good clean floors need scrubbing bleach pleasant experience walk around bare foot - fact another member said always like - never walk around bare foot ???? good,1,53.4803632,-2.9376261,GB
Plymouth Alexandra Road,2024-03-22 11:48:00,"unclear pricing, turned told paid peak wasn’t allowed in. make clearer pay would paid 24/7 membership would gone elsewhere. gym shows sign investment updating, treadmills still old 30-pin iphone leads built least years date. speakers changing room broken crackling. makes premium experience",1,50.3818354,-4.1266441,GB
Bristol Harbourside,2024-03-22 11:37:00,"awful - dumbbells everywhere, plates lying random places. visit want decent work out. yes, users puregym could resolve monitoring",1,51.450363,-2.600511,GB
London Hayes,2024-03-22 09:55:00,"easily one worst gyms about. there’s many basic things don’t work; none fountains, toilets drinks machines. speak management, uninterested don’t care; appear rather incompetent yet arrogant. it’s shame gym terrible, puregyms immaculate, particularly given price. many gyms time one doesn’t cut it. however, change management gym recover!",1,51.6621711,0.7083861,GB
Preston,2024-03-22 09:43:00,gym smelt bad . members need told wash put spray,1,53.7593363,-2.6992717,GB
Portsmouth North Harbour,2024-03-22 01:08:00,stated £0 joining fee promo code yet still charged £10.,2,50.8449611,-1.0944889,GB
Plymouth Alexandra Road,2024-03-21 20:12:00,"terrible gym. busy, broken equipment doesn’t get fixed months. updating reinvestment nil. spend half time searching cable clips handles.",1,50.3818354,-4.1266441,GB
Hatfield,2024-03-21 19:08:00,prices little daft. also went effort signing uni days get 30% discount tell pay get discount pay year front.,1,51.7634675,-0.2258741,GB
Bangor Wales,2024-03-21 17:17:00,"disappointed. toilet dirty, gym full users sat equipment scrolling phones actually training",1,53.2277163,-4.1268822,GB
Leeds Thorpe Park,2024-03-21 15:28:00,"looking new gym take membership close house parking. saw could get day pass went that. really pure gym it? door tubes need code get in. luckily guy came someone else asked him. said without membership allowed said seen come day said oh yes buy online. seriously seem one tiny bit arsed needed help this, guess that's pure gym about? noone need help, gym?? anyway got - internet slow. locker rooms tidy, need padlock. place clean cardio machines window look give one star. thing went cardio. running machines skinny buttons press buttons front screen reach change speed running, easy press - really press great mid run. mph. machine stopped realise need adjust time maximum time even manual. cross training equipment prescribed movement can't change body movement without changing machine altering settings mid workout. looks like gym better people want strength training weights. say plus clean, can't sweat cos machines suite there's point shower.",2,53.8006255,-1.4261013,GB
Newport Gwent,2024-03-21 00:47:00,impressed neither customer service (no one bothered open door first time visitor rang bell min) gym (very crowded poorly equipment),2,51.590121,-2.9985571,GB
South Ruislip,2024-03-20 20:17:00,pin didn’t work staff refused let extremely rude saying would suspend membership tried enter despite paying member. unacceptable cancel membership.,1,51.5569909,-0.3990635,GB
Birmingham Arcadian Centre,2024-03-20 17:11:00,"wifi gym (birmingham arcadian centre) extremely slow, also good internet signal. front door smelly.",2,52.4747581,-1.8965083,GB
London Bayswater,2024-03-20 12:39:00,trying book classes app won’t let me?,1,51.5122764,-0.1883854,GB
South Ruislip,2024-03-19 21:15:00,"awful experience, used gym times since joining hours 5-7am. funny puregym inform members free parking 24/7 offer. small print find “*” bottom page tell restrictions may apply. ended £240 parking fines ukpc. absolutely disgraceful share information clearly members.",1,51.5569909,-0.3990635,GB
London Croydon,2024-03-19 20:46:00,disgusted state branch gym equipment atrocious. fact monthly subs paid economic statue site upkept provided similar class. front door open provide adequate security anyone venturing early hours poses lounge vagrants street dwellers.,2,51.3550556,-0.0643104,GB
Bradford Thornbury,2024-03-19 18:01:00,like atmosphere enough equipment.,1,53.8030213,-1.7048953,GB
Bangor Northern Ireland,2024-03-19 16:08:00,disappointed booked one day pass used book class cancel class took sick lost day pass said cancel hours class obviously know member lost money day pass.,1,54.662595,-5.6679127,GB
Preston,2024-03-19 15:29:00,"dirty toilets, unfriendly staff, atmosphere",1,53.7593363,-2.6992717,GB
Manchester Market Street,2024-03-19 12:44:00,"tried use day pass pin didn’t work, rang bell assistance none came gave went home 🤙",1,53.4824808,-2.2411908,GB
London Finchley,2024-03-19 00:42:00,"writing bring attention incident occurred recent visit gym 18/03/2024. husband arrived training session 19:30, looking forward utilizing functional training area part workout routine. approximately minutes session, one gym instructor,jorje, approached us requested vacate functional training area scheduled session there. understand need instructors conduct sessions, taken aback manner request made. instead politely asking us make way session,jurje addressed us aggressive tone, giving us three minutes leave. disrupted workout also left us feeling uncomfortable unwelcome gym environment. loyal members pure gym, expect courteous respectful communication staff, especially enforcing gym policies. understand need accommodate scheduled sessions, believe professional considerate ways handle situations without harming people using facility. thank attention, hope addressed. thanks dana",1,51.5973246,-0.1805587,GB
Newcastle St James,2024-03-18 20:52:00,worst website ever,1,54.974046,-1.6179644,GB
London Muswell Hill,2024-03-18 20:01:00,"classes good trainers friendly new(ish) manager quite honestly rudest, condescending woman ever encountered. encourage friendly welcoming atmosphere slightest. actively hostile. way i’ve seen interact paying members deranged - accountable to? world woman charge service requires interact humans.",1,51.5910395,-0.1420768,GB
Wolverhampton Bentley Bridge,2024-03-18 19:52:00,"bentley bridge pure gym closed monday 18th tuesday 19th. told reopen wednesday 6am. attended gym monday morning 6am almost immediately got told leave gym immediately due refurbishment/refit. aware necessary, made aware via email. told send email checked email ever sent. app doesn’t inform either branch closed. good communication good.",1,52.5968429,-2.0898197,GB
Gloucester Quedgeley,2024-03-18 16:56:00,pin worked joined online,1,51.8274128,-2.2773034,GB
London Angel,2024-03-18 00:01:00,"extremely disappointed experience pure gym. purchased day pass use facilities, upon arrival, staff member present let guest in. waited outside minutes, growing increasingly frustrated short time needed get work. eventually, give leave without even stepping foot inside. lack customer service organisation completely unacceptable. returning",1,51.5324874,-0.1060356,GB
Ipswich Ravenswood,2024-03-17 23:14:00,"i’m already member, couldn’t access gym. pay restart membership even though i’m already paying monthly. seeking refund.",1,52.0303337,1.1968831,GB
Manchester Moston,2024-03-17 10:47:00,can’t get pin friday night say popped one feel like waste money lack equipment,1,53.5232522,-2.1710273,GB
London Swiss Cottage,2024-03-17 00:53:00,toilets absolutely disgusting!!! gym ok. definitely best equipment seems tired old.,2,51.543722,-0.174982,GB
Liverpool Edge Lane,2024-03-16 21:09:00,would expect refunded wasn’t able use day pass attendance error like happens proves system floors would like reply asap please,1,53.4094112,-2.9365796,GB
Watford Waterfields,2024-03-16 19:30:00,got charged twice couldn’t get refund gym small machines weren’t best. however plus staff really nice,2,51.6523792,-0.3894354,GB
Wirral Bidston Moss,2024-03-16 14:23:00,drink machine (one membership package) pure gym staff member sight 🥹,2,53.410373,-3.076908,GB
York,2024-03-16 13:21:00,awkward process redeem friend's day code. know go site every option looked like would pay getting last step. entry pods horrible.,2,53.9656578,-1.0743052,GB
Birmingham Arcadian Centre,2024-03-16 09:26:00,visiting town looking one day pass. signage around entrance tells customer location at. would helpful additional sign next qr code telling customer store choose enter location.,2,52.4747581,-1.8965083,GB
Loughborough,2024-03-16 00:45:00,"decent equipment set but, living student town means constantly rammed can't get equipment propper workout. quite often instead exercising, young people sitting machines taking selfies gawping attractive people makes feel uncomfortable. trend dropping weights end set also tiresome. busy gym, cost monthly membership higher puregym locations able use facilities less. meanwhile students given nice cheaper student membership. location scrolling system find gym tedious. especially town located london. puregym 30s would definitely feel happier comfortable joining. thanks,",2,52.7723859,-1.2077985,GB
Glasgow Robroyston,2024-03-15 23:21:00,facilties could abit better way join,2,55.886885,-4.1743912,GB
Folkestone,2024-03-15 21:46:00,"terrible gym, lacks basic hygiene lets huge groups 11-15 year olds (with gym etiquette) despite policy makes overall awful experience. managers know care.",1,51.0791335,1.1794073,GB
Belfast Adelaide Street,2024-03-15 21:18:00,verbal abuse others.,1,54.5936289,-5.9282801,GB
Newcastle Eldon Garden,2024-03-15 16:33:00,working ladies toilets,2,54.9757161,-1.6168648,GB
London Holborn,2024-03-15 16:31:00,experience pure gym holborn- equipments broken regular basis. really bad smell every time enter gym. changing rooms toilet area worth. staff arrogant helpful all. pilates class teacher know safe safe class setting. also could demonstrate exercise us follow either. want end injury left class halfway. approached manager stephanie smith raise concerns member rude helpful show interest finding complaint trying direct head office complain. also noticed review mentioned manager stephanie smith rude well. put someone manger’s position person capable job? anyone reading review please don’t bother joining gym.,1,51.5195982,-0.1137266,GB
Maidstone The Mall,2024-03-15 12:12:00,"used maidstone pure gym, hate access gym app takes ages loads access qr code, get cramped pod fully shut next door opens allowed in. feel like cattle slaughter going gym welcomed member fitness club. weights always place, many people sitting around machines phones filming themselves. used month cancelled",2,51.2730013,0.5255069,GB
London Wembley,2024-03-15 02:58:00,"classes run should. unfriendly unmotivated lazy staff sit phone instead running class/gym scheduled per timetable. im months pp wanted start fitness journey, arranging childcare attend class disappointed know one booked class hence pt couldn’t bother class. want money back pure gym. probably people don’t bother coming gym/classes staff first place. avoid gym go better gym amazing supportive gym community :(",1,51.5560695,-0.2796034,GB
Bradford Thornbury,2024-03-15 02:05:00,contract charge every month want cancel payment,1,53.8030213,-1.7048953,GB
Manchester Market Street,2024-03-14 23:25:00,"great. overcrowded, messy, weights absolutely everywhere, 80% dumbbells rack floor. equipment badly worn. enough equipment number members.",2,53.4824808,-2.2411908,GB
Liverpool Brunswick,2024-03-14 21:16:00,facility adequate clean,1,53.3832177,-2.9760156,GB
Manchester Eccles,2024-03-14 12:09:00,"membership problem got membership allow access gym yesterday tried new one pay single session membership working even though app says gym included membership. annoyed pay £30 month access gym get eccles gym need pay extra,. especially gym nothing usually go (it's smaller less machine) need pay extra? go back gym location again.",2,53.4840887,-2.3375175,GB
London Stratford,2024-03-14 09:43:00,"avoid gym want exercise friendly clean space!! deleted review trustpilot, i’m writing again. gym manager pure gym stratford extremely rude, unprofessional really loves power plays. incorrectly replaced dumbbells wrong shelves, humiliated raising voice publicly, also proceeded suspend gym membership told cannot raise voice front everyone. weeks hundreds emails, able get membership back meeting cluster manager. understood concerns definitely friendly professional vibe. returned gym weeks, saw lot dumbbells placed wrong shelves there. around warning anyone way raised voice me. reason account suspended didn’t let raise voice me. know act talk people lot bad reviews google reviews. also, care terrible hygiene level gym changing rooms always look dirty smell disgusting like never seen soap toilet, one wash hands this. men's changing room, hair dryers rarely work times can’t dry hair shower used see people smoking cigarettes changing room. recommend gym don’t want get extra drama life. stratford pure gym needs hire new manager asap, someone needs work anger issues talking member.",1,51.541289,-0.0035472,GB
Wirral Bidston Moss,2024-03-13 22:32:00,signed took middle package student discount taken £20.99 instead took £39.99 mums account paying monthly subscription me. sent several emails regarding matter asking someone contact still nobody touch go bank sort out. shocking customer service large company,1,53.410373,-3.076908,GB
Doncaster,2024-03-13 22:12:00,honestly one time tried gym unfortunately bad experience never recommend anyone. sunday 10/03/2024 bought day pass look gym unfortunately someone stolen £300 bag years experience practice jd gym wheatley one ever touched stuff.,1,53.5227681,-1.1335312,GB
Bracknell,2024-03-13 20:59:00,"buddy link shared primary member work. took page sign up. tried multiple times, multiple browsers, devices, without luck. eventually got work signing primary member pc, dashboard able find different link share buddy join. gym also tvs showing kind news, sport, adventure shows (extreme sport videos snowboarding, rally driving, anything staring wall whilst walking/cycling etc). would really help motivation whilst working out, improve experience gym. enough water machines/dispensers gym. literally one water machine. enough, needs added.",2,51.4143513,-0.7449925,GB
Sutton Coldfield,2024-03-13 18:24:00,one class manage attend good. others could never find held presence staff members ask questions non existent. feels like costs cut bare minimum staff provide good experience new starter tried reaching customer email gave extra day due issues faced useless cant use gym weekends son.,1,52.5623089,-1.8239794,GB
Newcastle Eldon Garden,2024-03-13 16:43:00,staff help first time coming felt overwhelmed wanted class couldn’t due,1,54.9757161,-1.6168648,GB
Burgess Hill,2024-03-13 15:17:00,20:30 still people gym. available equipment due amount people staff.,1,50.9575365,-0.1332853,GB
Glasgow Hope Street,2024-03-13 13:29:00,"decided take free weekend trial local puregym. made sure enter freepass promo code check out, selected default standard membership. immediately charged £31?. getting account pin information travelled local puregym... found pin even work. troubleshooting found access restricted?! could use easy access entry (the entry could see). upon seeking assistance, puregym employee even help. spent £31 hour stuck outside gym. worse experience scam like practice even seen. seeking refund/cancellation service purchaced. seems get refund. get free trial pass thought signing for. avoid puregym promotions! 0/5 stars!",1,55.8620957,-4.2581729,GB
Glasgow Hope Street,2024-03-13 13:08:00,paid day pass £7.99 never received email pin code i’m glasgow hours heading back ni. one contact get help pure gym stole money provided paid,1,55.8620957,-4.2581729,GB
Chelmsford Meadows,2024-03-13 10:59:00,"craaaazyyyyy busy. walked walked straight back again, packed! chelmsford meadows",1,51.7304156,0.4759574,GB
Lincoln Carlton Centre,2024-03-13 05:15:00,"pure gym .....t's first four gyms havent bothered supply hand towells cleaning stations. four times far week seen evidence cleaning taking place uses equipment. unless take cleaning materials you, breeding ground germs viruses. fortunately me, lincoln visiting elderly parents, neither afford catch flu viruses. fortunate, return home weekend go back use current gym. cleaning stations available, gyms. complained normal, several attempts brush carpet hope go away. assume money important them, health safety.",1,53.2409437,-0.5062213,GB
Manchester Eccles,2024-03-13 03:02:00,"price exceedingly high. cleaning trolley never tidy, never contains sensitiser/cleaner/soap. ponder whether, increased number people attending gym, would prudent expand size. hold gym-goers accountable; rather, responsibility management.",1,53.4840887,-2.3375175,GB
Paisley,2024-03-13 00:21:00,never sent code txt try get email. go gym early hours 1-3am ideal staff. took 35mins finally get in.,1,55.8455828,-4.4239646,GB
Bournemouth Mallard Road,2024-03-12 23:13:00,needed pay another joint fee even user before.,1,50.7503219,-1.846402,GB
Brighton London Road,2024-03-12 20:21:00,"studio area upstairs smelled damp dripping, well ceiling didn’t look safe, looked would collapse anytime. hip thrust pad.",2,50.83681,-0.1362631,GB
Coventry Warwickshire Shopping Park,2024-03-12 16:01:00,"fairly predictable reply one pure gym-sorry dissapointed etc.we can’t control gym members,etc, try strike balance cv areas & weights,blah,blah. take emplyee chosen gym,blah,blah,blah. suggestion pure gym re-read review carefully. machine resting/hogging attitude addressed proactively company might get without address machinery imbalances. responsibility advise make existing weights area user friendly,even though i’ve felt need to. responsibility try & find pure gym employee machinery hogged members sitting machinery extended periods. spoke instructors infuriating selfish trend before. received useful help. issue iphone usuage gym-i know accept iphones ubiquitous. responsibility address actual issues i’ve raised. know lot gym branches throughout uk. understand set blanket plan gym set ups similar. buy standard ton equipment & lands location. understand good starting point. evolve. paid attention specific gym gyms could affordable good option. needs attention head office ground troop employees kind autonomy. one size fits user friendly gym approach.",1,52.3976134,-1.4337873,GB
Liverpool Central,2024-03-12 16:00:00,worst bench i’ve ever seen,1,53.4042207,-2.9795092,GB
Newcastle Eldon Garden,2024-03-12 11:51:00,"puregym eldon gardens accessibility issues people autism. raised issue asked reasonable adjustments. one issues causes pain due sensory issues. could easily fixed told might impact enjoyment gym users. prioritising impacting fun fully abled members causing pain someone disability. lodged complaint threatened ban. also told me, writing, kept leaving negative reviews would review membership. trying suppress negative reviews. also subject derogatory comments staff members since making complaints. always one would act witness around formal complaint go nowhere. today staff member called connie directed derogatory comments towards talking another gym member seemed friend. good laugh expense. treat inhumanely asking equality.",1,54.9757161,-1.6168648,GB
Northolt,2024-03-12 11:09:00,excellent backfoot dirty & filthy saw rat traps spiders size aragon prisoner azkaban weights gaff machines broken months filthy locker rooms where’s mirrors cable room studio & spinning room closed 10pm ??!! i’m paying access areas don’t reply emails can’t pull stars :( years star reviews scandalous purefabrication 👍🏼,1,51.5484582,-0.3695247,GB
Manchester First Street,2024-03-12 01:24:00,small gym tight space limited equipment also kind expensive students,2,53.4723654,-2.246418,GB
London Wembley,2024-03-11 18:16:00,"poor customer service, land line contact anyone well online response took hours reply!! really bad",1,51.5560695,-0.2796034,GB
Basildon,2024-03-11 17:24:00,"recently joined puregym basildon told website hours free parking carpark 6, eastgate shopping centre. information access hours free parking website, states need take yellow token entrance upon arrival validate token activate free hour parking. first day gym noticed yellow token machine barrier entrance up, continued park vehicle. got inside gym absolutely information regarding validating vehicles parking, avoid fined!! continued workout, none wiser, believing automatically receiving free parking, yellow tokens anymore. absolutely one told anything, far knew new system place. weeks since first joined puregym issued fines paying parking car park (eastgate shopping centre) cannot believe happened, gym total times since joining february 2024, meaning receiving another fines totaling £420. money can't afford lose. unaware another method validating vehicle notified puregym. puregym seriously need update website regarding new parking rules cost hundreds pounds parking fines. might point puregym also similar issue people issued multiple fines due insufficient information, branch billericay 2021. update 11/3/2024 puregym updated website correct information validate parking. done today. thanks puregym, done begin would £420 fines pay!",1,51.5754602,0.4757363,GB
South Ruislip,2024-03-11 15:26:00,"emailed tour, turned staffed hours told wasn’t single staff member entire gym give tour.",1,51.5569909,-0.3990635,GB
Glasgow Bath Street,2024-03-11 14:37:00,"gym bath st glasgow rank. clean, messy, smells looks rundown. convenience price pure gym draw overshadowed sad, uncared space.",2,55.8637839,-4.2559582,GB
London Bromley,2024-03-11 03:05:00,surname wrong advance direct debit mandate twice membership fully paid blameless arbitrarily cancelled.,2,51.3668569,0.0617091,GB
London Hayes,2024-03-10 22:19:00,busy doesn’t matter time go don’t get machine free wait min least,1,51.6621711,0.7083861,GB
Lisburn Laganbank,2024-03-10 21:12:00,overcrowded. get machines even went early. wipes clean machines after. machines visibly dirty.,1,54.5092116,-6.0413824,GB
London Lambeth,2024-03-10 18:18:00,"it’s nice gym one (male) pts think it’s ok grab, kiss hug women gym? ok puregym so, why? man think invade space physically touch us?",2,51.4952111,-0.1163354,GB
London Enfield,2024-03-10 13:22:00,pin code sent joining gym working,1,51.6517156,-0.0786839,GB
Manchester Bury New Road,2024-03-10 11:16:00,"husband membership allows bring someone else times month. yet every time sent link, kept saying link already used. also confirmation. gym also displayed qr code outside day pass code freepass, link link send sign page sign myself. rather disappointing since wanted get pmtaste first. please take sign door. misleading. also app allow easily change membership type. get option cancel altogether.",2,53.493801,-2.2502732,GB
London Beckton,2024-03-10 01:40:00,faulty equipment individuals thinking reserve equipment long possible,2,51.5160797,0.0594257,GB
Coventry Warwickshire Shopping Park,2024-03-09 22:36:00,"bought day pass, sent pin access one available gym.to help. cancel",1,52.3976134,-1.4337873,GB
Romford,2024-03-09 22:06:00,"gym bad, biggest problem is, one make change old gym; almost nobody put dumbbell back original place. mean don’t understand personal there, masive guy, don’t guts made people put dumbbell back original spot.",2,51.5760462,0.1822646,GB
Aberdeen Wellington Circle,2024-03-09 21:45:00,charged day pass didn’t send pin enter,1,57.1094741,-2.0932843,GB
Bromsgrove Retail Park,2024-03-09 21:42:00,"area work, never puregym before, didn’t know completely faceless. staff seen, barriers code. annoying process buying day pass online waiting code come through. in. groups youngs ‘bros’ talking groups, dumbbells floor, nothing available 0-30kg. honestly walked in, walked round left. definitely less minutes. we’ve puregym open local town considered using something different, won’t bother that.",1,52.3382139,-2.055081,GB
Alloa,2024-03-09 16:56:00,tried renewing old account payed memberships double charged activated accounts i’m sure,1,56.1156137,-3.7922423,GB
Maidenhead,2024-03-09 16:18:00,joined gym classes fully booked oversubscribed disheartening. otherwise it’s nice gym £30 month. packed peak hours.,2,51.522743,-0.7197368,GB
London Leytonstone,2024-03-09 13:32:00,"puregym suspended account continued charge me, far charged £240 recusing process refund. considering ones suspended account, means cannot access account. avoid company!!!",1,51.5684052,0.0111701,GB
Glasgow Bath Street,2024-03-09 12:49:00,"pure gym bath street. waiting class starting minutes, go find staff member told staff member supposed taking class phone. another staff member couldn’t pop head room tell people waiting class delayed / wouldn’t happen crazy! terrible customer service!",1,55.8637839,-4.2559582,GB
Loughborough,2024-03-09 11:53:00,"attended free pass see gym offer, attended 4pm thursday, point already incredibly busy, struggled get things. gym also well looked after, bits kit thrown everywhere. poor gym etiquette users also, people taking weights without asking you’re still using (had girl whilst mid set smith machine!) gym members standing right next whilst using kit, without asking work in, asking many sets left etc, rude manner. stick current gym!",2,52.7723859,-1.2077985,GB
Colchester Retail Park,2024-03-09 10:42:00,full kids attuite weights,1,51.8926343,0.8909382,GB
Glossop,2024-03-09 03:14:00,"came weighted dip session. surprise surprise, facility weighted dips. assisted dip machine seat way planned session never happened. good gym terms provide resistance bands dip belts. membership fees steep puregym, think steam room would included.",2,53.4433552,-1.9499173,GB
London Farringdon,2024-03-09 02:49:00,digit pin work noniminated gym,1,51.519964,-0.104555,GB
Maidenhead,2024-03-09 00:45:00,"atmosphere, people left weights everywhere, people staring constantly....",1,51.522743,-0.7197368,GB
Milton Keynes Winterhill,2024-03-09 00:24:00,pure gym winterhill milton keynes. super gym lovely staff however code disabled access - can’t go tube - last week arrived code didn’t work wasted journey - working times - assured teething problems sure enough worked sunday monday tonight got ready drove access. disabled way need used disabled access door code gym you. cannot get paper work/code right enable access gym anytime - seems access gym there’s member staff present - think case membership half price.,1,52.0277439,-0.7636732,GB
Ipswich Buttermarket,2024-03-08 17:23:00,"disappointed recieved poor unprofessional behaviour pt local puregym, resulted cancelling pt sessions, pt refusing repay uncompleted sessions nearly £400 pocket puregym refusing help apparently pts self employed. absolutely complaints puregym totally unprofessional since cancelled membership.",1,52.0571564,1.1545049,GB
Birmingham Snow Hill Plaza,2024-03-08 15:01:00,staff disgusting . taking internet hateful comments isn’t way promote gym.,1,52.4848692,-1.8983889,GB
London Lewisham,2024-03-08 10:38:00,"general weights really good, let's poor showers. water runs seconds try get running get running luke warm.",2,51.4656437,-0.0139562,GB
Sheffield Crystal Peaks,2024-03-07 23:18:00,payed £36 sunday new membership account suspended,1,53.342416,-1.3502367,GB
Coventry Bishop Street,2024-03-07 20:56:00,"hi team, friend referred asked come gym & see facilities one day plus membership offer i’m unable change membership offers given",1,52.4119048,-1.5116835,GB
Belfast St Anne's Square,2024-03-07 15:12:00,"there’s steppers st anne’s square doesn’t properly function. took many attempts register ‘start’ could adjust speed buttons wouldn’t work. got try use treadmill instead, surprise surprise treadmill wouldn’t turn on. attempts eventually went on, buttons broken couldn’t adjust incline speed. smell gym strong (not good way felt sick going in). issues everything else ok used downstairs weights machines. would go back issues sorted.",2,54.6033121,-5.9271135,GB
London Bromley,2024-03-07 14:05:00,gym far hot. temperature needs turned (it place working out). toilets / changing rooms clean would expect.,2,51.3668569,0.0617091,GB
London Enfield,2024-03-07 09:54:00,"weights everywhere floor, benches six pairs dumbbells around floor. kicked kettle bell dumbbell area class start another minutes able finish set. disabled toilets soaked wee back tank brown bits sink, mens toilets toilet paper. pure gym locations meet expectation pure gym is. cancel membership month",2,51.6517156,-0.0786839,GB
Northwich,2024-03-07 04:39:00,"poor outdated gym. layout confused, small weights section, alot machines rusty action. see charge decent rate membership, classic cheap cheerful motto. snap fitness leading way makes puregym look laughing stock",1,53.2602539,-2.5145104,GB
Exeter Fore Street,2024-03-07 03:05:00,bad smell changing room,2,50.7205151,-3.5351998,GB
Bridgwater,2024-03-07 02:45:00,small gym….only once. monthly direct debit sure priced correctly/fairly considering gyms area. locker area really messy equipment could clean down. gonna continue til end month likely change location.,2,51.1283378,-3.0037046,GB
Wolverhampton South,2024-03-06 23:53:00,happy😗😗😗😗😗😗😗,1,52.463146,-1.9844677,GB
London Wembley,2024-03-06 23:48:00,many treadmills little weight machines knew i’d go gym treadmills would’ve gone hike instead. visited once. poor.,1,51.5560695,-0.2796034,GB
London Wandsworth,2024-03-06 22:07:00,air con gym equipment didn’t work properly.,1,51.4570271,-0.1932607,GB
London East India Dock,2024-03-06 21:25:00,"health safety gym completely neglected. day careless ignorant arrogant newbie lifts ez curl bar weights without safety clips moves around turns around causing plates fly fall across gym floor! one seems care members banned! one day one flying weights land innocent unaware member's face, breaking facial bones, causing drop bar dumbbell using head chest leaving broken skull broken ribs! one seems take seriously serious safety issue! careless members must banned immediately!! last incident march 22:15!",1,51.51103,-0.0228617,GB
London Finsbury Park,2024-03-06 20:00:00,"corporate membership sucks - month waiting gym changed poor communication repeated access denied, received confirmation membership gets suspended",1,51.5648345,-0.1064144,GB
London Bayswater,2024-03-06 18:12:00,"friend awful experience one trainers puregym. forgot put one weight away came told us put away (which promptly did). started falsely accusing us leaving multiple weights started raising voice getting agitated told us (we put back correct places anyway). watched us entire workout. went go complain another staff member, interrupted meeting started threatening ban us. today got membership suspended without able tell puregym management really happened. furthermore, trainer lied manager said 'behaving aggressive, abusive, anti-social threatening manner member staff'. never treated poorly institution workers before. train here.",1,51.5122764,-0.1883854,GB
London Bromley,2024-03-06 15:26:00,"far good . sign , take money. can't get get help.",1,51.3668569,0.0617091,GB
Norwich Aylsham Road,2024-03-06 12:00:00,"crowded spaces, enough equipment gym prices gone up. gym looks dated needs refreshed. sure would choose gym go regularly.",2,52.6411579,1.2882664,GB
Wrexham,2024-03-05 22:38:00,paid get couldn’t get lost money,1,53.0465084,-2.9937869,GB
Cirencester Retail Park,2024-03-05 21:44:00,asked rowing machines turned around looking blank wall boring tv around building wifi unmanned hours joke hart attack get emergency phone also can’t understand gym expensive compared others,2,51.705912,-1.9591301,GB
London Lambeth,2024-03-05 14:01:00,says there’s £0 signup fee charged,1,51.4952111,-0.1163354,GB
Nuneaton,2024-03-05 12:10:00,"members left empty protein shakes water bottles floor even though rubbish bins provided, gym bags left middle nowhere people trip over. machines inacseble due members sitting machine always checking phones",2,52.5246182,-1.4684488,GB
Glasgow Silverburn,2024-03-04 23:33:00,"'bring buddy' code work. explanation why, never faulty before. attempts resend link/code fruitless. paid daily pass could access. so, spent £7.99 nothing. left standing outside puregym silverburn, glasgow, nearly minutes, trying gain access building. members staff came pressed button specifically designed call member staff main entrance building - although staff building. member puregym, chosen ""buddy"" member puregym. communication direction staff members non-existent, given lack staff walking floors gym. would strongly suggest rather button which, pressed, sends alert device held members staff, instead button connects customer service help line sorts members/casual members acquire help human side line. everyone attends puregym tech-savvy.",1,55.8198943,-4.3418008,GB
Bicester,2024-03-04 22:00:00,joined gym play tennis fine ….for while. decided notice take protective net fence making play impossible without losing balls. suddenly converted padel promise renew net fence tennis players. never happened told four times wait week so. lying money-grabbers.,1,51.8988832,-1.1518287,GB
Ballymena,2024-03-04 20:28:00,wouldn’t accept pin time went gym,1,54.8662966,-6.2760159,GB
Manchester Urban Exchange,2024-03-04 19:37:00,cannot log,1,53.4817408,-2.2283336,GB
Heanor,2024-03-04 18:38:00,"signed says get code emailed gain access gym received anything. sent message via facebook ask help, one got back touch help.",1,53.0145821,-1.3574966,GB
Bournemouth the Triangle,2024-03-04 18:28:00,"first time trying pure gym. location convenient like well equipt gym was. however, looking forward nice shower workout unfortunately able one. water freezing cold (have tried shower cubicles) warm up. showers also clean could see mold build up. disappointing travel back home sweaty, rain. sure buying membership.",2,50.7202399,-1.8840071,GB
Coventry Warwickshire Shopping Park,2024-03-04 17:01:00,"could use weights space much efficiently.there ample room quite duplicate machines.you don’t enough popular machines,ie;you need leg press,more assisted chin & dip machine,more smith machines. examples know this.you also need make members aware machines used exercise leisurely park benches sit & hog whilst resting sets minutes playing iphones.they encouraged share machines whilst resting.it part induction & advisory posters wall encouraging members hog machines resting.a polite,cheerful,even humorous advisory wall poster would easy enough compile & would help add convivial gym atmosphere.i suggest member staff,on rare occasion one,his reply pure gym felt intimidatory place wall poster advisory directives & forceful requesting share.you already several different advisory wall posters placed! couple worded quite forcefully! insist sharing equipment potentially cause conflict.surely intelligent answer easily remedied obvious problem.if polite request share,whilst extended rest sitting machinery,it would nice able point advisory poster encouraging sharing get standard reply “i’ve got sets you’ll wait”. noticed lot members spend visit sitting machines playing phones resting sets actually activity.i always get piece machinery currently using & stand near it,but territorially,in-between sets encourage invite share.do maths plus minute wait use machine refuse share equipment.an average gym visit,if actually training,is usually minutes 1.30 hours.the car park allows hours free parking anyway.it far ideal spending visit waiting equipment abandon routine.obviously busy gym means adapt issue affects usage non peak times too.this issue ties back lack duplicate popular machinery issue also.most gyms,in life long,pursuit fitness enlighten members share equipment communal gym standard etiquette.you aware issues,you never know one day might address them. fortunately use gym infrequently visiting coventry. gym wales insular selfish attitude discouraged.it communal & fair share gym equipment sometimes meet nice people able advise & help you. thank you.",2,52.3976134,-1.4337873,GB
Canterbury Riverside,2024-03-04 12:43:00,"puregym riverside, canterbury. male cleaner female changing room walks showers you’re naked. apology, doesn’t leave changing room leave shower get dressed. staff told apology either.",1,51.2569878,1.0138822,GB
London Bow Wharf,2024-03-04 11:23:00,would pay full price pure gym local (half size normal pure gym)?,2,51.5319916,-0.0418638,GB
Poole,2024-03-04 09:58:00,way small.,2,50.7179472,-1.981521,GB
Glasgow Clydebank,2024-03-04 09:27:00,"joined gym last week asked start date delayed payment taken straight away. payment came straight anyway thought may aswell use it. arrived sunday ready first class couldnt get kept getting messages saying membership cover gym even though does. tried pressing assistance button sevetal times. hear class geared for, starting stuck outside. choice eventually walk away. money taken last week can't get in. live near gym drive also. took couple days gear starting end walking away feeling deflated disappointed.",1,55.9248427,-4.3888355,GB
Durham Arnison,2024-03-03 21:02:00,website app show joining fees free promotion code working really disappointed,1,54.8066978,-1.5811887,GB
Broadstairs,2024-03-03 20:38:00,"could apply free membership code,on iphone.i tried number times.the problem is,there absolutely nobody speak to,to sort out.i finally got code put on,when use laptop",1,51.3586758,1.4407855,GB
Newbury,2024-03-03 19:59:00,new member second visit arrived find class cancelled driving location. impressed,2,51.4020243,-1.3242212,GB
Ashton-Under-Lyne,2024-03-03 19:55:00,"day pass expensive, takes ages get membership complicated add things whereas gyms walk pay upfront lower cost staff time, what’s point £10 joining fee wrong, apart complicated there’s one bench press whole gym way many treadmills it’d much bterr multiple equipment exercise isn’t que bench (which i’ve times)",1,53.4865407,-2.098691,GB
London Great Portland Street,2024-03-03 19:47:00,"truly awful experience. tried sign monthly membership 50%-off price advertised outside great portland st gym. tried minutes, becoming closer closer closing, surrendering purchasing 3-day (min) pass could work out. however, night consecutive nights, unable connect wifi matter many times tried -- even though sign-up accepted us mobile number, worked validation. onsite staff completely unhelpful. bottom line: able enter first night time work and, arriving 7pm 45-minute workout remaining two nights, spent much futile time trying join wifi music working workouts all. contested charge credit card.",1,51.5238146,-0.1437048,GB
London Swiss Cottage,2024-03-03 18:58:00,code would work.,1,51.543722,-0.174982,GB
South Ruislip,2024-03-03 10:57:00,say 21.99 l go pay goes 25.99 months false advertising.,1,51.5569909,-0.3990635,GB
Colne,2024-03-03 03:57:00,"months ago turned showers cold,so able cardio shower ,but months complaints turned bare able, turned air conditioning on,bare mind put summer ,but midst winter put blows directly you,so soon warmed ,your back cold time ,and sweating horrendous point find hard going benches period time ,6 times mentioned ,its danger health pulling muscles colds ,i overheard guys changing room saying going try different gym ,i get impression trying loose custom close ,its scruffy poor equipment constantly things anger users ,3 years ago gave gym stars ,but sad say today deservedly",1,53.8567728,-2.1691238,GB
London Enfield,2024-03-02 19:23:00,"hello, good evening, new member club today problem entered club password work entered app saw charged more. initial registration fee 25.99 told pay 32.99. please email explain happened. thank you. interesting thing, wanted name mother test, conditions 25.99, means price increase explanation given, clear question me.",1,51.6517156,-0.0786839,GB
West Bromwich,2024-03-02 19:22:00,"parking pay terminal west bromwich puregym order notice since december 2023. gym excellent value, decent equipment, usually available, clean hygienic, welcoming friendly atmosphere exercise classes conveniently timetabled led confident, challenging always interesting trainers. so, major respects, gym scores highly. parking problem many years latest breakdown creates tremendous problems drivers. three months out-of-action long.",1,52.5186579,-1.9923114,GB
Bournemouth the Triangle,2024-03-02 17:23:00,wifi. pretty poor popular gym especially winter people trying get fit indoors. bit rubbish,1,50.7202399,-1.8840071,GB
Billericay,2024-03-02 14:37:00,need disabled access told via email contact manager done days still response. can't use gym (although paying it) complete form.,1,51.6284395,0.4218142,GB
West Bromwich,2024-03-02 13:38:00,"ladies section one bike, one row machine, shame water fountain access water. instead pay extra drinks. parking get expensive. paid day pass access gym work timetable generally really hectic time gym. used machine changing room check weight/body mass pay this. ticket print properly staff able help me, got problem kind attitude. overall able needed to, standard gym stand facilities. went days pass use consecutively. seems quite dear pay for, £7 day pass days £14!",2,52.5186579,-1.9923114,GB
Belfast Boucher Road,2024-03-02 13:05:00,"terrible experience. signed one day pass bouxher road, belfast. pin number would work despite repeated efforts, left standing helplessly entrance. button speak member staff either working one answered, tried numerous times. tried ringing puregym phone number - bothered, automated message saying refer online help centre useless circumstances. left feeling frustrated embarrassed back.",1,54.5710822,-5.9716097,GB
London Stratford,2024-03-02 11:53:00,"avoid gym want exercise friendly clean space. gym manager named daria uniatowska extremely unprofessional really loves power plays pure gym stratford. incorrectly replaced dumbbells wrong shelves, humiliated raising voice publicly, also proceeded suspend gym membership told cannot raise voice front everyone. weeks hundreds emails, able get membership back meeting cluster manager. understood concerns definitely friendly professional vibe. returned gym weeks, saw lot dumbbells placed wrong shelves there. around warning anyone way raised voice me. reason account suspended didn’t let raise voice me. know act talk people lot bad reviews google reviews. also, care terrible hygiene level gym changing rooms always look dirty smell disgusting like never seen soap toilet, one wash hands this. men's changing room, hair dryers rarely work used see people smoking cigarettes changing room. recommend gym don’t want get extra drama life. stratford pure gym needs hire new manager asap, someone needs work anger issues talking member.",1,51.541289,-0.0035472,GB
Loughborough,2024-03-02 10:28:00,machines need updated replaced. pins clips missing machines. enough plates machine press equipment,2,52.7723859,-1.2077985,GB
Hatfield,2024-03-01 23:44:00,expensive 🙃,1,51.7634675,-0.2258741,GB
Walton-on-Thames,2024-03-01 23:33:00,"£35/month walton-on-thames gym one expensive puregyms, even expensive many puregyms central london. sure - maybe size. gym comparatively small, tends get packed quicker, particularly peak times. lack free-weights, particular needs squat-racks. entering male changing room stench urine hits face. sure due low cleaning-frequency male visitors' behavior worse pig (come guys, pee bowl rather next ??!). taking consideration, value-for-money basis gets 2/5 stars, view.",2,51.3856837,-0.419814,GB
Birmingham City Centre,2024-03-01 21:31:00,first doesn’t let use bank card sign monthly subscription don’t recognised friends card bank works fine locks soon signed get friend help due door error thinks inside,1,52.4856896,-1.871104,GB
Broadstairs,2024-03-01 18:17:00,"cons: staff. situation teenagers getting control. chaos male wardrobe area, walls broken, blood floor fights, cabinets broken out. pros: amazing variety exercise equipment. sufficient number dumbbells benches. lot free space exercise equipment located convenient distance other.",2,51.3586758,1.4407855,GB
Newcastle Longbenton,2024-03-01 17:07:00,showers puregym newcastle longbenton,1,55.0089239,-1.5916006,GB
London Enfield,2024-03-01 16:51:00,"thank feedback regarding air conditioning gym. recently made slight changes area, looking improving energy efficiency. control energy usage, also look reduce carbon footprint. law, requirement provide certain amount fresh air based occupancy levels, ventilation system increases decreases different times throughout day night, making sure meet requirements provide good air movement around gyms. levels based size gym, occupancy levels, regularly monitored. regards temperature gym, use air conditioning units heat air drops 17.5c, cools air goes higher 21.5c, keeping temperature within gym acceptable level. regularly checked ensure units operating across gyms. occasion, get faults ventilation ac systems normal. happens, process place ensure arrange contractors attend, investigate resolve faults return systems back full working order within timely manner. member feedback reviewed, brought attention facilities team, regularly review changes make gym facilities feedback taken account making future changes. hope continue enjoy gym meantime! love take feedback service provided today. please click complete 1-minute survey! thanks, clare puregym member services",1,51.6517156,-0.0786839,GB
Nottingham Basford,2024-02-29 23:15:00,"recently puregym basford gone downhill much, since beginning year especially evenings gym full kids messing around equipment. eg setting cardio equip fastest level recording eachother laughing trying purposely falling equipment, sitting equipment talking never anything. i’ve word kids two separate occasions stop messing around near super distracting. made gym bit joke, cancelled subscription find proper gym elsewhere",1,52.9816725,-1.1783596,GB
London Stratford,2024-02-29 20:17:00,strangest gym ever told employee even safe gym. way go,1,51.541289,-0.0035472,GB
Birmingham Snow Hill Plaza,2024-02-29 19:58:00,staff time odd reason. booked induction twice come see single member staff show around. ridiculous.,1,52.4848692,-1.8983889,GB
London St Pauls,2024-02-29 16:36:00,"sadly, particular personal trainer stop interrupting work outs say pointless things guise health safety. friends going st pauls gym almost year pt member staff obviously issues doing. complaints clearly start conversation. course, personal trainer need personable familiarity putting friends engaging persistent conversations, turned constant telling-off reason aggravate us. constant interruption one person trying look 'busy' irritating mainly intimidating ultimately helpful. due this, colleagues considering switching gyms rather deal confrontational nature every time gym. please kindly ask rein forced move unnecessarily.",1,51.5100825,-0.0679695,GB
London Finchley,2024-02-29 13:06:00,simply didn’t let us even though friend bought day passes one help us,1,51.5973246,-0.1805587,GB
Brierley Hill,2024-02-29 11:11:00,joined thinking get 10% blue light card. happen. cancelled within hours received refund. appear anyone way dicuss refund,1,52.4823185,-2.1237803,GB
Wirral Bidston Moss,2024-02-29 09:47:00,pass didn’t even work ! little time payed n didn’t get train,1,53.410373,-3.076908,GB
Southampton Shirley,2024-02-29 09:00:00,"time limited access users, considering flexibility. advertise cheap rate trap users off-peak hours shirley gym southampton consider bus timing transport could help people without personal car.",1,50.9214711,-1.4323205,GB
London St Pauls,2024-02-29 00:32:00,"bad air quality. bad smell air. lacking plate weights. equipment old dirty, especially bars. safety bars squat rack “functional” area",1,51.5100825,-0.0679695,GB
Sheffield Crystal Peaks,2024-02-28 23:04:00,"gym okay. ok budget gym excuse lack cleanliness, nothing clean machines with. busy amount machines available. going actual gym since sam jones. days!",2,53.342416,-1.3502367,GB
St Albans,2024-02-28 18:49:00,"cancelled monthly membership days using pure gym st albans. 1) men's changing rooms disgusting. whole room stinks urine. tried attending night morning. made difference cleaned. 2) 2nd day attending morning (around 6am) men's changing room lights switches (and windows) us trying get changed using phone lights see...ridiculous. 3) showers either luke warm cold. either way unpleasant. unclean, uncomfortable unwelcoming. sure pure gyms days avoid costs.",1,51.753051,-0.3379675,GB
Leamington Spa,2024-02-28 16:35:00,"bought days pass worked one time , seldom business visits wanted train want . bought day pass pounds money got wasted",1,52.2913394,-1.536404,GB
London Swiss Cottage,2024-02-28 13:45:00,normal pure gym. exercise couldn’t focus music cycling class 7:00 horrible! honestly one needs type music time. cycle classes pure gym know music loud accept acceptable style music. feels like bad rave am. please change style music,2,51.543722,-0.174982,GB
London Park Royal,2024-02-28 09:43:00,"shower facilities use, first, second, third day joining. disappointing",1,51.5264341,-0.2839348,GB
St Ives,2024-02-28 00:13:00,people breaking gym workout constant security talking tannoy.,1,50.2149064,-5.4795083,GB
Broadstairs,2024-02-28 00:02:00,received pin enter gym day pass!,1,51.3586758,1.4407855,GB
London Holborn,2024-02-27 22:40:00,meant joining fee would seem case. rather disappointing lack additional cost principal reason joining gym again.,2,51.5195982,-0.1137266,GB
London Kingston,2024-02-27 21:18:00,"gym severely overbooked, it’s practically impossible wait line piece equipment. also plenty space changing room, however number lockers disappointingly low. overall waiting (for locker equipment) spent 2x time gym usually do.",2,51.4129277,-0.3018577,GB
London Holloway Road,2024-02-27 20:45:00,full machines bad people said changing room clean many people staff anxiety triggering space work much money,1,51.5528674,-0.1130095,GB
Chelmsford Meadows,2024-02-27 18:53:00,showers well maintained. lots mould.,2,51.7304156,0.4759574,GB
London Oval,2024-02-27 18:01:00,code work everytime need wait contact someone,1,51.4818339,-0.1123953,GB
London East Sheen,2024-02-27 16:22:00,"use apple us unfortunately unable download app uk based. classes usually pump, lbt spinning. would nice kind classes.",2,51.4623706,-0.267094,GB
Yate,2024-02-27 13:23:00,"key machines still needed (delt lateral raises, lat pulldown, triceps ext, incline chest press), grip variations well… gets hot inside wich makes uncomfortable",2,51.5403113,-2.4134281,GB
Leicester St Georges Way,2024-02-27 12:47:00,"recently joined puregym located next station. converted 'the gym' purely ease location me. first session abysmal. there's near enough lockers everyone. consider size premises, there's much space available additional lockers. spend entire session lugging rucksack cycling gear machine/space. almost guarantee majority lockers taken inconsiderate people seem think locker leave belongings night. changing room absolute sh** hole terms food litter everywhere. going cancelling membership month going back 'the gym' cheaper far spacious. gym literally bans lugging bags etc around you, makes nice looking clutter free gym, clearly problem easily enough locker space everyone.",1,52.635872,-1.1231787,GB
Lisburn Laganbank,2024-02-26 23:58:00,hello set account partner money taking account received emails pin code anything!,1,54.5092116,-6.0413824,GB
Gloucester Retail Park,2024-02-26 18:40:00,went gym self help sign could get speak anyone wait member get staff member. staff member help sign . offered looked round hand asked could indication told needed book line . great start weight loss journey stood outside cold offered step inside gym .,2,51.859848,-2.2163951,GB
London Croydon,2024-02-25 22:00:00,instructor help exercises want improve.,1,51.3550556,-0.0643104,GB
Wolverhampton Bentley Bridge,2024-02-25 20:15:00,"decent enough aim get average workout. problem gym small, peak hours cramped get hot inside. sympathise fit many machines space, means one smith machine, one flat bench press rack etc. gym however kept clean staff friendly.",2,52.5968429,-2.0898197,GB
London Finchley,2024-02-25 19:32:00,gym air conditioner system good smelly,1,51.5973246,-0.1805587,GB
Manchester Spinningfields,2024-02-25 17:24:00,"empty headed numb skull likes deafening, moronic music, gym perfect you...do selfie fully tattooed body whilst listening earth shaking music neanderthals!!! what's love?",1,53.4800153,-2.2517994,GB
London Kidbrooke Village,2024-02-25 15:55:00,"wanted use girlfriends bolt access work, instructions told us press things exist one gym answer help button forced buy day pass. day pass also confusingly delivered, buying turn anywhere prompting sign pay again. overall frustrating £10 day pass buy",1,51.4614006,0.0259584,GB
Cardiff Gate,2024-02-24 21:49:00,gym really good get paid £7.99 day pass went expecting received code checked emails nothing checked bank money taken back home happy,1,51.5389707,-3.1315077,GB
South Ruislip,2024-02-24 20:05:00,advertised £14.99 months membership joining fee it’s £17.99 £15 joining fee… there’s even free day pass try new gym.,1,51.5569909,-0.3990635,GB
London St Pauls,2024-02-24 17:58:00,"pure gym st paul. actually gym. running ground lots treadmills almost gym appliences. treadmills almost always empty. since hard imagine people cone run time. pure gym team, please rearrange appliances priorities gym",1,51.5100825,-0.0679695,GB
London Shoreditch,2024-02-24 16:55:00,every time go place showers freezing cold water. it’s one thing summer winter big problem.,2,51.5266694,-0.0798926,GB
Eastbourne,2024-02-24 16:02:00,joined thr app says need disabled induction email gym manager. can't use app properly. need disabled induction need gentle induction walk around perhaps could figure myself. app access present. mean like service snags app please help,1,50.7664372,0.2781546,GB
London Waterloo,2024-02-24 15:57:00,customer service,1,51.5028379,-0.112801,GB
London Bermondsey,2024-02-24 14:34:00,"horrible, better first check capacity registration new people , wait minutes every single machine",1,51.4970125,-0.063268,GB
London Ilford,2024-02-24 12:50:00,"horrible, paid walk membership join friend day, paid 19:30, got 19:50, allowed get gym close 8pm, problems cctv didn’t send email customers,",1,51.5589375,0.0689113,GB
Bath Victoria Park,2024-02-24 09:34:00,"needs game bit. fantastic first year amazing pts, getting grubby, smelly steamy. impossible book classes park.",2,51.3856653,-2.3766501,GB
Gloucester Quedgeley,2024-02-24 02:39:00,"went looked around. gym good new equipment, kept clean, unfortunately free exercise station. many people. another gym would certainly useful large housing estate. regards seb",1,51.8274128,-2.2773034,GB
Fareham,2024-02-23 22:30:00,never received pin,1,50.8526637,-1.1783134,GB
Sutton Times Square,2024-02-23 21:04:00,"used messenger, telephone email try confirm details gym selected response all.",1,51.3643147,-0.1915453,GB
Bristol Harbourside,2024-02-23 19:43:00,"i’m young woman discovered power weightlifting last year chose pure gym train olympic weightlifting. approached pt today told can’t drop barbell jerk due regulations. mind you, going gym almost year, signs weightlifting area can’t drop barebell. apparently lower slowly. pt know won’t work barbell 100kg plates?! utterly pointless (and dangerous) advice. i’m sure new, noticed woman cleans, something draws attention, come take away something really enjoying doing. i’m upset angry pg closest gym me, know distance plays great part someone motivated go gym given day. nonsense. go pure gym like going hotel gym full teenagers clearly years old (oh yeah, nobody checks that, huh?!?!) interested low-testosterone movement full people repeating workouts instagram makes sense. shame shame shame puregym. want perceived inclusive given models chose app, don’t include people interested advanced body movement. i’m bristol harbourside ever think snatching cleaning there!",1,51.450363,-2.600511,GB
South Ruislip,2024-02-23 19:31:00,"months advertising joining fee £14.99 month first six months! put joining gyms reason. opening day (today) upped price £17.99 month plus £15 joining fee! phone number. means contact staff there. information visiting new gym looking around. think really wrong offer something twice literally every facebook feed, instagram ... everywhere cancel day gym opens.",1,51.5569909,-0.3990635,GB
Peterborough Serpentine Green,2024-02-23 17:56:00,"horrible equipment horrible atmosphere, eveyone trains plane rude. respect, many people messing around waisting machines 🙈",1,52.5403778,-0.2632194,GB
Chippenham,2024-02-23 17:35:00,able qualify free joining fee. although gyms ran promotion.....,1,51.4587621,-2.1159032,GB
Glasgow Clydebank,2024-02-23 07:02:00,got personalised code gain access gym though email code work access gym,1,55.9248427,-4.3888355,GB
Birmingham Beaufort Park,2024-02-23 01:53:00,toilet r untidy,1,52.493268,-1.8171797,GB
West Bromwich,2024-02-23 00:12:00,must smelly gym midlands. stood one guy seconds could smell balls. smell arm pits cheese everywhere! ffs! 🤢 third world standards.,1,52.5186579,-1.9923114,GB
Nottingham Basford,2024-02-22 21:15:00,leave still recieved pin email asking review,1,52.9816725,-1.1783596,GB
South Ruislip,2024-02-22 16:32:00,didn’t get option apply discount.,1,51.5569909,-0.3990635,GB
London Seven Sisters,2024-02-22 12:07:00,machines. basic machines chair flexors open-back articulated pull-ups available. days numbered here.,2,51.5817795,-0.0739615,GB
Wisbech,2024-02-22 10:10:00,"atmosphere, entry system rubbish, sort claustrophobic pod, entry code work, wait minutes staff let in. probably one worse gyms attended,",1,52.6651733,0.1606824,GB
London Kingston,2024-02-21 18:58:00,"pin code work initially let one managers found later let know pin working. great. good equipment, lots machines female changing rooms tiny.",2,51.4129277,-0.3018577,GB
Gateshead,2024-02-21 16:10:00,"didn’t time use day pass paid reason cancelled following day, sure paid day pass can’t understand makes difference use following day it’s free",1,54.9625789,-1.6019294,GB
Leeds Thorpe Park,2024-02-21 12:10:00,"wait minutes someone come help register & let gym, happened another gym user asked someone come responded buzzer. one staff members really rude asked connecting wifi 4/5g wifi down, basically told problem everyone & would deal it, meant access programming. great experience overall.",1,53.8006255,-1.4261013,GB
Coventry Warwickshire Shopping Park,2024-02-21 09:25:00,joined gym seen pilates one thing wanted. paid could view classes local gym discover pilates classes. disappointing. one able view offer ones local gym. cancelling membership.,2,52.3976134,-1.4337873,GB
London Bermondsey,2024-02-20 22:29:00,"stars might harsh rating matter importance joined gym. firstly...on whole gym good, clean wide range equipment. things people would need. new member visits far pg membership another site let's compare. visited early mornings (pre 5am starts) feels busy concerned peak hours. however, fine needs. gym let's men's showering facilities. appalling. premium rate gym pg. one expensive. many members need start days directly workout therefore decent showering facilities essential. site fails. visits virtual ice bath temperature showers two cold ones. shower heads/outlets great condition water freezing cold water pressure wash poor. small gripe, terrible. showers also dirty, 6am seems unreasonable. cleaned towards end previous day? change soon likely take custom elsewhere. drive want gym 8am look another option, nowhere park. nowhere. even roads pg give online park incorrect permit holders only. warned. whilst appreciate reply puregym, telling change fact aren't. instead replying me, get showers improved meet standards sure hit pressure temperatures. thanks",2,51.4970125,-0.063268,GB
London Ilford,2024-02-20 14:28:00,gym advertised open hours gym closed 10pm attended,1,51.5589375,0.0689113,GB
London Holborn,2024-02-20 11:38:00,"rude staff london, holborn.",1,51.5195982,-0.1137266,GB
Rochdale,2024-02-20 04:15:00,"going rochdale puregym??? sunday eve (18th february) yet stone cloud showers. even hint warmth. ok, appreciate many gym goers use showers (yeah, must stink get home wherever going to... proper work like do), surely us take care hygiene deserve shower facilities paying for?",1,53.6153659,-2.1557561,GB
Hemel Hempstead,2024-02-20 01:29:00,"bought two day passes, travelled gym late night codes didnt work. error website customer service. wasted whole hour £17. awful",1,51.7511784,-0.472528,GB
Birmingham Arcadian Centre,2024-02-20 01:12:00,machines broken clean. smell good new machines must added,1,52.4747581,-1.8965083,GB
Brighton London Road,2024-02-19 21:06:00,smelt like sweat kfc - grim,2,50.83681,-0.1362631,GB
London Great Portland Street,2024-02-19 21:00:00,"visited puregym great portland st. afternoon, really disappointing experience. aircon broken whole gym nasty decomposing smell. puregym good advising members showers working fail miserably aircon breaks, frequently. gym clean staff always friendly however lack good aircon real issue. member years regularly members promised improved aircon. late last year advised lovely staff whole aircon system going replaced jan however yet happen. puregym keeps repairing patches, good enough. puregym’s head office want spend money shame potential new members join. fear constantly broken aircon hot summer time freeze membership. reply puregym: incident occurred, raise manager immediately. advised aircon broken would fixed another month hence grumpy review.",1,51.5238146,-0.1437048,GB
London Camberwell Southampton Way,2024-02-19 16:21:00,basically equipment old broken machines broken get fixed.,1,51.477729,-0.0815988,GB
Coventry Bishop Street,2024-02-18 23:09:00,staff rude discriminatory,1,52.4119048,-1.5116835,GB
London Ilford,2024-02-18 20:20:00,"like gym women’s section makes super comfortable. also gym 24hours still safe passkeys. however, issues passkey broke lack privacy showers. showers frosted doors still much see comfortable using, also individual locks cubical huge disappointment price i’m paying expect better showers.",2,51.5589375,0.0689113,GB
Exeter Bishops Court,2024-02-18 18:13:00,"temperature unbearable gym, abandon workout. seriously guys need sort out. matter time someone collapses due heat. note others also commented issue. gym hotel ...cool down.....also result stinks times. healthy. anyone read things hq???",1,50.7151321,-3.4685252,GB
Bournemouth Mallard Road,2024-02-18 16:20:00,staff useless / nonexistent,1,50.7503219,-1.846402,GB
Dover,2024-02-18 13:19:00,bad app doesnt let reinstall app day pas show up. loud class main room studio? rough,2,51.1251275,1.3134228,GB
Folkestone,2024-02-18 00:16:00,"using deadlift platform when, blue, barbell fell behind back foot. hurt suffered lasting injury. could ended lot worse potentially, e.g. mid lift. let puregym staff know, apologised all.",1,51.0791335,1.1794073,GB
Birmingham Longbridge,2024-02-17 23:21:00,"way busy, even late night. dirty changing rooms, dirty gym, horrible smell throughout gym, aggressive badly behaved clientele hogging equipment sit talk, gym way hot even february. even low puregym standards branch longbridge poor.",2,52.3940521,-1.9807506,GB
London Bermondsey,2024-02-17 19:57:00,"smelly gym ,no fresh air ,old working machines, disgusting. worst pure gym .",1,51.4970125,-0.063268,GB
Walton-on-Thames,2024-02-17 14:55:00,"member years whilst never sweetest smelling gym, getting much worse recently. today (17/2/24) busy went pods almost walked back out. really really stale, dank air lots sweat. really need sort ventilation asap.",2,51.3856837,-0.419814,GB
Nottingham Beeston,2024-02-17 13:26:00,"gave wrong code, nobody available help us gym saturday morning. disgrace.",1,52.9209026,-1.2075548,GB
London Ilford,2024-02-17 13:01:00,"pt needs background check working gym there’s integrity chasing girls number, disrespecting bullied. pt really working gym self control urges. many pure gym members valuable training many years made people sign shouldn’t feel like leave uncomfortable scared pt . people train gym, pt moving without integrity replaceable banned working costing gym lose trust, money valuable customers. train gym many reasons one mental health, bullied intimidated work really degrade someone’s mental health self esteem. gym better place without pt disrespect women members years ever worked there. always show signs telling behaviour. shouldn’t overlooked.",1,51.5589375,0.0689113,GB
Gloucester Quedgeley,2024-02-16 22:00:00,pin doesn’t let gym,1,51.8274128,-2.2773034,GB
Belfast Adelaide Street,2024-02-16 15:34:00,"absolutely distraught hear incident adalaide street, belfast. racist behaviour staff addressed immediately hope company takes action. waiting see updates taken lightly, escalating nothing done.",1,54.5936289,-5.9282801,GB
London Greenwich Movement,2024-02-16 00:23:00,greenwich movement shocking recently! studio class bookings made last minute ‘functional area’ small space busy people gym floor questioned change instructor said ‘are worried people looking here’ unprofessional! wanted use functional area would book class functional area. book studio would like class studio. friday lunchtime class cancelled warning travel train lunch break acceptable. gym becoming joke unfortunately i’m cancelling membership!,1,51.4897267,0.0390648,GB
Wirral Bidston Moss,2024-02-15 21:44:00,awful times,1,53.410373,-3.076908,GB
Tyldesley,2024-02-15 11:25:00,"like tyldesley puregym equipment good it’s new, however it’s extremely hard find time isn’t busy there. going it’s busy honestly hell, can’t get equipment takes forever planned workout. plus carpark tiny good luck parking peak times. also went yesterday, noticed black mould lot walls, example corner ceiling speaker green track. there’s also mould walls around fire exit near leg press machine, well areas. air con never seems on, it’s poor. also lot time heavy condensation windows especially peak times. clearly ventilation i’m concerned everyone including breathing black mould walls. heath safety hazard surely? staff noticed this/if got point they’re allowing mould grow walls without taking action?",1,53.5144859,-2.4661714,GB
Manchester Market Street,2024-02-14 22:16:00,"awful place, changing rooms best place score drugs you’re thing, showers cold filthy. place overcrowded couldn’t get weights machines due hogged.",1,53.4824808,-2.2411908,GB
Leeds Regent Street,2024-02-14 20:57:00,"rubbish - glitches, doesnt work well, constantly logs",1,53.799097,-1.5352944,GB
London Finsbury Park,2024-02-14 18:04:00,"busy, non-attended, price increase reflect gym level",1,51.5648345,-0.1064144,GB
Paisley,2024-02-14 17:07:00,"poor changing showering facilities. lockers small,no place hang clothes etc shower weak cold.not need work out.",2,55.8455828,-4.4239646,GB
Derby,2024-02-14 16:14:00,"like it. one complain people. several people use machines, sitting playing phones.",1,52.9142235,-1.4719885,GB
Stratford upon Avon,2024-02-14 09:23:00,large group young men there. half using machines instead sat use them. loud. intimidating female felt uncomfortable. also much equipment thought would be..,1,52.1927803,-1.70634,GB
Brighton London Road,2024-02-14 03:02:00,"firstly every single time enter gym almost gag stink sweaty socks bo, get used minutes, pretty disgusting every time entering gym, smells awful im convinced ventilation properly working. fire alarms constantly going causing disruptions, times gym evacuated trying go another puregym location pin would work couldnt get since allowed check out, couldnt even finish workout, since pin enter building still checked london road. aside smell gym super dirty noticeable dust grime floors, constantly leaking roofs buckets catching water etc. last months using gym ill even single month despite sanitising hands twice good hygiene, im starting thing might gym lack proper cleaning ventilation. finally app trash work properly android, constantly crashing issues pin able open door access gym. also friends memberships issues could get workout together. top membership suspended let friend gym, also active membership whos puregym app working couldnt get unstaffed hours went. seems like time watch everyone cctv time clean gym properly maintain it. january 1st gym crowded can't even get use equipment. ill looking elsewhere",1,50.83681,-0.1362631,GB
Leeds Bramley,2024-02-14 01:01:00,"dirty, broken equipment cost proper gyms, app slow show daily activities. please, puregym, change picture landing page app; motivating all.",1,53.8118759,-1.6251903,GB
Dudley Tipton,2024-02-14 00:49:00,need new equipment,1,52.524461,-2.0492538,GB
Belfast Adelaide Street,2024-02-13 23:04:00,racists,1,54.5936289,-5.9282801,GB
Wrexham,2024-02-13 21:37:00,gym dirty equipment quality bad could cause injury.,1,53.0465084,-2.9937869,GB
Heanor,2024-02-13 18:32:00,"signed yesterday gym heanor, closer new home, today went in. soon walked in, walked out. facility shower total, changing rooms small 1-person fitting rooms lockers, place requirements higher. disappointing, tried cancel membership immediately staff extremely disinterested.",1,53.0145821,-1.3574966,GB
London Edgware,2024-02-13 18:05:00,"branch busy, full people every hours day specially evening! equipment full want set wait alot! ventilation group classes awful can’t even breath! woman area big enough, equipment enough. toilets always smell bad dirty generally becoming worse every time visit.",2,51.6136623,-0.2749555,GB
London Finchley,2024-02-13 15:35:00,"pay £49.99 (£29.99 first month + £20 joining fee) join app, however arrived gym banners everywhere saying 50% first month + £0 joining fee would’ve roughly worked £14.95, feel i’ve scammed £35",1,51.5973246,-0.1805587,GB
Colchester Retail Park,2024-02-13 15:09:00,"good basic gym good basic equipment. however star two main reasons. 1)cold showers due puregym policy lowering temperature save money pretence cutting carbon footprint. like luke warm showers hygienic. 2) poor hygiene maintenance toilets always blocked, broken poorly cleaned maintained. really need put customers costs improve hygiene.",1,51.8926343,0.8909382,GB
New Barnet,2024-02-13 14:36:00,"get budget gym wow dirty, unhygienic gym. enough cleaning stations anti bacterial spray paper towels. stars location parking situation",2,51.6497449,-0.1751403,GB
Southampton Central,2024-02-13 10:57:00,code never worked,1,50.9074977,-1.4142289,GB
Derby,2024-02-13 00:00:00,"really fraud scammer. advertisements, said receive participation fee fifty percent discount first month. lie bought ponds . items supplies gym broken work poorly. regretted dan, stayed much.",1,52.9142235,-1.4719885,GB
Wrexham,2024-02-12 23:04:00,machines well maintained. cables rough. gym flooring springy makes dangerous using heavier weights,1,53.0465084,-2.9937869,GB
London Finchley,2024-02-12 22:55:00,two guys fighting equipment. management didn’t deal incident person blame allowed enter gym continue work fact using three gym machines. decline bench sit rest on. smith machine shoulders middle room bench dumbbells. one man using three items selfish allowed carry on. management know well acted like friend that’s allowed continue. police turned deal it. afterwards two people talking incident another guy perked gave two guys attitude. place full hot heads think buy weights right argue weights. gym nothing deal people disrespecting equipment other. it’s numbers want don’t care gets hurt. shocking.,2,51.5973246,-0.1805587,GB
Chester,2024-02-12 21:44:00,"paid day membership buddy system didn’t work didn’t get code, paid 7.99 unable get gym",1,53.1908873,-2.8908955,GB
Broadstairs,2024-02-12 19:10:00,want visit different gym want upgrade membership app let taking around circles. complete waste time.,1,51.3586758,1.4407855,GB
Bangor Wales,2024-02-12 17:44:00,"various pure gyms midlands manchester honestly say worst ever to.. lets start crater ridden car park, give good first impression dodge damaging car get in, do, touch screen car number plate entry broken. also couple machines broken usually much problem action months 1-2 machine gym busy means constantly waiting machines. lots wasted space machines equipment could go improve space, pure gyms it, one needs catch willing wait even though discounted membership vitality, seriously worth it.",1,53.2277163,-4.1268822,GB
Oxford Templars Shopping Park,2024-02-12 16:59:00,"support worker young people care enrolled many young people years last days ( everything way always done) trying enrol more, attempts, keeps coming "" error occurred , please try "" tell error is.",1,51.7333472,-1.2178489,GB
Cardiff Bay,2024-02-12 16:58:00,"literally posted good survey gym mere days ago experience gym month. changing due experience judgmental staff member gym. hamstring curl machine, last 4th set, comes over, starts question mid set saying slamming weights down. silly slamming weights down... said break fashion.. machine go 100kg, think concentric pulling machine would break it? 45kg last set, instead 59kg 3x sets... utterly ridiculous target staff gym members quite literally slammed weights eccentric portion. find bizarre equipment going take duty protecting equipment seriously, better start going every gym member this, doesn't. literally targeted one else despite utter hypocrisy. feel eager either attend unstaffed hours join another gym. simply want refund join another gym on. can't double standards like this. unacceptable. found experience quite uncomfortable like jobsworths, simply see logic anything. utterly point arguing fail grasp anything sensible. authority them.",1,51.4639553,-3.1641374,GB
Bristol Eastgate,2024-02-12 01:48:00,overall good range machines free weights. showers filthy stone cold every visit. unstaffed evenings,2,51.4731698,-2.5663407,GB
Newport Gwent,2024-02-11 23:44:00,unmanned gym. terrible smell. poor lighting,1,51.590121,-2.9985571,GB
Norwich Riverside,2024-02-11 22:47:00,horrible atmosphere,1,52.6271817,1.3056472,GB
York,2024-02-11 21:57:00,paid day pass pin let get,1,53.9656578,-1.0743052,GB
Wolverhampton South,2024-02-11 20:58:00,"recently joined puregym wton south. impressed. firstly arrived carpark dark raining poor lighting car park, much nearly tripped kerb. secondly, turnstiles enter gym order took longer get anticipated. thirdly environment dark uninviting compared gyms regards colour scheme. finally, showers, clean silicone coming edge cubicle using riddled mould plus actually hang shower bag cubicle like gyms used. thankfully joined promo renewing monthly membership experience. gyms similar price point offer much better experience facilities.",2,52.463146,-1.9844677,GB
London Kingston,2024-02-11 12:43:00,offered half promo code go paid full price instead halving costs.,1,51.4129277,-0.3018577,GB
Catford Rushey Green,2024-02-11 08:42:00,#error!,1,51.4465685,-0.0190676,GB
London Ilford,2024-02-10 23:23:00,hv seen spoken anyone,1,51.5589375,0.0689113,GB
London Crouch End,2024-02-10 20:16:00,"could access gym, staff gym assist phone customer service",1,51.5796918,-0.1236831,GB
Warrington Central,2024-02-10 18:01:00,"training working years. i’ve concluded it’s worst run business comes client care customer satisfaction. equipment mediocre. never clean. never working. it’s either hot cold. facilities poor round atmosphere sad, quiet bitchy. worked full time self employed coach years experience mixed sure. initially manager incredible, kind, respectful always talking members. final years stuck manager brought personal affairs work, disgustingly rude hires anyone find including predators (then defend actions). puregym also charge £650 per month rent pts profit them. soon become rent pt, you’re longer included valued. final point. whilst dealing mums 18months long battle cancer sadly lost. met zero compassion, reduction discount rent snarky comments like “you’ve taken many holidays” “bit moody aren’t you”. business terrible one enter terrible start pt career. jd next door.",1,53.3919402,-2.5924167,GB
Wrexham,2024-02-10 15:05:00,"old equipment. little variation equipment. didn’t clue things were, weren’t categorised well (cardio area/weights area, etc.)",2,53.0465084,-2.9937869,GB
East Kilbride,2024-02-10 12:16:00,"tried book enter gym ordered code , code arrived hours later couldent go in. refund provided , dissapointed.",1,55.7601174,-4.1796401,GB
Purley,2024-02-10 11:45:00,get pin 2hrs later point gotten tired waiting doors left.,1,51.3388112,-0.1158589,GB
New Barnet,2024-02-10 10:30:00,"yanga sports water machine order again. i’ve given week time writing this. i’ve also noted apparently can’t leave google reviews anymore gym: wonder 🤔 shame - it’s great gym many ways, things like equipment massage chairs order neglected really let down.",1,51.6497449,-0.1751403,GB
New Barnet,2024-02-10 09:14:00,"sent pin late! waited hour outside gym come. says minutes buy day pass.it staff member there, could see sales receipt let in. could access gym minutes leave. £9.99 day pass. like 9.99 hour! joke! pin eventually arrived hours later valid 12am. really much day pass then. using service again.",1,51.6497449,-0.1751403,GB
Stoke-on-Trent East,2024-02-10 00:11:00,"customer service absolute rubbish, way get touch them, peak membership pounds month without notified monthly charges increased pounds. also bought bolt month ago received access code anything take son gym pure gym took pounds account. absolute rubbish gym, air con works summer cold winter. change room access door broken, less equipment one available evening.",1,53.0593352,-0.8159322,GB
West Thurrock,2024-02-09 23:58:00,"terrible, get code till hours later staff members assist",1,51.47712,0.2721259,GB
Ashford Warren Retail Park,2024-02-09 23:45:00,there’s direct email contact anybody tried buy another day pass twice two different emails time haven’t even received email didn’t even get use day pass. went outside finally friend received email. minutes session received two emails total i’ve ended spending £27. looking sign members really interested now. told code would take mins end emails much longer. unhappy experience,1,51.1583631,0.8682394,GB
Oxford Central,2024-02-09 22:15:00,paid daily access code sent enter gym. want refund price paid immediately. want also mention time wasted going gym coming back one give back.,1,51.7675994,-1.2611954,GB
Poole,2024-02-09 15:34:00,pin suspended multiple times absolutely reason hassle go able train pay way monthly! staff unkind give constant judgey looks what’s meant ‘friendly’ environment gym okay beginners buts it’s sad staff aren’t welcoming. training 3+ years 3rd final time pin suspended without warning valid reasoning wouldn’t massively recommend,1,50.7179472,-1.981521,GB
Yate,2024-02-09 15:34:00,joined plus program less month. block access yate gym often go listed included accessible gym multi-access package enrolled. access gym got service team feedback far!,2,51.5403113,-2.4134281,GB
London Bromley,2024-02-09 15:10:00,"assume purpose serve afterschool crèche kids. safeguarding nightmare waiting happen… single person respects gym environment equipment. staff make zero effort ‘set standard’, ask people put weights away use. fact, staff zero presence gym floor whatsoever. time show faces staff room instruct classes, robbing people money return dare call personal training - entertaining clients random selection exercises they’ve seemingly made spot. poorly ventilated, gym smells black mould lines ceilings walls. despite numerous complaints, head office signpost communication back gym manager - zero control building maintenance. gym needs manager who’s willing kick door hinges unpopular sake raising standards staff gym environment. ‘more pay for’ puregyms recent slogan. sadly, puregym bromley falls circles hell promise.",2,51.3668569,0.0617091,GB
Chester,2024-02-09 11:17:00,received email %30 offer first months £ 11.50 free joining fee charged £22.99 +£10 joining fee send pin number enter gym honest,1,53.1908873,-2.8908955,GB
Peterborough Brotherhood Retail Park,2024-02-09 10:07:00,"arrived gym supposed met staff member outside access pods lets get started booking, nobody there. access pin qr code work. “press help” button didnt anything. “call number help” number says ‘not use’ called. another customer saw looking lost let doors. waited front desk roughly half hour without seeing single staff member giving going home.",1,52.6002891,-0.2642011,GB
London Hoxton,2024-02-08 21:26:00,"took minutes pin number come buying day pass, time leave didn’t even get use it. would like full refund",1,51.5323935,-0.086078,GB
Chelmsford Meadows,2024-02-08 20:17:00,smelly gym. inadequate facilities.,1,51.7304156,0.4759574,GB
Manchester First Street,2024-02-08 19:03:00,"despite apologises overcrowding arrogant comments popular, give 30% discount months students. festive period closed, 24/7 commitment went bye-bye. pg issue, enough free weight plates. popular slash prices students? place puregym, bother joining gym can't actually use. p.s even cheapest anymore.",1,53.4723654,-2.246418,GB
Dudley Tipton,2024-02-08 18:34:00,far busy matter ur going 11pm. enough weights equipment number ppl use it. weights shop seems like free all.,1,52.524461,-2.0492538,GB
London Swiss Cottage,2024-02-08 11:50:00,one chest loaded machine. poor machines distribution inside gym,2,51.543722,-0.174982,GB
Stevenage,2024-02-08 10:44:00,stevenage gym men’s changing room hole floor looks dirty tired floor near entrance barrier constantly comes trip hazard. overall machines need touch tlc .,2,51.9016663,-0.2027155,GB
Northwich,2024-02-08 08:54:00,"shocking! reply generic, standard, patronising, condenseding response. none real issues highlighted addressed reply anyway whatsoever puregym also chosen ignore first complaint regarding intimidating conditions. note comment always lookout new sites upgrade current gyms. look far snap fitness managed open building far superior pg northwich. arrogance towards members=customer unbelievable. privileged position use take advantage people interest legitimate issues concerns",1,53.2602539,-2.5145104,GB
Kirkcaldy,2024-02-08 02:44:00,"small gym, enough equipment. power lifting area good. hot water showers, warm water. changing room. many treadmills.",2,56.1110218,-3.1582296,GB
London Wembley,2024-02-08 01:51:00,went workout friends wembley puregym lockers broken valuables stolen whilst working out. would recommend using gym all.,1,51.5560695,-0.2796034,GB
London East Sheen,2024-02-07 23:46:00,payed membership can’t use able download puregym app phone,1,51.4623706,-0.267094,GB
London Whitechapel,2024-02-07 21:30:00,"honestly lot potential things lacking 1. smell - ac working 'looked at' time, never improves. 2. damp - pretty sure downstairs damp clings onto clothes. 3. clientele - busy hours, many little kids laughing standing around bench instead working out. otherwise, decent set equipment space.",2,51.5174861,-0.0659685,GB
Solihull Sears Retail Park,2024-02-07 21:12:00,"rude management, manager ryan interested flirting women texting phone give tour gym. puregym honestly need train managers better",1,52.400801,-1.8179783,GB
Swindon Stratton,2024-02-07 17:02:00,wi-fi working since joined gym staff bothered all. unfriendly staff. staff keen help machines (sort kinda situation),1,51.5844079,-1.7492304,GB
York,2024-02-07 14:21:00,able access gym due membership permitting york? eventhough proof membership york,1,53.9656578,-1.0743052,GB
Warrington Central,2024-02-07 11:13:00,managers work pure gym fill vending machines? question manager directed straight members service without even trying help. member service replying else supposed solve issue. simple question manager could helped instead rude. renewing going jd next door. happened going extra mile wanting help members little. chance here. never,2,53.3919402,-2.5924167,GB
Northwich,2024-02-06 20:50:00,"totally inadequate facility asked do. gym driven pure greed. massively subscribed. can't even get car park let alone use equipment. complained recently via ""rate experience"" email receive incident experienced there. received message back ""manager"" asking contact details discuss experience. sent mobile number email address. -12 weeks later still waiting call back. gym, social club shed staff members of. go train there, go lean equipment gangs one use people talk b0ll0x. ask use equipment leant confrontation begins. member pure gym 6-7 years now, used gyms across uk travel lot semi pro rugby league player say degree certainty, northwich worst pure gym country mile. want many people members taking hard earned cash them, move bigger site. fit purpose. could argue health hazard, many people crammed one end building want use equipment residence training",1,53.2602539,-2.5145104,GB
Exeter Fore Street,2024-02-06 20:06:00,"often use exeter bishops court enjoy. exeter fore street closer route home used past weeks. different story. hot, broken straps bikes, flavoured water dispenser broken weeks. seems much less well maintained. would love keep going fore street - please maintain properly!",2,50.7205151,-3.5351998,GB
London Kidbrooke Village,2024-02-06 19:41:00,cannot enter gym pin work without induction. cannot log app induction. email local gym arranging induction explaining tell book via app respond.,1,51.4614006,0.0259584,GB
London Bow Wharf,2024-02-06 18:29:00,"poor layout - there's 'warming' area directly front numerous bikes largely unused except infrequent cycle classes 'mostly' unused. equipment often broken disrepair. there's one dark haired young pt cleans everything though life depended it, two pts (if there's yet see them) seem largely indifferent - management much same. great space. not.",2,51.5319916,-0.0418638,GB
Leicester St Georges Way,2024-02-06 18:08:00,"feel need explain cramped inaccessible gym since took third space “women’s section”. female reviewer felt need call comments previously fair respond: idea “equity” women gym another way saying equality outcome expense others. really demonstrated fact men pay amount women memberships pay amount less access women. fundamentally wrong disadvantages anybody purely identified sex, something cannot change. puregym’s decision deprive people facilities based immutable characteristics longer attend fitness spaces. men left puregym leicester objection discriminatory policies would soon reconsider.",1,52.635872,-1.1231787,GB
London Hayes,2024-02-06 17:58:00,"southall pure gym disgusting, poor hygiene levels, absolutely stinks there!! booked day pass check walked seconds smell hit us bad, making unbearable even workout! overly busy, equipment everywhere! absolutely awful hygiene levels wouldn’t even touch equipment! smells urine sweat.",1,51.6621711,0.7083861,GB
London Sydenham,2024-02-06 16:49:00,many treadmills little free weights? two squat racks gym size joke. never free. trying weight train gym woman pretty horrendous - free weights downstairs next men's changing rooms. prioritised treadmills everything else (there less them).,2,51.427742,-0.0542215,GB
Lisburn Laganbank,2024-02-06 13:51:00,someone ring please it’s meant 15.39 months already 31.99 taken account i’m charged 21.99 march already. i’m starting gym february. would like someone contact explain false advertising 15.39 months core gym usage.,1,54.5092116,-6.0413824,GB
London Whitechapel,2024-02-06 13:27:00,"sunday temperature unbelievable hot, actually could even risky working out. hand, member gymgoer uses gym towel lay benches, seats chair backs public health issue: people's sweat humidity perfect envinronment germs bacteria grow. comment feels sit lay somebody's sweat smell get. measure must compulsory without hesitation. compulsory european countries gyms. question public health gym etiquette. excuses please saying gym managers room keep everything clean cleaning duty. shocked. finally publicly well known continuous material disorder makes users waste time. gym etiquette again.",2,51.5174861,-0.0659685,GB
London Shoreditch,2024-02-06 13:15:00,"popping back update everyone lift still fixed smashed year milestone 👏🏻 inclusive- everybody welcome.... unlessssss button lift breaks, case 🖕🏻 point asking reach guys via various emails either guys, tried various times got far legs can! wheelchair joke!",1,51.5266694,-0.0798926,GB
Leicester Walnut Street,2024-02-06 12:09:00,"many people, enough equipments.",2,52.6244566,-1.1343556,GB
London Bayswater,2024-02-06 11:42:00,"you’ll get better service pound store. absolutely worst client experience london. needed help set travel pass, spoke ken, agm seconds dismissed basically set myself. didn’t explain session travel pass expires consecutive days. clearly written receipts confirmed emails. tourist nyc, makes sense. visitors busy itinerary workouts scheduled convenience. pay another travel pass gain access morning. john front desk empathy understanding expressed happened clients past. client experience issue directly comes lack communication management staff client resolution lack clarity receipts policies unacceptable.",1,51.5122764,-0.1883854,GB
London Wembley,2024-02-06 10:48:00,phone stolen gym lockers gym fails accept responsibility. gym smelled like shut overcrowded. avoid gym costs!!!,1,51.5560695,-0.2796034,GB
Heanor,2024-02-06 09:31:00,"feedback isn’t overall. joined 2/3rd jan 2024, since i’ve going everyday near enough, it’s always clean, lovely facilities. however…. past nearly week whole top floor use, it’s 24/7 gym like it’s advertised. apparently due fire exit issue, top floor access all. despite small top floor is, lots equipment there. begin announcement made, social media regular updates also received update emails, nothing 3/4 days now. appreciate access gyms area, nearest one heanor derby city centre kingsway retail park, beeston, there’s nothing closer. every visit, miles car, unless it’s way home work, isn’t, go way. posts pure gym heanor making lot users aren’t happy top floor closed. understand whole health safety, meeting regulations etc…. going nearly week. i’m going carry driving mile round trip derby, there’s two gyms around corner heanor could gym. private messaged facebook group commented one posts, i’m getting ignored. think communication key here, members need update he’s going opening fully. also want mention gym full access, upstairs, two members staff would say messing about. young girl red ponytail, back forth big changing bag door shower change laughing messing cleaner, got peoples way, looked silly unprofessional. also want mention particular male gym, slams weights grunts like he’s playing tennis… hear headphones, god knows it’s like people without headphones in. want end positive though, gym always clean.",1,53.0145821,-1.3574966,GB
London Sydenham,2024-02-06 03:48:00,poor gym equipment,1,51.427742,-0.0542215,GB
Cardiff Bay,2024-02-06 02:43:00,busy enough equipment hassle getting codes definitely won’t going back,2,51.4639553,-3.1641374,GB
Aberdeen Kittybrewster,2024-02-05 19:28:00,machines engaged kids phones left minutes,1,57.1616343,-2.1132396,GB
Northampton Central,2024-02-05 18:51:00,"promised discount joining, charged entire amount!",1,52.2365694,-0.8982839,GB
London Wembley,2024-02-05 14:48:00,wembley gym ongoing problems. last three months put stench women’s changing room bad odour coming drainage system. used air sprays mask smell. left feeling sick couple times worried clothes left changing room would also smell. complaints management referred head office complained direct twice email ho ignored. last two weeks air conditioning working ladies section gym blowing hot air. sure keep knowing air con working. ideal want sauna. it’s unbearable attempt bring temporary solution like portable fans. looking another gym puregym value customers staff.,1,51.5560695,-0.2796034,GB
Palmers Green,2024-02-05 14:08:00,gym really small,2,51.6178253,-0.1091946,GB
York,2024-02-05 14:06:00,sure anyone fault. experience. studio dark couldnt read anything bike screens. took midday class off-peak people. normal person apparently wasnt stand manager take class. didnt enjoy music. back peloton home.,1,53.9656578,-1.0743052,GB
Birmingham City Centre,2024-02-05 13:46:00,"whilst running machines, pt pure gym worker exercises disabled man. member public went concern pt worker rude return, shouting ‘ shut up’ swearing. considering worked pure gym shocking here. aware full situation aggressive language used.",1,52.4856896,-1.871104,GB
London Kidbrooke Village,2024-02-05 13:04:00,"puregym kidbrooke years . understand would difficult get equipment peak time , never though looking like kids playground . nothing anyone think gym everyone use. school kids gathering together either sat nearby bench weight like sort competition. getting worse worse. ocassions saw school boys took shirt making pose front mirror. , people sit machines checking phones chatting people regardless busy time. trained pt can't comment . pts seem know students happy join group chat away . close leave gym training want focus distracted giddy teenagers.",2,51.4614006,0.0259584,GB
Derby,2024-02-05 09:16:00,rebounded pure ego. cheap budget gym however never enough equipment meet demand unsafe use. equipment constantly broke got injured due faulty machines cable snapped. manager refused take accountability got people hogging machines equipment/weights upto hour,1,52.9142235,-1.4719885,GB
Exeter Fore Street,2024-02-05 07:54:00,"absolutely stinks, feels unclean, busy filled students",1,50.7205151,-3.5351998,GB
Heanor,2024-02-04 23:23:00,"upstairs closed toilets, changing facilities lockers. signed today, visited first time discover half gym closed due health safety issues. would nice know maybe i’d joined issues resolved. also nowhere leave stuff? changing rooms, toilets health safety? either make clear point sign getting access half gym zero facilities offer memberships discount able use half gym!! glad went sunday rather work monday.",1,53.0145821,-1.3574966,GB
London Holborn,2024-02-04 23:13:00,broken machines. concept2 rowing machine footplate broken right holborn gym.,1,51.5195982,-0.1137266,GB
Telford,2024-02-04 20:21:00,"last months women's changing rooms without absolutely stinking mean like general gym smell always toilets. seen cleaners standing sinks phones mins changes happen cleanliness toilet area there. want use ladies toilets recommend bringing toilet roll almost always empty. huge cobwebs growing. equipment clean, dusty dirty.. sure treadmills cleaned going looks them. issues raised staff management appear matter changes.",2,52.6780532,-2.4514219,GB
Gloucester Retail Park,2024-02-04 15:26:00,absolute rubbish,1,51.859848,-2.2163951,GB
London East Sheen,2024-02-04 13:09:00,pure gym east sheen open 8am 8pm weekends cleaner cleaning 8am noon vacuuming around feet cleaning toilets need them. can’t cleaning done hours?,1,51.4623706,-0.267094,GB
Ashford Warren Retail Park,2024-02-04 10:37:00,paid £9 day pass couldn’t access pod answer help desk buzzer finally got ages tripped carpet trim laying floor would never come back gym again!,1,51.1583631,0.8682394,GB
Telford,2024-02-03 23:20:00,"- literally sick toilet roll ladies, basic thing checked times go non find someone. - ladies smells bad, must drains it’s pleasant - it’s generally dusty, looks like around treadmills never cleaned! - angled machine leg press handle loose however long remember, game changer going gorilla glue soon! - went last sunday really untidy, weights chucked floor, piece finger nail leg press water floor yuk! - tyre gone 🤷🏼‍♀️ - don’t get started heating/air con. summer it’s hot feel like shrimp cooking bbq monday, busy windows dripping steam ventilation clearly scratch! - massage beds aren’t always working, i’ve stopped paying membership it’s worth it. - general wear tear machine it’s starting noticed, leather seats ripped etc.",2,52.6780532,-2.4514219,GB
Telford,2024-02-03 23:17:00,take pure gym telford - clips cable machine missing upstairs cable machines working properly pins machines missing display rowers working treadmill belts dirty loose treadmill functions working bike displays broken water fountain upstairs broken limited cleaning equipment massage beds stinks one working properly female showers dirty would use worst gym quality equipment cleanliness i’ve ever to. go sally smith dance fitness great pt,1,52.6780532,-2.4514219,GB
Ashford Warren Retail Park,2024-02-03 22:48:00,i’m asking one gym member (girl) pin working use this. talked like rude ..i don’t like taking like ..tell talk nicely ..other i’m taking nicely next time ..,1,51.1583631,0.8682394,GB
Bangor Northern Ireland,2024-02-03 20:35:00,lot things noticed pure gym bangor recently machines taking long fixed toilet seats broke months one shower order wifi christmas notified told yes waiting technician although there’s wifi pure gym staff work place falling apart,2,54.662595,-5.6679127,GB
Liverpool Central,2024-02-03 19:47:00,"first day back specific gym since decided stay away back october 2023. heard better new kit equipment installed, wanted give one chance. done that. many problems led leave first place still persist. enough machines accomodate visitors, ventilation terrible, toilets disgusting, lot lockers changing room faulty. leaving end month coming back ever.",1,53.4042207,-2.9795092,GB
Telford,2024-02-03 18:01:00,"puregym telford grim. urine toilets upstairs downstairs, pungent odour weed constantly change rooms, toilet rolls cleaning sprays. disgusting. equipment maintained cleaned, parts hanging off, bolts missing loose parts left floor. damaged broken equipment reported yet never sorted out. even management told directly shrugged off. upstairs drinks fountain broken least months. puregym policy minimum age 16, yet school children allowed entry continue using equipment dangerously even front staff members including joke manager. standards last months slipping drastically since new management taken appauling. even regular gym goers tidy replace peoples equipment yourfull time staff interested phones except two. self employed pt, one decent people even work you. time aknowledged lucky her!! cheek put membership prices ""cos maintaining gym."" puregym ashamed.",1,52.6780532,-2.4514219,GB
Newport Gwent,2024-02-03 14:29:00,"please turn heating down. malfunctioning, set high. hot here. makes working really unpleasant.",2,51.590121,-2.9985571,GB
Crayford,2024-02-03 00:37:00,"gym stinks! literally, absolutely repugnant smell bo sweat walk especially around 9pm after! hope gym sorts air conditioning finds sort solution, honestly ive third world countries sanitary dont smell bad one. yuck",2,51.4515584,0.1787188,GB
East Kilbride,2024-02-03 00:14:00,equipment absolutely terrible rusty machines terrible lot choose everlast blows water,1,55.7601174,-4.1796401,GB
Heanor,2024-02-02 21:00:00,"lovely friendly gym, settled nicely side isn’t enough equipment people train, people always queuing use equipment. small place price pay.",2,53.0145821,-1.3574966,GB
Manchester Debdale,2024-02-02 16:33:00,place outdated lack maintanence makes even worse. several broken equipments. unclean stinky showers.,2,53.4601898,-2.1545545,GB
Edinburgh Quartermile,2024-02-02 13:51:00,super loud busy gym - leave minutes. cycle studio classes behind small wall (not room) hear everyone shouting microphones addition loud music.,1,55.9438167,-3.1941413,GB
Torquay Bridge Retail Park,2024-02-02 13:51:00,"members using single machine hour restricting others using it, noting similar ones use. many female members almost naked. question male member visit gym wearing brief trunk underwear...would accept that? think apply women....it's really disgusting. gym strip club.",2,50.4831147,-3.547928,GB
Witney,2024-02-02 13:27:00,"small, many people, constantly hassled machines rude, arrogant meatheads. supposed share machines sets- covid safe it?",2,51.7838848,-1.4852861,GB
Aintree,2024-02-02 12:06:00,"signing process quick simple however gym massively overpopulated size meant lack availability pretty much everything, people throughout session asked could jump usually okay with, however happen 3rd time one session made question whether made good decision choosing gym, male changing room shockingly small lockers, force bag (not ideal coming straight work extra clothes bag) noticed group lads walking around bags keeping nearby worked free weight section, showers believe hairdryer also strange given amount members saw gym day went annoyed changing room shelf shower place body wash/shampoo place floor locker key majorly unhygienic, several gyms (total fitness, david lloyds, jd everlast) shelves showers. also session workout class, understand common every gym however music played unbelievably loud play earphones max volume cover it. overall quite surprised negative experience especially first session think continue membership past first month. staff super helpful approachable, equipment gym good.",2,53.4803632,-2.9376261,GB
Staines,2024-02-02 09:28:00,"joined gym motivated start class . got early 06:15am, waited waited, class instructor turn up! informed class would cancelled. similar occurrence years ago,which left pure gym. hoped would changed since covid, hope improves concept great, early morning classes joined...but presently pure gym value money want classes....",2,51.434012,-0.511044,GB
London Ilford,2024-02-02 05:20:00,disgusting environment. hygiene maintenance premises.,1,51.5589375,0.0689113,GB
Maidstone The Mall,2024-02-02 01:05:00,equipment needs upgrading pure gym stop taking new members overly busy,1,51.2730013,0.5255069,GB
Heanor,2024-02-01 23:42:00,"absolute waste money… spent money here!! crappy chain gym closed toilets showers unforeseeable future day money february left account, absolutely notice whatsoever… joined gym convenience work possibly continue member toilets showers. response “it’s terms conditions…” “you use nottingham gym gym derby gyms” pay parking price also high equipment get, advice would join gym better customer service, functioning showers toilets (especially ladies, unacceptable)… crappy chain gym get much better facilities elsewhere!",1,53.0145821,-1.3574966,GB
Watford Waterfields,2024-02-01 14:28:00,"worst customer service reply review posted three days ago. reply exactly would expect. generic, cold, brushed response exact response sent everyone complains. taking further. people need made aware operation running scam behind it. unacceptable.",1,51.6523792,-0.3894354,GB
Liverpool Central,2024-02-01 13:00:00,het refund use pass,1,53.4042207,-2.9795092,GB
London Hayes,2024-02-01 02:43:00,doesn’t customer service via phone chases face book e mail annoying,1,51.6621711,0.7083861,GB
Derby,2024-01-31 23:49:00,equipments,1,52.9142235,-1.4719885,GB
York,2024-01-31 21:52:00,make hard get day pass 😡,1,53.9656578,-1.0743052,GB
Heanor,2024-01-31 20:34:00,"good start afraid. joined gym membership went 1st session 29th jan. partner used member pure gym derby. heanor gym expensive pure gym derby expected good, better price. seemed small, cramped, busy enough machines space stretch work out. ready give another go class booked tomorrow 1st feb. cancelled today. message gym closed staffing issues toilets showers. email, asking review....bad timing. hope gets better sorts problems consider price. try kingsway derby decide way forward thanks",1,53.0145821,-1.3574966,GB
Southport,2024-01-31 20:19:00,"joining app brilliant, really easy lots great stuff. didn’t really enjoy first trip gym though. booked onto ‘get started’ felt although girl showed us around couldn’t bothered, interested us asked session pt get started bit nervous, looked said shocked voice ‘you can’t free!’ said ‘i never said anything free, expecting pay!’ found tone disrespectful. - great start. thankfully knew someone kind enough give pointers wouldn’t going back.",2,53.6475988,-3.0041751,GB
Port Talbot,2024-01-31 19:19:00,unable use discount code,2,51.5952353,-3.7824148,GB
Derry Londonderry,2024-01-31 16:25:00,app won’t work,1,54.9978678,-7.3213056,GB
Epsom,2024-01-31 14:13:00,joined easily enough turn 1st class bodytone 6.30am 30th jan met rude coach even identify explain anything great start optimistic nicer approachable gym instructors return tonight! otherwise thats money wasted ill move new gym,2,51.3326098,-0.2678212,GB
Wolverhampton Bentley Bridge,2024-01-31 13:35:00,lots missing parts carabiner clips cable machines,1,52.5968429,-2.0898197,GB
Birmingham Snow Hill Plaza,2024-01-31 13:01:00,"normally go pure gym, friend goes one 4:03 friends got there. link working said hey, let pay pound go there, snow hill pure gym birmingham. way, decide pay. code working, sunday last week today's date last week, sunday. press help button one came down. pt there. got one members public joined gym go get him. still nothing friend went into. go tell code aint working said. yeah, set still nothing longstory short ended going back gym group.",1,52.4848692,-1.8983889,GB
Bournemouth Mallard Road,2024-01-31 12:31:00,"appreciate cheap last minutes, stuffy smelled like school changing room. equipment available absolute mess. got refund straight away",1,50.7503219,-1.846402,GB
Coventry Bishop Street,2024-01-31 00:39:00,confusing door exspescily come gou could speck people helpful staff get look around either,1,52.4119048,-1.5116835,GB
Dumfries,2024-01-30 23:21:00,"paid day pass gym, waited hour pin emailed, gave went home pin arrive.",1,55.0691831,-3.6106856,GB
Sunderland,2024-01-30 23:11:00,crowded gym,2,54.9058512,-1.3828727,GB
Nottingham West Bridgford,2024-01-30 22:31:00,"message came said pass invalid, tried twice times message sent issue needs rectifying immediately part son’s membership",1,52.9310754,-1.1256663,GB
Oxford Central,2024-01-30 22:31:00,"app available ios devices another region/country set app store. lot students oxford international appleone subscriptions shared amongst family members different continents– allow us change 'region' phones unless cancel appleone subscription kick family members apple music, etc. frustrating.",1,51.7675994,-1.2611954,GB
Maidenhead,2024-01-30 20:21:00,paid lot money go kick cause looked young i’m legal age go kicked looked young asked id i’m provide don’t passport cause i’ve never country birth certificate got lost moved house i’m disappointed spent money get kicked nothing,1,51.522743,-0.7197368,GB
Coventry Bishop Street,2024-01-30 17:09:00,"disappointed. changing room floors dirty, lockers checked found one half decent. classes room floors dirty, mirrors finger smudges. cleaning station paper towels. tvs off. feels dated smelly. discontinuing membership. would recommend staff cleaning regularly. control people coming dirty footwear attending exercise areas.",1,52.4119048,-1.5116835,GB
Portsmouth Commercial Road,2024-01-30 01:48:00,"paid day pass trouble paying monthly subscription don’t uk bank account visitor. even downloaded app couldn’t even sign in; contacted puregym facebook; waiting response minutes avail. paying day pass, couldn’t gain access gym minutes paying. people reluctant let code leave without training paying £8. later received code hour later already home. would great work making easier members looking join esp. us tourist visiting uk. thank you.",1,50.804976,-1.0870115,GB
Salford,2024-01-30 01:11:00,gym floor left walk super slippery felt greasy made hard train safely,2,53.4877463,-2.2891921,GB
Bridgwater,2024-01-29 19:55:00,parking spaces all. people park grass. gym really small music really low down. studio mic really loud instructor singing along songs really badly. waste £9.99,1,51.1283378,-3.0037046,GB
Rochdale,2024-01-29 17:30:00,account suspended harassed different employees whilst gym due small stature. sent email saying account suspended needed bring id prove age manager present till 6pm went 5:30 told manager left early would unsuspend account morning happened thursday monday still suspended absolutely help communication managers.,1,53.6153659,-2.1557561,GB
London Stratford,2024-01-29 16:03:00,"waiting join pure gym stratford center, reading negative reviews, really put off. hygiene gym firstly big problem. rude management staff helpful. big waste money time. shame, that's local gym close live. look somewhere else now. bad reviews. unbelievable one anything improvement either.",2,51.541289,-0.0035472,GB
Watford Waterfields,2024-01-29 15:24:00,"awful customer service. son paid day pass: code come refused entry gym. despite showing transaction banking app, turned away. offered support basically told something wrong therefore unable enter. tech breaks time! assume it’s customers error without offering support empathy ridiculous. work health field. comes self care. form self care improve overall mental physical wellness exercise. ashamed yourselves. emailed done requested online chosen ignore us.",1,51.6523792,-0.3894354,GB
Newbury,2024-01-29 14:56:00,"send pin qr code enter gym, however turn use gym cannot gain access gym. point sending information cannot enter gym. lack communication dont think - wondering actually enter gym??????",1,51.4020243,-1.3242212,GB
Newtownabbey,2024-01-29 13:36:00,"newtownabbey pure gym horrible tbh guy door looking something complain find something threatened cancel memberships (this first time here, stop explain rules me) back!",1,54.6778816,-5.9249199,GB
London Sydenham,2024-01-29 12:16:00,visited gym one let us look around waited minutes .. went online fill forms really wanted talk someone starting etc .. best experience,2,51.427742,-0.0542215,GB
Derby,2024-01-29 04:29:00,poor customer service none vending machines working 😡,1,52.9142235,-1.4719885,GB
London Southgate,2024-01-29 00:27:00,"layout gym didn’t flow well, weight machines quite spread grouped together well muscle groups either. didn’t go upstairs can’t comment that. gym tired equipment - used weight machines move well due rusting/wear.",2,51.6323183,-0.1277858,GB
Hereford,2024-01-28 23:13:00,"friend offered 30% membership scheme wasn’t offered discount, happy!",2,52.0553813,-2.7151735,GB
Peterborough Brotherhood Retail Park,2024-01-28 15:50:00,gym crowded machines sub par extent injured setting one up. items arranged cacophony meaningless places would never recommend,1,52.6002891,-0.2642011,GB
Birmingham Beaufort Park,2024-01-28 14:23:00,puregym stechford retail park absolutely disgusting. hygiene level extremely poor aswell maintainace equipment. equipment dust collected months end. never staff busy talking ro maintaining gym. paying customers standard gym beyond unacceptable.,1,52.493268,-1.8171797,GB
Telford,2024-01-28 10:55:00,"dated equipment, usable. clean. weights everywhere. staff looked tired fed up. alot better price. shame",2,52.6780532,-2.4514219,GB
Derby,2024-01-28 08:21:00,paid day pass 25th january didn’t receive email entry code.,1,52.9142235,-1.4719885,GB
London Farringdon,2024-01-27 18:07:00,app let pay £15 day pass farringdon saturday gym open weekdays only. advertised. thought whole point pure gym 24/7.,1,51.519964,-0.104555,GB
Doncaster,2024-01-27 15:41:00,"cannot contact anyone phone, go gym contact leave phone number etc dont bother getting back information, york road gym doncaster 31,01,2024 finall got reply took days, contact member services stupid computer replying, send money baxk please ill go gym cares people profit",1,53.5227681,-1.1335312,GB
London Waterloo,2024-01-27 14:52:00,", paid one day gym. live london want subscriptions. charged .",1,51.5028379,-0.112801,GB
Glasgow Clydebank,2024-01-27 11:31:00,bought member ship friday last week went go yesterday suspended account,2,55.9248427,-4.3888355,GB
Hemel Hempstead,2024-01-27 10:12:00,"hi guys, sadly didnt get one time code intime work out, visit despite pressing assistance many times trying hours number able gain access gym. (i presume confirm showing never used also). please confirm still use one day pass code alternative day? many thanks seb carmichael-brown",1,51.7511784,-0.472528,GB
London Lambeth,2024-01-27 09:52:00,"gym ever consistently attended, usually great atmosphere although inevitably men hog equipment long. however horrible smell toilets lack ventilation seeped gym itself. please sort many us cancelling membership. we’re posh area doesn’t mean treated like seems causing sewer smell gym",2,51.4952111,-0.1163354,GB
Manchester Cheetham Hill,2024-01-27 06:45:00,freezed jym membership days renewal still deduct one month charges. want cancel jym membership let it. needed unfreeze membership pay using jym cancel membership. extremely pathetic experience!!!,1,53.5032866,-2.2344764,GB
Brierley Hill,2024-01-27 01:54:00,poor experience didn’t enjoy felt show whole gym aim towards bodybuilding weightlifting cardio area done poor spec i’m looking,1,52.4823185,-2.1237803,GB
Manchester Cheetham Hill,2024-01-26 13:33:00,gym mess. weights weight racks- free weights left everywhere floor,2,53.5032866,-2.2344764,GB
Solihull Sears Retail Park,2024-01-26 13:20:00,"decent gym equipment far small. 90% time waiting around get equipment hour session easily go frustrating hour session different times day, that's cancelled. capacity expand get equipment worth it.",2,52.400801,-1.8179783,GB
Birmingham Beaufort Park,2024-01-26 02:32:00,someone stole jacket changing room unethical unsatisfied behavior. much theifs gym. zero star side asked staff check camera said check it. shown came changing room bad experience pathetic gym 👎👎👎👎,1,52.493268,-1.8171797,GB
Birmingham West,2024-01-26 01:19:00,"worst gym i’ve ever life regular gym user. staff useless, it’s absolutely hectic, large space equipment. many member machines benches.",1,52.4796992,-1.9026911,GB
London Wandsworth,2024-01-25 23:34:00,"sign front gym said signing fee…. yet wouldn’t work website staff gym didn’t know fix either. informed email puregym said offer ended.. yet gym still sign up, wait following week.",1,51.4570271,-0.1932607,GB
Harlow,2024-01-25 20:12:00,"disappointing say least! member since 2022, cancelled membership never received refund since. contacted email address customer service didn’t realize part circus act. spoke different person time poor copy paste responses. provided screenshots proof cancellation, bank statements, reference numbers, advisors confirm active accounts however can’t locate payment find take money!! still circus continues advisors asking question. getting refunds. honestly don’t waste money go jd else where!!! fb, twitter use circus. forcing take legal action route point!.",1,51.7685568,0.0949036,GB
Glasgow Bath Street,2024-01-25 20:12:00,"received email containing free rejoin fee, registered full amount £ deducted account.",2,55.8637839,-4.2559582,GB
New Barnet,2024-01-25 20:05:00,gym dirty even enough cleaning materials to.even do.it yourself. single wipe or.cleaning fluid weights room downstairs,1,51.6497449,-0.1751403,GB
Aberdeen Kittybrewster,2024-01-25 17:37:00,busy crowded me. cancelling membership joining another gym.,1,57.1616343,-2.1132396,GB
Southampton Shirley,2024-01-25 17:06:00,"overpacked gym ever experience life. first month using puregym again. re-used old account registered puregym several years ago, longer allow use app. yes could speak staff never part contract that. cancelling first month, knew would wrong decision going gym.",1,50.9214711,-1.4323205,GB
London Charlton,2024-01-25 16:50:00,"aircon puregym charlton london, felt like working deep amazon rainforest summer.",1,51.4826053,0.0365359,GB
Glasgow Robroyston,2024-01-25 11:26:00,"affordable well kept. alarm door going 24/7, electronic music playing super loud, can’t listen music earphones without blast sound up, unsafe. equipments make creaking sound, probably old is.",2,55.886885,-4.1743912,GB
Redditch Ringway,2024-01-25 04:13:00,experience poor members difficult get use equipment times. frustrating puregym care profit member experience.,2,52.3087539,-1.9434403,GB
Widnes,2024-01-24 17:56:00,said partner already put buddy,1,53.3646888,-2.7283328,GB
Rushden,2024-01-24 16:32:00,"first time daughter didn’t like fact u didn’t get help trying obtain day pass stressed .i finished work stressful job like distress gym found pure gym made stressed go .tbh id like refund daughter. found experience awful .i stay gym thanks. ,i thinking joining maybe .",1,52.2911567,-0.5988177,GB
Gloucester Retail Park,2024-01-24 09:57:00,"it’s terrible new refurbishment much better , however went deadlift somehow hot air blowing face either side platforms proper lifting rubber, therefore floor either side concave. deadlifting , bar rolling around falling literal potholes? place needs proper platforms unsafe heavy lifts throws alignment",2,51.859848,-2.2163951,GB
Leeds Regent Street,2024-01-24 01:46:00,"great gym overall toilets normal standards. toilet roll, water floor, toilets clogged, bins full top, best condition definitely something gets handled, woman attend bathroom definitely make sure flush toilet, clean toilet seats leave toilets state, please could sort this! love gym besides staff lovely.",2,53.799097,-1.5352944,GB
Birmingham Beaufort Park,2024-01-24 00:22:00,"still traumatised marched beaufort park pure gym aadbid hafezi,,,,i felt wrong ethnicity......so sad big city 2023/2024.",1,52.493268,-1.8171797,GB
Rushden,2024-01-23 22:39:00,"bought day pass, wait nearly 1h get pin, acceptable,",1,52.2911567,-0.5988177,GB
London Hayes,2024-01-23 20:48:00,would recommend gym people relationships! avoid partner going gym even it’s you! girls guys looking extra affairs here! central place pimps! bf decided pick girl sleeping around gym pts! stay away here!,1,51.6621711,0.7083861,GB
Liverpool Brunswick,2024-01-23 15:57:00,looks like leisure centre gym. kit old & worn out. whole venue generally poor state. put prices yet don’t put penny kit. avoid.,1,53.3832177,-2.9760156,GB
London Finchley,2024-01-23 14:16:00,members east finchley branch. one set free weights. weights never available missing. one putting weights back holding members accountable return weights gym always mess. despite several complaints pure gym cheap buy more. ladies change rooms always smell sanitary bins always overflowing. toilets cleaned sundays always disgusting. management ignore complaints. worth joining.,1,51.5973246,-0.1805587,GB
Watford Waterfields,2024-01-23 13:46:00,"like money back, please.",1,51.6523792,-0.3894354,GB
Watford Waterfields,2024-01-23 11:49:00,rude management :(,1,51.6523792,-0.3894354,GB
Swindon Mannington Retail Park,2024-01-23 11:35:00,"going gym year like gym. however, lot cleaning done there, least showers broken. gym member year now, like gym many aspects, concerns. cleanliness leaves much desired, broken showers common issue. concerning problem, however, lack hot water week now. despite inconvenience, compensation offered, promo codes free month discount next month. feels unfair paying facilities unable fully utilize.",1,51.5540137,-1.8131711,GB
Fareham,2024-01-23 10:10:00,super busy app said wasnt needs one machine avoid wait constantly use them. changing rooms werent clean smelt really bad. gym extremely hot,2,50.8526637,-1.1783134,GB
Edinburgh Quartermile,2024-01-22 23:06:00,"gym packed past capacity. spent time waiting machine free. 2.30 weekdays, supposedly peak. also one single bench press machine entire gym honest absolutely unbelievable. think im paying amount money sit around waiting, effectively doubling time need dedicate gym get half decent workout. disgraceful.",1,55.9438167,-3.1941413,GB
Oxford Central,2024-01-22 20:01:00,"despite booking two weeks advance classes, full can't get space equipment. unresponsive management overall.",1,51.7675994,-1.2611954,GB
Barnstaple,2024-01-22 17:42:00,"wanted join take advantage january free joining fee. manage upgrade membership friend core app site reach puregym facebook messaging. took 24h get answer (12h max?) initial membership manually deleted puregym could rejoin also told passed deadline offer. put aside still displayed location 16th specification end offer, would able myself, would missed certainly told missed hours... despite pointing difficulty encountered.",2,51.0804057,-4.0600467,GB
Torquay Bridge Retail Park,2024-01-22 17:32:00,"joined early january, went induction requested personal routine introduction session agreed cost £60. speaking two personal trainers manager wait two weeks, nothing arranged. informed repeatedly trainers self employed puregyms problem. cancelled membership torquay gym online ap requested refund january unable attend. word puregym this, method complaining appears available . frustrating waste effort. buyer beware.",1,50.4831147,-3.547928,GB
Sutton Coldfield,2024-01-22 11:35:00,need chest machines. machines general. put machines different parts body together,1,52.5623089,-1.8239794,GB
Watford Waterfields,2024-01-22 11:22:00,"attention: left wallet locker someone broke took it. lost cash, creditcard id. shameful !!!!!!!",1,51.6523792,-0.3894354,GB
Leamington Spa,2024-01-22 09:49:00,"issues accessing gym morning, another gym member went get help pt refused come help ‘busy’. whilst understand probably middle pt session, would taken seconds help instead i’ve wasted morning work. poor service.",1,52.2913394,-1.536404,GB
Plymouth Alexandra Road,2024-01-22 09:15:00,couldnt get code abandon workout. one around assist help enter gym. friend member managed get still couldnt find anyone help get,1,50.3818354,-4.1266441,GB
Bristol Union Gate,2024-01-22 07:58:00,"state gym left horrific. changed gym one off, popular request people know, previously good experience alternative locations, would actively recommend brislington retail park location. state left in, clear one cares cleanliness, much less respect towards equipment. find weights across gym be, one gym. fair rude unwelcoming gym-goers, yesterday demanded move machine someone inflated ego public gym. honestly abysmal, want go gym around bristol city centre, here. better options, cheaper options without losing singular benefit 24/7. members respect it. staff respect it. surround respectable people, earnestly, especially comes self-improvement. location bring down. disclaimer; wish discredit location puregym, others visited within past years kept scratch, clean, friendly staff guests day & night. problem location particular.",1,51.4574315,-2.5919625,GB
London Sydenham,2024-01-22 00:53:00,"way crowded space floor work weights, kettlebells, extremely crowded felt really hot inside horrible experience",1,51.427742,-0.0542215,GB
Hednesford Cannock,2024-01-21 17:39:00,used really good . i’ve coming years new assistant manager isn’t pleasant keep taking weights set /reps .,1,52.7113843,-2.0025384,GB
London Enfield,2024-01-21 16:14:00,"branch regional operations manager sacked, gym extremely dirty times. male changing room soap dispenser broken month now, basic wash hand soap available all, heard customers saying they’re bringing wash hand soap. paid core membership hope would using massage chair, impossible make use it. smells rotten, dead meat, rotten milk. blue roll cleaning products hygiene equipments time unavailable throughout cleaning station, since joined puregym enfield skin boils leaving bad scars. recommend puregym enfield.",1,51.6517156,-0.0786839,GB
Northwich,2024-01-21 01:15:00,"gym room much suffocated. narrow space, many people working time",2,53.2602539,-2.5145104,GB
Glasgow Clydebank,2024-01-20 17:53:00,"start? gym taken recent decline shame. overflowing bins, smelly dirty changing rooms turned playground daft teenagers, acting goat vaping changing rooms. empty monster cans lying around someone deposited something one toilets that's days....other gym users obviously blame majority problems. hogging lockers days end also big problem. seriously considering going back gym group anniesland, spotless never concerns. gym would benefit staffed weekends keep eye things. rarely see staff around, concern first opened, fabulous gym",2,55.9248427,-4.3888355,GB
London Farringdon,2024-01-20 14:14:00,puregym truly shocking. customer support sell day passes gyms closed. pretty sure that’s called fraud.,1,51.519964,-0.104555,GB
Birmingham City Centre,2024-01-20 10:58:00,cap amount people allowed in. cleaning stations well stocked. completely unaware type gyms wait hours bench press ridiculous. finally got one swimming bodily fluids. positive experience coming back,2,52.4856896,-1.871104,GB
London Swiss Cottage,2024-01-20 01:04:00,help app staff.had change home gym. unhappy,1,51.543722,-0.174982,GB
Bristol Eastgate,2024-01-20 00:41:00,"hot smelly. unclean equipment nobody wiping re-racking weights. what's email pin takes 15mins arrive stood outside waiting someone let in. pin needs integrated first email, delay.",2,51.4731698,-2.5663407,GB
Birmingham Snow Hill Plaza,2024-01-19 21:59:00,auto doors weren’t accepting pin! therefore couldn’t access gym! i’d like refund future credit please.,1,52.4848692,-1.8983889,GB
London Streatham,2024-01-19 21:36:00,totally overcrowded particular areas never free. don’t waste time. clearly catering membership.,1,51.429769,-0.1311105,GB
Waterlooville,2024-01-19 20:01:00,"heating charging rooms, -4 outside changing rooms. showers cold. disappointing well-known used gym. waterlooville dukes walk.",1,50.8797911,-1.0314789,GB
Sutton Times Square,2024-01-19 12:10:00,app allow access gym,1,51.3643147,-0.1915453,GB
Durham Arnison,2024-01-19 07:40:00,customer service,1,54.8066978,-1.5811887,GB
Loughborough,2024-01-19 04:45:00,"don’t know necessary make male employee entering female changing room two times busy time within two hour, wipe bench?",2,52.7723859,-1.2077985,GB
Staines,2024-01-18 22:51:00,small gym enough equipment,2,51.434012,-0.511044,GB
London Seven Sisters,2024-01-18 22:40:00,"charging dont even enough locker, people putting belongings floor bring gym. gym, enough tools like light dumbbell people needed, three cable total one rope, location, would definitely choose brand gym",1,51.5817795,-0.0739615,GB
London Crouch End,2024-01-18 21:58:00,"coldest day year could even bothered send cancellation notice. booked first time one classes chose yoga class also paid extra. turn gym -1 celsius wait around like moron min. one notice board staff email warn class cancelled. get money back? ever find per one person gym t-shirt puregym instruct even notify peers class cancelled? knows. kept side contract- paid, showed up. courtesy letting know least min advance don’t exit house negative degrees would minimum… disrespectful.",1,51.5796918,-0.1236831,GB
Palmers Green,2024-01-18 17:11:00,thinking joining gym (as opposed two others within 100m) puregym advertising really good offers present. however seems palmers green aren’t interested offers reviews pretty negative. looks like one two get business.,1,51.6178253,-0.1091946,GB
Manchester Urban Exchange,2024-01-18 14:44:00,"gym godless crowded, claustrophobia induced bunker. support new starters, people practically give dirty looks daring new gym.",1,53.4817408,-2.2283336,GB
London Kentish Town,2024-01-18 13:51:00,joined try class - join find whether class full. paid £10 waiting list....,1,51.5500554,-0.1425712,GB
Widnes,2024-01-18 10:22:00,"paid day pass check gym out, got gym qr code wouldn’t allow access gym tried pin code also wouldn’t allow access",1,53.3646888,-2.7283328,GB
Sheffield City Centre South,2024-01-18 09:38:00,entering pin manually work sometimes. gym cold work outs.,2,53.3755841,-1.4673519,GB
Stoke on Trent North,2024-01-18 08:11:00,"happy first classes mornings reduced minutes 45, long enough worth getting bed for. also mins there’s another class straight sometimes last 20/25 mins. really disappointing, hoping reviewed asap!",1,52.9860695,-2.1751228,GB
Watford Waterfields,2024-01-17 23:45:00,used discount code bluelight aviva applied. offer says joining fee nhs workers bluelight still charged.,1,51.6523792,-0.3894354,GB
London Finchley,2024-01-17 20:23:00,"give one star actual gym deserves service deserves 0. current 50% £0 joining fee promotion code reason work online. charged additional 40£. problem. problem try getting touch team realise contact information seems useless. email address sent automated response, phone number provided takes short automatic message hangs up. awful service.",1,51.5973246,-0.1805587,GB
London Holborn,2024-01-17 18:39:00,expensive charge,2,51.5195982,-0.1137266,GB
London Whitechapel,2024-01-17 18:28:00,sad bought plus membership bring friends exercise,1,51.5174861,-0.0659685,GB
Watford Waterfields,2024-01-17 11:46:00,management arrogant hostile :(,1,51.6523792,-0.3894354,GB
Staines,2024-01-17 11:21:00,free parking times.,1,51.434012,-0.511044,GB
London North Finchley,2024-01-17 10:34:00,"terms pricing registration process good, facilities kept clean unfortunately. unless don’t mind",2,51.6124905,-0.1756922,GB
Coventry Skydome,2024-01-17 07:34:00,"gym cold, even rigorous workout, can’t warm up. showers cold too, one intermittent hot cold water. gym manager informed, already knew. also mentioned clean tidy compared jd, wave, village gyms. member opened, working abroad past years.",2,52.4075589,-1.5184111,GB
Lisburn Laganbank,2024-01-17 04:09:00,"there's like dozen treadmills one leg press machine. sum disproportionate is: one pair dumbbells (so like one pair kg, one pair kg, one pair 3kg, get idea, idea else put it) one shower, idea barbells can't tell many were, single smith machine, rowing machines one broken think cycling machines, one broken foot strap, battle ropes available try use gonna hit someone sandwiched area people use stretching/doing box jumps/lifting weights available/rolling ball, like big enough area. woman's changing room, wide open area three bathroom stalls, there's cubicles change bathroom stalls. shower floor always looked gross, know was, strange discoloration floor shower stood, kinda looked like someone peed rinsed rolling around weird mud, there's nowhere put clothes, hook anything, wet floor. lockers actually close properly, either really stiff locking mechanism move say locking mechanism, anyone open take stuff, supply padlock yourself, worry though, selling branded one vending machine £7! plastic cover one weight machines literally stopped putting weight 10kg. signs saying wipe machines use see anything actually wipe with. everything vending machines insanely priced. signed supposed get video sent email ""everything need know gyms, including great workouts get started"", get that. idea even reception desk talk employee induction, also feel like two water drinking fountains, one, that's probably me. now, classes used gym upstairs, might showers changing facilities like there's chargers attached machines little ledges put phone hairdryers, theres also two tv's showing videos music speakers videos appropriate gym posters talking sexual harassment stuff. planning going upstairs gym, maybe pay one day pass go friend particular membership signing up, might work really me. keep mind weight machines going occupied. side note, planning canceling, click cancel button fill survey directs come afterwards ask quitting. pressed button thought cancelled exact survey give first signing up, glad double checked.",2,54.5092116,-6.0413824,GB
Preston,2024-01-17 02:46:00,giving membership consists peak times go gym busy,1,53.7593363,-2.6992717,GB
London Lambeth,2024-01-17 02:21:00,mixed feelings honest. satisfied equipment atmosphere gym.but entering changing rooms especially toilet/shower big disappointment.unfortunately smell dirtiness make someone reconsider .. hopefully matter solved soon make gym better place everyone.,2,51.4952111,-0.1163354,GB
Watford Waterfields,2024-01-17 00:59:00,trainers serious. correct postures. take classes sake it!,2,51.6523792,-0.3894354,GB
Port Talbot,2024-01-17 00:55:00,nothing problems shocking company. gyms (depending go) less equipment thegymgroup's expensive. main gripe sneaky removal multi gym access membership. originally entitled ~160 gyms froze membership month. month finished checked reduced go gym wanted go removed. obviously direct debit already taken money cancel time. demand refund.,1,51.5952353,-3.7824148,GB
Leeds City Centre South,2024-01-16 23:47:00,"charged much day ticket, internet gym shocking. staff available either.",1,53.3803135,-1.4706053,GB
Leamington Spa,2024-01-16 22:29:00,"full teenagers exercise playing phones, seems like youth club . nearly always 150+ people evenings causing queues risks health safety. equipment often order left way days. unpleasant odour toilets often hand sanitizer.",2,52.2913394,-1.536404,GB
Birmingham Longbridge,2024-01-16 21:58:00,"gym dirty, poor infection control disgusting smell enter. urgent inspection required place shut resolved. mauld gym floor surfaces clearly cleaned - dangerous unhealthy environment.",1,52.3940521,-1.9807506,GB
Leeds Hunslet,2024-01-16 21:03:00,"messy, ancient equipment far standard gyms.",2,53.7786185,-1.5282492,GB
Nottingham Beeston,2024-01-16 20:10:00,isn’t puregym’s fault feel beeston branch always crowded like 40+ people feels abit unsettling go never figure best time go there’s advice would appreciate,1,52.9209026,-1.2075548,GB
Blackburn The Mall,2024-01-16 18:44:00,"haven’t puregym years thought would give another try year. first visit yesterday appalled see many machines horrible condition, rusty hard use due this. one particular calf press, surely amount costs membership provided machines good condition.",2,53.7489149,-2.4826216,GB
Leeds Hunslet,2024-01-16 18:39:00,gym getting worse water tap machine,1,53.7786185,-1.5282492,GB
Southampton Shirley,2024-01-16 17:00:00,"water pressure shower room really really poor, low, can’t control water temperature. also would lovely swimming pool sauna facilities back.",2,50.9214711,-1.4323205,GB
Redditch Ringway,2024-01-16 13:58:00,member pure gym since first opened redditch town centre. found range equipment perfect plenty cardio machines layout thought out. move ringway seems disaster cardio machines halved across gym. classes less weird times. spacing equipment seems ever could carried stayed one session new gym cancelling membership straight writing working another gym.,2,52.3087539,-1.9434403,GB
Glasgow Hope Street,2024-01-16 13:31:00,gym cold shower water,1,55.8620957,-4.2581729,GB
Northampton Central,2024-01-16 11:13:00,"angry workers gym, explanation, speak nice.🙈",1,52.2365694,-0.8982839,GB
Rushden,2024-01-16 09:38:00,"honest upfront pricing policy. got use facility first time, spin bikes broken. unlimited sports water limited!?! could hear music headphones. lockers - one mentioned would need bring padlock.",2,52.2911567,-0.5988177,GB
Oxford Templars Shopping Park,2024-01-16 09:06:00,male changing rooms smelly urine. upstairs window frames near mirrors stair machines look like covered mould spores. upstairs paper towel dispenser nearly always empty.,2,51.7333472,-1.2178489,GB
Wrexham,2024-01-16 02:39:00,gym rubbish dont fix machines brining new machines also front qr doors broken time get stuck open one side stays closed side,1,53.0465084,-2.9937869,GB
Chippenham,2024-01-16 00:43:00,tried join reason option half price membership paid full price.. really annoyed,1,51.4587621,-2.1159032,GB
Glasgow Clydebank,2024-01-15 23:05:00,"hate give gym one star moment absolutely awful. new management seem absolutely useless, theres pt's anymore, classes horrendous well now. shame member since seen much change gym went downhill badly rapid speed since female manager left months ago. gym extremely busy overrun teens gangs can't get equipment get january new me, new year crowd ridiculous moment unfortunately dont luxury attend daytime im stuck peak evening slot usually busy extreme far many children using gym think managers checking ages look years old absolute pain neck gyms chore. tried class new female assistant manager awful hadnt clue, hear decided answer phone class unprofessional. gym wasnt perfect good atmosphere, staff friendly classes good new manager well cant even bothered reply email sent late november. wonder staff left.",1,55.9248427,-4.3888355,GB
Watford Waterfields,2024-01-15 22:56:00,"rude staff, especially management :(",1,51.6523792,-0.3894354,GB
London Canary Wharf,2024-01-15 22:44:00,"first experience bad, induction lasted min. guy told another person also going part induction, min induction booked min. encouraging all. really affected first day experience",1,51.5048954,-0.0190006,GB
Leeds City Centre South,2024-01-15 21:01:00,took ages pin emailed through. signal gym stand outside rain. option buy day pass vending machine like gyms? gym insanely busy inside benches available free weights section. queue barbell bench,1,53.3803135,-1.4706053,GB
London Kingston,2024-01-15 20:10:00,"equipment, spaces, changing room everything nice except girls come (showing) training. go gym like bedroom. girls wear really disgusting clothes, come gym see shirt. strict standards rules.",1,51.4129277,-0.3018577,GB
Norwich Aylsham Road,2024-01-15 11:49:00,"issue changing rooms busy school children leaving belonging instead lockers bad hook bench get changed moving people's belongings , reported member staff said anything unfortunately wife cancelled membership favour gym group , surly something done , signage monitor etc",2,52.6411579,1.2882664,GB
Reading Calcot,2024-01-15 11:42:00,"always problems air conditioning. walk doors heat hits you, gym warmer house! really uncomfortable environment work in. occasionally work feel air conditioning come on, temperatures inconsistent, air conditioning needs kick much sooner. weights cannot cv work stopped circuit classes, loved, get hot. used announcements wiping gym equipment, stopped regularly paper towels cleaning spray. today, cleaning sprays empty, ladies toilets soap. unhygienic gym basic items encourage people clean equipment use. positives friendly gym, staff great, really helpful approachable. gym kept tidy. kayley cook amazing classes fantastic.",2,51.4468889,-1.0381147,GB
Derby Kingsway,2024-01-15 11:20:00,"hi there, signed gym city centre deliberately got multi-gym access membership find doesn’t work pure gym opened up.",1,52.9151192,-1.5085685,GB
Exeter Bishops Court,2024-01-14 23:57:00,good overall warm feel heat hit soon walk need put a/c someone heat stroke,2,50.7151321,-3.4685252,GB
New Barnet,2024-01-14 19:24:00,"lockers broken due broken opened robbed .to many kids sitting machines texting , like youth club . suppose pay get ….",1,51.6497449,-0.1751403,GB
London Charlton,2024-01-14 17:21:00,"today's body pump class (sunday 14th january, 10.15am) charlton pure gym dangerously oversubscribed. far many people space. gym users barbells colliding people tripping equipment. impossible instructors know booked turned class attendance lists printed friday(!), totally date sunday. people actually booked even allowed class. fault instructors, pure gym management. sort please. update: thanks, pure gym completely generic, disingenuous response. actually read review? provided detail requested/needed. raise issue gym manager? can’t that? gym manager needs speak instructor running class.",1,51.4826053,0.0365359,GB
Southampton Shirley,2024-01-14 13:37:00,"moved back so'ton unfortunately nothing's changed regards staffs attituded shirley club. surprised positive reviews written staff & friends. trained many pure gyms club disappointing. all, majority staff dismissive, passing desk gym, even smile ""hello"". busy chatting amongst phones. woman, gyms quite intimidating is, creating welcoming atmosphere members important. even partner (a retired pt) says feels staff create negative energy looking join another club. using southampton city on, warm, welcoming professional.",1,50.9214711,-1.4323205,GB
Leicester St Georges Way,2024-01-14 01:43:00,"started going gym around months now, people don’t seem return weights back holders. gym machines starting rust, well bunch working i’ve seen treadmills. also yanga sports drink dispenser hasn’t working since first started here! i’m paying money service limited.",2,52.635872,-1.1231787,GB
London Croydon,2024-01-13 13:42:00,"relatively easy join new email address, figured member services team messed old membership.",2,51.3550556,-0.0643104,GB
London Bermondsey,2024-01-13 00:59:00,"worst pure gym ever! old equipment, smelly gym ,dirty,horrible location, windows,winter cold, summer air breathe, expensive offer! avoid.",1,51.4970125,-0.063268,GB
Broadstairs,2024-01-12 17:05:00,couldn’t get pin given day pass one help app didn’t qr code,1,51.3586758,1.4407855,GB
London Enfield,2024-01-12 16:54:00,days sports water,1,51.6517156,-0.0786839,GB
Luton and Dunstable,2024-01-11 17:53:00,"gym bathroom toilets mostly blocked flooded. saying staff job right. gym, ppl pigs break block go workout even think use washroom cuz would blocked broken",1,51.8969557,-0.4744282,GB
Walton-on-Thames,2024-01-11 16:18:00,"member gym number years without problem, however past six months demographic gym changed full college kids looking phones well kids come door without paying 2-3 squeeze entry pods one membership. monday night two managers present gym nothing groups entering. gym designed used pay memberships want keep fit used doss house local teenagers.",2,51.3856837,-0.419814,GB
Newcastle St James,2024-01-11 14:49:00,can’t get building i’m friend puregym member given pin.,1,54.974046,-1.6179644,GB
London Colindale,2024-01-10 20:18:00,"turn air conditioning winter, moment it’s degrees morning & equipment freezing cold downstairs weights area. also possible get hip thrust machine? pure gyms",2,51.5954091,-0.2499296,GB
Palmers Green,2024-01-10 14:17:00,"palmers green gym smells sewage, toilets service , gym stinks, it’s unhygienic, unhealthy unacceptable. it’s going second week something must done it.",2,51.6178253,-0.1091946,GB
London Bermondsey,2024-01-09 19:55:00,overcrowded,2,51.4970125,-0.063268,GB
Exeter Bishops Court,2024-01-09 16:22:00,"member years - used various gyms year period - never known gym wack heat much one, feel heat entry door, unbearable. members spoken feel same. like working someone front room heating on. gyms known feel cool initial entry start working out. literally can't stand - complained staff tell temperature control. need address this, someone faints heat!!! every year same, need write formal complaint. listed 9/1/23 date issue mentioned goes back further, stayed convenient location wise me....but need find somewhere else environment heathy people workout",1,50.7151321,-3.4685252,GB
Oxford Templars Shopping Park,2024-01-09 16:21:00,"love gym male toilets needs real attention it’s disgusting, sink dirty smelly.. whole changing room smelling toilets.. dirty mirrors.. disrespectful…",2,51.7333472,-1.2178489,GB
London Wandsworth,2024-01-09 12:44:00,gym 5th floor lift constantly broken. restroom never clean .,1,51.4570271,-0.1932607,GB
London Great Portland Street,2024-01-09 10:31:00,heat unbearable! please fix ac. awful working muggy smelly heat. air filtration. also machines close together newbie it’s quite intimidating free weights room small barely ever go,2,51.5238146,-0.1437048,GB
London Bromley,2024-01-08 17:43:00,"gym lucky even get one star. damaged gym equipment, atmosphere constantly pushing promotions tannoys trying workout. additionally, since mid-2022, lockers mens' changing room absolute disgrace damaged beyond repair. spend minutes playing around get lockers actually lock odd occasion find locker works, full somebody else's clothes (as bothered put padlock!). gyms to, always signage removing equipment locker workout. similarly, showers filthy. certainly cleaned regularly amount bacteria unsanitary things make breeding playground germs. years, time make change proper gym values customers. directors establishment truly ought ashamed",1,51.3668569,0.0617091,GB
Northampton Weston Favell,2024-01-08 16:37:00,used good. gone hill. unprofessional staff. make feel unwanted. glad left,1,52.2577432,-0.8369027,GB
Reading Calcot,2024-01-07 23:33:00,"good range equipment parking good. it’s always hot there, really puts working out. soon walk in, air feels sterile warm start working out, feels like you’re pass out. reason, going avoid go elsewhere.",2,51.4468889,-1.0381147,GB
Aberdeen Shiprow,2024-01-07 18:48:00,good enough gym. hot water gents showers. please someone look sort it’s good cold showers. thanks,1,57.1460327,-2.0954146,GB
Newcastle Eldon Garden,2024-01-07 01:59:00,"i’ve experiencing issues multi vitamin-flavored water machine puregym weeks now. despite providing feedback app, response. it’s disappointing that, they’re eager charge extra amenities, there’s lack customer support it’s needed most. i’ve hopeful fix day, never happens. considering lack attention matter, i’m contemplating switching gyms puregym starting feel like ripoff.",1,54.9757161,-1.6168648,GB
Swindon Mannington Retail Park,2024-01-06 18:41:00,limited classes classes restrictions half hour useless. classes don’t pick end month leave,2,51.5540137,-1.8131711,GB
Southport,2024-01-05 17:34:00,"went enquire membership, pressed button talk staff member girl accent turned lent barrier lethargically asked wanted. said thinking joining could see gym, would bought pure gym product. said online, repeated, problem see gym joined, sigh said, would log phone first anti customer attitude awful walked away. brand new gym southport surely staff trained customer service, went straight another gym tour joined, simples!",1,53.6475988,-3.0041751,GB
Camberley,2024-01-05 03:36:00,"first joined puregym showers nice hot last months cold, asked told save money temperature turned down, absolute joke, workout cold shower go outside catch cold. i’ll going jd gym aren’t tight puregym hot showers. i’m disgusted",1,51.3392845,-0.7460981,GB
York,2024-01-04 21:09:00,"noise gym absolutely atrocious! managers/owners seem realise may people gym hyperacusis, misophonia types sensitivity sound - want workout relative peace quiet! background music fine classes problem, classes blast trashy club music full volume instructor shout microphone make heard. wear noise cancelling headphones listen music working out, still hear noise. today leave five minutes warm-up two classes happening time, two sets music blaring two voices screeching mic, horrible. pay membership like everybody else deserve able work-out comfortable environment. wrote email complained weeks ago got reply, going find another gym.",1,53.9656578,-1.0743052,GB
London Stratford,2024-01-04 19:03:00,"2nd review. absolute worst gym london. previously complained cleaning spray tissue told bring own! recently changed this. went week ago water ! running water! manager, guy tattoos face, rude busy even look phone asked anywhere wash hands (there wasn't). also watched ignoring members busily used phone. years ok service puregym branch finally pushed gymbox. must say glad left. shambles gym (along bow) true disgrace care taking money even care get sick shocking hygienic practices. would give minus possible.",1,51.541289,-0.0035472,GB
Palmers Green,2024-01-04 08:09:00,seriously.....how wifi already thinking leaving palmers green gym.,1,51.6178253,-0.1091946,GB
Exeter Fore Street,2024-01-03 17:44:00,"gym good, however, impossible cancel online. clearly states made 'simple possible' leave certainly case. additionally, miss payment, charge unreasonable amount extra, plus send warning email night- little time pay up! felt completely scammed deterred signing pure gym ever again.",2,50.7205151,-3.5351998,GB
London Bermondsey,2024-01-03 06:53:00,poor facilities hot water inconvenience shower heart problem plus poor customer service unable answer,1,51.4970125,-0.063268,GB
London Waterloo,2024-01-02 12:08:00,"gym decent. don’t think it’s waterloo gym going one best you’ve seen. really isn’t case. now, showers absolute mess! i’m paying £49 showers, filthy, disgusting don’t work properly shower curtains terrible. whole showers absolute joke.",2,51.5028379,-0.112801,GB
London Bromley,2024-01-02 10:16:00,"review specifically applies bromley gym. joined post covid (after years nuffield health’s membership) believed found frills, suitably clean functional gym. fast forward present: 1) many lockers state shocking disrepair unusable. case year action taken fix issue. 2) covid gone, cleaners gradually disappered (e.g. zero visibility) facilities filthy, regardless visiting 6am 4pm: dirty showers (which stop using), often paper towels cleaning fluid within apposite stations 3) debris left floor members brought gutter (chewing gum wrappers drinks bottles discarded floor, even chewing gum stuck benches) clearly issues cascade central leadership puregym, since local management seem powerless anything subject continuous turnaround. so, leadership puregym: wake smell coffee: competitive marketplace. shortage gyms bromley, including “no frills / functional” ones comparative price point… differential £10 issue means expected hygiene security standard place. discussed members, contemplating switching latest gym opened bromley last month puregym pts already migrated to.",1,51.3668569,0.0617091,GB
Sheffield Crystal Peaks,2024-01-02 08:28:00,"great place joined october disappointing one leg press, one leg curl machine, one lat pull machine massive space get equipment? hate hanging around waiting someone else finish two problem. making think twice abd find another gym. understand ..it makes sense..",2,53.342416,-1.3502367,GB
London Southgate,2024-01-02 00:49:00,really dissapointed! smelt awful made want throw up. please please work pay come i’m sure haven’t rectified members complained exact issue.,1,51.6323183,-0.1277858,GB
Doncaster,2024-01-01 21:14:00,"gym equipment ok, apart poor, cracked window weeks, manager rude, constantly walking around phone sliders & interested pt clients, members leave weights everywhere staff ignore, toilets/changing rooms always disgusting unsure staff check them. overall impressed & can’t imagine it’s allowed managed poorly.",1,53.5227681,-1.1335312,GB
Durham Arnison,2024-01-01 18:14:00,terrible always busy use machines weights,2,54.8066978,-1.5811887,GB
Leeds Regent Street,2024-01-01 17:02:00,"signed exclusive ladies training area , found really private , male staff keep going ladies area without notice, distressing women area hijabi women prefers train fully covered. also gym smells horrible , week , time , matter busy hours low peak , always smells horrible , poor ventilation. another bad thing poor customer service management holidays , almost impossible find whether gym open. receieved email saying check working hours beforw going gym holidays , actual link email check hours!!!! went website, app, faqs information ever working hours. course google says ( open hours may differ holiday) , went closed. found men also came check whether open closed , also frustrated information anywhere working hours make journery check whether open closed. people !!! put working hours somewhere people find!!!!",2,53.799097,-1.5352944,GB
London East India Dock,2024-01-01 16:30:00,"fair i’ll compare east india neighboring puregym canary wharf £1 pm price. east india puregym equipment lot old haven’t updated since first opening lot less variety equipment. air quality & smell dreadful, cold air gets blown in, fresh clean air & bad bodily odor seem forever linger everywhere gym. mobile network reception wifi offered unreliable doesn’t connect long sometimes all. monthly cost it’s standard puregym price range",2,51.51103,-0.0228617,GB
Walsall Crown Wharf,2024-01-01 14:37:00,"admit standards dropped since puregym walsall decided move crown wharf. firstly gym size wifi still available? surely health safety equipment working, however noticed faulty cross trainer half broken nearly slipped it. also treadmills faulty buttons don’t increase reduce speed, surely dangerous??? think puregym scarified customer service experience instead decided increase membership prices without providing customer basic equipment facilities exercise.",2,52.5872454,-1.9883526,GB
Glasgow Milngavie,2023-12-31 21:57:00,"squat racks awful, safety bar high even lowest setting can’t get proper depth unless remove completely. settings bar rests awkward height it’s either high need calf raise bar low half squat get bar rack. 5’8-5’9 it’s like it’s height that’s problem fairly average height coloured plates middle platforms extremely awkward actually lift especially stacked together makes even harder pull due friction plates. also bench bar wasn’t expecting one anyways additive",1,55.935487,-4.3137971,GB
Stirling,2023-12-31 15:42:00,"gym filthy! energy drinks floor inbetween equipment. good range machines outdated covered dust. music gym cuts couple minutes hear music blasting complete silence. looking budget gym, fine great atmosphere.. dirty!!",1,56.1181242,-3.9360012,GB
Portsmouth North Harbour,2023-12-31 14:41:00,shocking gym. partner used gym whilst portsmouth one pin codes wouldn’t work. went gym try find staff knocked staff door answer. looked gym staff member floor resulted us stood outside doors able get in. pressed help button multiple times one coming help us gym clearly states managed staff hours went. wouldn’t even bother going gym.,1,50.8449611,-1.0944889,GB
Cardiff Bay,2023-12-31 11:30:00,overcrowded full thieves. don’t expect staff look cctv they’ll blame leaving things around,2,51.4639553,-3.1641374,GB
Gloucester Retail Park,2023-12-30 10:23:00,"ladies changing room cold!! i’m sure air conditioning coming cold strong air there, also water cold well. i’m sure men changing room isn’t cold water also lot hotter!!!",1,51.859848,-2.2163951,GB
Hitchin,2023-12-29 23:44:00,signed day pass free arrived gym hitchin code didn’t work worker told booked stevenage worker said can’t let hitchin expensive checked website £10 day pass price shouldn’t matter anyway able access gym days free even cleaner inside gym said able get free doesn’t matter. equipment poor especially leg press couldn’t get depth whatsoever!,1,51.9486943,-0.2779124,GB
Harlow,2023-12-29 23:00:00,"place shanty town. ceiling tiles punched broken, ceiling actually leaking, water fountains dont work, ac doesnt work, place sweatbox walk two floors nearest water point. machines outdated weight markers chipped half time assume lifting place general tired. literally ghetto puregym around, go woolwich one work close far machines better plates, dumbells etc far smaller space also pure clearly money give stuff rubbish gyms. going end membership really can't justify spending £28 month frankly sh*te gym thats clearly looked even cheekier got pay parking. kick teeth.",1,51.7685568,0.0949036,GB
Rushden,2023-12-29 22:51:00,cancelled membership. pt showed aggressive behaviour towards me. verbal threat physical abuse. raised official complaint head office. guess got unlucky guy steroids serous anger issues. never again.,1,52.2911567,-0.5988177,GB
Banbury Cross Retail Park,2023-12-29 22:06:00,wanted upgrade could bring guest. appeared one option app (when phone) listed option guest. got gym told member staff two ‘plus’ options upgrade price. would upgrade price £28.99 option guest. trouble finding email customer support said message get changed. obvious email website.why help support option. hate bots messaging service. waste time sorry. happy sorry. member staff gemma helpful polite though.,1,52.0735818,-1.3422432,GB
Basildon,2023-12-29 00:45:00,"use gym every weekend dread go female toilets. total mess toilet roll floor, even worse occasions toilet roll available toilet cubicles single member staff around help. sinks vile smell like sewage like long time! smell enough turn stomach!!! recently, hand dryer order, instead soaking well roll blue paper towel put top bins dry hands - disgusting unhygienic! take tissues gym case carrier sanitiser actually clean hands properly. needs sorted asap - management don’t care!!!!",1,51.5754602,0.4757363,GB
Southport,2023-12-29 00:45:00,"closed 8pm dec 28th sign door, notice nothing. 24hr gym it’s closed 8pm for? why? says app people gym obviously app provide live status visitors don’t trust either",1,53.6475988,-3.0041751,GB
Southport,2023-12-28 23:45:00,"visited gym today 28/12/2023 9pm closed. notification closed. note door doors locked, music still playing inside lights on. advertised gym 24/7 closed several times last month communication. edit : notification email came 21:40 advising gym closed due cctv issues reopen 29th 6am.",1,53.6475988,-3.0041751,GB
Macclesfield Silk Road,2023-12-28 20:15:00,"two days registered again, receive email club special discount considered registration",2,53.255256,-2.120986,GB
London Hoxton,2023-12-28 20:06:00,"post inaccurate opening times. also membership allows use different gyms, certain gyms removed without notice, turn entering multiple times previously suddenly find longer enter. also wifi oftne work particular gyms phone reception certain gyms. e.g. hoxton. price good, product exasperating. impossible find anyone contact problems. want lot frustrations perfect gym you.",1,51.5323935,-0.086078,GB
Leicester St Georges Way,2023-12-28 12:28:00,"new manager absolutely lazy, complacent fixed yanga sports water month. equipment working months still fixed. gym dirty, dusty equipment never placed back place members don’t abide rules never suspended. absolute joke call gym.",1,52.635872,-1.1231787,GB
Salford,2023-12-28 11:11:00,"overpopulated depending use, hardly staff, impossible cancel way canceling direct debit bank.",1,53.4877463,-2.2891921,GB
London Acton,2023-12-28 08:17:00,"puregym acton. meant open 6am, people constantly wait outside several minutes someone show open gym late. looking work early morning, find different gym",1,51.5027051,-0.2799643,GB
Colchester Retail Park,2023-12-28 02:55:00,massively oversubscribed. never get anything want. air con never seems warm gym. club rules enforced much always tripping people's bags coats. basic gym etiquette non-existent staff teach new members. used good gone downhill alot .,1,51.8926343,0.8909382,GB
London Greenwich,2023-12-27 18:40:00,"air conditioning broken ages meaning gym disgustingly hot. staff said management anything even though though complained yet puregym happy take money every single month. conditions gym beyond diabolical poor. prices continuing rise yet one useful incentive benefit customers. one gym friends received email today say membership going it’s quite laughably really! money going to? justification keep increasing prices nothing changed puregym’s? since last complaint, nothing changed! absolute disgrace",1,51.4686256,0.0488306,GB
Chelmsford Meadows,2023-12-27 10:45:00,gym great - good selection equipment enough doesn’t feel busy. gym staff generally great approachable. biggest downfall pure gyms lack attention care changing areas. showers often dirty wash basins toilets omitting disgusting smell. despite numerous comments nothing seems rectified. great experience create positive exercise habits. continue train gym convenience justify low monthly fees. sort showers toilets would star,2,51.7304156,0.4759574,GB
Manchester Spinningfields,2023-12-27 02:58:00,worker opposite job working ladies fitting room withour warning.,1,53.4800153,-2.2517994,GB
London Hayes,2023-12-26 22:31:00,many equipment order.,2,51.6621711,0.7083861,GB
Birmingham Snow Hill Plaza,2023-12-26 21:51:00,"pt woman forced everyone get gym early, spoke rude aggressively everyone. could left gym open non staffed see reason everyone got kicked especially paying use gym. utterly disgraceful.",1,52.4848692,-1.8983889,GB
Birmingham Longbridge,2023-12-26 21:43:00,"appreciate staff eat, smell food wafting whole upstairs gym left door wide open…is expect smell training, disgusting! gym quite awful days part reason i’ve hardly been. nicest place train. cleaning equipment due cost cutting..the gym always smells…would like continue..:",1,52.3940521,-1.9807506,GB
Bournemouth the Triangle,2023-12-26 21:33:00,filthy toilets,2,50.7202399,-1.8840071,GB
Birmingham Beaufort Park,2023-12-26 21:30:00,item placed designated places . got one one missing.,1,52.493268,-1.8171797,GB
New Barnet,2023-12-26 21:22:00,"new barnet puregym's policy get 2.5h parking free another 1.5 hours enter car's registration screen. stayed 3h fined registering car, fault. staff told appeal would cancelled since member gym. appeal required proof attendance, go back staff obtain gym logs. getting proof manager spoke rudely condescending, telling ungrateful members parking gyms parking. essentially, customer paying staff rude me. parking company cancel fine end.",1,51.6497449,-0.1751403,GB
Peterborough Brotherhood Retail Park,2023-12-26 20:52:00,"overpriced,overcrowded, small change/locker rooms, limited flavored water dispenser, broken equipment ....",2,52.6002891,-0.2642011,GB
London Wall,2023-12-26 20:29:00,"originally puregym london wall main gym, told months ago corporate membership sites london longer valid gym. tried everything find pay use gym refused answer every turn told pay lose access. much enjoy using gyms, chosen one taken away explanation cannot give stars due customer service downgrade take, money spend per month.",2,51.5099294,-0.0760209,GB
Portsmouth Commercial Road,2023-12-26 20:22:00,"cleansing tap sanitise bottles never filled changed , equipments cleaned occasionally either. cleaning quite bit problem here.",2,50.804976,-1.0870115,GB
Bristol Brislington,2023-12-26 20:22:00,gym shut open.,1,51.4377965,-2.5445382,GB
Nottingham Basford,2023-12-26 20:11:00,"need clean often, poor general odour. nottingham basford showers frequently hot water,not good way work..",2,52.9816725,-1.1783596,GB
London Seven Sisters,2023-12-26 19:22:00,"poor gym males females changing room poor machines… please please could least put locker , take back training area … thank",1,51.5817795,-0.0739615,GB
Bath Spring Wharf,2023-12-26 19:22:00,"got day pass test place hunt new gym, glad did. cleaning gear wipe machines anywhere - spray, blue roll, absolutely nothing - machines caked congealed sweat, hand/fingerprints, sweat drops, works. upon quick look twitter, seems pure gym become first u.k. gym intentionally want gyms grim, basis they’re cheap pay basic cleaning amenities, despite company £300 million turnover, £805 million refinancing completed last year, plans ‘expand significantly’. might want focus putting cleaning stations back gyms retain core membership, start trying open new branches.",2,51.3846626,-2.3807866,GB
London Hayes,2023-12-26 19:10:00,dirty toilets chewing gum urinals days pee stains walls months literally stinks every time like suburb (needs automatic air fresheners) there’s water half time water drinking fountains forcing us drink taps washroom even area dead fleas sink area well one worst kept entrance carpet area windows extremely dirty place needs anonymous company reviewer watch place. wouldn’t recommend anyone you’re better paying somewhere else even local charitable trust gym like ‘ better’ was/is cleaner. machines wise arm curler needs new cushioning elbows. good point plenty parking descent chaps well gym employees kind helpful please take positive criticism anyone would like clean fresh smelling washroom.,1,51.6621711,0.7083861,GB
Preston,2023-12-26 19:08:00,staff show discrimination towards asian people.,1,53.7593363,-2.6992717,GB
Stirling,2023-12-26 14:42:00,"get door, took three attempts recognised number, people sitting benches using mobile phones, staff sat away office laugh, changing room dirty bad smell shower.",1,56.1181242,-3.9360012,GB
London Crouch End,2023-12-26 14:21:00,"- experiences crouch end. facilities okay, feel like bit dishonest promote gym environment ""everyone welcome"" even gender-neutral bathrooms changing areas.",2,51.5796918,-0.1236831,GB
London Kidbrooke Village,2023-12-26 13:36:00,unqualified trainers flirting women train sexual constraints,1,51.4614006,0.0259584,GB
Tunbridge Wells,2023-12-26 13:20:00,"spin studio still closed, recent updates",1,51.1371483,0.2673446,GB
Peterborough Serpentine Green,2023-12-26 12:46:00,"cleanless issue, mats equipment needs much frequent touch",2,52.5403778,-0.2632194,GB
Stevenage,2023-12-26 11:13:00,man's changing room bit disgusting.,1,51.9016663,-0.2027155,GB
Maidenhead,2023-12-26 09:57:00,"far many people apparently workout, occupy equipment look phones, use equipment clothes hunger bottle holder, lockers personal lockers, occupied get there, loads people come go see nobody touching them, get one open empty put padlock forever people carry belongs around lots bags bothering around, best part is, apparently couches paid sit nothing looking phones 🤷🏻 frustrating",1,51.522743,-0.7197368,GB
Grimsby,2023-12-26 09:27:00,that's done pure gym grimsby. pathetic shower temperature....and weasel response lowering carbon footprint. weasels. hello gym group..within quarter mile. brand new sparkling.,1,53.5671407,-0.0788045,GB
Glasgow Charing Cross,2023-12-25 21:27:00,"lots machines don’t work even complained, bathrooms dirty literally every time visit, lockers still broken complained. suppose get pay",1,55.8646397,-4.2695777,GB
Widnes,2023-12-25 21:08:00,poo. called poo gym.,1,53.3646888,-2.7283328,GB
Leeds Hunslet,2023-12-25 20:54:00,"claim open 24/7 doors won’t open even pin christmas, can’t find anything online says it’ll closed, complete waste trip. also took forever fix equipments, wonky uneven arms/legs",1,53.7786185,-1.5282492,GB
London Beckton,2023-12-25 20:32:00,"december 24, 2023, unexpectedly attacked assistant manager parking lot front puregym gallions reach shopping park. rude, aggressive, threatening behavior. reason employee yelling face, swearing threatening life. puregym gallion reach assistant manager tried retrieve weapon trunk car. puregym management must take immediate action employee caused behavior victim bullying.",1,51.5160797,0.0594257,GB
New Barnet,2023-12-25 20:09:00,email telling schedule gym open festive period. general opening hours say hours day days week mention days year it’s unclear,1,51.6497449,-0.1751403,GB
Blackburn The Mall,2023-12-25 19:31:00,people smoking/vapng common theme gym! 24/7 written gym - yet coosed xmas restricted hours new years day! bit joke really! misleading false advertising comes mind? disappointed really!,1,53.7489149,-2.4826216,GB
London Park Royal,2023-12-25 17:59:00,machines broken repaired. toilets need cleaning often antiseptic spray bottles tissue ask staff,2,51.5264341,-0.2839348,GB
Staines,2023-12-25 17:16:00,"it’s decent gym, i’ve using puregym years now. things like state locker rooms. lockers old takes forever find one actually works. gym also clearly signs many members diminishes experience existing members. occasions staff passive aggressive rude towards members. lookout new gym.",2,51.434012,-0.511044,GB
Maidenhead,2023-12-25 17:03:00,alright gym. sometimes free membership discounts month complete lie still pay. means want steal money. manager great. smelly toilets. always packed space all. guys offered free membership plus membership. currently looking email?,2,51.522743,-0.7197368,GB
Falkirk,2023-12-25 16:18:00,"good gym good equipment - opened months ago... unfortunately, hygiene poor. showers always dirty, machines sticky sweat.",2,55.9991959,-3.784376,GB
Aintree,2023-12-25 15:58:00,equipment needs updating price going up.,1,53.4803632,-2.9376261,GB
Solihull Sears Retail Park,2023-12-25 15:46:00,"""the parking may accessible gym months!!!!"" #nolift #nogroundfloortoilets #no access showers#no access studio #no access cardio ☹️",1,52.400801,-1.8179783,GB
Southampton Central,2023-12-25 15:34:00,didn’t receive email gym closed christmas day 😡,1,50.9074977,-1.4142289,GB
Birmingham Beaufort Park,2023-12-25 15:21:00,"machines always broken , never repaired quickly ,",1,52.493268,-1.8171797,GB
York,2023-12-25 15:18:00,cancelled membership still got charged amount couldn’t got contact details don’t know get refund using years think never use gym ever,1,53.9656578,-1.0743052,GB
Bletchley,2023-12-25 15:10:00,24/7 gym. notices opening closing times morning christmas - lights - could’nt get - door locked. 🤷‍♂️,1,51.9943694,-0.7325655,GB
Rochdale,2023-12-25 14:55:00,"gym closed. prior information this, puregym advertised open days year",1,53.6153659,-2.1557561,GB
Cardiff Bay,2023-12-25 14:54:00,"puregym says 24/7 means gym member go days, time reason joined simply hoa ever started closed gym 4pm xmas eve till xmas day reopen boxing day misleading customer never telling this. cone way",1,51.4639553,-3.1641374,GB
Reading Basingstoke Road,2023-12-25 14:20:00,gym shower fixed multiple requests,1,51.4230851,-0.9698911,GB
Reading Basingstoke Road,2023-12-25 14:01:00,"saying direct debit failed happened twice try charge £50 joke! pure gym pricing also joke pay £18.99 southampton branch better bigger reading reading pay £32? smaller gym! sort pricing i’ll go gym twice size, doesn’t always broken machines doesn’t try pretend direct debit failed charge £20 set free direct debit facility!",1,51.4230851,-0.9698911,GB
London Holloway Road,2023-12-25 13:47:00,holloway branch comparison branches always low anti bac/ hygienic,2,51.5528674,-0.1130095,GB
Wisbech,2023-12-25 13:21:00,"short working hours, especially weekends. dirty, lots machines order long time.",1,52.6651733,0.1606824,GB
Manchester Exchange Quay,2023-12-25 13:07:00,"overall poor, enough equipment, powerlifters taking space ages peak hours, could use care clients, adding working equipment. price it’s worthwhile, reason i’m using live next door, anything else nearby go there.",1,53.4663229,-2.2822821,GB
Nuneaton,2023-12-25 13:00:00,expensive student uk,1,52.5246182,-1.4684488,GB
Walton-on-Thames,2023-12-25 12:46:00,"going gym three months, moved house. used go kings gym. currently waiting new year find bodybuilding gym again. something implemented stop 60kg broccoli haird teens hogging every machine. saw one watching episode friends ‘resting’ 11th set cable flys. equipment broken months now. seated row, one cables. we’re actively looking going start going body building gym new year. maybe implement age restriction, like 18s there’s got something done kids ruins whole gym. walking round vests baggy trousers weighing 40kg thinking biggest guy benching solid 30kg it’s frustrating. want put head phones throw around actual heavy weight. gym it.",2,51.3856837,-0.419814,GB
Bristol Brislington,2023-12-25 08:47:00,toilets shower area changing rooms disgusting,1,51.4377965,-2.5445382,GB
Wolverhampton South,2023-12-25 05:04:00,"broken machines, weights left lying around, busy like social club peak times.",1,52.463146,-1.9844677,GB
Gateshead,2023-12-25 02:27:00,"bad musics, also bad lighting, many memberships.",1,54.9625789,-1.6019294,GB
London Hoxton,2023-12-25 01:39:00,"shocking gym, gym closes time saying pipe issues. washroom flooded, forever leaking urinal unit men’s room. find another gym go waste time, life money. unreliable gym london.",1,51.5323935,-0.086078,GB
London Finchley,2023-12-25 00:31:00,"finchley east end road advertising free day pass selected days, show gym classed 24/7 closed two days chosen day pass. front doors covered red “lockers use ”tape. impressed.",1,51.5973246,-0.1805587,GB
Dudley Tipton,2023-12-25 00:06:00,cold showers past year. emailed gym told they’re sorted couple weeks back. weren’t. stopped responding emails. tried twitter. ignored too.,1,52.524461,-2.0492538,GB
London Southgate,2023-12-25 00:06:00,"theres lot dickhe@ds would use 2-3 equipments time, stay hour make others wait, confronted they’d act passive aggressive way thinking it.",2,51.6323183,-0.1277858,GB
Southport,2023-12-24 23:38:00,puregym opened southport . joined convenience able visit anytime day night like advertise . visiting tonight 24/12 8pm found indeed true statement !! sign window reveled shut boxing day !! puregym obviously want pay security centre control staff christmas overtime rates . yet love advertise use facilities 24hrs day days year .,1,53.6475988,-3.0041751,GB
Aberdeen Kittybrewster,2023-12-24 21:51:00,"despite gym advertising open 24hrs day days week 'misleading' closed x mas time, people really want train forget imposed celebrations. many occasion gym staffed fail see must closed period.",1,57.1616343,-2.1132396,GB
Leeds Regent Street,2023-12-24 21:39:00,several gym equipment always reach work,1,53.799097,-1.5352944,GB
Edinburgh Exchange Crescent,2023-12-24 21:09:00,"sb, sb sb,",1,55.9471483,-3.2090253,GB
Newcastle Longbenton,2023-12-24 20:50:00,closed despite saying 24/7 online - apparently closed 4pm. clue it’s closed sign door…waste journey fuel get there.,1,55.0089239,-1.5916006,GB
Edinburgh Ocean Terminal,2023-12-24 18:39:00,"expensive service client. want temporarily freeze account, pay it, it’s rude take money people don’t come you.",1,55.9808597,-3.1779217,GB
Dover,2023-12-24 18:24:00,"shutting 24hour gym ridiculous thing every heard off, people mental health issues time year always it’s highest use gym help guys close it, leave open unmanned 8pm weekends.",1,51.1251275,1.3134228,GB
Aberdeen Shiprow,2023-12-24 18:13:00,lack cleanliness/enforcing rules wipe equipment. dirty lockers etc.,2,57.1460327,-2.0954146,GB
Stevenage,2023-12-24 18:11:00,"raised issues months ago one bothered get back me, issues trying pause membership working abroad months. never sorted neither year worked abroad months. fact showers always cold im going work 6am",2,51.9016663,-0.2027155,GB
Leeds Regent Street,2023-12-24 18:03:00,practice without clothes. permanent absence manager club. old broken gym equipment. lack fitness equipment. bad smell inside locker room,1,53.799097,-1.5352944,GB
London Marylebone,2023-12-24 17:55:00,member pure gym marylebone since opened. believe always notified adjusted opening times festive season. year absolutely notification changes opening times. visited pure gym marylebone 2:15 afternoon 24th dec & shut - notifications opening times christmas period closed doors!!!?? last nail coffin - many issues / changes happy pure gym marylebone cancelled membership.,2,51.5243712,-0.163592,GB
Redditch Ringway,2023-12-24 16:38:00,dumbbells upstairs studio,2,52.3087539,-1.9434403,GB
Sheffield City Centre South,2023-12-24 16:12:00,small much equipment exercise,1,53.3755841,-1.4673519,GB
Reading Caversham Road,2023-12-24 16:07:00,"upgrade treadmills something right, can't run anymore, also getting email rate gym almost every time go annoying",1,51.4606403,-0.9756087,GB
Birmingham Snow Hill Plaza,2023-12-24 15:44:00,got stolen female locker room. bias. people show relatively low moral overall standards.,1,52.4848692,-1.8983889,GB
Gateshead,2023-12-24 15:43:00,"since apparatus moved , cramped . trying find grips/ handles cables takes much time . nowhere stack free weights ...",1,54.9625789,-1.6019294,GB
Port Talbot,2023-12-24 15:26:00,"general really like gym flexibility hour trianing, im extremely disappointed opening hours christmas period....its 24hr gym!!!",2,51.5952353,-3.7824148,GB
Liverpool Central,2023-12-24 15:14:00,"dirty changing rooms, literally seen staff come in, sign cleaning sheet walk without cleaning! never hot water showers. go another gym worth it.",1,53.4042207,-2.9795092,GB
Leeds Hunslet,2023-12-24 15:04:00,"puregym absolutely horrible changing rooms toilets always dirty disgusting personal trainers check don’t care all, equipment dirty always broken, weights always gym never place personal trainers don’t care it.",1,53.7786185,-1.5282492,GB
Glasgow Bath Street,2023-12-24 12:42:00,"since lock-down, gym steady decline terms equipment/classes/lockers bare shambles. issues raised gym told process sorted however 2-3 years line",1,55.8637839,-4.2559582,GB
Dunfermline,2023-12-24 10:18:00,"issues training areas, showers go cold freezing cold well dirty. saw response previous review saying showers degrees. absolutely way case, water coming cold unsuitable. also excuse grimy shower cubicles make up/hair drying areas are. moved another branch, disappointed change gyms need return office - need able shower work.",2,56.0713724,-3.4616183,GB
York,2023-12-24 00:02:00,new equipment less great well done,1,53.9656578,-1.0743052,GB
Manchester Moston,2023-12-23 20:52:00,"disabled parking absolutely terrible , brought attention staff persistently also emailed head office disabled person struggle find struggle gym spaces constantly full non disabled cars",1,53.5232522,-2.1710273,GB
London Seven Sisters,2023-12-23 20:26:00,"worth it. space like gym goers. free gym locals would like gym cannot afford it. sharing locker rooms women!! cleaning stations!!!! disgusting!!! cancelled membership. manager really lovely, bring back fp!!!!!!!!!!!!!!",1,51.5817795,-0.0739615,GB
Basildon,2023-12-23 12:25:00,changing rooms stank sewage smelly bum bum. raising issue management action taken. still unresolved.,1,51.5754602,0.4757363,GB
Tunbridge Wells,2023-12-23 09:18:00,"tunbridge wells disgrace, leaking roof, water damage everywhere, cycle studio shut pure gym audacity put membership fee. justifiable wells gym. getting discount start looking alternatives shame.",1,51.1371483,0.2673446,GB
Newcastle St James,2023-12-23 02:16:00,enough back machines. bad benches. could refurbishment.,1,54.974046,-1.6179644,GB
Harlow,2023-12-23 00:02:00,"fake membership benefits, especially discount codes plus membership. nice puregym review them. increased subscription fees, decreased quality service. lastly, trainers inclusive 09/01/2024 reply puregym embarrassing. saying guys using fake membership benefits platform lure people, replied telling speak someone issues membership. quite unfortunate know consequences act deceit exploring get public come gym. fyi, puregym difference retailer sells fake designer brands.",1,51.7685568,0.0949036,GB
Blackburn The Mall,2023-12-23 00:01:00,"cold water showers!!! know pipes boiler shower go throught nord pole, temperature far away expected :-(",2,53.7489149,-2.4826216,GB
Warrington Central,2023-12-22 23:36:00,"gym equipment good gym users instructors friendly, downside shower area showers. monday wednesday clean deteriorate filthy thursday mornings onwards. really need get grip mentioned numerous occasions improved.",2,53.3919402,-2.5924167,GB
Bradford Thornbury,2023-12-22 23:19:00,"many people sat machines using phone instead training. phones banned gym ,if anyone found using phone gym floor instead locker membership terminated, music played music channel tv unexpiring.",2,53.8030213,-1.7048953,GB
London North Finchley,2023-12-22 22:59:00,"one laying leg press one leg extension. also, stair master order month",2,51.6124905,-0.1756922,GB
London Hayes,2023-12-22 22:48:00,many issues list hot water heating charging fozen membership drinks machine working pubic hairs shower trap absolutely discusting & cheek put menbership like ur paying much leaving,1,51.6621711,0.7083861,GB
London Seven Sisters,2023-12-22 22:34:00,"pros: - new gym, everything new, clean tidy. cons: - lack lot equipment, machines free weights. nothing calves, inclined declined bench presses, one machine abduction adduction, more. also cardio equipment. - enough lockers, taken people leave stuff there. quite frustrating leave stuff safely. - ""changing room"" cubicles (like fitting rooms clothes shops) shared men women. showers toilets. comfortable. - staff, though friendly, knowledgeable. approach one ladies ask advice replace exercises routine due lack equipment kept repeating ""we machine"". - price!!! kept price £17, say ok. £25? much gym offers. £32??? big no.. def worth price, way hell. compare: gym tottenham high road (about times size, price £25 so) yeah, sorry bit harsh, quite different gyms london able compare, honest review. there's certainly room improvement, though, get machines, benches, cardio, etc... rethink bit price, perhaps could good gym. ps: reviews stated, issue closure less two weeks lack communication. hopefully that's exception happen again.",1,51.5817795,-0.0739615,GB
Glasgow Giffnock,2023-12-22 21:51:00,"products clean machines giffnock despite previously complaining shawlands branch still provides leaving unhappy safety cleanliness update inadequate reply received add disgusting use machine covered someone else’s sweat, never seen machine cleaned gym staff member, machines unsanitary.",2,55.8005276,-4.2970925,GB
Basildon,2023-12-22 21:44:00,"temperature showers someone telling truth members conflicting staff say head office told lower temp amd head office say know tepid best run cold pressure drops alot shower never used case someone hesd office try shower pay enough membership include decent hot shower ,also hygiene general changing area lockers ,showers toillets poor",1,51.5754602,0.4757363,GB
Birmingham City Centre,2023-12-22 21:44:00,closed whole weights area days closed open mats area leaks leaks throughout rest gym closed ladies changing rooms ages closed ladies shower ages,1,52.4856896,-1.871104,GB
London Park Royal,2023-12-22 21:40:00,men toilets clean,1,51.5264341,-0.2839348,GB
Derby,2023-12-22 21:10:00,"maintenance equipment takes ages. leg press top floor order months. dumbels slip lifting them, cleaning solution could alcohol based avoid this. much cardio equipment never gets used. better selling half unused treadmills getting weight equipment. weight area overcrowded, never benches free later evening. 11pm onwards...",2,52.9142235,-1.4719885,GB
Warrington Central,2023-12-22 20:48:00,pt common curtesy reply email requesting help. took alot effort join gym first place suffer mental health problems needed direction achieve goals. chose based qualifications one said trained councellor.,1,53.3919402,-2.5924167,GB
Rayleigh,2023-12-22 20:41:00,gym closed !! many times happen !!! expect pay fuel travel extra minutes use southend branch. showers still cold !!,1,51.5884892,0.6012418,GB
Fareham,2023-12-22 20:36:00,gym closed maintenance still pay full price gym membership. gym worst conditions sewage bathrooms disgusting. travel way portsmouth put pocket travel expenses facilities fareham . appreciate still endure costs still get charged full price even able attend gym fareham,1,50.8526637,-1.1783134,GB
Corby,2023-12-22 20:20:00,"poor gym, lack equipment comparison pure gyms equipment breaks takes far longer see reasonable",2,52.4877341,-0.7032713,GB
Hitchin,2023-12-22 20:14:00,need improve machines. want see squat lats machine.,2,51.9486943,-0.2779124,GB
Glasgow Bath Street,2023-12-22 20:13:00,"week noted poor cleanliness within gym, toilets dirty waste bins overfilled. entrance found food debris come inside gym. looks like cleaners 10pm absolutely mingin",2,55.8637839,-4.2559582,GB
Solihull Sears Retail Park,2023-12-22 20:11:00,smaller branches. hack squat machine. small.,2,52.400801,-1.8179783,GB
Trowbridge,2023-12-22 15:44:00,"changing facilities disgusting. lockers broken. front door widly open whole day, makes really cold gym. time going day unattended.",2,51.3161569,-2.2024324,GB
Salisbury,2023-12-22 15:17:00,"it’s way busy time, you’ve let many people join",1,51.0690613,-1.7954134,GB
Manchester Moston,2023-12-22 14:00:00,"poor maintenance equipment cold showers , plus lot people using peoples membership gain entrance.",1,53.5232522,-2.1710273,GB
Cambridge Leisure Park,2023-12-22 13:55:00,there’s still hand sanitizer liquid dispensers.i reported many time before.,1,52.1900026,0.1367799,GB
Gravesend,2023-12-22 13:03:00,"men's toilets horribly dirty broken long time, going terminate membership",1,51.4424747,0.3694468,GB
Wisbech,2023-12-22 12:57:00,changing room cleaning standard exist. showers dirty well. ceiling work scissor lift training- mess over.,2,52.6651733,0.1606824,GB
Liverpool Brunswick,2023-12-22 12:23:00,clips broken cable machine dangerous,2,53.3832177,-2.9760156,GB
Bradford Thornbury,2023-12-22 12:15:00,four sanitisers empty.,1,53.8030213,-1.7048953,GB
Colne,2023-12-22 11:22:00,"pure gym colne, quite often multiple pieces equipment order weeks. cross trainers worn need replaced. one deadlift platform always busy. one wall downstairs chip wood it, painted, like months, makes place look tacky. time covid rise again, number cleaning stations reduced. quite often hand wash toilets.",2,53.8567728,-2.1691238,GB
West Bromwich,2023-12-22 11:12:00,thought comments would taken board changes made would complete sadly don't. previously made comments gym west brom becoming gym want weights. us want use bikes running machines area reduced significantly bunched together closely one end. bikes (if that) enough. running machines close. proactive walkrounds staff ensure sitting machinery using them. often phones allowing others use equipment. classes used enjoy ie step aerobics stopped sunday morning can't understand often full. lot used sign line turn up. seeking alternative gym. especially parking longer subsidised either keep renewing parking tickets apparently. probably ignore given feedback. choice choose ignore.,2,52.5186579,-1.9923114,GB
Southampton Bitterne,2023-12-22 09:02:00,sort broken equipment quicker cleanliness poor . showers cold last 20secs u press button .,2,50.9181488,-1.3769392,GB
Kirkcaldy,2023-12-22 07:51:00,always really messy. toilets hardly ever cleaned. front door always playing up.. looking another gym go new year,1,56.1110218,-3.1582296,GB
Liverpool Central,2023-12-22 02:56:00,broken lockers repaired point hard find actual working locker.,2,53.4042207,-2.9795092,GB
Southampton Central,2023-12-22 02:04:00,"functional gym that. water southampton central barely warm, despite constantly telling them, toilets stink everything looks like bottle disinfectant would useful. ok, it’s price david lloyd even so, make water decent temperature shower. please.",2,50.9074977,-1.4142289,GB
Loughborough,2023-12-22 01:28:00,many minutes classes spaced out. classes minimum minutes include warm cool down.,2,52.7723859,-1.2077985,GB
Leeds Regent Street,2023-12-22 01:26:00,ac always peak times personally inhumane understand it’s busy there’s need turn ac peak times force ppl leave it’s bad environment ppl sweat leave benches sweaty please fix issue.,2,53.799097,-1.5352944,GB
Glasgow Silverburn,2023-12-22 01:01:00,"gym tired. busy gym showers grotty cold, personally feel equipment could renewed/modernised.",2,55.8198943,-4.3418008,GB
West Bromwich,2023-12-22 00:43:00,classes nothing chose choices x times r rubbish worth money moment happy complained lots others falls deaf ears numbers doors prove staff needed get gym rhe standard joined staff amazing uplifting enough staff exercise many mental health too. used find class go every night couple classes,1,52.5186579,-1.9923114,GB
Maidstone The Mall,2023-12-22 00:36:00,weight composition helpful removed.,2,51.2730013,0.5255069,GB
York,2023-12-22 00:16:00,"emailed hours ago, get response whatsoever! i’m trying reinstate membership can’t can’t via app website. extremely frustrating!",1,53.9656578,-1.0743052,GB
Portsmouth Commercial Road,2023-12-21 22:56:00,"use puregym commercial road last years. recently things gone pot. recent closures lack toilets/showers infuriating using puregyms variable (i drive). train early morning always mess equipment floor, dumbbells re-racked racked wrong place general untidiness place. fed extent seriously thinking cancelling membership moving another gym.!",1,50.804976,-1.0870115,GB
Ashton-Under-Lyne,2023-12-21 22:40:00,"always broken machine new lay gym make sense. stretch area right middle gym makes self conscious using it. far many cardio machines enough weight machines. weight machine enough. accessible toilet stinks smell using weight machines right next toilet. machines full dust management clueless. majority people use gym either stink b.o, walk around like place uneducated use machines. letting weights bang letting go shear stupidity. behaviour pulled up. temperature also either way hot freezing cold.",2,53.4865407,-2.098691,GB
Port Talbot,2023-12-21 22:40:00,"classes general aren’t good couple classes ( well actually ) quite good depends trainer takes it, eg.. went lbt class good, went back following week different trainer took awful can’t comment gym haven’t used",2,51.5952353,-3.7824148,GB
Blackburn The Mall,2023-12-21 22:33:00,find many people vape inside gym everyone else working aswell toilets. sometimes i’ve even heard people smoking weed inside toilets.,1,53.7489149,-2.4826216,GB
London Swiss Cottage,2023-12-21 22:17:00,signing told freeze year month cost. came months activity process complicated could freeze subscription support got rude helpful all.,1,51.543722,-0.174982,GB
Nottingham Colwick,2023-12-21 22:05:00,yanga water chilled & told cost saving issue & music loud theres really need overnight,2,52.9486418,-1.088899,GB
Wisbech,2023-12-21 22:03:00,poor class timetable unreliable instructors .?,1,52.6651733,0.1606824,GB
London Hayes,2023-12-21 21:46:00,"truly abysmal gym hayes. i’m paying almost £40 month gym has: 1. foul rotten egg urine smell coming sinks men’s changing room. hasn’t fixed months stinks every day. 2. fountains water machines broken every day can’t fill water bottle training use yanga machine. 3. lock disabled toilet broken 4. ac broken many occasions it’s hot makes gym feel like open sauna full sweat 5. water leaks coming roof every week 6. poor equipment as: leg press machine, hack squat seated hamstring curl, despite 300+ members concurrently peak hours 3000+ members. i’ve going gym years gradually gone hill, severely past year new staff come in. new manager walks talks like hood rat doesn’t care much anything. gym constantly neglected despite much members paying use gym. £38 month extortionate horrific gym.",1,51.6621711,0.7083861,GB
Glasgow Giffnock,2023-12-21 21:36:00,zero atmosphere gym tge staff show interest whatsoever anyone. i’ve trained years excited gym opening close home. it’s worst gym ever,1,55.8005276,-4.2970925,GB
Bicester,2023-12-21 21:31:00,would recommend,1,51.8988832,-1.1518287,GB
Bath Victoria Park,2023-12-21 21:24:00,"poor induction day, properly introduced gym rules, months later still dealing parking fine given working nobody takes responsibility although gym stuff said sort parking ticket me. really impressed, parking fine causing stress gym worth it.",2,51.3856653,-2.3766501,GB
Loughborough,2023-12-21 21:23:00,closed christmas reduced hours claim 24/7 365.,1,52.7723859,-1.2077985,GB
Northwich,2023-12-21 20:52:00,screens haven’t worked years it’s way cold get shower men’s locker room. heating?,2,53.2602539,-2.5145104,GB
Manchester Cheetham Hill,2023-12-21 20:45:00,showers really cold bury new road locations cheetham hill fort. complained manager one location advised wanted hot shower could use disability shower hot. believe acceptable solution encourage use disabled facilities disabled. gave feedback pure gym cold showers advised hot. still cold several months. pure gym locations showers hotter.,1,53.5032866,-2.2344764,GB
Bangor Northern Ireland,2023-12-21 20:39:00,left good light golfing rain jacket locker stolen . checked staff several times case found/ handed . disappointing speak well member. kickers workable locker doors would happened. many complain larger lockers close properly. suggest give urgent viewing attention!!,2,54.662595,-5.6679127,GB
West Bromwich,2023-12-21 20:38:00,paying parking astle park west bromwich pain gets expensive.,1,52.5186579,-1.9923114,GB
Billericay,2023-12-21 20:29:00,pilates yoga classes taught person experience.,1,51.6284395,0.4218142,GB
London Crouch End,2023-12-21 20:27:00,way busy time enjoyable! renewing membership.,2,51.5796918,-0.1236831,GB
Broadstairs,2023-12-21 20:26:00,atmosphere. staff friendly foster friendly environment. attentive dusting equipment smiling friendly customers. currently looking another gym.,1,51.3586758,1.4407855,GB
Dunfermline,2023-12-21 20:24:00,cold showers dunfirlime gym one bothered fix say part gyms nowhere near additional monthly charge ones near pay extra,1,56.0713724,-3.4616183,GB
Bath Spring Wharf,2023-12-21 20:24:00,equipment left floor. gym dirty water bottles tissue floor. music way loud staff around. however plus sink downstairs working weeks order,2,51.3846626,-2.3807866,GB
Oxford Templars Shopping Park,2023-12-21 20:23:00,exercise mats old probably harbouring sorts germs they’re never cleaned. equipment need updating general cleanliness par,2,51.7333472,-1.2178489,GB
Rushden,2023-12-21 20:20:00,"got parking ticket gym long hasn’t resolved, i’ve help guidance initiative sort",1,52.2911567,-0.5988177,GB
Reading Calcot,2023-12-21 20:17:00,"cold dirty showers, equipment looked dated hey it’s cheap",1,51.4468889,-1.0381147,GB
Bournemouth Mallard Road,2023-12-21 20:15:00,"new equipment,tv screens video classes followed, pt available classes week.parking also issue maybe provide free parking car park area. even increase £2 fee membership per person cover expenses. zumba classes also good exercise. introduce stand crowd.",2,50.7503219,-1.846402,GB
Crayford,2023-12-21 20:15:00,told parking. fined £1000 total. gym instructor help appeal one instagram helped. it’s good enough.,1,51.4515584,0.1787188,GB
Dover,2023-12-21 20:15:00,pure gym app don’t work don’t let log still pay number still works,1,51.1251275,1.3134228,GB
New Barnet,2023-12-21 20:15:00,nasty dirty equipment audacity charge expensive memberships.,1,51.6497449,-0.1751403,GB
London Camberwell Southampton Way,2023-12-21 20:12:00,join gym classes great instructors remove classes cancel. heavily disappointed.,1,51.477729,-0.0815988,GB
Bradford Idle,2023-12-21 20:05:00,staff ever available,1,53.8352205,-1.7304012,GB
Portishead,2023-12-21 18:14:00,showers cold again. 8/1 - thanks reply. i’ve told staff shower temps deliberately capped save money. really you’d expect middle winter.,2,51.4806882,-2.7768562,GB
Nuneaton,2023-12-21 16:27:00,covid cleaning priority gym. especially toilets devastated often left paper roll bins emptied. completely missunderstanding. toilets unisex,1,52.5246182,-1.4684488,GB
Chester,2023-12-21 08:54:00,"classes gone hill lots members leaving trainers nowhere near good past years . lots good local gyms unless better classes trainers may , even though long standing member .",1,53.1908873,-2.8908955,GB
Warrington Central,2023-12-21 01:51:00,send email one price change back back other. miss selling. told full price corrected that's ????? pulled times one saying price next sorry number times . !!!! want sort leave email correct this!,1,53.3919402,-2.5924167,GB
Portsmouth Commercial Road,2023-12-21 01:46:00,"facilities always broken/not working. machines order long remember. need new pedals, reprogramming. massive leak caused gym close days toilet facilities.",1,50.804976,-1.0870115,GB
Reading Basingstoke Road,2023-12-21 01:31:00,machines falling apart machines order weeks floor uneven meaning bench’s wobble trying lift,1,51.4230851,-0.9698911,GB
Portsmouth Commercial Road,2023-12-21 00:13:00,always need wait long fix anything give suggestions try make like need wait parts pls think wait months question came moon??,1,50.804976,-1.0870115,GB
Birmingham City Centre,2023-12-20 22:57:00,"ensure basic full working condition. equipment, music/tv,.....etc...we pay full subscriptions therefore gym proper order.",1,52.4856896,-1.871104,GB
Swindon Stratton,2023-12-20 21:53:00,"need ensure equipment addressed, inspected updated unfortunately many occasions several pieces equipment properly fit purpose ensuring toilets function addressed appropriately.",1,51.5844079,-1.7492304,GB
Wirral Bidston Moss,2023-12-20 21:35:00,"months equipment broken, people book spin classes 1/3 bikes use , speed monitors doesn’t work, tension working. speakers use many times, pt microphones well . wonder people joining different gym chains pure gym going",2,53.410373,-3.076908,GB
Wolverhampton Bentley Bridge,2023-12-20 21:28:00,every week moved functional fitness area accommodate ‘boot camp’ invest equipment classes actual room classes? enough room equipment functional area class shouldn’t get preferential treatment pay class! seen people moved too. it’s good enough.,2,52.5968429,-2.0898197,GB
York,2023-12-20 21:21:00,"recently york gym got lot kit replaced. time removed several items significantly less kit available. whole row cardio equipment center gym another row car park wall gone. also least one, tall free-standing multi gyms disappeared, replaced. typically go peak evening time, imagine could lot people disgruntled lack availability now. please get volume kit back asap.",2,53.9656578,-1.0743052,GB
Birmingham Maypole,2023-12-20 20:59:00,"machines don’t work, dirty ladies changing rooms awful pungent smell. also machines improved upgraded 19th 20th december 2023, communication attended gym unable use machines. sent emails one replied.",1,52.4421234,-2.0024082,GB
Wirral Bidston Moss,2023-12-20 20:58:00,management concerned raves actually creating safe training environment,1,53.410373,-3.076908,GB
Durham Arnison,2023-12-20 20:46:00,"usual squeezing whilst class, experienced instructor never happen. also changing rooms becoming dirty!",1,54.8066978,-1.5811887,GB
West Bromwich,2023-12-20 20:45:00,toilets always service,1,52.5186579,-1.9923114,GB
Canterbury Riverside,2023-12-20 20:41:00,"cleanliness changing rooms, become, worse unpleasant!",2,51.2569878,1.0138822,GB
Southampton Bitterne,2023-12-20 20:40:00,areas within gym darkness creating health safety issue. shower water temperature cold tepid. many lockers padlocked staff use,1,50.9181488,-1.3769392,GB
Manchester Market Street,2023-12-20 20:39:00,poor lockers male changing rooms market street gym. many work. complicated use compared pure gym changing rooms. showers maintained. cold water showers.,2,53.4824808,-2.2411908,GB
Manchester Cheetham Hill,2023-12-20 20:37:00,many people gym number equipment that's available. highly suggest enforcing sharing equipment culture people abuse turn machines using phones many sets refuse share.,2,53.5032866,-2.2344764,GB
Colchester Retail Park,2023-12-20 20:34:00,"totally waste money pure reason shower facilities even standard, given cold winter can't even change water temperature (hot cold). pure gym needs change name pure cold shower gym. everytime email say plz someone look hit water get bog standard email ....which paste read .... simply good enough thank taking time share feedback regarding shower temperature colchester retail park, member feedback important us. recently made slight changes area, looking improving energy efficiency. control energy usage, also look reduce carbon footprint. showers set temperature 33oc flow rate litres per minute. parameters regularly monitored. also regular checks carried boilers associated equipment ensure units operating across gyms. occasion, get faults water system normal. happens, process place ensure arrange contractors attend, investigate resolve faults return systems back full working order within timely manner. member feedback reviewed, brought attention facilities team, regularly review changes make gym facilities feedback taken account making future changes. appreciate sharing feedback us look forward seeing gym soon.",1,51.8926343,0.8909382,GB
Hereford,2023-12-20 20:24:00,tha showers cold,2,52.0553813,-2.7151735,GB
Leeds Hunslet,2023-12-20 20:22:00,"gym bad music terrible, commercial music common guys , olso pt classes beeing open space hear two types terrible music time , even worse annoying laud even headphones can't cover noise... can't increase volume headphones damage ears so...i choice go home...just stars side pt friendly , enough free room everyone decent machines work stars (i gave stars drag attention mb something music please!!!🙏 ) .",2,53.7786185,-1.5282492,GB
Hednesford Cannock,2023-12-20 20:20:00,it’s cheap it’s full youn chavs hog machines groups muscle mary’s hogging mirrors,2,52.7113843,-2.0025384,GB
Wolverhampton South,2023-12-20 20:11:00,hot water showers,2,52.463146,-1.9844677,GB
Macclesfield Silk Road,2023-12-20 20:08:00,"staff aren’t helpful, unable respond concerns. one cares member flaunt parking rules disabled persons don’t deal teenage mob issues inside.",1,53.255256,-2.120986,GB
Reading Caversham Road,2023-12-20 20:04:00,"clean,smelling, toilets awful.",1,51.4606403,-0.9756087,GB
London Park Royal,2023-12-20 20:03:00,stop recruiting people park royal gym much,2,51.5264341,-0.2839348,GB
Tunbridge Wells,2023-12-20 20:01:00,cycle studio still closed twells. don’t get updates one idea re-open. original gym tonbridge closed years also flooded communication when/if ever open again. really poor communication really shouldn’t take months fix leak get spin studio running.,2,51.1371483,0.2673446,GB
London Fulham,2023-12-20 17:49:00,i’ve member years never seen place clean. ladies’ bathroom especially — it’s always filthy. don’t think it’s ever proper clean.,2,51.474408,-0.206809,GB
Liverpool Central,2023-12-20 13:45:00,"joined gym mine renovated, decided join one classes. nobody attends classes first day began understand why, instructors show do, arrive late entire class. spinning teacher chris yoxall worse: sits hand, legs spread, chews gum talks pope mass. result minutes class played songs even time break sweat, apart bad technique. samuel david gentle good thing found gym, friendly, gentle, energetic, good technique. class even though alone hid spinning classes much better. thanks sam!! good thing say clean, spacious app works well",2,53.4042207,-2.9795092,GB
Preston,2023-12-19 21:43:00,"gym cancelled pure gym membership. full people taking exercise seriously make difficult others enjoy going gym. tons signs returning weights finished one enforces them. spend time gym clearing someone else focussing exercising. gym like ultra flex, strike system remove membership completely. staff absolutely useless. approach anny questions regarding help exercises clue. qualified ""personal trainers"" joke. one looking anyone else. ive side gym help someone stuck squat people near busy checking help someone metres away. would recommend. interested joining, save money go elsewhere",1,53.7593363,-2.6992717,GB
London Seven Sisters,2023-12-19 16:56:00,"gym closed week due maintenance issue members received zero communication - waste time walking seeing sign door! emails whole time closed, unhelpful info website estimate reopen telling members use finsbury park crouch end gym (which pay travel walking distance!) cannot believe there's even one email members, also getting month december refunded. frustratingly there's also way get touch anyone - app gives option tweet pure gym message via facebook messenger. use either social media platforms, supposed do? option call email gym - issue complaint wanted raise privately, supposed publicly tweet get response? beyond this, gym really feel complete yet. missing loads machines gyms have, two cross trainers, hand sanitiser equipment wipes, changing area unisex enough lockers.",1,51.5817795,-0.0739615,GB
London Seven Sisters,2023-12-19 15:25:00,"switched gym based location plus me. negative's closed due flood, actually gym became apparent. update members issue resolved. need regular updates email gym reopened. gym equipment, equipment needed better use space accommodate machines equipment. lockers, larger lockers required. hope management take comments reviews space potential good gym additions.",2,51.5817795,-0.0739615,GB
London Seven Sisters,2023-12-19 14:57:00,"honest review (1) gym small many ""standard"" equipment exist. (2) lockers men women basically small space (3) gym closed week opening due ""unforeseen"" circumstances received update via e-mail form communications (4) 20-30 people present gym moment almost sure able exercise since small. (5) price singed early 17.99 pounds. using information safe conclude even low price exactly ""value money"". think 23-24 pounds supposed go pounds within months. obviously gym fully regenerated shut since smarter go another pure gym rather one. (*) even vending machines contain useful products gyms (that's negligible course)",1,51.5817795,-0.0739615,GB
London Seven Sisters,2023-12-19 13:32:00,"paid extra money upgrade membership use gym. previously used crouch end one one near work, one much nearer. slightly confused additional cost incurred adding gym lot smaller one used previously less ""premium"" area. gym fine. bit smaller pure gyms quiet went. also separate male/female changing rooms, cubicles. issue quiet went see problem busier. however, gym closed soon opening. basically paying extra before. communication reopening really annoying. feeling bit conned!",2,51.5817795,-0.0739615,GB
Norwich Aylsham Road,2023-12-19 12:05:00,"first joined year ago, gym clean, equipment decent pay. peak times far busy, meaning i’ve start going morning another gym. equipment poorly maintained, accessories severely worn. weights left place, staff ever pick put back. gym absolutely stinks, much i’ve stop going, albeit mainly due people attending – still could lot keep fresh. aircon barely ever on. water machine broken last time there. could quite good gym, equipment falling pieces, even weighted plates completely filthy.",2,52.6411579,1.2882664,GB
London Seven Sisters,2023-12-19 01:14:00,personally wasn’t fussed layout gym gym closed nearly week update open disgusting. reason signed gym local. go bloody islington!! update us i’m joining gym group annoying frustrating. facility issue a**. open gym!,2,51.5817795,-0.0739615,GB
London Seven Sisters,2023-12-18 21:13:00,brand new gym. currently close due problems gym. plan use gyms far me. joined seven sisters branch near. gym good one. need machines. lockers. especially doors. open shelves! also mixed changing rooms me... hope iron problems. gym potential good one.,2,51.5817795,-0.0739615,GB
Oxford Central,2023-12-18 10:24:00,"pretty disappointing. old equipment, bad music videos tv rather news, worst all, filthy, smelly toilets loo roll.",2,51.7675994,-1.2611954,GB
London Seven Sisters,2023-12-17 17:18:00,almost week gym shut still haven’t received single email update proceed. can’t go gyms like (finsbury park) nearest one - hence joined local seven sisters ones. keep coming check gym re-opened every day absolutely commitment keeping us loop. there’s maintenance carried try solve problem. it’s making think catch £16.99 first months offer - want us cancel membership gone £24.99 month.,1,51.5817795,-0.0739615,GB
Ormskirk,2023-12-17 14:33:00,"gym can't fault. clean, good standard well maintained. however, take caution considering hiring one pt's (i say who, due ongoing investigation regarding pt). pt hired promised, £233 month, sessions fitness plan could follow. however, delivered. in-person sessions completely contradicted online sessions set, diet plan completely needed, supplements match watch stipulated (i told pt take creatine, yet diet plan heavily relied it) ended several injuries result exercises set-the reason hired pt could recover injuries, among things. pt delivered booked sessions, promised. met 5th, however count one, cancelled booked one short notice, rearranged time completely unsuitable. even though attended, completed half ended injury, booked running session day another running session, pt checked online sessions set me. ended able rest legs. hear anything pt week. surprised find pt charged another month, direct debit set up, subscription agreement set up, pt asked whether wanted another month. pt delivered one month's worth sessions. nearly weeks since money taken out, pt still book session even contact me. clearly never intended delivering session month. tried contacting puregym, making aware situation. pt still operating gym, issue still resolved. really heard anyone, beyond odd email state aware. sort publicly shame, prepared give gym time resolve issue. however, heard anything, much choice.",2,53.5673603,-2.8859603,GB
Reading Basingstoke Road,2023-12-17 11:07:00,dirty. almost never cleaning equipment. staff don’t enforce use towels. benches full sweat hair gel. handwash toilets. urine excrement toilets time.,2,51.4230851,-0.9698911,GB
London Seven Sisters,2023-12-16 21:03:00,"excited puregym opening it’s minute walk house quickly go home shower go straight work. reason joined member gym group cannot fault service. second reason joined promotional offer £16.99 ( joined opened ) first six months price increases £32.99! puregym need rethink price increase members want value money aren’t providing this. example: constructed layout small, expected much bigger space price. much wasted space deadlift rack could instead three mirrors area can’t see side angle. addition way back extension positioned can’t see side angle one long mirror dumbbells don’t front view it’s placed front pillar. discovered cable machines wrong stickers weights thought choosing 2.3kg example really 4.3kg. sign informing members this. corner bar row platform landmine attachment handle positioned placed carpet window / open doors rains water comes makes carpet extremely wet. discovered using landmine seated position tracksuit bottoms soaked. informed manager sign placed inform members. whoever designed gym left critical elements. gym missing key machines: biceps curl, triceps press, lat pulldown, lateral raise, calf press, hack squat low amount cardio machines price. example one upright bike. good amount cable machines, couldn’t believe don’t provide cable straight bar used attachment cable machines narrow grip landmine handle & row attachment. shocking. good amount functional stuff that’s it. puregym opened doors public first thing shocked fact changing area, toilets/showers lockers floor shared men women. aren’t enough lockers members also provided open shelves people put possessions ridiculous sign says puregym can’t held accountable anything goes missing. didn’t provide lockers? frustrations increased opened 01/12/2023 closed 13/12/2023 didn’t send email members telling us. found going gym seeing sign saying place shut due facilities issue use closest gym me. joke main reason joined close proximity closest would crouch hill, finsbury park muswell hill means additional cost pay transport distance doesn’t work me. contacted customer service option given freeze membership would pay £6.99 month. find preposterous emails sent update members gym open again. could pay £6.99 freeze membership open tomorrow. we’ve told keep eye email. shocking. gym group never this. give timeframe keep updated constantly. i’m made pay freeze membership i’m cancelling membership. feel lot members leave first six months price increase doesn’t reflect quality gym.",1,51.5817795,-0.0739615,GB
Leeds City Centre South,2023-12-16 16:31:00,historically upkeep machines/facilities slow ok. last 2-3 months men's showers lukewarm best. know members noticed this. paying membership every month cold shower good enough. let worry carbon footprint. cost gone increases membership fee.,2,53.3803135,-1.4706053,GB
London Sydenham,2023-12-16 16:08:00,"recommend gym all, time boilers broken still open! staff never seen gym! equipment dated yet want charging £22.99 flag ship gym central london! standard gym nothing special see management interest standards gym definitely managed well.",1,51.427742,-0.0542215,GB
London Seven Sisters,2023-12-16 15:22:00,overpriced. new gym clean small. changing area upstairs shared everybody. small lockers shelves put stuff can't lock it. change either need use toilets changing cubicles like shops. cross trainers treadmills. also gym got closed due facilities issues update reopen waste time money.,1,51.5817795,-0.0739615,GB
Reading Calcot,2023-12-16 07:49:00,showers cold air con never on. things could resolved gym would defo stars. gym great. staff great.,2,51.4468889,-1.0381147,GB
London Waterloo,2023-12-15 21:47:00,"gym closed atm. closed yesterday 7pm today closed. information going open, explanation",1,51.5028379,-0.112801,GB
Leicester Walnut Street,2023-12-15 19:21:00,"regarding previous review. raised gym, raised feedback raising issues forum get resolved. nothing resolved! forum along every channel feedback pure gym. company. comment still stands need resolving. please send gym manager instead asking me. you’re company ??????????",1,52.6244566,-1.1343556,GB
Leicester St Georges Way,2023-12-14 08:47:00,"puregym -st george’s (leicester). member almost years. location, overtime, declined significantly. many equipment order prolonged period time yanga water available almost weeks. spoken staff gym helpdesk. paying member it’s good value money!",2,52.635872,-1.1231787,GB
Dudley Tipton,2023-12-13 20:50:00,"booked absolute abs class 13th dec , gone past time instructor present , went enquired - told class cancelled. 100% unprofessional. puregym dudley!",1,52.524461,-2.0492538,GB
London Seven Sisters,2023-12-13 18:25:00,"bit small side changing rooms male female? big me! lockers half already taken people keep stuff night. pls that, take gym bag u leaving free lockers! equipment still missing , many machines…. cleaning stations sanitising sprays clean sweaty benches /equipment. really uncomfortable makes feel bad use dirty bench covered sweat. gym closed due unforeseen circumstances get email long reopen? comparing pure gyms one well..",2,51.5817795,-0.0739615,GB
Leicester Walnut Street,2023-12-13 15:56:00,"reduced showers cut carbon footprint. leave tvs signal messages 24/7. increasing carbon footprint. tvs staying message weeks. always good tvs showing important messages music videos. second point…. let’s transparent, cutting costs everywhere, removing showers reducing temperature water air temperature gym.",1,52.6244566,-1.1343556,GB
London Seven Sisters,2023-12-13 15:40:00,"excited gym worth value. new, nicely built, unfortunately overpriced gym. appreciate welcome price that's catch! final basic price: £32.99 ! constructed layout small, expected much bigger space price. much wasted space unorganised positions machines. missing 1-10kg dumbbell set free weight. missing key machines: biceps curl, triceps press, lat pulldown, lateral raise, calf press, hack squat low amount cardio machines price. good amount cable crossovers, good amount functional stuff, deadlift rack could move use back side too... puregyms cheaper bigger area - understand one high priced. maybe 24/7 access, that's compensating issues mentioned. really hope consider act advise. lower price add stuff!",2,51.5817795,-0.0739615,GB
London Finsbury Park,2023-12-13 00:21:00,"customer year now, gym pretty good, well equipped job. main review pt's lead sessions - either trained supported run classes. sessions trainer 1) underprepared lead (not knowing exercises come next), 2) demotivated (barely engaging customers / going phones), 3) attentive attendees (playing random music / speaking) paid for. sure great people realise luxury gym experience - bare minimum things gone unchanged better part year. please better, puregym!",2,51.5648345,-0.1064144,GB
Portishead,2023-12-12 13:11:00,"long term member. 24hr gym, daughter went gym work arrived 5:15am left 5:47am got £100 parking ticket. car park open, barriers etc, used puregym, homebase mcdonald's. reason looking small print see dark says parking 00.30 & 5:30am. reason restrictions car park apart making money people use gym hours. purgym make clear website parking available hours stated above.",1,51.4806882,-2.7768562,GB
Manchester Eccles,2023-12-12 12:11:00,"showers cold, shower doors close, dirty showers - clue staff checking checks! machines knackered fixed. west one branch. basically shady shoddy gym.",1,53.4840887,-2.3375175,GB
London Limehouse,2023-12-12 10:40:00,"staff lovely. but, gym basic offer classes thin ground. one pure gyms biggest selling points ‘over free classes’ line features outside gym along wall. yet maybe classes day most. classes always full increased number popular classes reduced min classes minutes available all. i’m basically paying monthly fee access treadmill weights - much pure gym sell. disappointing. addition, culture perpetuated young men gym also completely unacceptable place modern society. women feel safe gym able mind business. sadly doesn’t seem case one. solution ‘female spaces’ zero tolerance policy led pure gym.",1,51.5133074,-0.0351492,GB
London Limehouse,2023-12-12 00:13:00,"worst gym ever. 1- they’ll closed maintenance inform you. 2- bathroom nasty, clean. 3- one water station",1,51.5133074,-0.0351492,GB
London Holborn,2023-12-11 20:35:00,unfriendly staff machines quite close eachother,2,51.5195982,-0.1137266,GB
Redditch Ringway,2023-12-11 15:31:00,"best: first impression dark inside, windows barely mirrors. workouts date: generally clean compared puregym's equipment lacks diversity layout machines seems odd. often seen people queuing machines prepared ""freestyle"" workout due lack equipment. added gym secondary gym personally worth extra £4 p/m. may suit some, dark uninspiring.",2,52.3087539,-1.9434403,GB
Norwich Aylsham Road,2023-12-11 00:20:00,"gym okay, could benefit extra leg machine (e.g.: hack squat) better calf raise machine (e.g.: standing straight leg). lockers outside changing rooms annoying start got used couple months. biggest issue gym fact equipment always plates it. people bother putting weights back. large number gyms norwich (including puregym castle mall), cities countries, never seen bad. culture gym really poor, management needs something it, ways encourage/remind positive responsible behaviour. now, lot people zero respect place, equipment, people using said equipment done. imagine young sister (grand)mother joining gym able use half machines got 20/25kg plates cannot remove safely. really, really poor.",2,52.6411579,1.2882664,GB
Leamington Spa,2023-12-10 21:49:00,going write review saw clearly fake & star reviews below. gym far busiest ever witnessed (like unsafe busy). queue nearly machines someone waiting finish. workout defined equipment available. side note: many young teenagers hangout socialising groups? even exercise. anyone willing open alternative low-cost franchise gym leamington spa warrick would make bank.,1,52.2913394,-1.536404,GB
Fareham,2023-12-09 23:07:00,"disgusting changing rooms, badly run gym",1,50.8526637,-1.1783134,GB
Birmingham Beaufort Park,2023-12-09 12:30:00,"suitable white working class male enter, virtually marched management ridiculed abused ,h.r said sorry offered £ pound discount shameful place ethnicity welcome ...sad sad place silver medalist gracie jujitsu fighter.terrible experience would advise white person enter .if feel facts. shameful place pure gyms excellent welcoming professional.....this suitable white people .simple.",1,52.493268,-1.8171797,GB
Ashford Warren Retail Park,2023-12-08 17:33:00,"smelly showers, manager touches clients inappropriately trains on-shift. full teenagers equipment rattles maintained. ceiling leaks regularly heavy rain.",1,51.1583631,0.8682394,GB
Cardiff Gate,2023-12-07 17:03:00,"member puregym cardiff gate several years now, must say whilst gym self pretty good suites needs, facilities, require maintenance, changing room number damaged lockers hair dryer x one dryer working top showers absolutely poor best appears turned thermostat spring save energy costs remained poor throughout months gone by. best barely warm, mentioned one instructors laughed said warm enough him. (what great customer response). winter period would expect water temperature improved colder periods year. would good idea employee check like puregyms too.",2,51.5389707,-3.1315077,GB
Leicester Walnut Street,2023-12-06 22:05:00,gym cold wet. it’s lovely large windows cannot see anything due condensation. maybe gym bit warmer would happen. i’ve seen people training coats week. looking forward carpet smelling mould next weeks,1,52.6244566,-1.1343556,GB
London East India Dock,2023-12-05 22:09:00,hair dryer working since september 😫 can't afford buy new one?? ridiculous,1,51.51103,-0.0228617,GB
London Edgware,2023-12-04 15:02:00,"joined gym october mid november work started improve gym good thing however means last weeks november till seems like mid december classes, only§ reason joined gym classes. date one able tell classes resume, think least done keep members informed. don’t see paying membership gym can’t attend providing classes. yes know go another puregym, however necessarily convenient offer classes want time edgware classes.",1,51.6136623,-0.2749555,GB
Leicester Walnut Street,2023-12-04 12:30:00,absolutly freezing colder outside morning. wonder dead,1,52.6244566,-1.1343556,GB
London Bromley,2023-12-04 03:08:00,"fault staff locally, clearly limited choices higher management. gym poor. almost every locked smashed unusable, months years. complaints management don’t see replaced - need wholesale replacement. gym space huge poor used. feels like logic thought went went where. natural light - constraint space - dealt whit light painting schemes good electric lighting. keep g premises free mould. puregym don’t manage get basics right. yes, situation showers poor. (reduced 30+ second low pressure, tepid water exactly invigorating doesn’t energise workout. feels like might get comprehensive school hadn’t received investment thirty years. it’s bad space, isn’t maintained, management seem content run further. it’s pity could good - least far now. fix anything short order, fix lovkers. nothing g else , belongings safe robbery",1,51.3668569,0.0617091,GB
Northwich,2023-12-03 21:05:00,"member two years now, say thankfully finally another option opening area next weeks. kit ok, even placement kit poor. gym, fine expect. issue staff. seen manager several times week since joined, even acknowledged said much hello, said previous assistant manager. majority personal trainers same. interaction, welcome, even smile. even go far dirty looks see you, overheard even insulting making fun members. made complaint asked leave review time ago, got email telling wrong. exactly kind place gives gyms bad name, ignorance staff personal trainers would enough put new gym goer.",1,53.2602539,-2.5145104,GB
London Bayswater,2023-12-03 20:44:00,inconsistent classes. instructors aren’t good there’s lesser people class won’t sometimes don’t even notify advance. great class pilates puregym bayswater. really need get better instructors classes don’t them!,2,51.5122764,-0.1883854,GB
London Bermondsey,2023-12-03 16:24:00,"even get join, emailed gym weeks ago arrange view, popped rang bell one answered. wanted check joined gym majority working equiptment, clean wanted enquire pt. reply. negative reviews left reply managent seemed look imporntant issues raised reassure well managed gym. sadly try another. reply tells get touch actually address issue. already got touch 19th ignored it.",2,51.4970125,-0.063268,GB
London Muswell Hill,2023-12-02 19:02:00,busy gym good equipment. let recent lowering water temperatures showers- avoid these.,2,51.5910395,-0.1420768,GB
Leicester Walnut Street,2023-12-02 17:53:00,"well equipped gym pt service competitive rates. however recent weeks feels like puregym forgotten turn heating walnut street, leicester. put training week gym freezing unbelievably, air con women’s changing room hot water either. fingers went numb, couldn’t grip weights leave! come pure gym, need offer better basic facilities - temp absence hot water even legal h&s?",2,52.6244566,-1.1343556,GB
Leicester Walnut Street,2023-12-01 23:32:00,"it’s freezing time gym! including water shower. something strange going ac windows streamed constantly yet gym always cold, would expect steamed little busy times time gym empty.",1,52.6244566,-1.1343556,GB
Watford Waterfields,2023-12-01 22:06:00,rude staff. intimidating. respectful.,1,51.6523792,-0.3894354,GB
Salisbury,2023-11-30 23:10:00,"company deliberately refuses engage chat service promises reply ‘usually within hours’. they’ve chosen bother phone lines. don’t provide up-to-date information sudden, unexpected, end unexplained, closures gyms. signs cash cow, company concern customers.",1,51.0690613,-1.7954134,GB
Sutton Times Square,2023-11-30 21:32:00,"gym toilet shower week & sign bother repair. fact anything breakdown gym, get repaired months. air conditioning leaks summer & blows cold air winter. weights left place & toilets often run toilet paper. cheap gym, shows.",1,51.3643147,-0.1915453,GB
Leicester Walnut Street,2023-11-30 17:36:00,"like gym huge problem it’s really cold here. air conditioning working sure, think it’s necessary almost december. useful would air circulation, bigger number people air breathe. glass wall steamy really easy effects floor next well. don’t want change carpets closest future, looking savings, something please. talked people it’s cause don’t want members. it’s shame became it’s really good gym.",2,52.6244566,-1.1343556,GB
Sheffield City Centre South,2023-11-30 15:13:00,gone hill impossible get bench unless go 1am morning. much better 24hour gyms equipment better prices. cancelling.,1,53.3755841,-1.4673519,GB
Tyldesley,2023-11-30 02:21:00,"disappointing experience pure gym tyldesley. staff member, g parker , consistently rude, made derogatory comments, disrupted workout. unprofessional behavior led decision cancel membership. hope gym addresses issues better member experience.",1,53.5144859,-2.4661714,GB
London Ilford,2023-11-29 21:01:00,"truly devastated current state gym. past month, something felt – dirty, changing rooms unpleasant, machines broken. seems like there's visible management, gym feels like running without direction. shocking part terrible attitude assistant manager, treats clients well, leaving others feeling mistreated. leadership style unacceptable, position given someone else. additionally, lift, crucial individuals mobility issues, order months without anyone addressing issue. drastic decline gym's quality within month truly disheartening. there's plea better treatment members, gyms would gladly welcome them.",1,51.5589375,0.0689113,GB
Southampton Shirley,2023-11-29 04:54:00,"whilst spin instructors good,the bikes terrible state. seems running joke rather something needs addressed. even instructors frustrated bike situation. rusty issues. please get sorted pure gym.",2,50.9214711,-1.4323205,GB
Wolverhampton Bentley Bridge,2023-11-29 00:11:00,poor equipment needs updating 😢😢,2,52.5968429,-2.0898197,GB
Liverpool Central,2023-11-28 21:29:00,"one star generous, i’ve really tried give gym chance gets worse every week. gym filthy machines always breaking, could tolerate belongings stolen “safe” locker i’m sure i’ll ever return. staff keenly aware people things stolen frequently don’t really seem bothered. roid heads thieves, proper joke.",1,53.4042207,-2.9795092,GB
Birmingham Snow Hill Plaza,2023-11-28 00:59:00,"- something scattered dumbbells&barbells floor. members putting back it’s place. many times want use 6-8kg dumbbells went 40kg dumbbell zone. - gym smelly. everytime walk in, smell musty,sweaty smells time.",2,52.4848692,-1.8983889,GB
Birmingham Snow Hill Plaza,2023-11-27 21:03:00,"terrible company. take money account without permission. shared concerns current state gym manager nothing changed. puregym snowhill question giving gym good reviews, especially cleanliness. personal trainers staff maybe? gym standard others used within chain. personal trainers needless arrogant uninspiring. equipment old, rusting stinks. although products clean equipment use members ultimately responsibility cleaners however, cleaners spend time phones changing rooms cleaning, pushing vacuum around much do, there's never soap wash hands is, soap dispensers broken weeks end, seems issue since mid-2022/2023 i’d question management place. chewing gum stuck carpets can't hard notice! hard monitor cleanliness safety equipment? every personal trainer must disability gym use disabled toilet members need it, evidently convenient walking steps changing room feet away. gym close live left now.",1,52.4848692,-1.8983889,GB
Blyth,2023-11-27 18:02:00,"really enjoying gym hip adductor/abductor machine handles bolted wrong way, legs part, hit handles, handles flush seat interfering movement. got sick bruising thighs. told gym via instagram read 31st may, still changed it. since due able complete legs workout. literally bolts undo turn right way!",1,55.1270903,-1.5099726,GB
Canterbury Riverside,2023-11-27 17:47:00,"certain gym machine order 3+ weeks one specific machine puregym, meaning i’ve skip exercise routine weeks. gym busy time hard use equipment without waiting ages. changing rooms/toilets always stink kept bad condition.",2,51.2569878,1.0138822,GB
Sheffield Crystal Peaks,2023-11-26 08:26:00,"need employ cleaner, theres someones dirty tissue mess floor days around leg press upstairs, dread think many germs machines cant even clean large items. also cover leg extension needs replacing, raw edge split cover hurts back legs.",2,53.342416,-1.3502367,GB
Basildon,2023-11-25 19:05:00,use soap washed hands bathroom. next thing. know call ambulance painful reaction throughout whole body don’t risk,1,51.5754602,0.4757363,GB
Tunbridge Wells,2023-11-24 23:44:00,"hi, recently became member pure gym. two classes really liked, instructors great. downside went shower, hot water. really inconvenient go work straight after. would like know problem fixed think right advertise something don’t provide it.",2,51.1371483,0.2673446,GB
London Enfield,2023-11-23 14:00:00,looks like others noticing cons new layout cardio plus leg workout area. great change,2,51.6517156,-0.0786839,GB
Reading Calcot,2023-11-23 09:13:00,shower always cold,2,51.4468889,-1.0381147,GB
London Bromley,2023-11-22 22:25:00,terrible experience shower temperature set luke warm degrees . 4.5 degrees body temperature totally unacceptable. complained response basically customer service dismissive barely warm shower company policy . probably cancel membership join new gym opening december bromley!,1,51.3668569,0.0617091,GB
London Putney,2023-11-22 21:21:00,"made minutes late first & last class booked pure gym (i prefer using weights usually) bus delay told leave class. cancelling membership right posting review proper way treat paying customer. lateness min + i’d understand, minutes you’re unpleasant sake it. trainer justified saying missed warm-up class packed brim read low star reviews easily see managing booking properly let’s honest issue is. respectable venue would check names allowing attendees class would give minutes grace entrance. back nuffield go. complaints are: equipment broken fairly frequently taking fix venue smelling bad generally - makes wonder hygiene standards severe overcrowding peak times - understand it’s budget gym guess comes territory (and it’s indeed decided try class time around it’d challenge secure squat rack time - 6.30pm wednesday) review pertains legs, abs & tums class wednesday 22nd november 6.30pm. toodles! p.s. i’d appreciate venue didn’t respond tell “popular” pure gyms venues low rating reviews. it’s budget gym allows oversubscription poor booking management, popular girl class. real. cute public perception management attempt, suppose.",1,51.4625314,-0.2163018,GB
Southampton Central,2023-11-22 13:22:00,write review seems like way fix things. showers order weeks due hot water issue. said issue resolved last week using showers water ice cold barely water pressure instead gone worse. people use showers morning like work go huge inconvenience paying membership getting full amenities. also problem going long time year especially gets worse winter seems like trying skimp hot water summer always hot?,1,50.9074977,-1.4142289,GB
Gateshead,2023-11-22 08:48:00,"good business model, average gym. atmosphere 24hr supermarket am. makes rules like bags wear footwear none staff say anything main gig personal training. machines constantly use hot water week.",1,54.9625789,-1.6019294,GB
Epsom,2023-11-22 00:32:00,"men’s changing rooms showers closed due drain problems - warning morning went 7.30am - think happened yesterday, also closed weeks back well. i’ve member years, long opened. history drainage leak issues gym. staff response morning wasn’t helpful although can’t fix either..",1,51.3326098,-0.2678212,GB
London Finsbury Park,2023-11-21 17:48:00,"staff including management hang around desk time laughing joking. people actually do? changing rooms warm enough, lockers monopolised people locking leaving premises. checked staff despite website stating every night. music loud. wifi provided connect signal poor. okay price well managed. changing rooms bit unclean. also peak hours stated website minutes later.",2,51.5648345,-0.1064144,GB
Borehamwood,2023-11-19 22:27:00,"suspend silly stuff, don’t even give warning email letter giving warning putting back weights suspend straight away could wasting money forget put back weight sometimes suspend everything",1,51.6555295,-0.2764051,GB
London Twickenham,2023-11-19 20:12:00,"condition toilets sink women’s changing room appalling. sinks stinks toilets constantly clogged order. puregym twickenham, pictures.",1,51.4505786,-0.3288402,GB
Nuneaton,2023-11-19 16:38:00,toilets often dirty unisex. classes open space. poor quality equipment.,1,52.5246182,-1.4684488,GB
Leeds Bramley,2023-11-19 00:12:00,"great start all, joined booked induction person suppose show contact all. rich seen strike rule classes. also app says induction done lie. second visit 44min round trip wouldn’t normally area saturday. first impressions equipment pretty old grubby. cleaning station isn’t well stocked one observations means people don’t bother. edit: dont see go way contact gym manager honest know how. sure feedback date experiance easily able check. pretty unhelpful reply review actually much proactive.",1,53.8118759,-1.6251903,GB
Leeds Kirkstall Bridge,2023-11-18 13:28:00,"supposed hours free parking received pcn ,parking fine. shall cancel membership.",1,53.8157377,-1.6074046,GB
Sutton Coldfield,2023-11-18 11:03:00,couple issues needed attention. wrote letter manager gym including mobile email address. failed respond issue still exists.,2,52.5623089,-1.8239794,GB
Weston-super-Mare,2023-11-17 22:15:00,start day started weston super -mare fair it’s good gym went bad let’s start cardio machines dirty filthy air conditioning turned summer got baked alive manager told olly morris controls set head office touch trying save money please mention environment read this. let’s move new manager rude bad mannered one reading thinking join pure gym weston please asthma humidity finish god new gym opposite site weston 24hr sauna hot tub steam room air con turned coming back last days go survive heat looked wiki billion pound company good enough,1,51.3471927,-2.9778916,GB
Northwich,2023-11-16 12:34:00,"£30 - that's much membership costs per month. equipment old, tired, squeaky & rusty. something breaks, takes weeks repaired & there's everything, often left waiting someone finish. foolish assume made huge deal ""we're building better gym""& ""upgrading gym bring brand-new look feel latest kit"", would mean new equipment replacing old & total refresh. nope, gotten rid cardio equipment (keeping various 'out service' treadmills place) adding functional area cleared space. weight machines uncomfortably squeezed together - fantastic! air con patchy best. oven summer freezing winter. showers tepid desperate need upgrading. morning, without prior warning via social media emails members, gents showers closed 're-grouting' - surely planned weeks, send simple email advise showers would unavailable?! reason gym busy is, there's competition area. expect memberships plummet snap fitness opens, people realise better alternatives.",1,53.2602539,-2.5145104,GB
Bradford Thornbury,2023-11-15 10:33:00,today went leg curl machine realised hols blocked use. means unable use machine imagine alot others. gym meant cater everyone see would block holes people smaller thighs can't use. machine available half year anyway go alot pure gyms around country nobody ever done crazy,1,53.8030213,-1.7048953,GB
Luton and Dunstable,2023-11-14 20:21:00,ladies section limited equipment! need smith machine asap! ladies section jd gym road better equipment range gym.,1,51.8969557,-0.4744282,GB
Reading Calcot,2023-11-14 19:11:00,"cold showers. please stop saying temperature set 33. instead, pro active go take shower. far cold.",1,51.4468889,-1.0381147,GB
Portsmouth Commercial Road,2023-11-14 03:02:00,free weights area small gets cramped. risky lead injuries. benches enough barbells gymn big.,1,50.804976,-1.0870115,GB
Peterborough Brotherhood Retail Park,2023-11-13 11:59:00,"peterborough brotherhood puregym suspended membership without giving reason explanation . contact members team advise contact gym contact gym tell go back . devastated keep charging every month yet give explanation blocked . way even request refund one speak , wrote multiple emails yet answer anyone . value customers! please keep away scammers , even make effort deal",1,52.6002891,-0.2642011,GB
Basildon,2023-11-13 09:49:00,"way busy, barely equipment available go go really late night early morning.",2,51.5754602,0.4757363,GB
London Bow Wharf,2023-11-12 16:05:00,"housemate (f) (m) looking gym together (for classes). looking trial classes. wrote member services asking trial. offered free day pass. told don’t trials purchase membership. wrote back screenshot divergent responses told difference treatment either member, not. housemate fact never member puregym, joining am. member years pointed membership details ‘membership’ based trial table myself. apparent differences housemate male asian name, female asian background. everything else equal. conclude puregym members’ services, case, discriminating basis either race and/or gender. puregym come back obvious ‘we treat everyone equally’ everything life, actions speak louder words.",1,51.5319916,-0.0418638,GB
Colne,2023-11-12 14:14:00,"full kids mobile phones, weights left floor.staff non existent poorly maintained machinery",1,53.8567728,-2.1691238,GB
London Hayes,2023-11-11 17:56:00,"pure gym hayes : well managed suddenly constantly down. alots equipment maintained / damaged. shutting gym without notice / email / sms use / 11/11/2023 15:54 gym closed notice , didnt received notification went found locked closed notice . really !! wasting time money. thinking leave .",1,51.6621711,0.7083861,GB
Leicester St Georges Way,2023-11-10 10:05:00,"yanga sports water pay membership sudden mins time limit fill bottle time, it’s ridiculous. puregym website clearly states unlimited water, mins restrictions. pay monthly membership refilling water every 20mins. hack squat leg press months it’s two months it’s still sorted.",1,52.635872,-1.1231787,GB
York,2023-11-09 11:33:00,"lot equipment broken run down. know puregym base cheaper alternative expect least able use gym. steppers york order (odd broken), lot running machines too. lot seats longer adjustable. gyms area recall ever seeing many things broken use.",2,53.9656578,-1.0743052,GB
Palmers Green,2023-11-09 01:17:00,"unfortunate experience member pure gym, must say staff gym good times however one staff particular left disappointed pleased typically good experience puregyms. often feel compelled write bad review, encounters staff member consistently disappointing. first foremost, customer service provided abysmal. seemed disinterested indifferent needs concerns members. going motions without genuine care people supposed serving. never felt welcomed valued member, made visits gym truly underwhelming experience. additionally, found unprofessional behavior. instances engaging personal conversations phone, often ignoring needs members required assistance questions. unreasonable expect certain level professionalism courtesy staff fitness facility. additionally overheard times making fun members walked away making inappropriate comments say done me. unable get woman name manager makes exceptionally worse short middle aged african woman would like dealt immediately ruining experience us.",1,51.6178253,-0.1091946,GB
Reading Calcot,2023-11-09 00:28:00,showers cold,2,51.4468889,-1.0381147,GB
London Canary Wharf,2023-11-08 20:29:00,"update: edit: lots back forth emails safespace team call manager. lots promises resolved, including given deadlines “end week” times. it’s clear priority puregym, caring women feeling safe gym empty words. emailing ceo seem move things along slightly, anyone complaint make, recommend emailing humphrey@puregym (ceo) safespace@puregym friend disgraceful experience canary wharf gym. booked onto learn lift session call website “a fitness coach”. app told us wait functional area, arrived minutes early. 18:05 - minutes minute class meant start, saunters starts go men’s changing room. another pt spoke earlier called looked us asked wanted. explained class. proceeds look us like piece dirt, passively aggressively explain he’s waiting tables entrance. explain app told us wait functional area proceeds say “no, need wait tables know tables are, that’s need go”. attitude attempts mansplain table absolutely disgusting. goes walk away asked whether taking session. said would come back later. experience felt incredibly misogynistic two female gym goers knocked confidence ever coming back puregym women treated. attitude towards fact weren’t waiting was, whilst right area, disgusting. we’ve cancelled memberships don’t feel comfortable around future. gym asked remove personal details unfortunately women gym goers can’t warned him. would good hear back manager incident alas we’re still waiting.",1,51.5048954,-0.0190006,GB
Milton Keynes Kingston Centre,2023-11-08 17:57:00,"gym busy even peak times, equipment weight training attracts kind clientele. gym new gym user all.",1,52.0353815,-0.688128,GB
Coventry Skydome,2023-11-08 15:32:00,could give zero stars would. since lockdown gone hill stayed there. staff changed know run gym. filthy whenever clean wipes come back black unsure cleaning takes place. witnessed pt's leave weights floor setting great standard others... tried emailing concerns inappropriately approached trainer stopped replying meant arrange talk. walked last week voiced concerns person manager overheard said yeah laughed. cancelled membership. laughing face customer concerns gym absolutely disgusting.,1,52.4075589,-1.5184111,GB
Bristol Harbourside,2023-11-08 15:01:00,"considering leaving gym.its frills,no sauna,no swimming pool, £18.99 least give customers hot shower.water temperature luke warm bordering cold.think twice joining like hot shower .im refering ti habourside bristol",2,51.450363,-2.600511,GB
Coventry Skydome,2023-11-07 22:27:00,"today first day really let down. recently started working coventry home sutton coldfield. going peak membership wanted 6.30am classes work wanted gyms pay higher membership, fine. got 5am today, got ready, drove coventry class booked onto. told one booked cancelled class!!! asked sent email message telling people said don’t that. said i’d got 5am get said ‘oh right’ walked round pointing machines me. exactly sure acceptable paid i’m paying class. whether one person twenty class taught. im left paid getting i’ve paid for. joined 6.30 classes it’s time expected turn 6.30am n hope might actually get i’ve paid for? really, really disappointed. it’s taken much get right headspace get back gym n work around diary split time birmingham coventry getting super early so, let down. bad service sure i’m going go back. sad really. expect guy job i’m paying for. 9/11/23 regards response, yet i’m shown lack interest customer service satisfaction. instead i’m told contact people (as mention reply) would easier include information. information original review/email! told u gyms, days, time name! seriously difficult be. place making angry. stay away puregym - see start finish way things they’ve dealt with. dont waste time money!!",1,52.4075589,-1.5184111,GB
London Enfield,2023-11-07 15:46:00,"enfield gym poor gym, every time problems, need close, recommend",1,51.6517156,-0.0786839,GB
Reading Calcot,2023-11-07 12:17:00,showers cold,2,51.4468889,-1.0381147,GB
Nottingham Colwick,2023-11-07 01:00:00,"several others mentioned, members never told register car reg every time enter gym. result several members received parking charges £85. management never took responsibility clearly evident 1) free parking allowed available access gym 2) mention parking situation included joining instructions terms. instead, problem emerged, management silently added a4 paper warning need enter car reg tablet almost hidden behind wall. waste time, money sanity become member. cancelling mine.",1,52.9486418,-1.088899,GB
Brighton London Road,2023-11-06 19:04:00,"overcrowded gym biggest free area gym always closed classes, exasperating issue. ceiling always leaking; never turn air con warmer months; staff aimlessly walk around sporadically enforcing gym rules never heard years pure gym member. unfortunately, found issues specific gym attended ones nottingham, manchester london always pleasant. however, decided moved different gym needed final push today, thank you.",1,50.83681,-0.1362631,GB
Newport Gwent,2023-11-04 13:54:00,"hot. appreciate outside temperature dropping temperature gym far high. gym bit cold, well soon warm start working out. hot sweating even start. hotter living room home. change going find another gym intolerable moment. also, can't help think would save puregym money turn heat down.",1,51.590121,-2.9985571,GB
London Stratford,2023-11-03 15:14:00,"worst hygiene gym ever seen. reviews going back several years saying disgusting place yet nothing. puregyms sanitizer, hand towels. place even soap toilets working hand dryer. staff tell bring sanitizer!! disgraceful. usually go oval weekends stuck sh@t hole. always put meaningless, generic response - see below. pathetic",1,51.541289,-0.0035472,GB
Derby,2023-11-03 15:04:00,"nasty gym! staffs unprofessional, uncivilised,jealous racists toward people colour. seen many white folks workout bare foot nobody ever told nothing did,it problem. go back school mf uneducated poor things! would worked alexander mcqueens shoes one?! guys police officers, whenever see black person drives good expensive car game! policies followed certain groups people only,innit?! strange! listen yeah! said said due experience! things life either mr/madam! working one among them! time golden go gym start arguments strangers! huh!! kind person all! one picked harassed staff first place. know exactly people like you, always look chance act accordingly plus even gym member anymore! plenty nice gyms rather makes feel attacked,disrespected harassed... literally tolerate disrespect embarrassment! take sh** seriously either! second week since joined. worst experience, immediately removed fat ass interested love!!ngl nastiest gym derby!",1,52.9142235,-1.4719885,GB
Newtownabbey,2023-11-03 10:48:00,"morning gym routine made awkward constant 'interactions' male pt girlfriend (customer), female pt boyfriend (customer). sick looking early every morning - complete lack professionalism. save free time work. signed new gym starting next week.",1,54.6778816,-5.9249199,GB
Dudley Tipton,2023-11-02 23:13:00,proper classes evening times ?,1,52.524461,-2.0492538,GB
London Kentish Town,2023-11-02 21:02:00,since review kentish town branch april puregym’s response would address issue poor wifi report improvement. marked stars result.,2,51.5500554,-0.1425712,GB
London Wall,2023-11-02 16:47:00,still able log wifi staff elusive. keep trying,2,51.5099294,-0.0760209,GB
Paisley,2023-11-02 14:25:00,"attended gym three years, nothing changed. machines dirty, lockers cannot closed doors bent. seems like gyms different. machines often broken, takes ages repaired. disgusting, expect much puregym. seems like care much customers. maybe? cleaners management? wrong? unable handle everything know advance good gym, look hand well....",2,55.8455828,-4.4239646,GB
London Hayes,2023-11-02 03:55:00,ive member almost year & quite ill came first tome hayes gymn & hot water & showers working & xold train left got message telling showers working came today cold trqin im apalled & theres way contacting customer service complain someone customer service get touch ridiculous,1,51.6621711,0.7083861,GB
London Ilford,2023-11-01 13:50:00,"equipment seems longer cleaned wiped actual cleaning staff. used see staff cleaning staff around covid nowhere seen. see lumps dust sitting treadmills changing room looking shabby. think mentality expecting members cleaning themselves, members going tough, it. really disappointing standards good before. used love kept clean offered ladies section feels icky work now.",2,51.5589375,0.0689113,GB
London Limehouse,2023-11-01 10:34:00,"unfortunately left choice leave bad review! weekend flooding, toilets service showers working. understand things sometimes go wrong got email access gyms! days later noticed fixed problem see mould maggots side shower! tried email directly got response. unhygienic! really hope start taking seriously quite serious!",2,51.5133074,-0.0351492,GB
Witney,2023-10-31 23:26:00,puregym witney - big problems air con. always hot. even winter. beware,1,51.7838848,-1.4852861,GB
Manchester Moston,2023-10-31 16:20:00,"improvements years years equipment either work missing parts staff turnover regular, membership fees get used partially, equipment gym never gets maintained fixed",1,53.5232522,-2.1710273,GB
Solihull Sears Retail Park,2023-10-31 09:09:00,"joined pure gym solihull (sears park) last week. visited morning 6am members staff open up. waited minutes rain went home. whilst queue, spoke group people told gym opening time uncommon. would avoid gym it’s amateurish badly run. plan cancelling membership.",1,52.400801,-1.8179783,GB
Woking,2023-10-31 00:23:00,"issue referring pertains unreasonably cold temperature shower rooms designated women. appears air conditioning continuously left on, resulting uncomfortable unpleasant experience gym members. excessive coldness makes challenging refreshing satisfactory shower, subsequently impacting overall gym experience. concerns dismissive attitude displayed staff voiced complaint. instead actively addressing issue, merely laughed nodded agreement, deeply disheartening. loyal dedicated customer pure gym, believe concerns treated utmost importance professionalism.i kindly request pure gym take immediate action rectify situation. essential air conditioning shower rooms adjusted ensure comfortable environment gym members. additionally, urge pure gym address attitude staff towards customer complaints, emphasizing importance providing supportive respectful environment.",1,51.3201891,-0.5564726,GB
Broadstairs,2023-10-30 21:17:00,"member pure gym little found exactly want apart lack cleanliness addressing . however weekend turned water temperature showers unpleasant. use gym work it’s essential gym use provides shower facilities. feel change gyms cold showers signed . disappointing. would appreciate pure gym replying review, star positive review list reviews!",1,51.3586758,1.4407855,GB
West Thurrock,2023-10-30 20:19:00,member gym past year experience okay busy peak times (as expected) great early mornings many cleaning stations kept clean changing rooms worst got multiple parking finesfor using gym already pay puregym holds accountability business horrible gansters euro car parks...,2,51.47712,0.2721259,GB
Crayford,2023-10-30 19:15:00,"nice gym, parking scam. member years orpington, used crayford one whilst refurbishment carried out. aware needed put registration number use members car park. got fined quid. pure gym help. thing left let people know care members years. cancelling membership. update 07/11/2023. resonse pure gym standard cut paste. send reply formats. going gym enjoyable, relaxing experience. going new gym lunch hour anything like me, rushing dont time look tiny wording small signs ipdad gym put car details in. sorry pure gym, nothing intervene. standard responses like like cases members fined nothing. gym allow members especially long term ones like get fined workout beyond me. cancel membership clearly dont care members.",1,51.4515584,0.1787188,GB
London Oval,2023-10-30 16:20:00,first visit club. came scooter left male locker room saturday evening. returned locker room collect scooter pm workout scooter went missing. nobody around report event. sent emails weekend nobody returned them. phones respond. monday reported crime police. police assigned crime ref. number sent number emails provided site. point somebody finally contacted phone. manager said club nothing help wait police something. offered apologies refund. place looks like ghost house full criminals sports club. regret paid visit. leonid,2,51.4818339,-0.1123953,GB
London Leytonstone,2023-10-30 12:41:00,"pt complained provided feedback contacted directly long defensive aggressive text message - distorting truth cover back. text made calling names distorted scenarios protect - scenarios never mentioned raised complaint. fact scenarios never documented raised shows false narrative used protect himself. shows inability receive feedback respond professionally. professional correct response would've apologise, raise line manager address refund. contacted cluster manager screenshot text messages. along truth false allegations using justify unjust behaviour. hope puregym deal unprofessionalism bullying appropriately. advise members receive professional training customer service, diversity & inclusion (which covers discrimination gender equality). feel though lot driven x (pt) perceiving young black woman could take advantage of, expect would escalate appropriately. continue feedback negative experiences x general gym staff escalate regional manager - paying customer treated way, hope happen again.",1,51.5684052,0.0111701,GB
Broadstairs,2023-10-29 01:29:00,"email sent twice customer services still waiting response, nearly weeks later ??? ....... dear sir/madam, recently joined puregym westwood gateway retail park broadstairs, kent 2nd october. gym quite time, happy excited see offer ""get started "" induction class, help demonstrate facilities safety branch. booked straight away weekend wanted feel confident using gym equipment. booking information confirmed week (please find attached) arrived approx mins early unfortunately, pass code would work entrance gym. managed get help another member let going bring (staff member) induction. entrance stated, took seat nearby benches. 3:10pm, nobody arrived, despite saying spaces left booking. gave till 3:20pm went upstairs mezzanine, thought maybe staff member, offices shut. rechecked emails definitely right time/date. looked corner gym saw lady looked like puregym uniform on. approached apologized interrupting asked class. replied (staff member) class booked work saturdays? kept blaming management mistake? asked do, taken afternoon work attend class said try book next weekend, good nobody works weekends?? found strange unhelpful actually working, despite saying work saturdays?? left gym feeling quite deflated confused whole situation lack empathy (staff member). reason, really would appreciate arrange refund opening account fund think want carry member puregym. enclosed receipt email too. please advise. sincerely, sl obviously enclosed staff members name advised trust pilot, really disappointed whole situation fact staff member interested helping way (ie) informing gym manager advising ?",1,51.3586758,1.4407855,GB
London Leytonstone,2023-10-29 00:00:00,"pt - awful experience pt stole money. poor customer service, manners, professionalism etiquette. flagged apprehension pt sessions due demanding career, reassured clients demanding careers able accommodate. needed cancel 7th session due panic attack - exploded horrible. cancelled 8th session - ignored blocked asked refund. documented proof. sessions often full grumpy complaining - draining long day work. thought funny keep saying name wrong seriously say inappropriate. occasion asking sun burns rudely responded ‘well look brown/black’ (racial micro-aggression - he’s compared ethnicity sun-related skin damage). experienced extremely awful/disgusting customer service humanity considering flagged circumstances beforehand (as always do). i’ve many pts extremely flexible reassured would be. i’ve also honest pts said would unable flexible (beforehand). friendly kind desperate get new client.",1,51.5684052,0.0111701,GB
London Croydon,2023-10-28 09:30:00,"bicycle stolen yesterday facilities gym. apparently, one staff told me, bicycles electronic skates already stolen before. sometimes say can't anything it. least put notice gym responsible bike thefts. since theory clients facilities. hope something solve problem.",1,51.3550556,-0.0643104,GB
London Ilford,2023-10-27 20:37:00,recommending.,1,51.5589375,0.0689113,GB
Portishead,2023-10-26 16:01:00,"lie parking, say 7/24 free onsite parking. 12.01 parking control fine automatically. pure gym help remove fine. paid £170 parking fine times, £350 total. paying these, times went pure gym, told member, time called solicitors, mailed uk parking control. one anything, forced pay fine.",1,51.4806882,-2.7768562,GB
Liverpool Central,2023-10-26 14:10:00,"pretty awful gym honest- went today bought day pass; put belongings locker dented, trying shut door saw employees laughing it. good. gym equipment ok bit battered, great deal- dark aswell underground. plenty better gyms city centre, returning",2,53.4042207,-2.9795092,GB
Nottingham Colwick,2023-10-25 22:38:00,"using gym weeks already received £85 parking fine. ask members register car reg every single day avoid parking fines, that's ridiculous.",1,52.9486418,-1.088899,GB
Tunbridge Wells,2023-10-25 16:35:00,joined gym attend spin classes every time sign get cancelled.,1,51.1371483,0.2673446,GB
Derby,2023-10-25 11:22:00,puregym derby showers substandard. cleaned often enough usually smell like rotting cabbage! unacceptable. otherwise decent gym spoiled dirty showers changing rooms need refurbishment.,2,52.9142235,-1.4719885,GB
Basildon,2023-10-24 18:46:00,"chose gym range weekend classes available unable attend week, disappointed find suitable classes weekends sign anymore classes added timetable i’m considering changing different gym varied timetable",1,51.5754602,0.4757363,GB
Basildon,2023-10-24 18:33:00,"classes gone downhill - loved sams classes saturday morning since left, none suitable times us. unable go weekday classes due full time work family commitments. disappointed lack classes weekends.",1,51.5754602,0.4757363,GB
Palmers Green,2023-10-24 17:54:00,always something wrong bathroom. momth since drinking water tap working. water somethig mandatory thing gym. people bringing bottles sometimes one bottle enough heavy workout. careless behaviour the.management fixing problem,1,51.6178253,-0.1091946,GB
Borehamwood,2023-10-24 13:56:00,"ok summer gym started turn cool air air conditioning instead turn hot air! gym! sweating hot air blowing face ! health hazard. i’m surprised trading standards haven’t called! sort out! want cool air , stop hot air ! quitting membership go elsewhere .",1,51.6555295,-0.2764051,GB
Derry Londonderry,2023-10-24 13:44:00,usually happy gym although changing rooms closed around two months now. supposed open today still closed. rely going lunch break need shower facilities! happy considering moving!,1,54.9978678,-7.3213056,GB
London Piccadilly,2023-10-24 13:13:00,gym located heart london. member last years confirm internet doesn’t work half gym times ! acceptable location xxi century ?? i’m sure… @puregym please something ?,1,51.5060854,-0.1441691,GB
Colne,2023-10-24 12:49:00,"*as per email sent group colne* please register official complaint. please put request turn temperatures water pressures back showers gym. disappointed group issued order turn down, intolerable months ago weather warm. winter unbearable. come shivering, unclean i’m sure end getting cold/flu eventually. bad actually actively looking moving gyms.",1,53.8567728,-2.1691238,GB
Dudley Tipton,2023-10-24 08:13:00,"broken equipment never gets repaired wait months, ladies showers smell filthy always cold lots members complied cold showers got ignored.. showers 33oc way!!! cold gym staff lies never going fix cold shower issue, find alternative gym. sick bull#### used alternative pure gym dudley showers cold goes show ones tipton freezing refused turn up!! staff tipton waste time!!!!! update response gym gym cold know heating wont come on, showers still cold saving money expense.",1,52.524461,-2.0492538,GB
Wisbech,2023-10-24 06:11:00,"two years going gym got worse time getting better looking new gym go too. promise wifi never happened never got two years. yet staff issues getting online gym wifi?! proper climate control. main air con broken last two years instead fixing try using portable units job summer hot winter hot water temp set cold showers. showers, sinks drainage stinks gets blocked time. drains need sorting fixing. see machines action one machine issue peoples routines. flavour water dispenser seems run flavour time order. damaged flooring stuck tape silly stuff like that. charge make promises things deliver gym literally falling apart seems company management care. pay gym give offer take care gym repairs like meant to. friendly staff lot nice people go even though lot stopped going. see reason go gym.",2,52.6651733,0.1606824,GB
Stevenage,2023-10-23 21:53:00,"coming while, gym filthy, barley cleaning supplies, hardly seen cleaner. equipment place. health safety care. machine close together waiting accident.",1,51.9016663,-0.2027155,GB
Coleraine,2023-10-23 21:07:00,gym always rammed unemployed people matter time go,1,55.1315912,-6.671861,GB
Salisbury,2023-10-23 16:08:00,"third complaint written appalling volume music pure gym salisbury. simply acceptable. spent £200 two sets noise cancelling headphones order drown rave music played high volume sunday morning! person gym 4.30 felt though going rave! second complaint shown volume control able turn volume myself, however seems ridden. may respectfully ask people want listen music level wear headphones anyway? another hour gym salisbury would immediately leave pure gym join somewhere else. get early work early well-being going work. run business listen clients find appalling pure gym take notice negative feedback.",1,51.0690613,-1.7954134,GB
Leicester Walnut Street,2023-10-23 13:59:00,terrible showers moving gym group road,1,52.6244566,-1.1343556,GB
Maidenhead,2023-10-23 11:59:00,"facilities gym ok, seem consideration customer. choose deep cleaning locker rooms 8:30 time people rushing get dressed get out, consideration girl cleaning male locker rooms time might ideal; last week decided move equipment stairs- 8:45?! people queueing stairs get gym- gym surely better time this. morning 8:45 one pod order, second pod 'slow' manager woman usual sat bottom, shaking head, assistance offered. could got let people disabled door would require getting up. management fault here, spend day sitting nothing expect?",1,51.522743,-0.7197368,GB
Telford,2023-10-23 07:03:00,ghetto gym i’ve ever to. things never repaired often take month two fix. accessible toilet telford town branch need fixing!!! take money go gym value customers don’t take p1ss comes fixing broken equipment.,2,52.6780532,-2.4514219,GB
York,2023-10-23 02:39:00,last time spin class able sit session bike faulty less missed class session. happy.. book class expect bike working order good condition.,2,53.9656578,-1.0743052,GB
Nottingham Colwick,2023-10-22 22:25:00,"received £85 parking fine today! since realised enter vehicle details monitor mounted wall behind walk (yes serious). signage walk reminding course. poor puregym, would known going issue appears made effort support members. expecting usual cut paste reply, something like: ""the car park operated third party therefore nothing us blah blah blah"" appeal rejected, cancelling membership. everlast gym victoria retail park (less mile puregym) new gym parking restrictions there!",1,52.9486418,-1.088899,GB
Gloucester Retail Park,2023-10-22 21:35:00,worst gym ive to. hadrrible experience personal trainer bobby gregowski. hes sexually assaulting me. receptionists keep staring butt. wouldnt recommend.,1,51.859848,-2.2163951,GB
St Albans,2023-10-22 00:10:00,dirty random people playing music loudly,1,51.753051,-0.3379675,GB
Blackburn The Mall,2023-10-21 23:48:00,"dirty disgusting gym, rubbish staff, outdated equipment, rubbish members rubbish classes.go elsewhere.",1,53.7489149,-2.4826216,GB
London Hayes,2023-10-21 20:14:00,responding email. one make changes membership gym email.,1,51.6621711,0.7083861,GB
Dudley Tipton,2023-10-20 23:26:00,stopped using gym music way loud 2am - 4am,2,52.524461,-2.0492538,GB
Nottingham Colwick,2023-10-20 17:20:00,"poor show pure gym. posted social media times day weeks trying get people door stating free parking sainsbury’s forgot mention caveat need put registration details in. signage state small pad easily display aren’t looking communication via email. 12.99 month sounds fantastic it’s quid park. put bit focus social media/ communications emails let customers know, quite clearly reading reviews facebook communications issue pure gym quite frankly customers reinstated lack communication",1,52.9486418,-1.088899,GB
Nottingham Colwick,2023-10-20 16:57:00,"got first parking ticket , signed nothing website entering details it’s there! understand it’s gym last pure gym machine enter details hours expect park big car park advertised pure hun enter car details sainsbury’s hours £85 fine far times since , tried contact get details needed appeal help , pure gym basically problem",1,52.9486418,-1.088899,GB
Leicester Walnut Street,2023-10-20 16:31:00,nothing works,1,52.6244566,-1.1343556,GB
Wakefield,2023-10-20 12:32:00,"booked induction gym pretty severe anxiety things, turned minutes allotted time waited outside pods like email instructed saying would someone greet earlier allotted time, waited minutes one appear, staff weren’t useful slightest ignored me, don’t bother anxiety",1,53.6829541,-1.4967286,GB
London Streatham,2023-10-20 10:08:00,dirty. fleas gym. one puts weights away.,1,51.429769,-0.1311105,GB
London St Pauls,2023-10-19 22:55:00,classes lunchtime poor. need spin classes decent instructors,2,51.5100825,-0.0679695,GB
Glasgow Charing Cross,2023-10-19 22:43:00,"much crowded specially mondays, rest days also wait machines. machine every exercise unfortunately one. also, sometimes smelly corners.",2,55.8646397,-4.2695777,GB
Bath Victoria Park,2023-10-19 21:56:00,always busy,1,51.3856653,-2.3766501,GB
Hereford,2023-10-19 20:23:00,pay country wide access good awful i’m expected pay extra use substandard gyms like hereford. hate false representation country wide use reality increase monthly subscription less impressive gyms,2,52.0553813,-2.7151735,GB
Birmingham City Centre,2023-10-19 19:53:00,"hi team, name shebin ive part pure gym birmingham 4-5 months. firstly, let say really happy find gym open late hours. considering work schedule, really hard take care time time gyms close early. so, really happy. however, gym membership suspended 4days trying resolve issue best can. reason- stacking weights session. completely understand importance safety health hazard causes trying work assistant manager gym couple days now. unfortunately, good end. sure gym realises importance maintaining good healthy lifestyle daily workouts impact mental physical state person. issue really saddening gym taken good space daily routine puregym played major role it. hopefully get resolved soon thanks shebin",2,52.4856896,-1.871104,GB
London Borough,2023-10-19 19:36:00,gym fine showers need hot luke warm especially price charging find another gym provide hot shower . want shower that’s luke warm go council gym pay less money,2,51.5011444,-0.0932926,GB
Bradford Idle,2023-10-19 18:06:00,"dated equipment, machines updated since opening - equipment breaks seems take age get repaired - visit couple different gyms (different operators) every week one ""blah"".",2,53.8352205,-1.7304012,GB
Catford Rushey Green,2023-10-19 16:43:00,"gym, staff nick templar always smiling friendly. talking gym .....i think proper ventilation system. inside summer boiling winter hot. see lack legg equipment..there legg extension, leg curl, daily busy time whole gym. saw missing loads snap hooks machines..you machine available but, wait snap hook...would amazing could straight bars rope triceps machines. v handle rubber protection row seated... ones hurting hands.",2,51.4465685,-0.0190676,GB
London Ilford,2023-10-19 15:19:00,needs treadmill equipment women’s section. there’s always two treadmills don’t work leaving working ones. women’s changing rooms toilets dirty need cleaned often. wasn’t even tissue toilet!! terrible service.,2,51.5589375,0.0689113,GB
Milton Keynes Kingston Centre,2023-10-19 12:38:00,use gym strengthen legs long illness. leg extension machine order time now. used engineer simple device like relatively easy fix long?,2,52.0353815,-0.688128,GB
Peterborough Brotherhood Retail Park,2023-10-19 12:08:00,would nice see sanisters/antibacterial wipes/towels equipment wiped use. think key!,2,52.6002891,-0.2642011,GB
London Limehouse,2023-10-19 11:45:00,"problems reported since started using service yet fixed. namely: 1-machines order: either get rid repair them. 2-shower rooms occasionally reek. 3-the occasional maggots coming god knows where, floor showers (my best guess nested somewhere ceiling). review harsh reported months ago, yet persists. honestly reason keep using place open 24/7.",1,51.5133074,-0.0351492,GB
Plymouth Alexandra Road,2023-10-19 08:40:00,gym busy enough weights machines. pay lot money every month can’t get full use gym.,1,50.3818354,-4.1266441,GB
Borehamwood,2023-10-19 07:20:00,canceling membership arrived class partner there’s room app says there’s places left booked class clearly nobody else did.so go home! one class power went off! showers often broken decent classes booked anyone else chance book. don’t bother free gym equipment it’s never available full teenagers “trying lift”,2,51.6555295,-0.2764051,GB
Poole,2023-10-19 07:09:00,cold showers,1,50.7179472,-1.981521,GB
Manchester Urban Exchange,2023-10-19 06:53:00,far busy,1,53.4817408,-2.2283336,GB
Torquay Bridge Retail Park,2023-10-19 06:33:00,air con never more. go 3.30 5.30am gym uncomfortably warm.. great gym one issue.,2,50.4831147,-3.547928,GB
Birmingham Maypole,2023-10-19 06:12:00,"gym needs refurbishment. needs lot equipment replacing good clean. pts always time classes. seen people left waiting give thing, getting frustrated lack time keeping.",2,52.4421234,-2.0024082,GB
London Sydenham,2023-10-19 01:43:00,it’s absolutely disgusting shocking try take payment bank account. completely suspending account followed added fees that. it’s despicable absolutely wrong you. due rejoin pay joining fee again. it’s absolutely robbery shame you. it’s absolute greed part.,1,51.427742,-0.0542215,GB
Billericay,2023-10-18 23:41:00,got parking notice using puregym car park? issued notices using parking pure gym?,1,51.6284395,0.4218142,GB
Peterborough Brotherhood Retail Park,2023-10-18 23:39:00,pt rood helpful. equipment okay person working puregym needs able focused good relationships customers. people came gym made workout without pt don’t need need help staff gym able help that. customers pay money every month feel worse people choose pt. situations need help person staff say must find somebody else help min start class. feel like person worse people class. many different situations feel comfortable use place equipment pt want use time made workout they’re customer needs now. one times ask one pt used equipment rood answered nerves. feel horrible first day gym months break.,1,52.6002891,-0.2642011,GB
Gravesend,2023-10-18 23:27:00,gym filthy there's cleaning equipment upstairs cardio. downstairs paper sanitisers run unmanned leaving place disgusting,1,51.4424747,0.3694468,GB
Wrexham,2023-10-18 23:18:00,gym class experience gone time low. several instructors leaving.,1,53.0465084,-2.9937869,GB
Liverpool Edge Lane,2023-10-18 23:08:00,shower water cold usually,2,53.4094112,-2.9365796,GB
Canterbury Riverside,2023-10-18 22:58:00,dirty showers complained management response gym open hours day,1,51.2569878,1.0138822,GB
Banbury Cross Retail Park,2023-10-18 22:50:00,enough machines many people,2,52.0735818,-1.3422432,GB
Canterbury Riverside,2023-10-18 22:48:00,"dirty toilets, sink blocked urinal action weeks. enough staff complain to. paper towels spray sanitising stations. machines constantly order.",2,51.2569878,1.0138822,GB
London Clapham,2023-10-18 22:43:00,poor charge anything want change equipment without consultation provision compensation lack use.,2,51.4614469,-0.138627,GB
Oxford Templars Shopping Park,2023-10-18 22:37:00,"better equipment still many years, need new lockers",1,51.7333472,-1.2178489,GB
Bath Spring Wharf,2023-10-18 22:37:00,"wanted refund 2nd month membership since longer able go gym since paid wasn’t able cancel time. however, instead giving refund customer would rather eat money. good way keep business.",1,51.3846626,-2.3807866,GB
Oxford Templars Shopping Park,2023-10-18 22:26:00,one equipment broken last three weeks sorted out. even staff known completion date. equipment machine near staff standing desk.,2,51.7333472,-1.2178489,GB
London Fulham,2023-10-18 22:19:00,gym good issues management ignores!! example; hand washing base stinking like man wholes drain!!! pee stand loo smelly dirty!!! a-lot dust accumulated machine!!! could vacuum cleaning better anyone moves lot dust coming carpet!!,2,51.474408,-0.206809,GB
Reading Basingstoke Road,2023-10-18 22:02:00,"shower drains always stink sometimes unbearable shower coz smell, showers luke warm best, women pts miserable well",2,51.4230851,-0.9698911,GB
Coventry Bishop Street,2023-10-18 21:52:00,joined gym told would access gyms countrywide sent message saying i’m allowed use gym coventry live. i’ve cancelled membership,1,52.4119048,-1.5116835,GB
London Whitechapel,2023-10-18 21:39:00,"showers can’t used 11pm. adverts say 24/7 access assuming showers changing rooms well. no, even speaking customer service issue wasn’t resolved.",1,51.5174861,-0.0659685,GB
Derry Londonderry,2023-10-18 21:32:00,really disappointed length time male changing toilet facilities action. today topped one disabled toilet using weeks maintenance? leaving access male gym member.,1,54.9978678,-7.3213056,GB
Northwich,2023-10-18 21:10:00,kit dated genuinely poor can't wait move new gym opening winsford. pure seems like noone gives stuff,1,53.2602539,-2.5145104,GB
Macclesfield Silk Road,2023-10-18 20:50:00,"forgot transfer money card gym membership, wanted extra £20, j would pay £40 £1 short joke really.",1,53.255256,-2.120986,GB
Nuneaton,2023-10-18 15:56:00,"puregym nuneaton friendly welcoming environment. staff rude disrespectful times e.g making unnecessary jokes comments. gym satisfactory, except temperamental otherwise broken pieces equipment. lift order (at least week). classes run pretty regularly varied extent however become repetitive dull quite quickly.",2,52.5246182,-1.4684488,GB
Dudley Tipton,2023-10-18 15:41:00,"gym hopeless updated gym removed cardio equipment house weights, old equipment falling apart, treadmills broken dont work properly! ladies showers freezing even cold weather why? complain staff dont care keep telling us cant anything.",1,52.524461,-2.0492538,GB
Purley,2023-10-18 14:12:00,came machines moved taken away. gym left!,1,51.3388112,-0.1158589,GB
Chippenham,2023-10-18 11:21:00,add mirrors; toilet stinks! repair takes ages,2,51.4587621,-2.1159032,GB
Leicester Walnut Street,2023-10-18 09:26:00,water machine working. pay extra,1,52.6244566,-1.1343556,GB
Edinburgh Ocean Terminal,2023-10-18 08:45:00,spaces grubby ever.,2,55.9808597,-3.1779217,GB
Sutton Coldfield,2023-10-18 08:45:00,main contention quality diversity timings classes - innovation please - go one circuit class morning otherwise legs tums & bums pump issues knees me. classes past much fun (ryan a) challenging things never thought could done result good results came buzzing!,2,52.5623089,-1.8239794,GB
Bangor Wales,2023-10-18 07:00:00,love place seems like kids starting take groups pointing laughing people trying get changed rooms kids loud jumping around,2,53.2277163,-4.1268822,GB
Swindon Stratton,2023-10-17 23:29:00,"attended pump class fully subscribed (24participants). unfortunately enough equipment accommodate numbers. particular weights & barbell safety clips. brought attention class instructor said “oh, enough. i’m using clips. careful load bar.” forced complete class using weighted barbell without safety clips prevent weights falling off. due number participants enough room studio maintain safe distance work station exercise. several occasions bar clashed bar used person alongside me. conclude, class poorly organised, crowded & lacking enough equipment safe work out. raised issues duty manager stated choice deliver classes directed group manager.",1,51.5844079,-1.7492304,GB
Loughborough,2023-10-17 23:17:00,changing rooms especially toilets showers always dirty staff friendly gym equipment always tidy,1,52.7723859,-1.2077985,GB
Liverpool Edge Lane,2023-10-17 21:55:00,first must time toilet hand wash toilet paper tap water toilet sink always cold. treadmills always dirty nobody clean up.,1,53.4094112,-2.9365796,GB
Southampton Central,2023-10-17 21:24:00,barely carabiniers cable machines. seem less less week replaced (hardly expensive). one lat pulldown machines downstairs pin missing leg cushion meaning can't adjusted all.,2,50.9074977,-1.4142289,GB
Colne,2023-10-17 21:17:00,"soon enter gym overwhelmed smell sweat - daily basis. cleaners doing? there's ac - whats about? minutes inside gym can't wait get fresh clean air. 8pm onwards kids definitely 16, like taken place. nobody returns weights. many reasons continue membership honesty - tip.",1,53.8567728,-2.1691238,GB
London Finchley,2023-10-17 21:10:00,think disabling class misses unfair. happened i’m sure justification. haven’t booked single class full. also cancel one due injury - cancel within hours class excessive. doesn’t allow last minute change plan happen without warning - especially children .,2,51.5973246,-0.1805587,GB
London Ilford,2023-10-17 20:55:00,"machines broken much variety machines number machines, lot cardio machines many use, could’ve invested money cable machines.",2,51.5589375,0.0689113,GB
Glasgow Giffnock,2023-10-17 20:50:00,"customer's services poor, sent email weeks ago, charging monthly membership, still waiting reply",1,55.8005276,-4.2970925,GB
Nottingham Beeston,2023-10-17 20:45:00,door still fix equipment still needs fixed.,2,52.9209026,-1.2075548,GB
London Farringdon,2023-10-17 20:35:00,"absolutely disgusting shower toilet area farringdon branch. place stinks badly urine can’t breathe, makes want use facilities. like many, many months communication branch. gave stars rather one value money. shower work try use toilets unless it’s emergency!",2,51.519964,-0.104555,GB
Manchester Moston,2023-10-17 20:23:00,"gym equipment broken prolonged periods. juice machine fixed, tastes seriously weakened. lack hygiene,dirty paper towels left machines. towel sanitation station poor state!!!!",1,53.5232522,-2.1710273,GB
Billericay,2023-10-17 20:22:00,received parking tickets whilst visiting site four week period. puregym however relinquish responsibility refuse assistance. sadly reflects awful attitude towards customer care.,1,51.6284395,0.4218142,GB
Crayford,2023-10-17 20:21:00,classes staff,2,51.4515584,0.1787188,GB
London Enfield,2023-10-17 20:17:00,"reason star ratings. visited gym saturday 14th october say impressed state gym. members working late definitely show respect ever. much equipment put away. number water bottles left around ridiculous use bins provided. know new management keep gym check however, state control. also ridiculous number spin bikes need repairing replacing. try four bikes find one could use spin session. great new members existing members.",2,51.6517156,-0.0786839,GB
Newport Gwent,2023-10-17 19:57:00,overall good gym good access however body growth recommend,2,51.590121,-2.9985571,GB
Redditch,2023-10-17 18:18:00,gym far hot. cleaner need clean every second day. nothing wipe machines upstairs. cardio machines close together nowhere near necessary amount machines. go back kingfisher centre.,2,52.3057655,-1.9417444,GB
Birmingham City Centre,2023-10-17 15:10:00,terrible gym. manager suspended account nowhere claimed entered gym without pin true. dont even know possible. know people like always singling us out. manager balls. female theyre wet.,1,52.4856896,-1.871104,GB
Exeter Bishops Court,2023-10-17 10:49:00,equipment exeter work. smelly. rude personal trainers...they put customer first. exeter needs improve.,1,50.7151321,-3.4685252,GB
Southampton Bitterne,2023-10-17 09:59:00,gym spacious numerous pieces equipment friendly trainers. cannot understand gym air con. air get stuffy working state obvious hot!,2,50.9181488,-1.3769392,GB
Palmers Green,2023-10-17 09:09:00,always dirty finding tins sardines toilets smeared sink. smell disgusting treadmills outdated facing wall depressing dark dingy boxing bags frustrating gym much potential company can’t bothered advertising tv definitely,1,51.6178253,-0.1091946,GB
Yeovil Houndstone Retail Park,2023-10-17 08:51:00,annoying see amount people come tubes two's. running treadmill regular occurrence spot. makes gym busier advertised. bathrooms always dirty. staff never challenge mainly glued phones!,2,50.9457438,-2.6713494,GB
Dudley Tipton,2023-10-17 08:48:00,cleaning need,1,52.524461,-2.0492538,GB
Birmingham Maypole,2023-10-17 08:01:00,2nd morning week instructor turned up! gym state weights everywhere! place mess … classes poor - questioning i’m paying for.,2,52.4421234,-2.0024082,GB
Nottingham Basford,2023-10-17 04:37:00,banned booking classes cancelled day wasn’t feeling well gave hours notice. attend classes get emails say sorry missed class classes get cancelled last minute please sort admin staff blocking booking classes,1,52.9816725,-1.1783596,GB
Exeter Bishops Court,2023-10-16 23:54:00,taken £45.99 bank via dd & didn’t set up. emailed yet response. contact number one replying emails.,1,50.7151321,-3.4685252,GB
Reading Calcot,2023-10-16 23:35:00,"it’s boiling air conditioning never on, it’s leaking",2,51.4468889,-1.0381147,GB
Wrexham,2023-10-16 23:24:00,"wouldn’t call gym gym needs lot available kit, personal trainers, fitness instructors, gym place motivate demotivate soul. would call building 15-17 youths 60-90 year olds go meet chat people tight fu ck, 18-69 still got brain functioning defo don’t go prob better leisure centre😂😂",1,53.0465084,-2.9937869,GB
Glasgow Giffnock,2023-10-16 22:15:00,don’t put price one month joining gym,1,55.8005276,-4.2970925,GB
Bradford Idle,2023-10-16 22:07:00,"people dropping throwing weights down. personal training controlling people leaving weights place. ""special water"" machine ever often work stupid limited little bit, able pour till bottle full. aircon never really gets turned always hot sweaty there. taken away one cleaning stations walk across gym get blue roll clean machine. go cos cheap close that's really, cheap low quality gym expect much corporate actually anything. many kids gym well makes unpleasant. respect gym control.",1,53.8352205,-1.7304012,GB
Norwich Riverside,2023-10-16 21:52:00,equipment good atmosphere friendly supportive unfortunately gym let poor maintenance lack basic facilities mens changing rooms specifically; - one loos seat missing weeks - one showers order weeks - today one two soap dispensers basins broken/ missing soap it. wouldn’t take lot fix things. disappointing large national company.,2,52.6271817,1.3056472,GB
Birmingham West,2023-10-16 21:34:00,"gym transactions weird, take money account randomly, like give exact date next transaction results randomly making transaction lack funds email charge £40 delay payment, give exact date transaction money prepared saved gym. thanks.",2,52.4796992,-1.9026911,GB
Rochdale,2023-10-16 19:50:00,enough equipment,1,53.6153659,-2.1557561,GB
Cardiff Western Avenue,2023-10-16 16:27:00,stop cleans sleeping male toilets. sitting hiding toilet phones. seen many occasions. cleaning. every time go male toilet always stinking dirty smelly. clareness toilet shameful. even see staff wiping machines disinfectant cleaning product every often. can't really recommend anybody puregym is.,2,51.5008931,-3.2063977,GB
Nottingham Colwick,2023-10-16 16:24:00,"attended 02.10.23 05.44am. received notice parking fine £85.00. website says free parking sainsburys! gym spoken manager, signs telling enter car reg stop fine shop hours parking. staff simply interested. shame pure gym notification either gym website, another fine landing mat tomorrow. thank goodness poorly since otherwise would looking £500!!!",1,52.9486418,-1.088899,GB
St Albans,2023-10-16 16:22:00,"terrible pungent smell, numerous gym place smells really bad, air ventilation smelt ari freshners. numerous time, male cleaner come whilst changing, makes feel uncomfortable due religious reason. spoken member ladies agreed too, especially shower, us decent, man come uncomfortable feel dignity gym..",1,51.753051,-0.3379675,GB
Newport Gwent,2023-10-16 15:42:00,"please get glute specific machines, many pure gyms much better selection. newport, unless able get one bars available even one correct pads hip thrusts, got one hip thrust machine one hip abduction machine. considering often cables use, extension stands, hyperextension machine glute/ham developer kickback machine would make difference. even hip thrust stations would also help. could dedicated area, ""glute workshop"" would make real difference (and include one machine)",2,51.590121,-2.9985571,GB
Oxford Central,2023-10-16 14:51:00,"crowded, enough equipment",2,51.7675994,-1.2611954,GB
Liverpool Central,2023-10-16 14:10:00,"worst gym ever. stuff stolen gym bag securely stored locker changing room. gym poorly ventilated, equipment obsolete run-down, enough machines use gym little crowded, network coverage gym underground floor. terrible experience. avoid costs!!",1,53.4042207,-2.9795092,GB
London North Finchley,2023-10-16 13:49:00,staffs around help beginners like me. one two trainers busy clients. please increase trainers help beginners,2,51.6124905,-0.1756922,GB
Palmers Green,2023-10-16 13:44:00,fix water fountain!!! fix toilets!!!! it’s ridiculous,1,51.6178253,-0.1091946,GB
Reading Basingstoke Road,2023-10-16 13:13:00,access toilet am. go gym midnight diabetic.,1,51.4230851,-0.9698911,GB
Ashford Warren Retail Park,2023-10-16 12:59:00,always crowded groups people attending together much exercise taking place. governance required numbers attending whole stopping groups holding items equipment continuously.,2,51.1583631,0.8682394,GB
London Canary Wharf,2023-10-16 12:42:00,"yanga sports water machine order weeks now! seems like management interested fixing whilr still charging bolt every month, acceptable gym that's expensive competitors....",1,51.5048954,-0.0190006,GB
Runcorn,2023-10-16 11:56:00,"although water temperature classed lukewarm rather cold, still comfortable wash impossible shave walls damaged locker room months kids still vaping reported numerous times nothing changes signage erected",2,53.3421509,-2.7334941,GB
Bournemouth the Triangle,2023-10-16 11:53:00,"quite puregyms around country think bournemouth one triangle worst to. there's cleaning station weights meaning people wipe benches before/after use, something continuously leaks weight lifting, overly crowded everything broken time - equipment, lockers, toilets, hand drier worked least months can't wash hands without splashed tap. all, pretty gross point looking gyms area switching.",2,50.7202399,-1.8840071,GB
London Putney,2023-10-16 11:27:00,"always big supporter puregym service offer. frills, well equipped, gym. however recent refurbishment putney branch poorly managed disrespectfully communicated members opinions plummeted. changing rooms closed notification despite emailing branch ask going closure changing facilities. health & safety another concern works carried gym members site. trip hazards blatantly ignored large items furniture carried internal stairs members arriving leaving. dangerous.",1,51.4625314,-0.2163018,GB
Wirral Bidston Moss,2023-10-16 10:41:00,stay well clear gym. pts aren’t nice people. suppose help mental health really cause more. talk people behind back pts also sleeping behind people’s backs. vile people,1,53.410373,-3.076908,GB
Maidenhead,2023-10-16 10:29:00,crowded means waiting use equipment lot time wasted. showers always dirty cold water option.,2,51.522743,-0.7197368,GB
Palmers Green,2023-10-16 09:53:00,"rubbish gym , toilets always broken, gym closed every week maintenance issue . 1/10 wouldn’t reccomend",1,51.6178253,-0.1091946,GB
London Swiss Cottage,2023-10-16 09:51:00,"staff gym great. equipment also good , cleaning standards maintenance poor. shower looks sorry full hair mosquitos , blocked toilets missing toilet paper constant hope look us continue happy gym",2,51.543722,-0.174982,GB
Sheffield Crystal Peaks,2023-10-16 09:46:00,pay extra box fit class included places gym monthly membership class? know fact people used attend past attend matter principle. puts ongoing viability class jeopardy. 'private' class cannot public attend pay class fee rather pay pure gyp day pass fee. putting obstacles way success.,2,53.342416,-1.3502367,GB
London Piccadilly,2023-10-16 09:40:00,"rude unresponsive staff help people shape, rude members stare overweight. mention staff make feel unwelcome?",1,51.5060854,-0.1441691,GB
Runcorn,2023-10-16 08:41:00,"place falling apart, floor many holes it’s covered duct tape breakdowns coming slow repair time. rarely staffed occasion someone pure gym uniform met “sorry i’m client” actually ask anything. get membership cheap gym group jd gyms none i’ve run down.",1,53.3421509,-2.7334941,GB
Nottingham West Bridgford,2023-10-16 08:29:00,multiple machines broken. wifi.,2,52.9310754,-1.1256663,GB
Birmingham Longbridge,2023-10-16 07:51:00,never staff gyms get visitors pass telephone never answered,1,52.3940521,-1.9807506,GB
Walsall Crown Wharf,2023-10-16 07:07:00,"demotivating, like working complex; whole place negative energy; stuff always order; never smells nice.",1,52.5872454,-1.9883526,GB
Colne,2023-10-16 06:26:00,recieved electric shock faulty hair dryer emailed photos week ago recieved reply hair dryer still wired pieces days later showers cold consequtivr 3rd month gym fix faulty boiler place dirty going hill jd gyms,1,53.8567728,-2.1691238,GB
Crewe Grand Junction,2023-10-16 02:20:00,"gym etiquette terrible, decent equipment use u can't find weights",2,53.0991747,-2.440752,GB
Edinburgh Fort Kinnaird,2023-10-16 00:13:00,poor facilities dirty equipment functional areas pungent malodorous smell,1,55.9334724,-3.1059406,GB
Chelmsford Meadows,2023-10-15 23:37:00,clean dirty shiiiiiit smell toilet,1,51.7304156,0.4759574,GB
Bristol Brislington,2023-10-15 23:18:00,shower temperature gym lowered almost cold also lot equipment order please hot showers,2,51.4377965,-2.5445382,GB
Leeds Hunslet,2023-10-15 23:07:00,tissue paper scarce machines remain broken long time.. club busy. personal trainer occasionally disrespected.,1,53.7786185,-1.5282492,GB
Redditch Ringway,2023-10-15 22:59:00,"far busy. queues equipment. changing rooms cramped. equipment new promised new gym. classes convenient early evening - spin classes requested, happened 6pm strength class? good gym old redditch gym.",2,52.3087539,-1.9434403,GB
Bradford Idle,2023-10-15 22:32:00,gym freezing cold showers boiling hot.,2,53.8352205,-1.7304012,GB
London Muswell Hill,2023-10-15 21:59:00,"manager puregym muswell hill rude, vicious, unapproachable. gym poorly managed it’s dirty gym equipment keeps breaking down. friend special needs person wants come gym can’t disabled toilet order since may mid october.",1,51.5910395,-0.1420768,GB
London Crouch End,2023-10-15 21:42:00,"member since opening crouch end. exercise husband (he also member) standing working equipment. supposed sports, shorts shirt swim sliders feet. manager guy came asked (staff generally never say hello) ""what here? presentable, wear proper training shoes."" husband replied back: exercising, standing wife chatting her. kept rude attitude towards us, kept angry talk. know wrong guy disappointed. hope give proper training staff. gym area see “everyone welcome” no, lie.",1,51.5796918,-0.1236831,GB
Newcastle St James,2023-10-15 21:42:00,"things gone well start. email contact marc irish katie patterson resolve membership since purchase used. purchased membership son use. purchase monthly plus believed primary gym chosen newcastle eldon garden would give access gyms newcastle st james chosen. newcastle st james one primarily attends. paid yearly fixed membership effective start date 31/08/2023 however came use first time last saturday (2nd september 2023) unable pay daily pass. need access newcastle st james gym without pay daily passes there? katie patterson supplied link member services, however need speak someone resolve.",1,54.974046,-1.6179644,GB
Crewe Grand Junction,2023-10-15 21:36:00,"me, wrong sort people go gyms bench press benches setup wrong, racking points low meaning lifting bar compromised position, pay doubly cost get away clients attract, wanted puregym good sadly really wasn't, like working airport, gym people go show much skin half arsed workout",1,53.0991747,-2.440752,GB
London Camberwell New Road,2023-10-15 21:32:00,"camberwell pure gym far filthiest pure gym’s london. lockers broken, toilets full faeces, showers filled pubic hair. place sometimes isn’t cleaned days. brought management several times can’t get lack hygiene control seems. avoid.",1,51.4802321,-0.1081217,GB
Bournemouth the Triangle,2023-10-15 21:08:00,sort changing rooms. stop blocked toilets. stop continues running tap. hand dryer weeks. showers cold.,1,50.7202399,-1.8840071,GB
London Piccadilly,2023-10-15 21:08:00,"disgusting smell entrance, always damp, poor cleanliness.",1,51.5060854,-0.1441691,GB
London Swiss Cottage,2023-10-15 21:06:00,"overcrowded messy. weights, dumbbells, clamps place. two flat benches bench presses, almost always occupied, safety bars them. raise price need increase staff clean place, put weights order, warn people taking spaces long add two flat bench press benches.",2,51.543722,-0.174982,GB
Exeter Bishops Court,2023-10-15 20:58:00,"forgot mobile staff let cycle class. notified hadn’t attended class, classes cancelled banned booking days. arrival class, move bikes position. struggled move bike. instructor offered help eventually another member class came over. start class, instructor even say hello group. leaving, queue minutes one doors broken.",1,50.7151321,-3.4685252,GB
Coleraine,2023-10-15 20:29:00,building far small amount people want use it. upstairs due stupid reason closed open. many people using one time going cancel membership,1,55.1315912,-6.671861,GB
Cambridge Grafton Centre,2023-10-15 20:28:00,"worst customer service seen gym , bad maintanance machines lockers , faulty fountains janga time , faulty machines time, bad music, unleveled floor .",1,52.2062587,0.1348954,GB
Leicester St Georges Way,2023-10-15 20:24:00,"enough small equipment (e.g handles). bathroom dirty smells terrible. wonder way puregym prevents people taking shower save costs. shower gym couple first days, could stand horrible smell dirtiness (the gym bathroom much better)",2,52.635872,-1.1231787,GB
Newbury,2023-10-15 20:22:00,"showers massive problem. something wrong every months. smell sinks toilets also overwhelmingly disgusting. due limited cross trainers even one action affects lot people. apart things gym clean tidy. equipment good working order. pleasant atmosphere, great class timetable. good day would definitely give stars…",2,51.4020243,-1.3242212,GB
Newtownabbey,2023-10-15 20:21:00,good atmosphere changing rooms need help equipment suitable,2,54.6778816,-5.9249199,GB
Exeter Bishops Court,2023-10-15 20:16:00,pure gym terrible gym get hold of. find information unclear terms conditions. equipment good within busy gym broken/barely works barely anyone working there. work idea policies gym upgraded membership great.,2,50.7151321,-3.4685252,GB
Nottingham Basford,2023-10-15 20:11:00,"1. staff lot vigilant ! banning people dropping weights. banning people dropping machinery. banning people putting weights away. since monthly gym membership gone equipment gotten worn tatty. needs repairing replacing new gym opening. gym lacking big time equipment quantity every department ! staff need speak ever piece equipment treated properly ! allow people take dumbbells dumbbell area, never get put back !",2,52.9816725,-1.1783596,GB
Leicester St Georges Way,2023-10-15 20:10:00,clean enough,1,52.635872,-1.1231787,GB
London Swiss Cottage,2023-10-15 20:10:00,"raised times different puregym staff finchley rd gym bikes speed level suddenly accelerating recovering broken ankle, quite hard. happens minutes cycling nothig done it. also disabled toilet open use others, vacant toilet, one needs go downstairs often order?",2,51.543722,-0.174982,GB
Colne,2023-10-15 19:47:00,poor service. colne branch charges normal rate charge others expect cold showers well switching boiler on!,1,53.8567728,-2.1691238,GB
Newbury,2023-10-15 19:42:00,50% cross trainers still orders. weeks since reported broken,1,51.4020243,-1.3242212,GB
London Park Royal,2023-10-15 19:23:00,"complaint many times, action taken",1,51.5264341,-0.2839348,GB
London Limehouse,2023-10-15 19:15:00,"horrible equipment, hasn’t changed years.",1,51.5133074,-0.0351492,GB
Wolverhampton Bentley Bridge,2023-10-15 19:13:00,"impressed, machines constantly order. enough equipment many people signed there. could leg training equipment.",1,52.5968429,-2.0898197,GB
London Crouch End,2023-10-15 19:08:00,gym isn’t clean. paper towels yet again. men’s changing room cleanliness leaves lot desired.,2,51.5796918,-0.1236831,GB
Aylesbury,2023-10-15 19:06:00,"unfortunately management gym would rather post social media actually jobs. knee operation coming back knee rehab disabled changing fixed since october 2022, written twice sort issue out. issues follows: 1. sit toilet get changed spare seat (foldable) taken down. 2. shower floor slip hazard maybe install panels water seep out! 3. forced sit toilet wet shower seat seat change. 4. music speaker broken 5. shower curtain done toilet glued back wall. nothing done.",1,51.8161412,-0.8130383,GB
Brighton London Road,2023-10-15 19:06:00,london road brighton dirty gym. thick dust bottom aparatus toilets disgusting days.,1,50.83681,-0.1362631,GB
London Stratford,2023-10-15 19:04:00,"one worst puregym fountain broken, people filling bottles yanga water. last time wait minutes fill bottle. pay extra every month benefit, it’s quite fair wait fill bottles time, times row !!! there’s alcohol clean machines machines broken long time",1,51.541289,-0.0035472,GB
Southampton Bitterne,2023-10-15 19:02:00,"proper lighting three weeks now, three rowing machines order, know going on, gone downhill recently, poor.",2,50.9181488,-1.3769392,GB
New Barnet,2023-10-15 19:00:00,"- music low poor selection - staff welcoming unless interested pting - set temperature gym - equipment cleaned regularly - air freshener toilets/changing rooms - equipment everywhere weekends - 16s using gym supervision could keep listing would great start, 16s use gym totally fine groups 4+ training crazy, form terrible hurt themselves. select time use gym peak staff help training compulsory induction perhaps.",2,51.6497449,-0.1751403,GB
Borehamwood,2023-10-15 19:00:00,make sure bikes spin class working constantly monitors clips straps broken faulty reported never rectified one air con unit spin class ridiculous,1,51.6555295,-0.2764051,GB
London Enfield,2023-10-15 19:00:00,"let minor children come gym sit half hour chair without anything, people sit phone minutes another series starts, people sit minutes machine without anything",2,51.6517156,-0.0786839,GB
Dudley Tipton,2023-10-15 18:59:00,shower cold running. it’s torture shower workout. horrible sensation. pure gym dudley wake fix it. premium increased!!!.,2,52.524461,-2.0492538,GB
Gloucester Quedgeley,2023-10-15 18:58:00,"top crowded, cap member limit.",1,51.8274128,-2.2773034,GB
Wrexham,2023-10-15 18:57:00,"aging machines, rubbish cleaning stations full school kids standing around packs little. shame staff gym don’t require sort verification age, gym isn’t big enough children running around",2,53.0465084,-2.9937869,GB
Bradford Thornbury,2023-10-15 18:55:00,"quite possibly worst gym i’ve ever used. unfortunately it’s convenient, way work cheap. however it’s dirty, hasn’t updated years equipment often broken. absolute nightmare gym!",1,53.8030213,-1.7048953,GB
Cardiff Central,2023-10-15 18:51:00,"lower chest machines even tap water ,you must pay water",1,51.4755495,-3.1797057,GB
Nottingham West Bridgford,2023-10-15 18:50:00,"rated gym star due prolonged issues broken fitness equipment remain unfixed two months, significantly impacting workout experience. additionally, absence wi-fi poor 5g/4g signals inside gym hinders connectivity, necessitating urgent improvements satisfactory user experience.",1,52.9310754,-1.1256663,GB
Coleraine,2023-10-15 18:49:00,big improvement affordable membership however classes short basic driving individuals limits. attended two different classes day different names- set exercises exactly same. also many members amount equipment available peak times,2,55.1315912,-6.671861,GB
Northwich,2023-10-15 18:48:00,"far warm ac doesn’t work terrible ac, put heating morning even though already boiling there. lack equipment amount members, busy time, terrible music, honestly worst run gym ever much improvement needed",1,53.2602539,-2.5145104,GB
Rochdale,2023-10-15 18:43:00,machines need service. say order while. also water leaking roof buckets sat days. also basic machines like hammer incline press isn’t even doesn’t improve i’m moving jd sports. price better machines,1,53.6153659,-2.1557561,GB
Exeter Bishops Court,2023-10-15 18:43:00,terrible ppl. trying get code door work seemed forever male member staff came opened side door ppl went towards told we. can't exit wait the. machine start working bcuz mess onlinepublic number trackers else. il never go back gym terrible,1,50.7151321,-3.4685252,GB
London Hayes,2023-10-15 18:42:00,"time go gym early morning nearby gym equipment organised, cuz you’re unable find suitable weight you.",2,51.6621711,0.7083861,GB
Newcastle Longbenton,2023-10-15 18:37:00,untidy gym ever to. etiquette terrible. people leaving fully stacked bars finishing deadlifts common. never seen staff members tidying enforcing rules. personal trainers often walking around coffee client. attended one spin class dial bike work. problem lights got turned apparently turned disco point anyway. style substance.,2,55.0089239,-1.5916006,GB
London Stratford,2023-10-15 18:28:00,yes it’s cheap state place disgusting time,1,51.541289,-0.0035472,GB
Leicester Walnut Street,2023-10-15 18:24:00,sports water hydration station working everyone upper package,2,52.6244566,-1.1343556,GB
London Enfield,2023-10-15 18:23:00,"common machines work, environment girl workouts become overcrowded men,maybe make section women gym big enough that… toilet facility never tissue price paid worth it. also u didn’t answer statement toilet disgusting environment hostile ur telling check app regulate ur gym clean toilets it’s shxt hole",2,51.6517156,-0.0786839,GB
Wrexham,2023-10-15 18:17:00,"got honest. pure gym one, can’t talk others wrexham vibe. it’s disgustingly busy, always. kit extremely limited terms weights, want treadmill (assuming working!) loads. actual kit sparse, next room train you’re cardio workouts class on. it’s always dirty, day light, it’s dingey genuinely stopped using gym low key depressing going there. offence use gym regularly, works you, works never never gym enjoy attending. i’d much rather drive chester ‘gym group’ go here.",1,53.0465084,-2.9937869,GB
Plymouth Alexandra Road,2023-10-15 18:17:00,equipment constantly broken ripped warn. showers awful.,1,50.3818354,-4.1266441,GB
Crewe Grand Junction,2023-10-15 17:43:00,"times theres flavours water machine water, ac rarely amount groups kids see coming membership slowly increasing week week",2,53.0991747,-2.440752,GB
Maidenhead,2023-10-15 16:07:00,without inform suspend booking classes,2,51.522743,-0.7197368,GB
Nottingham Colwick,2023-10-15 14:52:00,"gym good charged £85 went sunday morning,can train sainsburys opening hours good ,not really hr gym.was birthday present.had cancel cant get without car work long hours.dissapointing.",2,52.9486418,-1.088899,GB
London Wembley,2023-10-15 14:38:00,pin never get sent described thursday £1 pay o2 piroty voucher,1,51.5560695,-0.2796034,GB
Leicester Walnut Street,2023-10-15 10:50:00,"fix showers, maintenance anything gym absolute joke! months",1,52.6244566,-1.1343556,GB
Birmingham West,2023-10-15 10:14:00,repair machine good working,1,52.4796992,-1.9026911,GB
Borehamwood,2023-10-15 08:28:00,equipment always dirty always equipment service,2,51.6555295,-0.2764051,GB
Bradford Thornbury,2023-10-15 08:20:00,good good,1,53.8030213,-1.7048953,GB
Manchester Exchange Quay,2023-10-15 08:19:00,mostly bars without grips. mostly machine cable broken. tol machines many dust .,1,53.4663229,-2.2822821,GB
Colne,2023-10-15 07:40:00,gym colne lancashire longer worth visiting. full kids phones showers freezing. nobody ever puts equipment back staff mind watching go downhill little possible. real gym. pretend. reason people go cheap. judging way kept know cheap. people want train properly avoid joke.,1,53.8567728,-2.1691238,GB
Palmers Green,2023-10-15 02:48:00,wifi palmers green gym take much fee 30£ compared gym group take 22£ give wifi,1,51.6178253,-0.1091946,GB
London Swiss Cottage,2023-10-15 01:26:00,place small disabled toilets showers rarely cleaned. always packed there's room stretch.,1,51.543722,-0.174982,GB
Southampton Bitterne,2023-10-15 00:53:00,always overcrowded.,2,50.9181488,-1.3769392,GB
Bristol Union Gate,2023-10-15 00:07:00,paid premium membership could use gym whenever wanted. unfortunately many people trying use gym busy times - workouts took half hour longer neither free weights machines available. people using gym tend younger students - spend ten minutes scrolling mobile phones rep sets - it’s place get functionally fit train hard really want improve. found somewhere cheaper better maintained equipment people don’t spend half training sessions phone.,1,51.4574315,-2.5919625,GB
Bournemouth the Triangle,2023-10-14 23:26:00,"refuse ample hand items cables bars, pull ropes grips. toilets disgusting sinks always order hand drier think soggy roll blue paper that’s touched everyone good post covid solution. urinals leak time half lockers unusable. air con never it’s always hot staff nothing keep equipment clear tidy",2,50.7202399,-1.8840071,GB
Birmingham Maypole,2023-10-14 22:45:00,everything broken! used ! place need money put back it. atmosphere. thing going place location. pure gym needs better.,1,52.4421234,-2.0024082,GB
Edinburgh Ocean Terminal,2023-10-14 22:03:00,passcode never works hydration station -mfonido jonah,1,55.9808597,-3.1779217,GB
Telford,2023-10-14 21:51:00,gym many machines. renew end month trying to. charge £35 instead £20 contract sure trying say broke contract none commitment join?,2,52.6780532,-2.4514219,GB
London Fulham,2023-10-14 21:28:00,"gym users seem wipe equipment using it, watched three people walk away leaving seats rests covered sweat!! clean considering premium membership.",2,51.474408,-0.206809,GB
Glossop,2023-10-14 21:05:00,door work month. hot water weeks. need go on!?,1,53.4433552,-1.9499173,GB
Milton Keynes Kingston Centre,2023-10-14 21:03:00,changing rooms/showers always need cleaning. bottles cleaner cleaning gym equipment also quite often empty,2,52.0353815,-0.688128,GB
Wolverhampton Bentley Bridge,2023-10-14 20:33:00,looking gyms,2,52.5968429,-2.0898197,GB
London Swiss Cottage,2023-10-14 20:32:00,"female changing room finchley road branch consistently unpleasant odor, toilets regularly order…",2,51.543722,-0.174982,GB
Purley,2023-10-14 20:31:00,ac poor layout gym,2,51.3388112,-0.1158589,GB
London Marylebone,2023-10-14 20:29:00,pure gym keeps close water issue. lost days training probably lose recent times. frustrating,2,51.5243712,-0.163592,GB
Gravesend,2023-10-14 20:28:00,don’t bother. machines basic dirty. it’s dark like dungeon. natural day light lights. tvs ambience. hot,1,51.4424747,0.3694468,GB
Waterlooville,2023-10-14 20:16:00,"mens showers leaking wasting water months, turn leaking one valve",1,50.8797911,-1.0314789,GB
London Canary Wharf,2023-10-14 20:10:00,"pricey, flexibility able use pure gym travel lot. pause membership cancel restart there's admin charge.",1,51.5048954,-0.0190006,GB
London Putney,2023-10-14 19:46:00,way many people/not enough equipment,2,51.4625314,-0.2163018,GB
Milton Keynes Kingston Centre,2023-10-14 19:24:00,"years training never experienced horrid gym. rammed full large groups longer around equipment, matter time day seems swamped. worst all, seem able move without bumping full video production setup camera, tripod, mics even one occasionally video light. can't people crack workout involve filming ticktock, last thing want background video sweating grimacing way workout given dirty looks walked frame wannabe instagram model sticking rear end camera.",1,52.0353815,-0.688128,GB
London Lewisham,2023-10-14 19:21:00,clientele letting gym down. plus treadmills cycles regularly broken order.,1,51.4656437,-0.0139562,GB
Catford Rushey Green,2023-10-14 19:14:00,"puregym (catford) suffers lack house rules overall members' discipline. result loose weights strewn everywhere, machine weights replaced empty water bottles rubbish around. locker area mess, showers dirty change-area way small. gym requires shake-up.",2,51.4465685,-0.0190676,GB
London Angel,2023-10-14 18:49:00,"unit small number members. kits usually busy aren’t options choose. unit also dirty lack sanitising stations. one stationed beginning gym. kits left dirty, sweaty greasy.",1,51.5324874,-0.1060356,GB
London Limehouse,2023-10-14 18:47:00,hot showers several days since joint june year. dirty showers,1,51.5133074,-0.0351492,GB
Bradford Thornbury,2023-10-14 18:45:00,dirty! full dust every equipment! help suffer psoriasis. needs cleaning time. women’s room could equipment.,1,53.8030213,-1.7048953,GB
Taunton Riverside,2023-10-14 18:40:00,"it’s fine gym accessible facilities atrocious… theres wet room fine. nowhere put gym bag, stuff, won’t get wet. hang towel fine hair dryer kind facility like get main changing rooms. appalling really, makes feel uncomfortable using accessible option cannot use normal changing rooms. put bench / shelf put stuff on, proper shelf hairdryer getting ready work etc i’ll rating future it’s 2.",2,51.0185374,-3.1121154,GB
Manchester Exchange Quay,2023-10-14 18:34:00,music atmosphere,2,53.4663229,-2.2822821,GB
Ashford Warren Retail Park,2023-10-14 18:33:00,packed times. full young boys much talking trying act cool. wearing crocs sliders socks acceptable work,1,51.1583631,0.8682394,GB
Crayford,2023-10-14 18:30:00,"limited classes saturday sunday, training instructors unfit classes assigned them.",1,51.4515584,0.1787188,GB
London Kidbrooke Village,2023-10-14 18:26:00,time busy matter peak non peak hours. broken machines fixed ages. extremely loud music. always promotions new starters get people sign return old customers fee always lots things improve. keep membership longer. definitely choose others gyms instead pure gym.,2,51.4614006,0.0259584,GB
Witney,2023-10-14 18:25:00,oversubscribed therefore busy peak times.,2,51.7838848,-1.4852861,GB
Coventry Skydome,2023-10-14 18:21:00,way packed. number machines low multiple people waiting. pure gym skydome coventry,1,52.4075589,-1.5184111,GB
Broadstairs,2023-10-14 18:16:00,"let cancel membership, always busy workers absolutely useless.",1,51.3586758,1.4407855,GB
Chester,2023-10-14 16:21:00,"come pure gym chester cold.. yes cold shower. know turn temperature save money really, acceptable. pay £30 month use pure gyms wrexham bangor put tepid cold showers. think fitness first price jacuzzi's steam room pool... oh hot cold temperature choices. shame puregym.",1,53.1908873,-2.8908955,GB
Staines,2023-10-14 15:48:00,"complaint. dear team, member puregym staines branch. contacted gym manager feedback gym branch website answer. serious problems follows: 1. cleaning station cardio floor. one cleaning station located weight floor area must serve whole stories gym. disgusting cardio machine full sweat like rain cleaning station. 2. huge floors gym many members stair master (climb mill) machines. working! reported personally gym manager nothing happened. nearly tripped injury. would please confirm receiving promise look asap. thank best regards, ali",1,51.434012,-0.511044,GB
Runcorn,2023-10-14 12:34:00,"allows people clearly unwell train among healthy people. people continuous hacking cough, spreading germs - days later test positive covid, despite working home contact anyone else. reported management team gym fob saying nothing could do. even polite word member concerned remind need employ safe practices unwell.",1,53.3421509,-2.7334941,GB
Yeovil Houndstone Retail Park,2023-10-14 12:23:00,"received £360 pound parking fine , using gym yeovil told membership included parking, leaving immediately beware..",1,50.9457438,-2.6713494,GB
Leicester St Georges Way,2023-10-14 11:28:00,staff members ok don’t actually look like train besides members gym opinion cramped weights normal never right place benches really loose machines stiff something always order toilets horrible stinks haymarket toilets,2,52.635872,-1.1231787,GB
Bristol Eastgate,2023-10-14 11:26:00,"dirty place specially shower rooms filthy smelly toilets always blocking, machines always dirty place need cleaning.",2,51.4731698,-2.5663407,GB
Poole,2023-10-14 08:59:00,"equipment really needs updating, weight training gym worry sometimes things break go heavy. member another gym, go hours, never feeling gym",2,50.7179472,-1.981521,GB
Coleraine,2023-10-14 00:01:00,"gym small volume clients, often minute wait piece equipment. visited gym numerous occasions many people small space pity floor space much equipment.",2,55.1315912,-6.671861,GB
East Kilbride,2023-10-13 23:07:00,"gym is. budget gym. equipment (cable machines) never attachments, magnetic weight dividers always broken lose always beeping downstairs door something. also contacted one pt's app never got reply.",2,55.7601174,-4.1796401,GB
Southampton Shirley,2023-10-13 22:40:00,"toilets terrible, staff friendly, subscribed, staff visible available",2,50.9214711,-1.4323205,GB
London Piccadilly,2023-10-13 20:02:00,"gym spacious got everything need several floors underground piccadilly circus station, maintenance getting worse worse - ac top floor work months, fancy water machine also broken while, cannot even replace broken clocks wall... shame, great potential!",2,51.5060854,-0.1441691,GB
Billericay,2023-10-13 19:43:00,"great gym considering size biggest downfall parking, i’ve recently received parking fine months ago cost £100. minutes enter registration maximum hours otherwise you’ll get fine apparently can’t appeal even tablet isn’t working.",2,51.6284395,0.4218142,GB
London Stratford,2023-10-13 19:40:00,getting crowded unhygienic. waiting time use equipment ~ minutes. sweaty benches clogged washrooms.,2,51.541289,-0.0035472,GB
Dumfries,2023-10-13 19:37:00,"everyone received email three days electric work start pure gym till everyone start coming wasted everyone times fuel, people time come gate saw pamphlet changed what's crap gym trainer let people know everyone paying things happened owner gym think gonna finish duration time announced shut totally informed time email instead wasting time every single person",1,55.0691831,-3.6106856,GB
West Thurrock,2023-10-13 19:01:00,two cleaning stations entire gym never blue roll cleaning spray in. needs change cleaning facilities. puts lot people coming using machines,2,51.47712,0.2721259,GB
York,2023-10-13 18:43:00,p kids fire alarms always goin one seems know switch off.,1,53.9656578,-1.0743052,GB
Ashford Warren Retail Park,2023-10-13 18:33:00,"bad attitude staff, smile greeting 😒",1,51.1583631,0.8682394,GB
Nottingham Beeston,2023-10-13 18:13:00,entrance door order weeks. needs maintenance.,2,52.9209026,-1.2075548,GB
Leicester Walnut Street,2023-10-13 14:30:00,"broken windows, broken water machine, broken showers, broken machines, broken tvs, broken lockers….. went wrong?",1,52.6244566,-1.1343556,GB
London Wandsworth,2023-10-13 10:48:00,changing rooms need lot attention,2,51.4570271,-0.1932607,GB
London Finsbury Park,2023-10-13 10:10:00,awful staff always busy. customers steal other. careful,1,51.5648345,-0.1064144,GB
New Barnet,2023-10-13 02:29:00,"physically assaulted staff member gym trying close door room class suddenly started bellowing booming music right behind tried quiet cardio workout temporarily take mind fact long found mother incurable cancer, (as couldn’t even hear programme streaming earphones full volume). staff member shoved chest sarcastic, aggressive rude even pointed done commit assault. shocking.",1,51.6497449,-0.1751403,GB
Glasgow Charing Cross,2023-10-12 21:03:00,overall good wifi network really bad doesn’t work,2,55.8646397,-4.2695777,GB
Leamington Spa,2023-10-12 19:32:00,there’s enough weights upstairs always busy. 5kg kettlebell. old equipment old machine clean. invest new equipment weights.,1,52.2913394,-1.536404,GB
Manchester Eccles,2023-10-12 19:05:00,would love give puregym stars would able use equipment properly disabled access lift upper floor order almost months,1,53.4840887,-2.3375175,GB
Newcastle Eldon Garden,2023-10-12 18:36:00,"transfered eldongardens - newcastle found quite depressing, music, hot old machines. good one used go quite dissappointed.",2,54.9757161,-1.6168648,GB
Chelmsford Meadows,2023-10-12 18:28:00,bathroom toilet bas smell dirty wasnt join said cost joining carhage me15 pound fuccckkkkcking lie,1,51.7304156,0.4759574,GB
Glasgow Shawlands,2023-10-12 18:22:00,number classes decreased. evening chose result available fully booked. spin bikes poorly maintained many faults. e.g. unable adjust position bike resistance.,1,55.8293953,-4.2924269,GB
Coventry Bishop Street,2023-10-12 18:11:00,people leave weights everywhere it’s like staff don’t give flying monkey,1,52.4119048,-1.5116835,GB
Derby,2023-10-12 18:06:00,poor dated equipment. try change equipment.,2,52.9142235,-1.4719885,GB
Gloucester Retail Park,2023-10-11 23:31:00,"gym 7, carpark restrictions mean cannot attend longer hrs, return within hour. gyms/ pubs etc accommodate restrictions signing",1,51.859848,-2.2163951,GB
Leicester Walnut Street,2023-10-11 19:50:00,yet sort showers out. fyi removing order sign leaving dirty non working shower fixing issue. causing frustration.,1,52.6244566,-1.1343556,GB
Crewe Grand Junction,2023-10-11 09:28:00,going back assistant manager says everything like class suffer diabetes change things work called discrimination.ive cancelled membership returning gym also like cleaning products clean equipment want use piece equipment someone else usedyou need invest blue roll spray bottles unsanitary,1,53.0991747,-2.440752,GB
Leicester Walnut Street,2023-10-11 08:59:00,"extremely disappointed state showers. dirty also disrepair, disheartening management unresponsive concerns. lack maintenance attention completely unacceptable. deserve better!",1,52.6244566,-1.1343556,GB
Falkirk,2023-10-10 22:26:00,"new gym, new staff… although cleaners set times.. staff walking past rubbish changing rooms walking spray bottles actually making attempt clean maintain standard isn’t good sign, sitting phones. fair enough aren’t cleaners it’s basic housekeeping. also, need simple stickers putting weights away stacking 25s ontop smaller discs. need barrier first platform people walking behind lifters platforms… isn’t enough space benches platforms…",2,55.9991959,-3.784376,GB
Milton Keynes Kingston Centre,2023-10-10 19:51:00,"could great gym, sadly issues make less so. machines constantly order, especially cables takes weeks get repaired. leg extension machine broken twice row, adduction machine order month, least one cable machine broken nearly constantly. top bring clip since keep disappearing. understand people take solutions. find some, sure company size too. annoying fact mens toilet time soap...seriously...",2,52.0353815,-0.688128,GB
Walsall,2023-10-10 19:42:00,"hi,had give one star, could leave review, one star much, review honest truthful, management, thats best company offer, sack lot them, discussing, yes angry 😠, daughter in-law, locker broken into,her bag stolen, told management, said aware happening, believe group women, can't prove it,as informed police, said no,this people organised, pick locker open, sound unbelievable, true, shame you,,o add insult injury, sill using gym, change little thieving groups looks,so please aware this, even though put lock locker, sill much safe, dare management challenge thing put review,,so please please careful, organised group.",1,52.5847949,-1.9822687,GB
Broadstairs,2023-10-10 16:19:00,horrendous experience! puregym ashamed!! full age kids clearly idea using playground. staff sitting around ignoring going on. safety clearly top priority here! avoid costs!!!!!!,1,51.3586758,1.4407855,GB
Loughborough,2023-10-10 15:27:00,"tired equipment, broken equipment, many members machines, expensive puregym used cambridge, new equipment busy. add insult injury car parking machine validate ticket ncp charged £5.90. pressed assistance button reply ncp. app forever logging out, getting kind support days, hours.",1,52.7723859,-1.2077985,GB
Oxford Templars Shopping Park,2023-10-10 13:39:00,"lazy staff cancelled membership first time, class cancelled. told arrived manager would taking class one show ""its worth it"" allowing come gym cancelling spot can't bothered. previous occasion pt downstairs us room, rushed take calss member ended taking it. written apology one second time insult. membership cancelled edit, thanks reply. offered free month customer services. declined went next day another class. surprisingly two us turned also cancelled. reason three fewer people show management instructed trainers cancel class focus cleaning.",1,51.7333472,-1.2178489,GB
Leicester Walnut Street,2023-10-09 22:47:00,"general feedback, review responses puregym generic usually incorrect. many responses state feedback taken onboard pure gym take feedback inprove members. sadly case. usually feedback ignored changes implemented. it’s also clear generic response team don’t know local gym environment commenting on, making excuses for. another disappointing reason puregym number one members :(",1,52.6244566,-1.1343556,GB
Leicester St Georges Way,2023-10-09 17:04:00,"packed , since renovations supposed improve gym, made worst cramped, actually made free weights area much smaller!! it’s health safty risk hazardous, weights floor never rack, it’s super tight you’re step people whilst train ….it’s mad dangerous !! treadmills either face wall! immediate entrance - people enter gym walk front behind you! feels looks awkward. it’s disjointed messy. atmosphere become dead too, many serious people used train pure gym left leaving large mainly school/college students training socially large groups, sets, equipment never available need it. managers don’t really care. others raised numerous times them. likely pure gym reply review generic template, ( popular busy are!) … bothering tackle point raised… nothing ever get done it. sorry rant, regular gym goers spoken largely feel same. would join gym new gym goer, save disappointment. better gyms. good thing gym, parking location…nothing else.",1,52.635872,-1.1231787,GB
Crayford,2023-10-09 08:42:00,"£100 parking fine registering vehicle crayford gym. response review written hours ago says ""speak gym manager resolve"", say nothing relationship parking company. write responses thanking customers feedback - make main signs entrance car park clearer registration required make clear. email warning app pull login pass? seems issue dates back early reported newspaper article still going gym nothing resolve. disgraceful.",1,51.4515584,0.1787188,GB
Reading Basingstoke Road,2023-10-07 10:19:00,"ive joined gym least personal trainers work extremely rude, first day asked one help told go ask someone else different day asked different member staff help told couldn’t anything help me!!! one seems able help there, many personal trainers around either. i’ve always used gyms work never gym like",1,51.4230851,-0.9698911,GB
Billericay,2023-10-06 22:48:00,never pay pt upfront sessions billericay gym anything go by! cancel sessions hour agree pay money back cannot rearrange say ‘pt’s don’t refund’. management nothing help daughter refund trust pt billericay advance payments.,1,51.6284395,0.4218142,GB
Leicester Walnut Street,2023-10-06 13:06:00,"website boasts free parking. wrongly made assumption members people using free workplace parking football parking gym members. fed queuing whilst watching people return work cars, witness people parking walking leicester stadium evening match. get anpr puregym strapped cash cannot support members use free parking. soon won’t worth member i’m paying people park cars free able use facilities",1,52.6244566,-1.1343556,GB
London North Finchley,2023-10-06 01:36:00,"i’m apsed !! apply freeze membership,cos months away,and send email done,but check online banking,they took money 😡😡 really bad 😡😡😡😡",1,51.6124905,-0.1756922,GB
London Aldgate,2023-10-05 20:02:00,"air conditioning gym leaves much desired, making workouts uncomfortable. past days, noticed issue closing procedures. approximately minutes closing time, staff member goes around remind everyone impending closure, minutes official closing time staff member insists everyone leave immediately. even politely mention still minutes left, remains persistent vacate premises. made gym experience quite unsettling far welcoming. unfortunately, apparent means contacting gym manager address concerns, disappointing.",2,51.5142477,-0.0757186,GB
Crayford,2023-10-05 13:15:00,"would liked rate gym much higher really enjoying car park scheme employ fraud. big signs around parking area saying member gym use car park. parked times since registered get fines. now, calling parking company tell register vehicle gym's tablet every time park read signs notice board gym tell so. kidding! acceptable resolved (both fines lifted puregym make much clearer everyone system works) whatever organise people adverserial system see realy bad publicity take us.",1,51.4515584,0.1787188,GB
Reading Calcot,2023-10-05 10:36:00,changing rooms disgrace. need decent clean could maintenance. showers cold. can't pure gym temperature control showers? 'the gym' temperature control. almost pure gym's policy actively discourage use changing rooms!,2,51.4468889,-1.0381147,GB
London Bromley,2023-10-04 12:28:00,"regular member puregym bromley, gym equipment, staff, members fantastic. main problem gym lack hygiene. regular basis soap, paper towels, members going toilet wash hands touching equipment. present running water gym! hope occasion priority fixed asap. offered gyms train work us travel work bromley area. times hot water fixed week.",1,51.3668569,0.0617091,GB
Glossop,2023-10-04 10:55:00,"pretty basic, small mega busy time. member years seen pieces new kit time. reinvestment kit, poor use space consideration membership number. £28.99 month priced gym",1,53.4433552,-1.9499173,GB
Newport Gwent,2023-10-04 00:19:00,"attended pure gym newport atrocious. gym much smaller made appear photos. well half machines working, neither yanga water dispenser. water dispenser also looked dirty. gym well maintained atmosphere threatening unwelcoming",1,51.590121,-2.9985571,GB
Cardiff Gate,2023-10-03 19:42:00,"member gym years really gone downhill time. half time gym finding equipment need people always moving things putting back. signage telling people put weights back needed. also enough equipment cables. need get ropes straight bars there's never enough. also incredibly busy, understandably something want fix id checking cctv entrance 4-7 seeing many teenagers entering one account together.",1,51.5389707,-3.1315077,GB
Manchester Bury New Road,2023-10-03 12:08:00,decent gyms. parking pain register every time. puregym need facility register car register every time park,2,53.493801,-2.2502732,GB
Telford,2023-10-03 09:18:00,"gone downhill, going <5 years cancelled membership due poor cleanliness poor management. seriously disappointed, would recommend.",1,52.6780532,-2.4514219,GB
Walsall Crown Wharf,2023-10-03 06:25:00,"one worst unreliable gym walsall pure gym , it’s stated hours gym paper reach 3am door won’t open , u contact emergency line inform gym won’t open day due bla bla .. , don’t even bother inform us mail text . it’s happen multiple times ( latest today 3/10/2023) , still u need pay car park otherwise penalties. gym inside dirty always , wifi like using 20years one , management totally unreachable. experience overall worst morning nightmare. branch shame pure gym franchise. know people won’t publish feedback truth always hurts isn’t . thank much nothing",1,52.5872454,-1.9883526,GB
Solihull Sears Retail Park,2023-10-02 17:50:00,"joined first opened opening offer. months later started taking much higher amount direct debit, many many many phone calls later, popped times (manager never never calls back, none tts staff original staff didn’t know offer), totally frustrating principle cancelled contract. admit error. late me, shame it’s close house",1,52.400801,-1.8179783,GB
Southampton Central,2023-10-02 14:38:00,"going gym years seen downfall management here, told managers last weeks yanga water pay flavour lazy refill liquid, male manager rudely says trying get free drinks rather helpful paying service. machines order weeks don’t get fixed, water pressure showers always low cold water. overall bad experience since last manager left last months",1,50.9074977,-1.4142289,GB
Southampton Central,2023-10-02 13:21:00,faulty equipment fixed long periods time despite telling staff it. changing rooms stink. assistant manager extremely rude helpful all. manager helpful either. staff overall rude.,1,50.9074977,-1.4142289,GB
Leicester Walnut Street,2023-10-02 08:58:00,showers dirty,1,52.6244566,-1.1343556,GB
Sutton Times Square,2023-10-02 08:09:00,"giving star option zero. bought day pass grandaughter gymn. travelled mins get arrival pin number sent would work get in. rung bell several times online said pin work ring bell member staff let in. hour trying use pin ringing bell, staff appearing, gave went home. way call call number online automated voice tells make contact via social media. would advise looking gymn use puregymn.",1,51.3643147,-0.1915453,GB
London Croydon,2023-10-01 23:10:00,"omg please fix website app. operate online phone customer service, website app crashes way contact puregym facebook, twitter email. work customers use social media website app working simultaneously? can't access email address web page even load.",1,51.3550556,-0.0643104,GB
Newry,2023-10-01 14:39:00,"use gym times week although staff seem nice, members consideration. watched people leave weights barbell move another station, put weights wrong place leave stuff equipment one takes it, even using it. week someone set phone barbells went live instagram - what's about? fair enough want video set communal area people also going videoed. wish staff could enforce rules around disgrace",2,54.1775283,-6.337506,GB
Newport Gwent,2023-09-30 22:39:00,"paying month access yanga water, still order weeks. appropriate case paying get full refund. please take care it.",1,51.590121,-2.9985571,GB
Leeds City Centre North,2023-09-30 13:14:00,"good space, good gym equipment, wont complain toilet use bc thats hard control hundreds god-knows-who people flocking everyday. hot water inconsistent? paid membership includes shower often gets cold water, im lucky, stream warm water followed cold water. pay hot water hours well???? seriously annoying",2,53.9558121,-1.1229892,GB
Manchester Debdale,2023-09-30 13:13:00,taking shower walking back locker female member staff walked men's changing room un announced apology. male member staff done female changing room would lose job reprimanded. every fifteen minutes constantly reminded speakers company fire & safety policy yet cannot train staff ask people clothed entering changing room. trust pilot way make feelings heard pure gym complaints department website. gym good protocol training none existent .,1,53.4601898,-2.1545545,GB
Leicester Walnut Street,2023-09-30 12:56:00,showers order,1,52.6244566,-1.1343556,GB
Exeter Fore Street,2023-09-30 10:30:00,"raised concern management via email response received rude, unprofessional, even make sense.",1,50.7205151,-3.5351998,GB
Ashton-Under-Lyne,2023-09-29 18:54:00,"possibly untidiest, poorly equipped puregym ever to. weights place put back. grubby equipment benches. place also looks like needs nap tired. manager particularly helpful, seemed interested chatting personal trainer helping first visit there. rather driving urban exchange gym usually go even though live ashton.",2,53.4865407,-2.098691,GB
Leicester Walnut Street,2023-09-29 10:49:00,male changing rooms don’t showers? female disabled ones also state? feels quite discriminatory.,1,52.6244566,-1.1343556,GB
Manchester Moston,2023-09-28 18:23:00,"i’ve gym 20+ years thought anything, i’d book induction/getting started session. booking induction app easy received email follows: “you're booked onto get started session 28/09/23 16:00; met me, anthony, entrance gym (outside pods). teal top, little early meet arrive.” arrived bit early use toilets. quite clearly looked lost trying find toilets hadn’t before. member staff approached ask ok. found toilets returned foyer/entrance gym “outside pods”. 1550. 1600, nobody teal top anywhere seen. went inside waited minutes. staff members walked past blanked me. nobody asked ok, much smile. left. i’ll changing home gym somewhere else hopefully staff little friendly. update response pure gyms reply: sufficient detail including name, date, time location able deal issue here. you’ll see cctv. can’t give information. considering changing home gym, decided cancelled membership today.",1,53.5232522,-2.1710273,GB
Gateshead,2023-09-28 11:49:00,"disappointed. going gym years always enjoyed workout space, plenty room feel like crowded. machines moved upstairs making feel opposite this. try go back machine got groups lads standing around me. years young makes feel really intimidated never would feel like gym! process looking another.",1,54.9625789,-1.6019294,GB
Ipswich Buttermarket,2023-09-28 11:16:00,"things getting worse since left last review. hand dryer men's changing rooms - use 3-4 weeks maybe longer. training legs wanted calf press - machine action, went leg press machine near there, also action!!! seems like management resources fix things - pay good money use facilities fair machines action things get fixed quickly. unfortunately, situation improve soon, look alternative gyms ipswich.",1,52.0571564,1.1545049,GB
Rayleigh,2023-09-28 06:16:00,"following complaint sep....yet another week stepper still broken. update, feedback",1,51.5884892,0.6012418,GB
Aylesbury,2023-09-27 20:02:00,would great trainers could morning classes instead tom thompson.,2,51.8161412,-0.8130383,GB
Leicester Walnut Street,2023-09-27 17:52:00,showers working. reports ignored. terrible terrible service gym management feedback social channels. stop promotions start fixing poor poor state gym,1,52.6244566,-1.1343556,GB
Gateshead,2023-09-26 16:32:00,"what’s new layout? gym went downhill many months, broken machines, lack tidying, cleaning etc. new layout change awful, hopefully temporary. icing cake good gym gone bad. disappointing.",2,54.9625789,-1.6019294,GB
Leicester Walnut Street,2023-09-26 12:21:00,showers working,1,52.6244566,-1.1343556,GB
Leicester Walnut Street,2023-09-25 14:22:00,like others said. showers need fixing. cleaning needs better,1,52.6244566,-1.1343556,GB
London Ilford,2023-09-25 01:15:00,"ladies area cramped, treadmills, really hope would put in, always long line women waiting. zee really rude, told get machine client waiting, told nearly done, kept pushing need get off. humiliating. positive side, gym clean",2,51.5589375,0.0689113,GB
Leicester Walnut Street,2023-09-24 13:51:00,sort showers,1,52.6244566,-1.1343556,GB
London Wembley,2023-09-24 03:44:00,"gym hill increased fees , sad say whole experience gym gone downhill since lockdown. lockdown change management majority instructors classes used pretty good -fully energy time classes full ! classes haven’t same-ish although call classes different name , (pump, body tone , lbt..) class ok inspiring repetitive ,at times boring . use great spin instructor tuesday wednesday evening (monday spin )class always fully booked )….the instructor good energy motivation , changed playlist routines , made class fresh inspiring want go every week .the step class also pretty good .. bootcamp pure gym ok says - (haven’t classes / instructors due time…) ….needs revamped energetic, move times .aerobic type class like body attack, kettlebell class .. maybe step class … , price increase shouldn’t pay additional classes like yoga, think saw zumba timetable week . last instructor looked dancing front bedroom mirror, wasn’t really teaching . ladies section - dead !!needs upgrading needs smith machine . chest press , leg press .. women getting stronger , don’t want boring ab machine back 80s machine next . whole wall equipment thrown away . possibly could fit smith machine mats . get rid power plate machine .who uses ??? take away maybe one bikes add leg/hamstring press machine. .. get good air con - gets hot stuffy .... top every time enter main entrance gym sinks!!",1,51.5560695,-0.2796034,GB
Leicester Walnut Street,2023-09-23 22:25:00,"members getting frustrated fed lack action men’s showers specifically failing repair failing clean them. firmly pure gym hq team… complained gym, raised concerns green mould smell. written reviews contacted gym directors leeds. every single request ignored. taken samples mould evening sent environmental health.",1,52.6244566,-1.1343556,GB
Leicester Walnut Street,2023-09-23 20:07:00,"car park unusable match days…either police put anpr. it’s horrible busy periods is, let alone match days. edit following generic response…. suggested manager (and previous managers), i’ve seen others suggest this…. even replied reviews gym don’t car park. lease site, covered cctv used covered anpr removed it…. sure ? confirm cost decision?",1,52.6244566,-1.1343556,GB
Walsall Crown Wharf,2023-09-22 23:13:00,garbage. moved gym cuz one parking. parking ridiculous unsafe first off. secondly company deals parking nightmare deal with!! they’ll take anything even used voucher gym gives. case gone one since may give pay £170 cuz machine didn’t work. gym staff useless like class sessions. manager classless. office guys make big decisions move gyms also fools. garbage gym absolute horrendous.,1,52.5872454,-1.9883526,GB
Durham Arnison,2023-09-22 08:49:00,inputting registration people forget enter registration want work straight away like day got parking fine mins gym one time forgot registration,2,54.8066978,-1.5811887,GB
Rayleigh,2023-09-21 19:47:00,"equipment broken nearly months, reported several times person & via email, repairs carried date. staff ignoring emails. rude & unhelpful. thanks reply. extremely unhelpful staff member seems think nothing wrong machine, completely ridiculous constantly error mode - maybe try herself. please get sorted, extremely frustrating.",1,51.5884892,0.6012418,GB
Redditch,2023-09-20 17:54:00,"new layout horrendous, anyone wanting cardio, find alternative gym. crammed together corner, machines right next one another, never spaces, running machines facing walls cm face. suggest layout plans changed. continuing membership.",1,52.3057655,-1.9417444,GB
Leicester Walnut Street,2023-09-20 11:33:00,"puregym management i.e rebecca passmore uk team, support gym fix problems members report….. generic response sorry it’s star, contact gym manager…. it’s clear don’t resources approval cost fix problems (which isn’t fault)…… increased cost gym membership yet cannot provide clean, safe, enjoyable place workout. list things resolve priority - mens showers - fix showers, remove mould, smell fix water pressure - clean gym better - dust everywhere - police car parking use anpr required - fix many machines constantly break also side note, puregym leicester looking great, well kept, invested in. replicate walnut street. giving lick paint update it. might actually make members feel getting value moneys",1,52.6244566,-1.1343556,GB
Leeds City Centre South,2023-09-20 10:54:00,best instructors always leave replaced ones far inferior standard. hence reason bother classes much,2,53.3803135,-1.4706053,GB
Leicester Walnut Street,2023-09-20 09:01:00,thanks pure gym late work yesterday evening you’ve bothered fix showers months. wait car park wait shower. get plumber!,1,52.6244566,-1.1343556,GB
Heanor,2023-09-19 12:16:00,expensive puregym midlands yet fraction listed services pay gym clean tidy boiling hot can’t air conditioning save money there’s wi-fi despite included membership,2,53.0145821,-1.3574966,GB
London Wembley,2023-09-19 03:33:00,"poorly organized, lack equipment number customers. used go wandsworth gym well organized there, moved wembley happy wembley gym.",1,51.5560695,-0.2796034,GB
London Edgware,2023-09-18 20:38:00,every time go gym there’s little equipment available use unless go pm isn’t good due work 4am day,2,51.6136623,-0.2749555,GB
London Bromley,2023-09-18 20:15:00,supposed induction day september 6.30 pm reached literally one give induction. first time gym worst experience had.and want join gym,1,51.3668569,0.0617091,GB
Canterbury Sturry Road,2023-09-18 18:44:00,deliberate cold showers save money (confirmed puregym). paying fees doesn’t cover hot water? update update boiler settings,1,51.2927473,1.1051201,GB
Taunton Riverside,2023-09-18 16:49:00,"firstly say clean gym expected becasue it’s new. like it’s big open is. struggle find plates. wasted time walking around trying find 5kg 10kg plate. benching people would come take them. benches safety bars bail, it’s going struggle. tell safety bars sit far high bench press. suppose get pay for, that’s cheap gym.",2,51.0185374,-3.1121154,GB
Birmingham Arcadian Centre,2023-09-18 11:08:00,"writing express dissatisfaction behavior one personal trainers, foad, recent class gym/studio. today, attended class led foad, scheduled start 9am. however, disappointment, foad left room shortly class began chose prioritize personal training client instead teaching class. disrupted class also displayed lack professionalism commitment participants. paying member gym, believe essential instructors, like foad, fulfill responsibilities commitments students. incident left feeling frustrated disappointed level service provided. kindly request address matter promptly ensure incidents occur future, affect overall quality experience members like myself. hope resolution ensures better accountability professionalism staff. thank attention issue, look forward response actions rectify situation.",1,52.4747581,-1.8965083,GB
Ipswich Buttermarket,2023-09-17 18:13:00,"gym suffers trying everything everyone, ending nothing especially well. great cardio equipment, equipped free weights, benches cable machines. prime location little space, peak times able planned set. equipment good. hack squad machine hurt shoulders, pull bars low, push station dwarves. vending machines work google pay car park tokens faff. poor ventilation means gym stinks bo time. place go way join. switching ftc",2,52.0571564,1.1545049,GB
London Muswell Hill,2023-09-17 17:51:00,"avoid puregym muswell hill. female manager nasty, rude. she’s bully. love puregym female manager muswell hill ruined me.",1,51.5910395,-0.1420768,GB
London Enfield,2023-09-17 14:14:00,"simple question...why puregym employ someone keep gym, functional zone particular tidy - especially weekends?",2,51.6517156,-0.0786839,GB
Colne,2023-09-16 15:33:00,full kids people never put weights back pretend use machines spend time phone. even vaping changing rooms. staff care less.,1,53.8567728,-2.1691238,GB
East Kilbride,2023-09-16 08:16:00,impressed classes instructors taking class,2,55.7601174,-4.1796401,GB
Leicester Walnut Street,2023-09-15 20:09:00,sure get stock answer actual action like many peoples feedback. walnut street showers shocking. either order work full mould dirty. would thought law would keep clean. mould shocking. question mould could affect people’s health? would speak gym managers gone missing….,1,52.6244566,-1.1343556,GB
Sunderland,2023-09-15 18:40:00,"gym really needs address phone zombies spend time staring phones instead concentrating workout. several times i’ve asked someone nearly finished waiting ages. said another rep go back phone. minutes later left without finishing set still sat phone. frustration shared many members want get sets done go they’re constantly held people watch videos. puregym needs address growing problem placing posters asking people use phones equipment mindful users. long frustration boil bigger problems! also, flickering lights showers smell like urinal isn’t good either!",2,54.9058512,-1.3828727,GB
Bristol Harbourside,2023-09-15 14:56:00,accessible tap water main floor … tap broken two weeks nobody care … bristol harbour… i’m sure it’s required law provide water,1,51.450363,-2.600511,GB
Leicester Walnut Street,2023-09-15 09:08:00,"pure gym hq - please support gym manager deputy manager fix showers. members becoming unhappy situation (and also fed waiting working shower available, often late work). surely it’s hard get maintenance team plumber? you’ve managed refit leicester gym. one cannot even provide cleaner team fix showers.",1,52.6244566,-1.1343556,GB
Newcastle Eldon Garden,2023-09-15 00:36:00,half lockers men’s changing room broken. toilets ( there’s 2) men’s changing room dirty bad smelling. wi-fi available. basic gym lots broken equipment lack staff make complaints ask questions. reception would make huge difference day. average price fair. better gyms city. hope lockers addressed hygiene changing area’s improve.,2,54.9757161,-1.6168648,GB
Broadstairs,2023-09-14 13:57:00,"cancel membership week, gym it’s like school playground , kids running around , play fighting messing chasing , zero gym etiquette nothing said staff .. gym group road much better",1,51.3586758,1.4407855,GB
Birmingham Longbridge,2023-09-13 23:25:00,"thank generic response. think missing point, cant cleaning station free weights moved closer cardio equipment importantly cant stocked. beg differ equipment cleaned, mean feather duster yes orherwise emphatic no. second time puregym less helpfull understanding..... time move gym care customers money get them. speak longbridge gym - dirty, cleaning station close treadmills removed, one free weights, otherwise gym left there. cleaning stuff upper cardio removed, go studio collect stuff clean machine, management said 'cutting back waste'. hence cardiac equipment rarely gets wiped use.",2,52.3940521,-1.9807506,GB
Linlithgow,2023-09-13 22:11:00,"visited site today impressed, limited kit uninterested staff- found laughable session “manager” crumpling paper throwing like basketball bin funny finishing session heading shower interested watching tiktok anything else. i’d almost guarantee better productive things could doing. don’t get wrong gym clean enough- know puregym taking away cleaning stations none someone cleaning kit made fee uncomfortable many sites. showers could done decent clean.",1,55.977167,-3.6006234,GB
Newbury,2023-09-13 14:15:00,sort showers give stars! ice cold showers stench coming sinks real issue. please sort like everything else gym! ps. showers regularly issue...this new,1,51.4020243,-1.3242212,GB
London Beckton,2023-09-13 12:18:00,still change here. pg seem copy paste responses silence negative customer feedback. spin bikes need maintenance work class availability needs reviewed. standard practices running gym?,1,51.5160797,0.0594257,GB
Leicester Walnut Street,2023-09-13 11:33:00,"gym managers? showers use months, apart dirty ones also broken (at least usable). never cleaned. communication issue presence gym management. please issue? gym closing ?",1,52.6244566,-1.1343556,GB
London Bank,2023-09-13 00:28:00,"gym needs equipment. heaviest dumbbell 16kg mind blowing make worse there’s barbells, weighted plates even bench press. £38, gym way par.",1,51.5131048,-0.0893749,GB
Ballymena,2023-09-12 20:41:00,"overcrowded... good gym, can't use equipment. taken far many members.",1,54.8662966,-6.2760159,GB
London Beckton,2023-09-12 19:34:00,"spin bikes long overdue service, seats odd angles, straps loose, speedometer rarely works. please look asap!",2,51.5160797,0.0594257,GB
Telford,2023-09-12 19:21:00,"small, dirty, ridiculously loud. attended non-peak time yet still could find free piece weight equipment. changing rooms smelt, drains definitely need looking at. broken lockers, main changing room door didn’t even shut properly. music spin class loud people main gym shout couldn’t hear music max head phones. luckily i’m visiting area days. would cancelling membership local puregym. back.",1,52.6780532,-2.4514219,GB
London Ilford,2023-09-12 07:38:00,"staff monitor lockers used people leaving stuff lockers preventing people use it. normally go gym 6am lockers full gym almost empty. ridiculous disrespectful members. website says rules keep stuff lockers overnight, management ilford puregym clearly monitoring it.",2,51.5589375,0.0689113,GB
Manchester Eccles,2023-09-12 02:24:00,disgrace gym! cleaner 1:15am taking photos whilst treadmill! taking photos whilst people around!!,1,53.4840887,-2.3375175,GB
Northwich,2023-09-11 22:07:00,puregym northwich worst gym i’ve ever years training !!!! machines always broke dirt grim everywhere people training phone told management nothing dirty looks staff girlfriend called “ f—cking moron pt training !!!! reported nothing backing back yet least people dirty looks abuse pt girlfriend competed bnbf natural bodybuilding come nd overall british finals even well done one well apart one pt surly makes gym look good poor management everyone says gym turn air con red hot outside !!! constant smells worst music i’ve ever heard terrible rust caps missing allot equipment reported years ago !!!! still fixed would give zero could poor management poor attitudes allot pts yet warrington new one crewe great atmosphere great music vibe pts zero dirty looks . zero northwich needs total overhaul immediately iam affraid strangely enough cannot go management puregym northwich contact number email !!!!,1,53.2602539,-2.5145104,GB
London Muswell Hill,2023-09-11 21:53:00,"chose join puregym muswell hill, firstly main reason still classes. pts good knowledgeable made classes enjoyable much able see results hard work classes(im disciplined enough train own) problem constantly consistency classes pts, sometimes classes week work monday friday. today make (from classes did)and pts classes on, around long left. others either stopped (due pt take it) time moved unable attend. management well latest manager (i actually know name) stormed class started told client go put coat locker trip hazard fair enough way said well put way people skills need bit working on.and iv never known manager actually take class either.all iv seen since manager puregym lose good pts classes disappearing.",2,51.5910395,-0.1420768,GB
Sheffield Meadowhall,2023-09-11 00:40:00,"staff friendly available, send leeds ls10 puregym gave experience . definitely smiling (at least) selective people only. check cams.",1,53.4138268,-1.4124334,GB
Bangor Wales,2023-09-09 15:42:00,"great equipment good size gyms music turned right weekends bangor gym, reason staff turn night, also hear music really motivating working out. forgetting tepid showers puregym saving planet carbon footprint, bother complaining get automated answer.",2,53.2277163,-4.1268822,GB
Norwich Riverside,2023-09-09 14:08:00,"way gym week (hottest week year!) told member staff aircon wasn’t working. followed ladies changing rooms (he cleanliness check) smell 💩 ewwww. ladies toilets working (never known working since joined august). smell mixed heat gym motivating workout. left minutes cardio dripping sweat feeling slightly sick smell. hurry go back membership fee wasted. shame really wanted felt motivated struggling mental health issues years. wouldn’t recommend moment, get toilet problem aircon sorted. sent email asking plan five days, reply. going cancel membership find alternative gym. myself, working toilet must!",1,52.6271817,1.3056472,GB
Norwich Riverside,2023-09-08 20:02:00,"it’s odd. every year summer there’s heatwave, air con breaks. winter, heating breaks. yet air con broken, staff state fixed next week heatwave. don’t join want pleasant workout",1,52.6271817,1.3056472,GB
Northwich,2023-09-08 13:08:00,"enjoy using gym, however, left frustrated following points, believe justifies £29.99 membership cost. 1: air con gym temperature makes awful workout experience, simply hot. see people's feedback mentioned temperature automatically controlled, might true cardio section gym, always refreshingly cool. however, free weights area immediately left enter, needs addressing. air con functioning here, done years. previously, got it, beyond joke now, members deserve better shouldn’t work pool sweat. 2: time takes equipment fixed – example cable machine upstairs. approaching months action, acceptable considering busy get 3: lat pull attachments - up-to-date attachments please (i can't insert url, google ""mirafit gym cable machine attachment set - handles"" know ones referring to). gym used one them, disappeared months back replaced finally, suggestion box mentioned previous reviews, good idea. able locate it? office, think moved somewhere else allow people provide constructive criticism without speak staff member, might reduce negatives reviews here, members frustrated issues would like resolved, way report",2,53.2602539,-2.5145104,GB
Bicester,2023-09-08 12:05:00,"love gym mostafa pt trainer showing body walk topless gym mother can't workout shy see men's naked body. encouraged young kids guys showing body take pictures big yoga room lots mirrows. going anymore gym because, like topless show mother well. changed gym that. want walk topless naked show body believe gym social place place so. privet places so.",2,51.8988832,-1.1518287,GB
Northwich,2023-09-07 22:27:00,"equipment basic understand corporate gym. problem little it. due high intake clients broke often. moment broken equipment cable machine, lumbar extension, leg press, leg extension. item equipment use same. pay go another gym weekends get full training session. multiple treadmills broke. equipment dangerous missing safety caps eg pec dec. equipment takes months fixed loads equipment way out, completely rusted. air conditioning turned lot time hot weather. tvs allowed switched now. music even bit. worst gym present. dirty places. action feedback given management held back review long. un motivating train in. lack gyms area. hour ones either positive point give. looked headquarters email asked contact details gym - none found given. fitness/weight training you. wanna go chat sit phone maybe is. double training time queues equipment little it. need total refurb. pure gym warrington crewe 💯 better motivated staff bad northwich.",1,53.2602539,-2.5145104,GB
London Ilford,2023-09-07 20:16:00,"tuesday 5th september another show 9.15am cycle class. instructor 👨‍🏫. staff members,. disappointed members. pure gym needs sort provide alternative cover staff members holiday. totally unacceptable.",1,51.5589375,0.0689113,GB
Leicester Walnut Street,2023-09-07 18:54:00,please fix showers,1,52.6244566,-1.1343556,GB
Hednesford Cannock,2023-09-07 18:31:00,"hednesford pure gym like sauna, air conditioning working since around may. put plenty complaints regarding air conditioning since may nothing done. really considering moving gyms way hot there, understand workout build sweat, run minute sweat pouring quite fit! please get air conditioning sorted feel customers also moving gym air conditioning like gym have! going getting contact health safety safe customers could pass due fitness hot gym",2,52.7113843,-2.0025384,GB
London East India Dock,2023-09-07 12:46:00,"rules general gym rules one follows (found below, matters all) www[dot]puregym[dot]com/gym-rules/ might well remove website certainly none followed east india gym!! ... bring use sweat towels ... ... bags permitted onto gym floor ... ... clothing ... flip-flops/sandals ... permitted. may use gym whilst influence alcohol, narcotics, tranquilizers medication substance ... ... ensure put weights back original place ... ... misuse weights dropping floor ... ... use lockers duration training session ...",1,51.51103,-0.0228617,GB
Norwich Riverside,2023-09-06 20:12:00,"working air conditioning yet hottest week year. complaint raised pure gym via twitter adamant it’s working it’s clearly not, i’ve put hand front ac vents it’s pumping warm air! utter joke.",1,52.6271817,1.3056472,GB
London Muswell Hill,2023-09-06 19:09:00,"puregym muswell hill consistently dropped quality management, equipment, classes pts since moved years ago. latest management seems inadequate frankly, creating hostile environment causing number best pts leave. say pts left behind bad management. one pt, certain female review won’t let name, screams across gym people, sits equipment prevents others using it, tarot cards middle gym rude obnoxious. another pt, toby blasts music loud hear wherever building, smashes bikes spin classes hard ground shakes light fitting treadmill almost ready drop, seems spend much time “on shift” actually phone massage beds. management also concern standards within gym - stinks, toilets disgusting gym floor always mess. what’s more, there’s always groups teenage boys hogging equipment generally loud obnoxious. really understand puregym head office letting happen. talented staff leaving, customers follow. i’ve cancelled membership gym it’s place feel happy comfortable anymore.",1,51.5910395,-0.1420768,GB
Manchester Market Street,2023-09-06 04:13:00,"first visit gym joke, disappointed gym. lockers use, machines maintained. hygiene left feeling like going pick bug unclean place was. freezing cold showers, staff friendly cycle room unsafe instructor kept light cancelled membership gym. know area rough could take better care place",1,53.4824808,-2.2411908,GB
Glasgow Robroyston,2023-09-05 19:22:00,"use multiple puregym locations due travel work staying partners south side. recently started using newly opened giffnock branch comparison horrendous. robroyston dire need refurb / upgrade. single thing changed upgraded since opened years ago. it’s big enough level use - especially peak time. it’s date changes fitness industry type equipment / attachments available. it’s pretty shameful members pay sub par gym compared cleaner, newer better facilities. absolutely dread use location now.",2,55.886885,-4.1743912,GB
Wolverhampton Bentley Bridge,2023-09-05 14:28:00,"unfortunately now, gym walking edge unusable. gym months 5- pieces equipment 'out order' reducing do. whilst understand equipment go down, commission months end sight, appears pure gym want get companies fix pay bill. still collecting gym fees, feels like con premium member paying something getting. rate maybe forced moved jd gym update: september 13th star star. credit credit due, next day writing original review, couple guys fixed approx machines. still main issue machines main stays people, would nice rectified, come repaired percent now, step right direction.",2,52.5968429,-2.0898197,GB
Crewe Grand Junction,2023-09-05 13:51:00,"far crowded peak times, 5-8 busy struggle get weight machines benches. full kids, sorry age put there's groups young lads idea even end hurting likely. quite small compared pure gyms..on retail park cross trainers stepper rammed front window/corner everyone stares shopping. cleaning stations. would good sorted lay upped age enter, plus added cleaning stations, seems rushed.",2,53.0991747,-2.440752,GB
Linlithgow,2023-09-05 12:39:00,"first day gym disappointed, cleaning stations limited sets equipment due gym small. quite limited equipment issue. would nightmare busy periods waiting equipment. hope cleaning stations put place quickly leaving happen. nobody wants excersise sweat covered wquipment.",1,55.977167,-3.6006234,GB
Luton and Dunstable,2023-09-05 01:05:00,"past months feel standards slipped luton dunstable gym. constantly issues ladies toilets, whether toilet roll/soap, toilets order, hand dryer order, sinks flooded today water. soap dispenser broken push get soap front falls off. i’m also uncomfortable much male employees go ladies changing room. open door announce it’s nice middle changing. used gym many years it’s good used be. air con ladies section didn’t seem working today, stuffy almost unbearable. changing rooms rest gym seemed air con. doesn’t seem many classes time table, especially spin. think outside office hours time table.",2,51.8969557,-0.4744282,GB
Linlithgow,2023-09-04 20:41:00,"gym needs equipment one preacher curl ? benches dumbbells isn’t enough expensive small gym comparison larger pure gyms much wasted space pure gyms generally excellent imho needs worked inside , it’s handy quick workout disappointing overall smith machine seems cheap comparison pure gyms ? also benches aren’t quality seems bit rushed gym one get opened . use occasionally way work disappointing",1,55.977167,-3.6006234,GB
Paisley,2023-09-04 10:12:00,"showers like roller coaster sadness, tepid freezing using excuse saving energy going stop finding gym let's decent shower. really care improving carbon footprint put solar panels etc actually hot water. also changing rooms reeking pish months now. either members spray prayers pretty serious sewage problem",1,55.8455828,-4.4239646,GB
Birmingham Beaufort Park,2023-09-03 18:52:00,money snatching pt use personal trainers gym! private lesson christina harris never showed paid back. scammer gym taken responsibility it. refused pay back offered zero compensation. waste money crap excuse gym there's gyms way better this.,1,52.493268,-1.8171797,GB
Paisley,2023-09-02 14:56:00,gym ok enjoy smell urine. soon walk you’re hit face smell urine quite unpleasant. enter female changing rooms gets worse. mention lack cleanliness poor facilities. half machines throughout gym becoming broken music classes day unbearably loud. actually hate here.,1,55.8455828,-4.4239646,GB
Borehamwood,2023-09-02 10:47:00,"member staff rude, breath stank alcohol. made feel uncomfortable.",1,51.6555295,-0.2764051,GB
Paisley,2023-09-02 08:42:00,changing rooms smell like pee - broken toilet door locks - inconvenient layout space - bright - machines broken …,1,55.8455828,-4.4239646,GB
Leicester Walnut Street,2023-08-31 21:13:00,unable park car wait sometimes half hour,1,52.6244566,-1.1343556,GB
London Wall,2023-08-31 12:20:00,"cancelled month use went week month try out. visit 1: hiit class class basically minutes one circuit. breaks rotating movements. far worst class ive ever to. visit 2: workout general weights area fine hot water. visit 3: emergency evacuation gym due lack power. gym went completely dark mid workout. insufficient emergency lighting. still hot water showers visit 4: still hot water, spin bike tried use loose pedal crank rattling couldnt desired workout. also, phone reception connecting wifi annoying process.",1,51.5099294,-0.0760209,GB
Walsall Crown Wharf,2023-08-30 22:15:00,"real let classes, 6/10 instructors available, fail notify app, extremely short staffed, bank classes, like year. see yourself, say warn you. keep saying going improve said, like year warning app.",1,52.5872454,-1.9883526,GB
Palmers Green,2023-08-30 15:02:00,"don’t feel comfortable woman. men stare like dogs second walk in, must pass entire gym get changing rooms. machines small gym however enough space free weights room- fit people max, worth paying £28 per month. staff alright location convenient though",2,51.6178253,-0.1091946,GB
Leicester Walnut Street,2023-08-30 11:10:00,couldn’t find manager last times i’ve in. trying report showers. keep going hot cold.,1,52.6244566,-1.1343556,GB
Bristol Eastgate,2023-08-30 09:50:00,"hi recently joined gym eastgate. going lot classes enjoying. however, studio classes take place really dirty. every class hands filthy water black wash them. clean studio exercise mats? seem like cleaned regularly. also shocked filthy water fountain is, last time went use it, old hair lumps something brown drain. really disgusting. people get sick remains dirty. please reassure regular cleaning service eastgate gym, step game keep gym users safe healthy?",2,51.4731698,-2.5663407,GB
Leicester Walnut Street,2023-08-29 17:46:00,"pts friendly supportive! keep great work… shame it’s let dirty machines, toilets dust",1,52.6244566,-1.1343556,GB
Nottingham Castle Marina,2023-08-29 11:57:00,"edit* response puregym 'we regular maintenance, wait engineers? engineers take months replace batteries broken clock? routine checks? funny. cross trainers broke months!!! job leave!!! even put sign broken machines. legal involved person gets injured lack intelligence? nothing, let customers use broken machines dont care cross trainers bad enough gym. one stops working nothing. also pt tom happily take money, year still owes lessons. bother. location run badly, equipment including clock left fault like fates management",1,52.9453218,-1.1685107,GB
London Stratford,2023-08-29 10:29:00,"gym incredibly busy, even evening 8-10pm. surprised barely staff present many people squatting power cage despite safety guards available - especially death justyn vicky (bodybuilder died failing squat barbell breaking neck). barely point signing gym unless fan queueing equipment. top weights never put back right rack even available. worst gym far, shame tonne space utilized - ridiculous freeweights area packed full people tip toeing one another - causing even safety issues.",1,51.541289,-0.0035472,GB
London Muswell Hill,2023-08-28 21:49:00,disappointed. puregym muswell hill cancelled another class?? please someone explain happened gym?? pts dropping like flies barely classes anymore. monday 6pm pump murat favourite.,1,51.5910395,-0.1420768,GB
London Muswell Hill,2023-08-28 19:31:00,"used love gym, member almost years. promises gym refurbishment happened, poor management, high staff turn over. air con v bad always smell gym. groups young guys hogging machines. murat leaving icing cake. pt two years. massive loss gym. husband cancelled memberships",1,51.5910395,-0.1420768,GB
Leicester Walnut Street,2023-08-28 08:56:00,"find really hard access gym due people using car park workplace home parking. often attend work appreciate peak time witnesses people week week walking work car others manage park walk car park towards city it’s unacceptable. car park never policed. get anpr give people 2/3 hours free parking. surely it’s hard fix large long standing problem. similarly showers. long standing problem, easy fix. either refit showers good standard keep clean fix clean up. usually stand workout waiting one two showers become free. it’s frustrating pure gym management constantly ignore issues raised don’t bother fix ones clearly viable them. maybe haven’t observed long standing car parking issues inspected showers months note two order. specifically shower issue it’s complete lack communication plan resolve issue. knows ?",1,52.6244566,-1.1343556,GB
Rayleigh,2023-08-27 14:43:00,"broken gym equipment, minimal equipment use good luck it’s busy? tried see liked fully joining big me. plus music sh1t3",1,51.5884892,0.6012418,GB
Glasgow Bath Street,2023-08-26 10:14:00,two days row one bothered showing get started session. nervous joining gym completely put off. emailed noone showed first session. apologised booked onto one following day. well one showed one either. bother trying again.,1,55.8637839,-4.2559582,GB
Gravesend,2023-08-25 17:03:00,"gym good showers disgusting!! mould growing around edges, clogged sinks, shower gel/shampoo holder rotten, flooded shower base stinking dirty water cold water coming shower. good!!",2,51.4424747,0.3694468,GB
Warrington Central,2023-08-25 12:45:00,"use gym day pass, despite following rules issued £60 parking ticket. absolutely scummy behaviour, tantamount extortion using legal system vehicle shake visitors area milk quick cash. online company recourse contact anyone fix issue. absolute bullies abusive customers.",1,53.3919402,-2.5924167,GB
Leicester Walnut Street,2023-08-25 09:33:00,"please sort showers out. it’s beyond joke now. working showers. working 2, stink moldy. many members completely fed lack action issue.",1,52.6244566,-1.1343556,GB
Leicester Walnut Street,2023-08-23 14:01:00,"rundown dirty finding really hard workout without sneezing gym. lots dust various surfaces, especially top wall divides vending machines. sure pure gym could checklist cleaning area's missed.",1,52.6244566,-1.1343556,GB
Manchester Eccles,2023-08-23 12:17:00,using years. love studio enough room workout front mirrors floors. recently started personal training program part pure gym membership. based work schedule around availability studio recently started personal training takes studio posted app schedule board outside. personal trainer kicked us studio minutes class starting saying needs set up. room near mirrors first second floor left finished workout home. continues like go another gym actually posts info studio use. seems happy treat extra-paying customers better regular membership customers,2,53.4840887,-2.3375175,GB
Leicester Walnut Street,2023-08-23 09:17:00,showers - please resolve long standing issue. available showers months now. please call plumber.......,1,52.6244566,-1.1343556,GB
Bournemouth Mallard Road,2023-08-22 15:21:00,"don’t mean sound dramatic impossible workout summer air con gym never switched on. reiterate. a/c. even hottest summer days. gyms (including pure gyms) they’ve ice cold. makes working much enjoyable. however, whoever runs gym mallard road, bournemouth clearly doesn’t like switched on. unbearable. exaggeration. everyone pouring sweat. machines wet sweat. really needs sorted out. unacceptable.",2,50.7503219,-1.846402,GB
Linlithgow,2023-08-22 13:29:00,"well honest expected, another chain gym idea, funded overseen muppets interest making cash ignorant wannabe pt's, equally deluded lazy. equipment alright thought idea lay correctly train individual body parts efficiently, third space available utilised, nowhere near enough dumbbells anything dad bod hobbyist, fine that's pertain cater don't, usual ""highly qualified"" pt's best fat, (wow, achievement) others even manage achieve make others similar physical demeanour feel home. last thing want see pt actually looks like athlete physically superior anyway..... would intimidating. bless.... two small changing cubicles/showers entire gym gives idea busy expect seriously presume members taking training session. punchbags, obviously, that's bit frightening doubt toxically male last thing want gym sort real testosterone aggression showing face, makes bit scared thought fair. brings rather conveniently next item wokeness, nice warning next dumbell rack make much noise ""grunting tennis"", might cause somebody drop security blanket wet guessing... well place quite proudly stating ""safe space""....spare us all. place perfect example that's wrong entire industry strong indicator sadly going change anytime soon. feel genuinely sad young pt's invested time money realise reality industry now, best end handing programs endless wash beginners gyms rely january/may give within months always. fair place clean tidy early days, staff polite friendly equipment good quality. trained last friday opened monday give second chance, cancelled direct debit membership soon got home, pay train there, worst chain gym ever misfortune training in, that's tough opposition trust me.",1,55.977167,-3.6006234,GB
Leicester Walnut Street,2023-08-22 09:45:00,plese clean fix showers,1,52.6244566,-1.1343556,GB
Glasgow Silverburn,2023-08-21 22:24:00,"noticing cleaning station completely disappeared upper floor, proceeded ask team member was. looked noticed said “oh it’s supposed there”. another team member told “broken” station downstairs could use. signage telling anyone this. see point make way downstairs clean something upstairs. personal hygiene important cleaning station one floors poor indeed. also noticed puregym rules guidelines “no football strips worn”. however, many many time i’ve see many people wearing football strips! rules particular rule allowed broken?",2,55.8198943,-4.3418008,GB
West Thurrock,2023-08-21 21:39:00,"don’t waste time money. instructors giving gym classes shocking. classes rarely goes ahead, never full 45min 30min variety pre post work extremely limited. less attendees booked per class go ahead without warning. people turn fully booked classes instructor insight one gym give reason happening. say get pay going classes get nothing!",1,51.47712,0.2721259,GB
Linlithgow,2023-08-21 18:47:00,"pure gym linlithgow. first time visiting gym today it’s tiny, yet charging normal gym edinburgh west near gorgie road. tiny weight section, yanga machine either plus option really cheaper gyms. also isn’t proper male female changing room unisex rooms, although isn’t issue may like this. disappointed hoping use gym it’s closer home. likely equipment benches added, knows…",1,55.977167,-3.6006234,GB
Leicester Walnut Street,2023-08-21 18:11:00,"rundown unhygienic toilets particularly dirty, excrement walls standards kept to, machines ever cleaned? covid seems along time ago, feels like place cleaned since restrictions lifted.",1,52.6244566,-1.1343556,GB
London Wall,2023-08-21 17:19:00,hot water happens frequently- even days lax gym. management resolve,2,51.5099294,-0.0760209,GB
Swindon Stratton,2023-08-21 16:24:00,"removed cleaning stations, ppl cleaning sweat puddles getting disgusting, response want us lay people's sweat , thank",1,51.5844079,-1.7492304,GB
Leicester Walnut Street,2023-08-21 15:20:00,"hot sweaty. although expect workouts hard work. would made comfortable cooler aircon. weirdly, changing rooms freezing.... maybe cool changing rooms sets.",1,52.6244566,-1.1343556,GB
Leicester Walnut Street,2023-08-21 15:14:00,"another visit, another gym shower bites dust. two working (but dirty) showers. great waiting shower peak time half naked. please please please invest showers clean work.",1,52.6244566,-1.1343556,GB
Aberdeen Kittybrewster,2023-08-21 11:55:00,air conditioning working!!! cut short workout uncomfortable!!! asked getting fixed told response reported well that’s good enough!! pure gym fast putting fees slow equipment replacement & repairs…i want date air con fixed. thank pure gym response….i already discussed manager could give date repairs would carried that’s went trust pilot!!!!,1,57.1616343,-2.1132396,GB
Paisley,2023-08-21 08:59:00,"multiple broken machines. changing rooms sewage problem trying cover air fresheners. music classes unbelievably loud. hear car park. obnoxious screaming pts seem notice care anyone else exists. staff clean place properly. there's always rubbish mess everywhere. sanitation issues spray tissues time pointless. least open 24-7, guess.",1,55.8455828,-4.4239646,GB
Glasgow Giffnock,2023-08-19 15:52:00,lovely new gym plenty fantastic equipment friendly helpful staff. major complaint sanitising stations allow clean equipment use. expectation ask member staff you. counter productive doesn’t allow fluent safe workout.,2,55.8005276,-4.2970925,GB
Linlithgow,2023-08-19 11:55:00,"member pure gyms edinburgh since 2012, looking forward gym opening linlithgow. opened yesterday (18th august 2023) visited morning. issues have: * previous pure gyms edinburgh craigleith gorgie. gyms twice size linlithgow pure gym. gorgie £22.99 per month craigleith £25.99 per month, core. linlithgow £25.99 per month core, month promo £14.99. far expensive size gym linlithgow surrounding areas. new pure gym opening falkirk september 2023, £10.99 first months £20.99 that. also larger gym. £18.99 initial months, would much reasonable price linlithgow. * whoever bright idea facing treadmills towards large white wall dark corner gym, obviously never set foot treadmill! one wants run walk treadmill stare wall. please either add mirrors along wall to.give illusion looking out, whilst also able see gym behind you. turn treadmills around face gym! * known gym opening quite time yet, materials clean wipe equipment use. come pandemic. one wants use piece equipment that's covered someone else's sweat! * gym boiling. rather warm cold, either air con fans would good idea, unless want people passing out! * enough weight benches. weight benches gym nowhere near enough. small gym, imagine monday evening, lot people standing around, waiting use equipment. disappointing, especially given amount time known gym opening amount time wait open. please sort immediately. issues easily rectified. changes soon, definitely returning know one!",2,55.977167,-3.6006234,GB
Poole,2023-08-19 09:06:00,"go pure gym tower park poole weeks, lockers women's changing room occupied padlocks women left there. lockers open can't use padlocks. tried point staff, emailed company nothing done.",1,50.7179472,-1.981521,GB
London Stratford,2023-08-18 22:11:00,"took membership week pure gym stratford say disgusted understatement. past week use gym around 4:30am till 6:30am believe state month old gym. firstly entering see protien powder floor near entrance first day assumed must recent exact patch thursday days later looked like cleaned. multiple machines order signs fine whilst gym empty multiple machines service days seems extremely uncaring. typical gyms public space tend cleanest mornings cleaning usually takes place end shifts businesses shockingly seen opened cans redbud, spilled protein powder, electrolyte drink bottle various food wrapper drink items left around gym day day. like assume staff best see rubbish days repeatedly astounding. weights never easy find wether im looking specific dumbbell plate inconvenient blame users gym staff case see weights left place days seems strange considering gym busy. biggest issue gym far mens changing rooms. explain full extent filth. horrible smell actual putrid, toilet cubicles immense amounts dirty toilet paper floor around them, stains floor benches looks like hair snot showers. understand daily cleaning business kind. sanitary stations like gyms. shame pure gym stratford seems affordable considering rapid growth local area gym either needs increase price starve less respecting customers allow rest value gym well providing cleaning equipment members clean themselves. needs sort cleaning schedule comprehend state. honestly would rather refund month joining fee genuinely shocking. much expect bs corporate response action needs taken immediately.",1,51.541289,-0.0035472,GB
Fareham,2023-08-18 15:08:00,"apalling customer engagement filthy changing rooms showers completed plugged sinks whole week fareham manager available. phone line tells one available talk send email, tweet, fb message. tweet this.",1,50.8526637,-1.1783134,GB
Liverpool Brunswick,2023-08-18 13:23:00,"gym value money upkeep facility poor. vibrating plate hasn’t worked years member, ski org machine broken bannister stairs broken places parts missing could safety concern. disabled toilet available use peak noticed morning handle coming loose again, last time closed weeks. issues need addressed ongoing basis. never seen feedback box years replying reviews seeing manager pointless use gym early hours work.",2,53.3832177,-2.9760156,GB
Manchester Eccles,2023-08-17 21:46:00,way small weight lifting area,1,53.4840887,-2.3375175,GB
London Wall,2023-08-17 19:05:00,"two colleagues ending memberships much gym gone downhill. nick leaving decent class instructors anymore. everything always broken, perk towels enough keep coming here.",1,51.5099294,-0.0760209,GB
Dudley Tipton,2023-08-17 15:10:00,"pure gym tipton ac issues , ac dos work all. complained 10-15 times keep getting reply, working",2,52.524461,-2.0492538,GB
London Wembley,2023-08-17 12:00:00,"started class wembley pure gym, bit chaotic initially trainer late, i’m year old male arthritis & scoliosis still fit. previously done around years martial arts (30 years ago) structured & unstructured matter train, boxing gym shack thailand always warm & stretch else damage yourself. arthritis shoulders years martial arts, shattered right ankle still turns purple failed warm properly & wrecked heavy bag. assumed warm stretch first class trainer late & short time oddly insistent “hard & fast” punch & kick pads. i’d warmed bit anyway early class worrying see absolute beginners attempting kick pad shin full roundhouse & bashing away fists pads initial stretching. time spent warm technique & going attempt martial arts structured technique learn anything else else damage yourself. second class late, trains wembley moment & bus got stuck thought i’m 5mins late went class. initial pad work trainer started giving hard time fast & hard enough kick pad, fair enough given class history warming attempting & arthritis & scoliosis (i’d flagged first class) thought well injure further. issue trainer raising voice point wanted everyone hear & obvious attempt embarrass & started saying making effort effecting partner sharing kick pad with, that’s fine thought also aware go hard & fast warm also damage know history. seconds later another rant apparent lack effort & lateness & class starts 6pm & door shut whatever don’t come say missed induction last time trainer around 10mins late he’s raising voice & becomes pretty obvious that’s he’s attempting embarrass wanted remind last time attended late time thought things happen. said yeah sorry late & wasn’t aware rules wanted say actually hypocrite & need practise preach, rolled late class last time & point say sorry that. point thought easier leave class & did. one star review class attended felt frankly little dangerous corner cutting, rest gym fine, clean & well resourced good classes",1,51.5560695,-0.2796034,GB
Stevenage,2023-08-16 23:51:00,gym pretty good equipment 24hrs. side gym extremely busy times full young students hang around groups. showers terrible always dirty hot water hit miss. locker room equipped u want change/shower unless it’s extremely quiet.,2,51.9016663,-0.2027155,GB
Hednesford Cannock,2023-08-16 12:38:00,aircon awful! seems never on! way hot workout!,1,52.7113843,-2.0025384,GB
Leicester Walnut Street,2023-08-16 11:02:00,"stark comparison - pure gym st georges leicester vs pure gym walnut street leicester. hard safe, clean, warm shower? majority showers either use (for months) grubby, smelly full mold germs. alternate hot water cold water consistently. matter forum issues raised, direct people gym, online here. showers becoming public health concern. pure gym provide full response showers fixed. cleaned well maintained (previously witnessed gym trainers pouring cleaning solution shower. however covid. clear stopped due dirty grime across shower tray). pure gym's manage well?",1,52.6244566,-1.1343556,GB
Southampton Central,2023-08-15 21:15:00,"absolute waste time signing gym unless go day, can't get anything ridiculous size changing rooms/ toilets size gym. go elsewhere",1,50.9074977,-1.4142289,GB
London Shoreditch,2023-08-15 19:41:00,"anne furby reviews·5 photos week ago new actually enjoy gym unfortunately owners care disabled customers. lift ""broke"" december (the alarm work lift still used staff cart bin bags lower ground)- april 17th update whatsoever might able return despite reached numerous times! least second time happened. first time given access two gyms- one lift also broken scarcely room walk let alone navigate wheelchair. better claim inclusive gym! 🤷🏼‍♀️ edit- august 22nd still update lift! 👌🏻 edit- puregym notified replied review seem anything here..? 🤔 please give email make formal complaint, shoreditch manager paul already emailed issue numerous times joy. 👍🏻",2,51.5266694,-0.0798926,GB
St Ives,2023-08-15 16:42:00,staff unkind unhelpful.,1,50.2149064,-5.4795083,GB
Crayford,2023-08-14 10:09:00,awful car access. bought fresh membership circling near gym wasn’t able get due road works. awful. there’s simply way getting gym car you’re coming dartford. awful. awful. awful,1,51.4515584,0.1787188,GB
Billericay,2023-08-13 01:45:00,"shocked many good reviews gym clean find staff hand help need them, seem hide away office clients pt. never gym staff seem disinterested. new pts (female) joined recently chatty make effort rest team never speak members help form etc. gym dated dirty. cheaper gyms mean standards slip. cancelled membership member years today joined another gym immaculate slightly better price.",1,51.6284395,0.4218142,GB
Plymouth Alexandra Road,2023-08-12 12:22:00,showers always stone cold boiler broke… don’t waste money dated equipment freezing showers. can’t even give users nice hot shower clean environment workout there’s something seriously wrong. save money join gym group one gyms plymouth. i’ve saying shower months enough enough. i’m cancelling membership joining gym actually takes care member needs. trying save money seriously putting gym users backs up. gym meant activity take away stress trap world. don’t come gym dirty disgusting changing rooms freezing showers.,1,50.3818354,-4.1266441,GB
Bletchley,2023-08-12 12:14:00,"ok, wanted switch home gym back bletchley briefly switching winterhill. nope, possible near billing cycle. helpful. tried call customer services, puregym customer services, can't speak anyone. direct basically faq online page. again, helpful. bletchley gym significant periods gym unmanned, can't resolve issues gym. effectively, scant support customers now. doubt measures management team looking cut costs much possiible.",1,51.9943694,-0.7325655,GB
Bracknell,2023-08-12 11:20:00,showers female changing absolutely filthy way cleaned sure least day two!!! closed got morning albeit temporarily however girl met door enquire incredibly rude!!! would add photo shower seemingly unable here.,1,51.4143513,-0.7449925,GB
Plymouth Alexandra Road,2023-08-11 09:40:00,"worst gym city, hot water, broken faulty equipment, one working men's toilet 6,000 memberships, staff lazy, talk among themselves, recommend.",1,50.3818354,-4.1266441,GB
Tunbridge Wells,2023-08-10 20:34:00,"unreliability would describe experience gym: book class suddenly cancelled book instructor change.... there's instructors coverage many absent summer xmas hols experience unsatisfactory aircon huge prob me, sometimes works consistently. go train upstairs vent stewing like frog hot water fan anymore.",1,51.1371483,0.2673446,GB
Leicester Walnut Street,2023-08-10 12:19:00,"showers action. ones open moldy shower tray ceiling showing lots green mould. water goes extremally cold burning hot. shower heads also weird fan blow water cold air. results terrible shower experience. invite gym management try shower them. instead looking afar. especially grime mold. come pure gym, constantly preach ""trainsafe"" gym cleanliness hygiene - maybe introduce ""showersafe"" clean safe place shower. mold specifically concerning. safe? bacteria ? breading group ecoli ? legionnaires? expect leading gym name uk, back street gym all!",1,52.6244566,-1.1343556,GB
London Wall,2023-08-09 12:21:00,"puregym (london wall site) morning 9th aug 2hrs working decided cool treadmill brisk walk. one pg staff team claim manager, walked said must put bag away health & safety. said her, 2hrs now, cooling 10mins done, knew happening went back treadmill, staff member said again, put bag away now! explained her, heard you, aware asking, need 10mins treadmill done. interrupted quite aggressive insisting put bag away immediately!!! got treadmill said her, bag obstructing anyone practically nothing inside, staff member got defensive said rude her, asked her, rude you? said frowning her!!! next thing knew happening said something else (couldn't hear due loud music) stomped off. want make clear aware bags gym floor policies, merely forgot lock away morning bought bag gym floor. staff member stated manager, actually shocked hear manager spoke members tone felt said me, spoke me, manager know well “good customer services” don’t talk members like this, fact talk anyone like this, felt spoke stupid child playground! years age aware health & safety, work nhs business manager appreciate talk members silly naughty child school classroom, speaks staff like that? sounded like straight away told, get slap!!! trying said is, get members always going focus health & safety i.e. putting weights back take bags belongings onto gym floor, busy life always aware doing, want come gym training leave. could give little reminder left that, again, yes course agree warning, however don’t talk stupid naughty child classroom, appreciate sure one want spoken way did. get defensive saying rude frowning attack first, wanted last words. joined whole pgs (£54 month) use uk pg month ago options use sites too, pay much silly staff talk like stupid, frankly felt harass provoke her, pg supposed put stop harassment, joke! puregym promote harrassment preventing it""! puregym london wall deserve ""0"" star, use london wall site - times week work city! go sites ( greenwich, kidbrooke, beckton etc never issues) left feeling vulnerable quite anxious time felt harass her, going allow person make feel harass ruin day.",1,51.5099294,-0.0760209,GB
London Wall,2023-08-09 09:30:00,"part gym great, plenty machines free weights, quiet avoid obvious peak hours staff always helpful pleasant occasions needed speak them. problem temperature, issue every summer years. like oven, sweating even leave changing room. workout can't cool enough even showering ages verge passing cardio yesterday spurred write this. every year, plenty people mention staff sure raise chain nothing ever seems happen. last year brought free standing ac units helped months year, nothing. please give standard response smart monitors controlling temperature. clearly broken, set far far high air con units job. bad work colleagues asked joining put explaining above. really good enough expensive puregym country.",2,51.5099294,-0.0760209,GB
Telford,2023-08-08 22:05:00,dirty. found used blue roll floor chewing gum treadmills. ladies changing room bad smell happy place piece wouldnt recomend.,1,52.6780532,-2.4514219,GB
Rushden,2023-08-07 16:22:00,"i’ve member since opened. sadly, it’s got far busy. decent equipment, enough it. extremely busy noisy time. i’ve monday afternoon given up. there’s point. trying anything takes long. quick hour impossible. evenings saturday mornings ridiculous. can’t access machines. free weights area far crowded. two standard upright exercise bikes. seems like they’ve taken many members size gym.",2,52.2911567,-0.5988177,GB
Runcorn,2023-08-05 23:01:00,"member gym number years safely say wouldn’t go back. gym equipment old outdated, broken. appears less weight plates clearly investment pushing people away. gym full teenagers hang around don’t much apart talk mess about. staff clueless appears high turn staff doesn’t help. raised issues regarding equipment numerous times gym manager head office get standard corporate boring answer, doubt posted again. would suggest invest gym bring standard pure gyms local runcorn close it. short, it’s dreadful.",1,53.3421509,-2.7334941,GB
London Finchley,2023-08-05 20:02:00,"hi i’m finchely branch member. use gym early morning , yesterday ( 4/8/2023 ) went gym saw gym closed without notification email . planning notify schedule member ? please let know opening times whether going reopen gum soon ? thanks",1,51.5973246,-0.1805587,GB
Birmingham Longbridge,2023-08-05 18:57:00,joined gym first opened due discounted memberships available. left due health reasons also found small waiting around machines busy times. looked costs restart membership compared gyms shocked see much don’t think it’s worth considering small is.,2,52.3940521,-1.9807506,GB
London Finchley,2023-08-05 01:10:00,"joined weeks ago. cornered personal trainers trying flog services, (while trying work out) asking highly personal questions ""do health conditions?""! also, classes get cancelled last minute enough people, end making journey nothing. cheap get pay for.",2,51.5973246,-0.1805587,GB
Wakefield,2023-08-04 19:13:00,"targeted manager! finished three-sets deadlifts went refill water-bottle. returned fourth set, another gym-member asked finished weights said yes, took them. proceeded preacher station curls. turned back manager started putting weights away said - ''excuse me, finished weights''. statement angered somewhat response say - ""well could cruel tell put weights left floor away"" - weights already given somebody else! re-clip ez-bar skulked off. left gym, approached manager told gym member took ownership weights might want check cctv wrongly accusing leaving weights lying around. completely ignored walked without apologising saying anything. manger. attitude stinks. perhaps consider revenue generated puregym members helps pay salary co-worker's salary!!! due experience, canceling membership going another gym. disclaimer. little inconsistent putting weights away instance, fault.",1,53.6829541,-1.4967286,GB
Edinburgh Fort Kinnaird,2023-08-04 18:27:00,"busy, busy, busy hard get routine machines taken up. machines faulty. kept finding ones beat up. one point, cardio room dull nothing look wall. appears place needs double space better machines.",2,55.9334724,-3.1059406,GB
Cardiff Western Avenue,2023-08-04 17:01:00,don’t understand people honest reviews. gym fit purpose major health safety concern. firstly roof seriously compromised shut major leaks due rain fall numerous times. thoroughly checked acquiring premises. terms gym quality premises far small can’t keep demand. don’t think place last health safety/building regulations.,1,51.5008931,-3.2063977,GB
London Finchley,2023-08-04 01:17:00,"enough barbells - 12” soft box nowhere found, temperature indicates aircon. don’t understand charge much.",2,51.5973246,-0.1805587,GB
Aylesbury,2023-08-03 20:40:00,"complete utter joke. brought daughter gym membership aylesbury branch recently 16th birthday tried zero success get hold phone number gym head office couple questions prior. absolutely number exists. speak single person! foolishly brought membership anyway. daughter registered given code online access gym. turned first time, tried correct code multiple times course work. let cleaner. absolutely reception/office staff. contacted company via facebook messenger (it's way) explained situ received reply day later. sent another message clarify exact issue code-nearly days later absolutely response them! daughter attended gym today hope may staff duty could perhaps gain access. counts. complete utter s..t show. avoid costs. short zero access, zero phone calls taken, practacally zero reply's messages?!?!",1,51.8161412,-0.8130383,GB
Leeds Hunslet,2023-08-03 07:15:00,"member gym left life got way. recently rejoined realised gone hill. equipment maintained be, exercise bikes crunch pedal rowing machines (most) need seats securing feel move mid row. disappointed seems nothing done maintain equipment. would please let know reply exact dates check every piece machinery see repaired replaced necessary? regent street location. considering going either jd gyms gym group looked around gyms equipment much better condition.",1,53.7786185,-1.5282492,GB
London Beckton,2023-08-02 08:03:00,"gym gone downhill last months. barely decent classes barely staff. never cleaning products upstairs available tissue hit miss too. recently yanga machine stopped working (which pay extra for), means either use fountain pay water/drink via vending machine.",1,51.5160797,0.0594257,GB
London Wall,2023-08-01 21:14:00,enough air conditioning - low cardio zone - non existent changing room,2,51.5099294,-0.0760209,GB
Peterborough Serpentine Green,2023-08-01 13:50:00,booked first class walked way gym told class cancelled. one told check app attending class. pure gym text people keep date.,1,52.5403778,-0.2632194,GB
Telford,2023-08-01 13:06:00,went step class monday 5:30. music system broken. instructor attempted use portable speaker connection weak. routines minutes equipment kept failing. instructor apologetic tried best get equipment work.,1,52.6780532,-2.4514219,GB
Bromsgrove Retail Park,2023-08-01 06:47:00,"whilst gym clean spacious, equipment working repaired time, including calf machine sets cables. equipment starting presents dated many rubber covers handles longer place. air conditioning often on. seems lack priority urgency toward users get equipment repaired standard be.",2,52.3382139,-2.055081,GB
Exeter Bishops Court,2023-07-31 23:10:00,"attended spin class evening. again, numerous bikes broken worn maintained be. aspects disrepair fact dangerous health safety issue. decided leave class minutes due exercise hideous bike numerous faults. gym instructor iain excellent always runs brilliant class. however, constantly let poor management never seem willing, able repair service spin bikes expected proper manner. issue reported numerous times previously. little purge attention another cycle disrepair commences. puregym really fail area massive shame disappointment.",1,50.7151321,-3.4685252,GB
London Bermondsey,2023-07-31 22:23:00,overcrowded,2,51.4970125,-0.063268,GB
Aintree,2023-07-31 18:08:00,good gym. hygiene levels place vile. going month raised various machines faulty whole month later still broke. even seen piece rubbish pen next machine month ?. cleaners essentially pretend clean noticed alot.,1,53.4803632,-2.9376261,GB
Stirling,2023-07-31 16:58:00,pt’s created toxic gym environment point friends felt uncomfortable going gym. top received emails account bounced therefore would need apply - opted rejoin due message noticed account still charged even though access gym password enter doesn’t work,1,56.1181242,-3.9360012,GB
Sheffield City Centre South,2023-07-31 10:57:00,"air flow, temperature set 21'c. first day asked could lower hotter peoples houses! first person said would ask know how, never happened horribly warm session. today asked manager could lowered told set 21'c no! pure gym places gym much better temperature work out. can't recommend stale warm gym crystal peaks, sheffield. want casual chat cuppa could right environment, people spoken way warm, sort pure gym. 16'c would ample temperature, wants work warm house heat! also good thinking putting carpet down, lovely absorb sweat poor people dripping place. note, also cleaning stations, unless bring dettol wipes, going lying lots stale sweat.",1,53.3755841,-1.4673519,GB
London Borough,2023-07-29 23:41:00,"dirty showers toilets, water hot. average gym, it’s good money nothing special. average cheap gym.",2,51.5011444,-0.0932926,GB
London Wall,2023-07-28 11:27:00,"air conditioning hasn’t worked month. makes unbearably hot, sweaty smelly. invite spend lunchtime see like it. sort out!",1,51.5099294,-0.0760209,GB
Birmingham City Centre,2023-07-28 09:37:00,"member gym years now. 5/6 years green track use covered temporary (although it’s pretty permanent) wall. always orange barricades somewhere gym whether functional area one side rig reducing space available members elsewhere gym. every time go in, i’m surprised machines “out order” sign become norm gym. never gets permanent fix temporary one lets honest never lasts long. shocked surprised day gym, emergency buttons weren’t working sign next saying case emergency, call landline number speak cctv person. mean, come on. it’s joke. gym declined rapidly last year start good pts leaving (which don’t blame honest) lights flashing constantly free weights area section gym lights clearly don’t work air con absolutely rubbish hardly ever on. say i’m impressed understatement. become joke laughing every time get gym see else isn’t working. used 9kg, 12kg 15kg med balls they’re around anymore. nothing gets replaced! used way boxes think there’s 2. since i’ve member gym, always creepy members too. odd people stare whilst lift obviously too. absolutely astounded find ago physically avoid one specific member gym dodgy, strange overall putting would always come make conversation tell i’m working hard enough (firstly get lost one - judge someone else training) secondly months ago, walked gym find actually pt puregym bcc. wow. puregym you’ve stooped low one. creepy members one thing employing someone one people new low. hear stuff that’s going gym pts (apparently allowed name them), tell truth surprised all. surprised another pt (apparently allowed name person either) also isn’t one pts caught. honestly though, ry, aron jimmy leave, puregym bcc going really go downhill - good pts left - it’s already so. 🤷🏻‍♀️🤦🏻‍♀️",1,52.4856896,-1.871104,GB
London Wall,2023-07-27 14:16:00,gym furnace summer. barely exercise mins get hot continue. someone even feinted day due heat. staff never respond requests lower temperature. overall really unpleasant experience.,1,51.5099294,-0.0760209,GB
Oxford Templars Shopping Park,2023-07-27 11:14:00,"came weekend gym floor absolute mess, bottles rubbish left lying round everywhere! it’s never staffed weekends more! female toilets working! since changing management, place gone massively downhill! one good things going pt chris! always smile face, always happy see members help! he’s credit gym!",2,51.7333472,-1.2178489,GB
Ashton-Under-Lyne,2023-07-27 06:06:00,"weights top spin classes huge mistake. music loud, leaders classes shout loud? receive 'stock' reply. however, music shouting far loud. dangerous hearing. find hard believe checked. stayed less ten minutes tonight. music shouting excessive.",2,53.4865407,-2.098691,GB
Grimsby,2023-07-25 16:22:00,enquired job opportunities email one got back me. put going gym working management poor communication.,1,53.5671407,-0.0788045,GB
London Colindale,2023-07-24 23:26:00,"congested concern safety! reference london collindale location. even worth budget gym. pay little bit choose somewhere decent. ceiling always leaking slightest bit rain never seem concerned fix it, instead place numerous buckets around already congested thoroughfare gym crams unrestricted amount members. water comes bad enough serious safety hazard without bucket trip hazards actual smell faeces accompanies it. never seen worse occasion often water dripping ceiling. definitely massive risk. hours leaving open liability. favour avoid costs. edit: generic response review adds insult injury shows complete lack care comes customer service.",1,51.5954091,-0.2499296,GB
Manchester Debdale,2023-07-24 21:35:00,maintenance shockingly poor. even things safety issues left undone weeks month. make another gym,1,53.4601898,-2.1545545,GB
Reading Caversham Road,2023-07-24 12:03:00,disabled bathroom two months caversham reading site building falling apart. carpet wet smelly. water machinebyou pay order. close christmas days notice hours. dated equipment gym. unlawful,1,51.4606403,-0.9756087,GB
Tunbridge Wells,2023-07-24 10:15:00,"member tunbridge wells years users say, gone downhill last six months. since took away cleaning stations, filthy- dusty, sweaty, smelly. tvs don’t work, cardio machines often order, air conditioner patchy. complained first removed cleaning stations (may 2023), responded say experiment enhanced cleaning programme. complained week dirty actually left mid session- sticky handles elliptical rowing machines, chewing gum stuck running machine. sent response - word word - may. poor customer service. i’m going give one go next week. it’s better, i’m gone cancel daughter’s membership too.",1,51.1371483,0.2673446,GB
Purley,2023-07-23 23:06:00,gym member years equipment needs updated cleaned. also would like know two stepper equipment right underneath ac? amount cold air blows stepper horrible. moved near towards bike sides? wish use stepper hate cold air comes right it.,2,51.3388112,-0.1158589,GB
Bangor Wales,2023-07-23 13:52:00,"kit bad all, albeit skewed towards weights rather cardio. busy periods (lack of) cardio kit prove achilles heel wait frustrating. little thought towards layout could actually fit cross trainers / bikes something would improve place. free weights area good. plenty selection kit. people mostly tidy put kit back back, per gyms isn’t always case. however fairly big issues, hence two stars. could easily resolved site staff/ puregym company seem reluctant do. * male changing rooms. consistently dirty, even cleaners cleaned (if ever witness cleaners job you’ll see - poor). showers also bone contention, three begin fact one shower entire male changing room busy gym unacceptable. one order showers broken door weeks, unacceptable. inside lockers consistently dirty many lockers locks left week, enforced staff. * rules enforced. multiple printed sheets telling , (they love laminated document blu tac here), little enforcement. groups young males training vocally, putting kit back half clothed doesn’t create inviting environment all, puregym say do, rules enforced. multiple laminated sheets printed telling people banned training semi- clothed putting kit back = nothing actually happens. *maintenance times. kit breaks takes weeks/ months fix. appreciate it’s big company bangor sticks speak, still pretty shoddy. leg extender machine nice laminated notice push beyond point months, actually fixed, shower door above, cross trainer took weeks + fix…. something breaks appears sense urgency site staff particularly puregym company. urinal male changing room full urine month long ago fixed. * water. water whole issue 100% site issue , i’m plumber know i’m looking for. water fountain pressure barely dribble, shower pressure ,( work), also barely dribble male urinals flush 24/7, never stop. nothing saving water regards low pressure, site issue. going months, sorted. air con. pace stuffy need good, reliable air circulation. doesn’t that, consequence place warmer gym be, plethora gym members don’t smell every nice make warm, sticky environment little bit worse. place smell isn’t pleasant lot time. puregym really need get act together here, they’ll end members students want cheap gym membership, mostly students don’t put weights back/throw litter away/train half clothed - think one second. also need employ management team site proactive gets stuff done. gym site gone massively hill last three months continues go time goes on, get worse. management team place beginning year prone challenging members keeping top kit repairs, rather laminating sheet saying they’re actually getting done. offence current team they’re lovely people, they’re meek reserved don’t follow promises get issues sorted. ‘we’ve reported it’ ‘we’re waiting engineer’ holds much water. report more, chase more, it’s done. that’s customer service, that’s customer satisfaction site missing, shame. lack experience management summarised instagram posts manager weeks ago. odd degrees outside, warm, water went off. toilets/water fountain/showers taps. manager put instagram post saying people still come gym. can’t drink, pee shower. mind boggles. customer focussed, business savvy manager, better enforcement rules urgency regarding repairs would sort place, moment it’s mess. que pg copy paste reply :)",2,53.2277163,-4.1268822,GB
Alloa,2023-07-22 23:08:00,"pros excellent equipment weights resistance/cables. cons wifi, weigh/scales machine, free vit water meant part plus package. gym membership alloa one dearest area. cleaning stations benches etc usually covered peoples sweat",2,56.1156137,-3.7922423,GB
Maidenhead,2023-07-21 11:49:00,"one door working. people trying leave people trying get gym. friend paying member tailgate me. eyes back head. stupid manager bans friend. call, text email. even courtesy contact ""you banned"". nothing terms conditions. ban broken rules ban us me. rubbish customer care services",1,51.522743,-0.7197368,GB
Belfast Adelaide Street,2023-07-20 22:07:00,"experience gym's personal trainer nothing short disappointing uncomfortable. friends(totally beginners) middle workout, superset, trainer approached us. inquired number sets remaining dumbbells. informed still considerable number sets left complete. suggested using heavier dumbbells, unfortunately, suitable options available. mockingly suggested try using lighter weights upstairs. condescending belittling remark left us feeling humiliated judged. disheartening encounter unprofessional behavior personal trainer motivating inspiring clients push themselves, ridiculing chosen weights. making us feel inadequate uncomfortable gym environment completely unacceptable. make matters worse, client continued talk stare us, adding sense center unwanted attention. interested gossiping us actually focusing client's workout. kind behavior reflects poorly gym staff. paying members, treated respect encouragement, subjected mockery discomfort. sincerely hope gym takes feedback seriously addresses issue promptly ensure supportive inclusive environment members. despite unfortunate encounter rude gym staff, must acknowledge gym offers comprehensive range equipment facilities. however, imperative management address rectify instances unprofessional behavior maintain positive inclusive environment members. sincerely hope feedback contribute improvement overall customer satisfaction service quality gym.",2,54.5936289,-5.9282801,GB
West Bromwich,2023-07-20 18:02:00,need leg machines womens area!!,2,52.5186579,-1.9923114,GB
Paisley,2023-07-20 10:32:00,support personal trainer's gym! even induction day asked someone could show set machine. left without help negative rude approach toward member. personal trainers income oriented helping people. defo looking new gym.,1,55.8455828,-4.4239646,GB
Telford,2023-07-20 09:49:00,going get touch gym manager.,1,52.6780532,-2.4514219,GB
Manchester Eccles,2023-07-20 09:29:00,"great gym affordable price! classes including exception zumba extra charge £2. staff friendly, however! cleanliness appaling!! much dust spinning bikes, equipment class get disinfected regularly whole area great all! said that, gym lot cleaner would rated 5* stars!",2,53.4840887,-2.3375175,GB
London Stratford,2023-07-20 09:28:00,"extremely non-hygienic bathrooms & changing rooms, clogged drains showers & sinks horrible smell imagine lingers weeks stains & rubbish everywhere floor. 'out service' signs sit various broken equipment months. definitely bring cleaning liquid tissue gym provide, someone else pointed out, see people sweat sticking benches. need increase frequency ""deep"" cleaning, otherwise amount cleaning moment borderline negligent.",1,51.541289,-0.0035472,GB
Purley,2023-07-19 22:14:00,"agree reviews pure gym purley become filth-pit. dirty - machines, changing rooms... started using branches shame closest branch. using excuse reducing paper towel waste - excuse!",2,51.3388112,-0.1158589,GB
London Stratford,2023-07-19 21:55:00,gym open today not??,2,51.541289,-0.0035472,GB
London Lewisham,2023-07-19 11:37:00,"use many features part gym, including entry need use app. unfortunately, dreadful app fails continuously. waited minutes trying get app load allow get gym. yesterday lewisham branch could get app load, went open door ask staff could see help me. incredibly rude would listen trying tell them. advice check text messages pin number apparently sent joined. people change phones average every couple years, practical solution. tired paying service work, shocked service given needed help. cancelling membership immediately joining competitor.",1,51.4656437,-0.0139562,GB
London Swiss Cottage,2023-07-18 22:44:00,told manager can’t bench press squat racks damages floor. place good set weightlifting powerlifting - management allowed use it..,1,51.543722,-0.174982,GB
Bradford Idle,2023-07-18 19:36:00,"went induction larger size soon became apparent new member wanted , made feel small talked say one guy can't comment rest definitely would recommend larger person",1,53.8352205,-1.7304012,GB
London Stratford,2023-07-18 19:30:00,"gym closed 16th july. thisnis second time month. understand, gym new, months open. paying monthly membership access 24/7. almost every motht gym accessible. hygiene bad, toilets 🚻 dirty. machines, dusty, sweaty, u can't even clean yourself, u wipes anything clean. attitude managers staff awful. respect costumers service skills all. rude disrespectful. try aproche issue gym, asking something, answer got ""that's f**** problem, want do?!' rude. disappointed service received puregym stratford center.",1,51.541289,-0.0035472,GB
London Stratford,2023-07-18 18:00:00,"option starts. start first?! sign saturday puregym stratford , sunday got gym gym closed notice, nobody informed us regarding matter, customer phone number facebook messenger email address, course can’t complain anyone. secondly red hair manager lady , oh man… need school love! doesn’t even know talk customers basic questions gym, top rude unprofessional, polite nothing , even ?she can’t run gym customers leave, manager need skills customer service vital . trainings please .this gym opened january already closed disappointing honestly, first think checked gym , wasn’t feel welcomed, hot inside air con problems, smelly , dirty broken equipment, regret signed ,will try different brunch happy cancel it. evoid !",1,51.541289,-0.0035472,GB
London Stratford,2023-07-18 17:31:00,gym open,1,51.541289,-0.0035472,GB
Ashton-Under-Lyne,2023-07-18 16:14:00,new layout awful could enjoy cv workout one area switch floors. bad get gangs lads hanging around machines; whereas issue mostly downstairs like running gauntlet moving machines. plus put awful music spin classes play - least treadmills back upstairs?,1,53.4865407,-2.098691,GB
Birmingham Longbridge,2023-07-18 01:05:00,"first joined puregym longbridge back covid still around, gym always clean, busy staff always around, helpful whenever need unfortunately gym went downhill covid restrictions lifted, staff much less engaged, gym busy time, it’s clean anymore! cancelled membership bad experiences (not able get equipment wanted waiting around free, finding much space anything functional area) recently paid day pass try yoga class go find staff didn’t even know yoga class happening instructor was, waiting around minutes told instructor coming! ridiculous! i’ve never experienced something like gym before!! knew cancelling membership right decision, would rather pay something get something good it, puregym waste time money",1,52.3940521,-1.9807506,GB
Chippenham,2023-07-17 22:59:00,"disgusting, there's self cleaning service. gyms go lot cleaner cleaning equipment compared one chippenham. sticky equipment, sweat pools everywhere etc. going again!",1,51.4587621,-2.1159032,GB
Preston,2023-07-17 14:36:00,"decided go back pure gym previously leaving back 2019. absolutely poor, spin bikes serviced whole time away - although informed get checked weekly serviced annually! toilets dismal, specially peak times - would think would cleaner present busy! exchanged emails assistant manager meet discuss response - interested",1,53.7593363,-2.6992717,GB
Harlow,2023-07-16 22:51:00,gym far hot work in! feel faint. stuffy. air ventilation. awful! please turn air con summer. prices increased yet air con tv anymore.,1,51.7685568,0.0949036,GB
Canterbury Sturry Road,2023-07-15 17:57:00,"spacious 24/7 access good. however, way many selfish people attend gym, deliberately aggressively slamming down/dropping equipment weights rather lowering them, thus making stressful environment people suffering mental health/ptsd/noise sensitivity (even noise cancelling headphones). i’ve complaining management team nearly year nothing ever done. latest email manager (5/6 weeks ago) hasn’t even reply. unprofessional! addition, wifi isn’t available certain areas gym. manager told 3/4 months ago wifi changeover taking place, hence poor signal, yet still hasn’t sorted out.",2,51.2927473,1.1051201,GB
London East India Dock,2023-07-15 10:37:00,"pure gym east india gets star 24/7, it! gym management worse 'surprisingly' even gotten even worse! management absolutely idea going gym! expect gym gym attire flip flops crocs (don't know dangerous ugly are), training socks enough people walk around them! number times seen male members hands pants sets (yes, read right) far (lets wait outbreak dermatological disease!). gym flee market backpacks scattered gym floor, shoes everywhere, phones, keys, jackets, etc! member's outfit gotten bed going bathroom, loose tank top, dirty cotton shorts flip flops!",1,51.51103,-0.0228617,GB
Leicester St Georges Way,2023-07-15 00:50:00,really messy—- weights literally everywhere! 🥺 disorganised machines cramped together.,2,52.635872,-1.1231787,GB
London Bromley,2023-07-14 18:10:00,"join place, paying sons membership every month, blue account suspended, done nothing wrong direct debit taken account, can't get phone customer service, emailing reply!!! disgusting treatment",1,51.3668569,0.0617091,GB
Sheffield Meadowhall,2023-07-14 15:41:00,"sons membership suspended - apparent reason, joined two weeks ago, paid month upfront. several times morning suspended reason. furious way contacting anyone email (24 hour wait) social media - good enough all. pay subscription - least could customer services team sort",1,53.4138268,-1.4124334,GB
Peterborough Brotherhood Retail Park,2023-07-14 14:09:00,reason giving star gym ther associated euro car parks scam people come carpark . went see gym 8pm 9pm carpark. carpark empty shops wer closed carpark getting used full. therefore getting charged for.? stopped going brotherhood shopping center due euro carpark scam company please aware,1,52.6002891,-0.2642011,GB
Rochdale,2023-07-13 20:11:00,"someone firmly believes importance maintaining physical health cherishing concept supportive gym environment, deeply pains report experience puregym subpar largely disappointing. first foremost, let's address primary concern – staff. one might assume gym would hire individuals knowledgeable fitness also understand importance maintaining friendly, approachable, encouraging environment. unfortunately, puregym staff fall short this. encounters staff marred conspicuous lack professionalism and, even worse, persistent snobbish attitude - especially klaudia mariana. instead fostering atmosphere motivation, empathy, camaraderie, interactions staff members puregym felt like chore. once, displayed unhelpful, dismissive, condescending demeanor, especially towards new members. showed disturbingly evident lack patience and, blunt, overall behavior could best described unwelcoming. working out, especially beginners, challenging endeavor. requires motivation, support, all, non-judgmental space. sadly, puregym seemed forgotten crucial component business model. felt though unwritten hierarchy play, staff favoring 'accomplished' gym-goers, leaving beginners intermediates feeling alienated ignored. lack professional conduct limited interactions. disinterest also manifests upkeep gym itself. cleanliness hygiene, utmost importance spaces, overlooked, leading unsanitary off-putting environment. locker rooms often disarray, showers clean, used towels frequently left unattended. moreover, equipment's maintenance leaves much desired. several machines either state disrepair showed signs wear tear. although issues reported staff, seemed glaring lack urgency even interest resolving them. realm fitness, progress hinges consistency, motivation, supportive environment, culture puregym counterproductive. seemed exclusive, unwelcoming 'clique culture' perpetuated staff overshadowed positives gym might had. overall, experience puregym unsatisfactory. inattentiveness towards members' needs, failure maintain clean well-kept facility, general air snobbishness significantly detracted gym's potential. time physical mental health given much importance globally, shame see stark deviation supportive, encouraging environment one would expect gym. hope puregym takes concerns seriously commits providing better service future. improvements made, find difficult recommend gym others.",1,53.6153659,-2.1557561,GB
Purley,2023-07-13 19:36:00,"picked ringworm result policy remove self-cleaning stations. nice gym, poor air conditioning lack convenient cleaning facilities means lots sweating really high risk catching athletes foot ringworm etc. itchy over. usually hygienic annoyed me. according another review, done intentionally: ""we developed industry-leading cleaning hygiene protocols help keep members employees safe covid-19 pandemic, however, reduced risk line government’s ending legal restrictions, decided remove self-cleaning stations gyms, also support sustainability objectives reducing paper towel waste.""",2,51.3388112,-0.1158589,GB
Manchester Eccles,2023-07-13 18:37:00,said website free paking minutes parking allowed midnight . goes gym minutes . using car park midnight way hardly cars parked. get ticket sure may follow. looks like registration screen working faulty,1,53.4840887,-2.3375175,GB
Birmingham City Centre,2023-07-13 14:02:00,"reviews much joke pure gym self. perpetrators getting people try back up. clear day: multiple accounts reported instances sexual assault, predatory behavior, inappropriate touching, invasion personal space, abuse positions power. wake puregym duty care instead part problem",1,52.4856896,-1.871104,GB
Ashton-Under-Lyne,2023-07-12 21:52:00,"new lay-out dreadful say least. gym near seven years frankly now, new lay-out, lowest ebb. people want use weights machines, large, hear, want top excessive loud music gives headaches, migraines hearing damage. spin class trainers screetch. may joining goodbye group soon, increasing number.",1,53.4865407,-2.098691,GB
Stoke on Trent North,2023-07-12 20:01:00,went look round ask questions. tried ringing bell ignored. customer went tell member staff there. said duty would tell someone else come out...they never came. waited minutes. impersonal friendly inviting all. stick gym already at.,1,52.9860695,-2.1751228,GB
Grimsby,2023-07-12 15:26:00,"joined spring, really enjoyed starting fitness journey guys. felt like making progress. unfortunately, looking elsewhere current equipment fans air-conditioning is, staff complain keep telling me, ""set smart metre carbon footprint"". simply hot workout 8pm. ok people, obviously, fit schedule. looking environment, perhaps could look running less vending machines something cut power usage? cool air summer pretty essential gym.",1,53.5671407,-0.0788045,GB
Birmingham City Centre,2023-07-12 01:01:00,"tell reviews agm shitting reputation ruined due actions gym females. also tell ""positive reviews"" forced. especially person commented most. deeply saddened know puregym allowing vile behaviour agm creepy pt anything",1,52.4856896,-1.871104,GB
Ashton-Under-Lyne,2023-07-11 23:43:00,"going new layout place??? extra bodies downstairs cross trainers blocking entrance got increased health safety risk!! fire break stampede people clambering get out!! health safety issues aside female visits gym mostly cardio able workout upstairs everything needed, reason treadmills moved downstairs!! feel uncomfortable awkward use machines downstairs predominantly males. offer female classes feel least could move things back way instead trying force males females mix don’t want too!!",1,53.4865407,-2.098691,GB
Aberdeen Rubislaw,2023-07-11 20:57:00,space pre booked spin class one interested least class leader.,1,57.142821,-2.1391979,GB
Glasgow Silverburn,2023-07-11 20:42:00,one toilet downstairs everyone! one caff press machine whole gym! also leaks buckets everytime go i’m still paying overpriced membership £22.99!? think stars generous.,2,55.8198943,-4.3418008,GB
Harlow,2023-07-11 20:10:00,"gyms okay, lack free weights, showers smelt sewage disgusting use. cannot find anywhere report it. could find staff. improve keeping better standard hygiene throughout gym reporting feature improvements",2,51.7685568,0.0949036,GB
Birmingham City Centre,2023-07-11 18:47:00,"one star review isn’t reflection gym way all, it’s draw attention behaviour seems ignored. friend negative experiences men mentioned previous reviews. understand positive reviews, men nice treated appropriate manner doesn’t mean haven’t treated people inappropriately.",1,52.4856896,-1.871104,GB
Bath Victoria Park,2023-07-10 23:16:00,"app kicked membership, go home sign back in. costed perfectly good workout.",1,51.3856653,-2.3766501,GB
Rochdale,2023-07-10 23:00:00,"pure gym rochdale, needs focused staff , location gym there’s lot riffraff going changing facilities getting good . needs dealing thank replying however see link also see appear cruise site squirt.org",1,53.6153659,-2.1557561,GB
Exeter Bishops Court,2023-07-10 21:10:00,"overall it’s good gym, lay terrible water dispenser pay extra order. staff didn’t offer assistance new member, worse gym i’ve used using plymouth two instead on.",1,50.7151321,-3.4685252,GB
Stevenage,2023-07-10 21:09:00,joining fee?? why? others offer joining fee.,1,51.9016663,-0.2027155,GB
London Camberwell New Road,2023-07-10 19:45:00,poor atmosphere. gym goers trainers always leave weights trip over. staff pride workspace. pure better!,1,51.4802321,-0.1081217,GB
Purley,2023-07-10 17:18:00,surprised took away cleaning stations. one.,2,51.3388112,-0.1158589,GB
Newtownabbey,2023-07-10 13:06:00,"cancelled staff. first never touch anyone without permission. interupt mid-set also dangerous. stop training session interupt someone else going way put someone down. puregyms belfast worst. equipment mostly wrong place there. cleaning facilities poor. excused price get told staff enough make cancel membership gyms. went way interupt mid- set. training someone else. tell using equipment wrong. think intimidating enough start gym. dealing staff like makes impossible. editing anyone interested. raised complaint email below. replied basically say nothing could do. felt strongly it, call police...... shocking.",1,54.6778816,-5.9249199,GB
Nuneaton,2023-07-10 13:06:00,gym ok things go wrong takes long fix them. week water fountain upstairs order week. showers men's changing room broken weeks (and still fixed) meaning nightmare busy times. tried contact messenger really annoying ai bot absolutely use.,2,52.5246182,-1.4684488,GB
Sutton Coldfield,2023-07-10 12:56:00,gym self good mostly single machines. twice day couldn’t use back row bicep bar two lads using 30min plus asked looked agitated. time people sitting phones machine. people nice it’s bad apples ruin experience. i’ve signed another gym unfortunately it’s pointless go gym can’t use it.,2,52.5623089,-1.8239794,GB
Romford,2023-07-10 12:35:00,used sanitary pad bloody stuck mirror women’s changing rooms. apparently happened number occasions it’s faeces used sanitary products. done stop this? paying monthly fee don’t expect see toilet.,1,51.5760462,0.1822646,GB
Leamington Spa,2023-07-10 12:00:00,"cleanliness poor. dust everywhere triggers ashtma! many members walking around sliders, seems social gathering people rather exercise",2,52.2913394,-1.536404,GB
London Oval,2023-07-10 10:12:00,"clean , staff friendly .",2,51.4818339,-0.1123953,GB
Walsall Crown Wharf,2023-07-10 09:25:00,"staff seem decent friendly enough however people attend gym spoil others, past months showers included puddles urine, cigarette waste faeces, removal recently cleaning stations makes gym hygenically unsafe attend. also avoid paying extra zenga water machine flavours regularly empty.",1,52.5872454,-1.9883526,GB
Walsall Crown Wharf,2023-07-10 08:04:00,"staff seem decent friendly enough however people attend gym spoil others, past months showers included puddles urine, cigarette waste faeces, removal recently cleaning stations makes gym hygenically unsafe attend. also avoid paying extra zenga water machine flavours regularly empty.",1,52.5872454,-1.9883526,GB
London Greenwich,2023-07-10 01:29:00,cleaning station extremely overcrowded sweaty gym. air con comes certain time day,1,51.4686256,0.0488306,GB
Borehamwood,2023-07-10 01:19:00,"every time visit gym free weights sections always absolute bomb site, make effort put weight back proper place there’s weights everywhere mixed also, cable machine, least two three less treadmills.",1,51.6555295,-0.2764051,GB
Basildon,2023-07-09 23:26:00,going gym years decline staff attention detail opposed puregym’s quite alarming weights constantly scattered hoarded users personal trainers alike enforcement hygiene puregyms enforce putting back weights appropriate section. also lack equipment find looking one attachment quite available me. find last weeks gotten progressively worse whilst price good reflect poor standards set gym,2,51.5754602,0.4757363,GB
York,2023-07-09 23:10:00,sport drink machine still flavours - like week. pay membership! gym filthy - weights everywhere,1,53.9656578,-1.0743052,GB
Southampton Shirley,2023-07-09 22:43:00,"difficult get contact pure gym. happened twice sent email cancel classes time. however, cancel time, even one day before. cases, tried contact pure gym explain, however no-one got back me.",1,50.9214711,-1.4323205,GB
Edinburgh Fort Kinnaird,2023-07-09 21:51:00,far warm stuffy,1,55.9334724,-3.1059406,GB
Wirral Bidston Moss,2023-07-09 21:41:00,gym proper training music volume encourage training atmosphere members meet catch,2,53.410373,-3.076908,GB
Bradford Thornbury,2023-07-09 21:37:00,bad staffing cleaners showers / toilet area messy pure mess,2,53.8030213,-1.7048953,GB
Harlow,2023-07-09 21:18:00,would like know cleaning spray paper towels removed. unable clean equipment use. find disgusting touching people’s sweat. makes want go anymore. harlow pure don’t know others same!!,2,51.7685568,0.0949036,GB
Consett,2023-07-09 21:16:00,"extremely hot, extremely busy extremely annoying. preface saying positive experiences staff there. nothing them. would give staff stars. cameron, particular, asset gym. place like cambodian jungle heat humidity. brand new barbells dumbbells little knurling them. quite dangerous, actually, performing bench press associated lifts slip would bad news. gym gets busy. little busier peak hours, unusable peak hours. ~100 people officially. mention unaccounted for, enter gym without membership time friends. never morning weeknight, hours 16:00-21:00, gym unusable. forget following exercise routine. there's chance. equipment selection utilisation floor space extremely poor. one flat bench press serve entire gym. enough weight benches serve free weights section. flat bench decline bench pushed right other, preventing spotters easily accessing them. truthfully, need bigger facility, importantly utilise space effectively. space upstairs extremely poorly utilised. additionally, look expand entire upstairs make large lower floor. waste time joining gym. attending gyms regularly almost one decade now. never ever inconsistent routines. gym permit it. member one month cancelled membership. many occasions turn gym, walk straight door. puregym consett victim success. supposed budget gym, cheapest membership £22, price certainly make inconvenience. pay use gym.",2,54.8518781,-1.8333741,GB
Coventry Bishop Street,2023-07-09 21:09:00,weights never put away. equipment broke weeks. water machine order.,2,52.4119048,-1.5116835,GB
Stoke-on-Trent East,2023-07-09 21:01:00,"joined gym approx years ago, clean well maintained. recently, past months got messy quite dirty detergent equipment always running means cannot wipe sweat equipment!! weights left place well empty drink bottles cans!",2,53.0593352,-0.8159322,GB
Sunderland,2023-07-09 20:29:00,bad respect toward customers probably racists even.,1,54.9058512,-1.3828727,GB
York,2023-07-09 15:15:00,absolutely rubbish. dirty site hasn’t new kit years. quit sick everything brown.,1,53.9656578,-1.0743052,GB
Leamington Spa,2023-07-09 15:02:00,"half time soap male toilets, also case hand sanitiser sanitiser spray. told going another sanitising station added, months ago still nothing. equipment broken weeks, e.g. smith machine.",1,52.2913394,-1.536404,GB
London Crouch End,2023-07-09 10:11:00,"extremely expensive prices can't afford, pay plus £36 month able use yanga water drink machine ven puregyms. core prices better £30 get less benefits plus. off-peak option £22. standard high price gyms. puregym gives us much less benefits option get go gym times want fit timetable clear anyway. puregym discounts deals, select gyms. also prices change location instead puregym standard prices across board. wanted downgrade benefits wanted cancel freeze many times charge close date. pay another £20 joining fee, loyalty customers.",1,51.5796918,-0.1236831,GB
Maidstone The Mall,2023-07-09 10:11:00,"busy, full kids allowed swarm machines. quit joined another gym",1,51.2730013,0.5255069,GB
Cardiff Western Avenue,2023-07-09 09:23:00,wash room taps broken several weeks. changing rooms toilets clean smelly,2,51.5008931,-3.2063977,GB
London Wembley,2023-07-09 08:51:00,"water temperature showers , water always tepid best! generic explanation provided helpful instead temperature needs turned enough reasonable shower workout . equipment dated abd plance often dirty especially ladies changing areas toilets",2,51.5560695,-0.2796034,GB
Loughborough,2023-07-09 07:37:00,lot machines either state disrepair (meaning they’re technically useable functionality pointless/dangerous) broken. leg curl machine also completely action seems like months now.,2,52.7723859,-1.2077985,GB
Luton and Dunstable,2023-07-09 07:31:00,"pity pure gym well looked others, free weights always gym order racks gym. rubbish empty bottles left machines floor staff walk by. male changing rooms lockers halve locks owners gym! massage chairs working week management cannot keep stock water? need strong team take over..",2,51.8969557,-0.4744282,GB
Dudley Tipton,2023-07-09 06:53:00,"showers setting cycle freezing warm, uncomfortable. maybe intent, leads poor experience. enough benches male changing rooms, busy times there's enough space change. private changing cubicles male changing rooms small, making impractical use. enough new equipment added legs refurb compared gyms.",2,52.524461,-2.0492538,GB
Liverpool Central,2023-07-09 03:08:00,change dirty good,1,53.4042207,-2.9795092,GB
Newcastle St James,2023-07-09 02:01:00,showers disgusting cold water option,1,54.974046,-1.6179644,GB
Leeds City Centre South,2023-07-09 00:49:00,"shame valuable customer years sudden dis allowed access pure gyms allowed past, work ever use feel comfortable member pure gym community allowed access various gym around leeds travel outside leeds big shame fall way pure gym gone making think moving jd gym pr gym way effected member ship",2,53.3803135,-1.4706053,GB
Wirral Bidston Moss,2023-07-09 00:22:00,"speakers work spin class, neither microphone instructor shout . sink fill water bottles upstairs ladies changing room milkshake stain everyday week 🤢",2,53.410373,-3.076908,GB
St Ives,2023-07-09 00:01:00,"plus member paid sports water, provided, better subscribe core member.",1,50.2149064,-5.4795083,GB
Runcorn,2023-07-08 23:35:00,floor getting worse still fixed fly machine seat.,1,53.3421509,-2.7334941,GB
Ormskirk,2023-07-08 23:29:00,equipment scattered,2,53.5673603,-2.8859603,GB
Glasgow Robroyston,2023-07-08 23:05:00,gym dirty particular big room strairs,1,55.886885,-4.1743912,GB
Sutton Coldfield,2023-07-08 22:27:00,"oversubscribed, enough equipment. equipment frequently goes takes ages repair. parking free poorly lit park far entrance days. gym recently removed hand towels antibacterial spray, making wholly unhygienic unpleasant experience.",1,52.5623089,-1.8239794,GB
Dudley Tipton,2023-07-08 22:14:00,"joined gym disable member hope support unfortunately manage exercises, every time try contact gym’s manager busy even try contact email easy get access email",2,52.524461,-2.0492538,GB
Manchester Debdale,2023-07-08 21:54:00,spin classes constantly cancelled times changed incredibly frustrating work you’re trying work that.,1,53.4601898,-2.1545545,GB
London Tottenham Court Road,2023-07-08 21:41:00,"pure gym tcr year now. enjoying classes instructors disappointing see best classes (step - zumba - pilates - yoga) external instructors, sold every week charged extra. shame add extra cost classes clearly super popular giving 2-weeks’ notice gym members. please reconsider many people already thinking go another gym due extremely unconscious decisions.",1,51.5163525,-0.1313917,GB
Grimsby,2023-07-08 21:02:00,"grimsby branch clearly trying save electric bill air conditioning essentially non existent. equipment's good gym enter summer almost impossible cardio sweating much can't physically see due covering eyes. again, nothing like colder seasons weather warms, unbearable much there. like freedom puregym offers place exercise time day, however absolutely looking elsewhere keeps genuinely cannot exercise heat!",2,53.5671407,-0.0788045,GB
Tunbridge Wells,2023-07-08 20:23:00,"membership got cancelled said make rejoin paid joining fee promised pay back, never happened!!! communication ever really bad customer service one cares anything, absolutely ridiculous!!!",1,51.1371483,0.2673446,GB
Catford Rushey Green,2023-07-08 19:03:00,strong smell urine around showers,1,51.4465685,-0.0190676,GB
Northampton Central,2023-07-08 18:09:00,"receive pin paying day pass, complete waste money. help staff.",1,52.2365694,-0.8982839,GB
Bradford Thornbury,2023-07-08 16:17:00,air conditioning early hours far many pieces equipment broken left broken many weeks months time poor cleanliness standards,2,53.8030213,-1.7048953,GB
Edinburgh Fort Kinnaird,2023-07-08 13:34:00,gym really messy untidy. equipment left scattered everywhere. cleaning equipment available everything left sweaty previous user. male toilets changing rooms beyond filthy absolutely stink.,2,55.9334724,-3.1059406,GB
Hull Anlaby,2023-07-08 13:29:00,gym users spend time phones training sitting kit. numerous incidents vaping gym changing rooms. changing rooms akin youth club times,2,53.7445573,-0.3999127,GB
Newport Gwent,2023-07-08 11:42:00,"dirty especially around free weights area, cant remember last time saw cleaners helped lazy members leaving half empty/empty bottles used blue paper place. biggest irritation fact aircon switched overnight 24hr gym members 3am quickly starts smell hot there, thode us come early ones serious working feels like treated like non members, everyone works 5! shame small gym decent equipment,",2,51.590121,-2.9985571,GB
Birmingham Longbridge,2023-07-08 09:45:00,"cutting costs reducing air conditioning however breath have/are raised membership fee £3. even tho gym sauna, feels like working one.",2,52.3940521,-1.9807506,GB
Epsom,2023-07-08 06:05:00,air con hot inside gym.,2,51.3326098,-0.2678212,GB
London Wall,2023-07-08 01:33:00,idiot cow manager,1,51.5099294,-0.0760209,GB
Northolt,2023-07-07 22:37:00,stinks body odour walk in! poor ventilation gym i’ve never one ever stank body odour walk in! it’s like months don’t know haven’t done anything prevent it. changing rooms also stink don’t look hygienic!,1,51.5484582,-0.3695247,GB
Coventry Skydome,2023-07-07 22:28:00,use attend coventry warwickshire park moved house attend skydome location i’m happy air con warwickshire park site better machines look newer air con. i’m going change membership back warwickshire park drive instead.,2,52.4075589,-1.5184111,GB
Sunderland,2023-07-07 21:22:00,"personal trainers stay long, either fired ridiculous reasons move cant afford pay pure gym fees! group us would go late classes due work. trainers good & correct especially lifting weights. unprofessional dancing etc. front class cool offering wanted?! dangerous muscles cooled leads injury. seriously thinking changing gym.",2,54.9058512,-1.3828727,GB
London Putney,2023-07-07 21:10:00,changing room showers bit dated never hot water,2,51.4625314,-0.2163018,GB
Camberley,2023-07-07 20:54:00,"showers cold dirty, equipment condition poor. whole place need refurbishment",1,51.3392845,-0.7460981,GB
Newcastle Eldon Garden,2023-07-07 20:04:00,"gym smelled really bad. don’t think air conditioning working. large number lockers men’s changing room broken, bent service.",1,54.9757161,-1.6168648,GB
Birmingham Snow Hill Plaza,2023-07-07 18:29:00,enough equipments enough free weight,2,52.4848692,-1.8983889,GB
Brighton London Road,2023-07-07 17:11:00,"filthy, smelly, damp odour. crowdy, messy insalubrious. even dangerous health gym members. surprised closed council. wondering talking about, please check top floor atmosphere. check windows wall studio upstairs, full black mould. check celling studio: covered green mould.",1,50.83681,-0.1362631,GB
Hitchin,2023-07-07 17:00:00,"worth money smaller gyms like hitchin. machines dont work properly. always queue use everything hours day. many machines would think essential don’t exist. paying highly monthly amount, don’t choose hitchin main gym",2,51.9486943,-0.2779124,GB
London Camberwell Southampton Way,2023-07-07 16:24:00,paying hour service 25% cannot access showers. credited back account.,1,51.477729,-0.0815988,GB
Walsall Crown Wharf,2023-07-07 12:55:00,get free parking car park would help,1,52.5872454,-1.9883526,GB
London Bermondsey,2023-07-07 11:42:00,ladies changing room smell. drainage faulty. equipments faulty. list could go on.,1,51.4970125,-0.063268,GB
Yate,2023-07-07 11:07:00,"normally, never leave negative review like karen. however, believe raise concerns facility order rectified. member another gym years can't fault apart hours longer accommodates life style. several gyms along side original gym membership find one suit me. cancel membership happy found gym me. gyms tried competitors, say gym comes top keen make move gym permanent long issues looked into. cope fact air con cold enough hot gym. breaking sweat gym aim anyway live that. love big competition squat rack weight plates. issue fact always trained own. never bothered gym partner gym time time. means watch form correct lift going plan. always fine solo training always managed lift correctly safely. possible use large mirror like already certain locations. carry big compound lifts squat racks would feel much better use mirror. reason given two star rating fact love gym facility suits needs perfectly apart issues listed above. deal everything mentioned far. can't cope can't stress enough lack cleanliness male changing rooms. member gym since 7th june day one hand dryer order. that's issue things break, least provide alternative way drying hands hand dryer use. really fan trying lift weights moist hands. dryer major cleanliness concern. fact since 7th june blood stain wall cubical unacceptable. know blood stain toilet 7th went use facility since cleaned everywhere wall. 29th june. blood stained wall days. aware gym always manned staff, id like think something like would addressed day happened. disgusting health hazard others since directly toilet paper dispenser. taken photos facility blood stain dates photos taken circled. unfortunately can’t upload review happily send ever requires them. hope company take positive feedback improve on, look issues benefit members. minimum id expect blood cleaned toilet cleanliness rota put place. apologise karen it’s normally nature ever company believe feedback important. send copy via email also ensure gets needs to. thank mac (the karen)",2,51.5403113,-2.4134281,GB
Romford,2023-07-07 11:01:00,crowded. still go still pay,1,51.5760462,0.1822646,GB
Witney,2023-07-07 09:07:00,way busy - oversubscribed creates uncomfortable environment. weights one corner makes intimidating many people there.,2,51.7838848,-1.4852861,GB
Bath Victoria Park,2023-07-06 22:43:00,"temperature rubbish poor air conditioning, far warm humidity making difficult workout. cleaning unit removed plenty customers still use them. bath gym needs good clean dirty equipment & changing rooms.",2,51.3856653,-2.3766501,GB
Bristol Union Gate,2023-07-06 22:40:00,could occasionally make classes puregym. lost trust booking sessions cancelled one minute ‘began’. contacted customer services refund apology offered. waste time. don’t seem take care customers longer.,1,51.4574315,-2.5919625,GB
Glasgow Shawlands,2023-07-06 22:39:00,"really enjoyed gym, good choice classes spread fairly across week accommodate members. much now. lots good instructors left gone elsewhere. staffing issues, class timetables choice classes changed detriment members. raised management, whilst accept constraints placed individual clubs terms shifts, affect class availability, clear lack forward planning reluctance accept instructors unwilling take certain classes impacts members experience. perhaps puregym ask instructors leaving...",2,55.8293953,-4.2924269,GB
Bournemouth the Triangle,2023-07-06 21:18:00,"puregym triangle awful, much worse sites poole mallard road. many machines broken several years. changing rooms showers dirty poor drainage. needs investment replacement equipment allow people variety.",2,50.7202399,-1.8840071,GB
Bradford Thornbury,2023-07-06 20:38:00,"smelly toilet airfreshnes,no toilet roll,no soaps dispensers.",2,53.8030213,-1.7048953,GB
Nottingham West Bridgford,2023-07-06 19:59:00,"""gym all"" joke gym look part made happy take money help ask gym looking person",1,52.9310754,-1.1256663,GB
Bradford Idle,2023-07-06 19:59:00,"gym small (bradford idle), equipment needed",2,53.8352205,-1.7304012,GB
Gravesend,2023-07-06 19:33:00,wanted freeze membership 2st july till 2st august. able it.,1,51.4424747,0.3694468,GB
Leeds Thorpe Park,2023-07-06 18:23:00,"sort air con please, set warm, hot stuffy humid sweaty",1,53.8006255,-1.4261013,GB
Manchester Urban Exchange,2023-07-06 15:08:00,want better plate loaded equipment. something fitted bodybilding gyms like ultra flex dedicated supergym.,2,53.4817408,-2.2283336,GB
Camberley,2023-07-06 14:48:00,classes get cancelled time sometimes class weeks row.. booked get started appointment show everything first day even got cancelled ended asking random people could find changing room etc.,1,51.3392845,-0.7460981,GB
London Bermondsey,2023-07-06 14:14:00,many members can't get machines. enough low weight dumbells. equipment left strewn around. changing rooms smell. gym horribly humid.,1,51.4970125,-0.063268,GB
London Southgate,2023-07-06 14:07:00,bad facility messy,1,51.6323183,-0.1277858,GB
London Bromley,2023-07-06 13:20:00,"aircon,no hot water,no cleaning weekends.",2,51.3668569,0.0617091,GB
Ashton-Under-Lyne,2023-07-06 13:17:00,horrible gym daylight whole building. it’s benches days barely machines. machines “matrix” terrible nothing muscle part training. stepper order month update fixed. god forbid forget headphones you’ll forced listen unmotivating music. want hear taylor swift whilst working out? it’s horrible gym used last resort.,1,53.4865407,-2.098691,GB
Edinburgh Ocean Terminal,2023-07-06 12:56:00,"machines order, general cleanliness standard good, music way loud 5am mornings. appear reset done night before. equipment put back correct place. appreciate staff know members put things back, pretty much things complaining months.",2,55.9808597,-3.1779217,GB
Gateshead,2023-07-06 12:37:00,first cardio room smells real bad there’s lot black mould weight equipment near changing rooms,2,54.9625789,-1.6019294,GB
Norwich Aylsham Road,2023-07-06 12:10:00,yanga water machine empty every time week it’s coming plain water. one machines yellow plug keeps flying it’s used. air con barely put on.,2,52.6411579,1.2882664,GB
Plymouth Alexandra Road,2023-07-06 11:20:00,"opinion person matter problem cheap gyms attracts weird people gyms want make money obviously tell off, feel like time tell guy curling dumbbells needs change jeans care pump night 🤣 staff basically walk around time time see what's going hide sit phones",2,50.3818354,-4.1266441,GB
Ashford Warren Retail Park,2023-07-06 09:23:00,unaware system unhappy. got membership attended around times small baby aware paid months wanted go i’m charged £40 cannot afford it.,1,51.1583631,0.8682394,GB
Romford,2023-07-06 08:46:00,"already way gym morning received email saying closed live romford travelling ilford beckton. also emotionally unstable personality disorder, depression, adhd anger issues. would sort thing would tip edge.",2,51.5760462,0.1822646,GB
London Oval,2023-07-06 07:15:00,men’s showers order months!!! getting queues men deep. late work this. done.,1,51.4818339,-0.1123953,GB
Bradford Thornbury,2023-07-06 06:34:00,machine order takes months fix showers r good v poor showers water coming properly people hairs,1,53.8030213,-1.7048953,GB
Telford,2023-07-06 04:36:00,music way loud spin classes gives headache cant focus whole using general areas gym,1,52.6780532,-2.4514219,GB
London Bermondsey,2023-07-06 02:34:00,crowded! nearly impossible get barbell desired machine available!,2,51.4970125,-0.063268,GB
Bangor Wales,2023-07-06 00:52:00,"way busy, degrades customer's experience. waiting time machines long. machines/equipment alternatives. either increase equipment/space increase price reduce amount people.",2,53.2277163,-4.1268822,GB
Walton-on-Thames,2023-07-06 00:21:00,good gym staff really nice steven completely rude don’t appreciate privacy.,2,51.3856837,-0.419814,GB
Bournemouth the Triangle,2023-07-06 00:05:00,"decent enough gym. equipment dirty!. every time use barbell, hands disgusting black!. putting. puregym care basic hygiene.",1,50.7202399,-1.8840071,GB
Blackburn The Mall,2023-07-06 00:03:00,"cleanliness, management.",2,53.7489149,-2.4826216,GB
London Enfield,2023-07-05 23:31:00,"recently reactivated membership off-peak package pure gym enfield, enticed affordable price £22. however, experience far satisfactory. main issue off-peak package restricts users access gym 21:00. limitation resulted overcrowding available hours, making incredibly challenging find space, machines, free weights use. defeats purpose gym membership cannot utilise facilities due excessive demand. pure gym enfield offers solution problem providing upgrade option additional £7, allowing subscribers access facilities time. however, feels like unnecessary expense overcome gym's overcrowding issue. furthermore, found standards gym disappointing. ventilation system appears inadequate, especially air conditioning operation. poor ventilation poses potential health safety risk, particularly intense workout sessions fresh airflow crucial. overall, experience pure gym enfield unsatisfactory. overcrowding issue off-peak hours, coupled need pay extra better workout experience, left disappointed. subpar ventilation system exacerbates problems raises concerns gym's commitment members' well-being. hope pure gym enfield takes issues consideration makes necessary improvements provide better experience members.",2,51.6517156,-0.0786839,GB
Manchester Eccles,2023-07-05 22:39:00,dislike layout gym. much preferred previous site. tvs cardio area. free weights never tidy available upstairs. dislike layout downstairs always move weights left previous users,1,53.4840887,-2.3375175,GB
Southampton Shirley,2023-07-05 22:39:00,dirty unfriendly.,1,50.9214711,-1.4323205,GB
London North Finchley,2023-07-05 21:47:00,"toilets always dirty, full kids smoking vapes cigarettes locker rooms, barely enough equipment peak hours. high schoolers shouting around gym time, music classes extremely loud heard around whole gym.",1,51.6124905,-0.1756922,GB
Edinburgh Fort Kinnaird,2023-07-05 21:35:00,"crowdy, enough equipment, disgusting showers, loud annoying music",2,55.9334724,-3.1059406,GB
Newbury,2023-07-05 21:12:00,seems like water temperature dropped showering isn’t enjoyable drains showers smell,2,51.4020243,-1.3242212,GB
Bradford Idle,2023-07-05 21:10:00,music / radio playing,1,53.8352205,-1.7304012,GB
Rayleigh,2023-07-05 20:43:00,nothing wronv persay. wasnt,2,51.5884892,0.6012418,GB
London East India Dock,2023-07-05 20:39:00,"often leave early guy (jonathon) works weekends compromise lower volume music classes. dangerously loud. says personal preference play loud visit gym around schedule. happened multiple times. someone completed week course, pretty arrogant. edit: reading suggestion inform management, assured staff member (jonathan) would change nothing. grin pure satisfaction.",1,51.51103,-0.0228617,GB
Southampton Shirley,2023-07-05 20:29:00,"exercising yesterday one managers attacked verbally took bench , near aggressive apparent reason. using bench texting someone exercising least minutes since started using it. said block me. suspended. never seen low quality standards coming someone claims.to manager. abusing powers manager. gym located shirley southampton",1,50.9214711,-1.4323205,GB
Ashford Warren Retail Park,2023-07-05 20:00:00,unhappy showers moment. cold past weeks using smell like sewage,1,51.1583631,0.8682394,GB
Altrincham,2023-07-05 19:48:00,"equipment much older gyms borderline unsafe grips bars sliding off. gym full year olds messing around. music isn’t great gym either far quiet, gym atmosphere all! reason go it’s 24hrs regularly go later night. would like add staff lovely people hence second star.",2,53.3839662,-2.3525463,GB
London Greenwich,2023-07-05 19:26:00,clean facilities removed greenwich gym,2,51.4686256,0.0488306,GB
Corby,2023-07-05 18:37:00,crowded difficult get weight lifting apparatus,2,52.4877341,-0.7032713,GB
Peterborough Brotherhood Retail Park,2023-07-05 18:13:00,gym looking good dirty everywhere. trainers look people something wrong training.,1,52.6002891,-0.2642011,GB
Leamington Spa,2023-07-05 18:09:00,toilets bad really,2,52.2913394,-1.536404,GB
Romford,2023-07-05 17:47:00,"dirty toilets,tissue hand sanitizer never filled up,gym floor smells.hygiene appalling.",1,51.5760462,0.1822646,GB
Doncaster,2023-07-05 15:48:00,"enough machines open windows mean every see it, plus high heat sun burns needs tinted windows machines, wait minutes treadmill",2,53.5227681,-1.1335312,GB
Waterlooville,2023-07-05 14:11:00,member two months first day air conditioning broken done fix bucket put underneath unit catch water constantly drips it. two machines also remained broken since joined frustrating gym certainly doesn’t abundance equipment breaks major impact customers.,2,50.8797911,-1.0314789,GB
London Bank,2023-07-05 11:06:00,"poor experience access, app slow, often doesnt open qr code, locked one minutes let out. ask handyman let out.",1,51.5131048,-0.0893749,GB
Southampton Central,2023-07-05 10:44:00,shower facilities smell bad need work,2,50.9074977,-1.4142289,GB
Manchester Stretford,2023-07-05 10:42:00,"gym needs cleaned up,particularly experienced plandemic couple years ago.bins full,no paper wipes downstairs gym,a general grimy appearance.",2,53.4680344,-2.2457149,GB
Loughborough,2023-07-05 10:25:00,never music anymore. vibe quite dull. time there's class. peak time too.,2,52.7723859,-1.2077985,GB
Manchester Debdale,2023-07-05 10:22:00,equipment working problems batteries. keep receiving emails saying cancel class did. restricting classes even though i’ve cancelled classes empty receive people (cycle class). supposed retain members push away restricting them.,1,53.4601898,-2.1545545,GB
Torquay Bridge Retail Park,2023-07-05 09:56:00,ladies toilet overflowing poo,2,50.4831147,-3.547928,GB
London Sydenham,2023-07-05 09:42:00,machines broken- ceilings broken-they fix ceilings leak. studio floor never floor laid properly bubbles trip kill well studio poorly lit- want see bubbles floor. front door broken almost year. join cheaper gym road.,1,51.427742,-0.0542215,GB
Leeds Hunslet,2023-07-05 09:23:00,gym nastiness gym cleanliness gym awful never gets cleaned never anything thing clean equipment. staff sleeping clients flirtatious nice thing see gym. equipment run dated,1,53.7786185,-1.5282492,GB
Cambridge Leisure Park,2023-07-05 09:13:00,"run locker room , toilets equipment. loud music early morning makes visit gym unpleasant experience 🙁",1,52.1900026,0.1367799,GB
Witney,2023-07-05 09:10:00,aircon. helpful staff. cleaning tissue always empty.,1,51.7838848,-1.4852861,GB
Wrexham,2023-07-05 07:30:00,"busy, equipment dirty",2,53.0465084,-2.9937869,GB
West Thurrock,2023-07-05 02:26:00,air conditioning never works . gym equipment either old broken it’s cheap. get paid,1,51.47712,0.2721259,GB
London North Finchley,2023-07-04 23:26:00,"many kids phones taking machines completely minimal work outs, maybe set every mins.. ridiculous.",1,51.6124905,-0.1756922,GB
London Park Royal,2023-07-04 22:09:00,"recently asked pure gym submit feedback following recent visit. highlighted lack cleaning stations cleaning products gym . stephen , responded usual blah blah, asked stephen ( deputy manager ) pure gym values members health, bacteria, germs goodness still rife .. sadly response. asked stephen explain cleaning stations ladies gym , response .. ‘they found main part gym’. male dominated area! highlighted response. stephen speaking behalf large conglomerate pure gym decided paying women members choose remain ladies area warrant hygiene station. - comment stephen please explain cleaning station available ladies gym? ok bacteria , germs, sweat etc passed person machine person again? gyms would signs say wipe use? stephen’s response: cleaning station main floor everyone use. everything found terms conditions people sign regarding wiping ! unbelievable completely ignoring seriousness issue. thanks response, cannot visited park royal gym recently. said pandemic time hygiene standards exemplary, substandard members health wellbeing important!! it’s cost saving exercise wish you’d admit this. sadly, response says lot i’m afraid lose another member. i’d interested see government guidelines mentioned i’m unable locate gov.uk . sadly park royal , near hygiene levels mentioned others.. supposed todo according sports england dept ensure clean surfaces equipment must make sure equipment provided part activity cleaned frequently appropriate products, disinfectant wipes. shared equipment provided venue organisation must periodically washed thoroughly.",2,51.5264341,-0.2839348,GB
Birmingham Beaufort Park,2023-07-04 22:00:00,"day suspension individuals left weights floor, warning straight suspension. absolutely shocked. pure gym moto everyone welcome... sure feel welcomed. 1. prior warning suspension. 2. personal trainer working 5am say polite word us anything wrong. 3. induction even receive apology went in, two days gym suspension.",1,52.493268,-1.8171797,GB
Wolverhampton Bentley Bridge,2023-07-04 20:06:00,"expected invest new machines disappointed year spoke manager tom said money buy new machines said would useful change year, nothing changed waste time talk sorry honesty",1,52.5968429,-2.0898197,GB
Bristol Union Gate,2023-07-04 18:26:00,pin refused unable enter gym. complained reply. cancel subscription years,1,51.4574315,-2.5919625,GB
Bradford Idle,2023-07-04 18:22:00,trying think anything positive look end day use gym four times week use homeless moment convenient needs moment time like gym day sunday think saw three teenage lads squat rack using properly knowing squat one instructors walked passed said something using incorrectly walked chat bird one machines could taken minute help lads second time gym ended showing basics maybe instructors job minute help knowledge goes along way,1,53.8352205,-1.7304012,GB
Maldon Blackwater Retail Park,2023-07-04 18:09:00,"pure gym gone hill , equipment either broken order , accessories falling apart . showers dirty toilets , cleaner great job , get cleaned sure later awful members leaving disgusting way. positive note members always asked equipment free finished set , even smile",2,51.7361235,0.682067,GB
Sheffield City Centre South,2023-07-04 18:06:00,air con throughout gym changing rooms?,2,53.3755841,-1.4673519,GB
London Kidbrooke Village,2023-07-04 17:00:00,gym small always busy wasn’t able cancel membership spend extra £30 another month without using cancel direct debit bank.,1,51.4614006,0.0259584,GB
Norwich Aylsham Road,2023-07-04 16:53:00,gym classes far noisy. music instructors voices loud it’s deafening end gym much worse one trying work location. environment air quality sometimes poor.,2,52.6411579,1.2882664,GB
London Angel,2023-07-04 16:40:00,"hopeless. hate you. one phone, one e-mail. screw you. take £43.99 account direct debit. stupid app says membership. oh wifi never works gyms. double screw",1,51.5324874,-0.1060356,GB
Telford,2023-07-04 15:18:00,many underage kids grouping around machines taking pictures chatting wile people waiting,2,52.6780532,-2.4514219,GB
London Holborn,2023-07-04 14:10:00,staff branch circus clowns! also train head muscles (if any...) :-d,1,51.5195982,-0.1137266,GB
Nottingham Basford,2023-07-04 13:18:00,"firstly, complaints equipment staff - there's great choices staff polite. however, gym stuffed brim juice head men young boys takeover kind weight-involved equipment, stare girls throughout visit, intimidating stopping considering using equipment. needs ladies section, ladies day/specific hours. understand mixed gym, predominantly men, uncomfortable make visits women. strongly considering leaving already month feel cardio minutes leave try extra bits home. considering price, needs put place make accessible genders. targeted men - pure simple. going likely pay higher monthly payment gym ladies section gym. lift weights too.",2,52.9816725,-1.1783596,GB
Birmingham Arcadian Centre,2023-07-04 09:54:00,"write reviews nothing ever changes!! people moving taking weights, clips etc..no spray wipe machines weights down..just general lack care others, really poor getting worse",2,52.4747581,-1.8965083,GB
Newport Gwent,2023-07-04 05:34:00,air conditioning work. machine broken.,2,51.590121,-2.9985571,GB
London Acton,2023-07-03 19:21:00,recently joined gym advertised opening hours opening 6am. went gym 6am 3rd july waited mins gym shut. looking refund totally misled joining false opening hours,1,51.5027051,-0.2799643,GB
London Camberwell New Road,2023-07-03 17:25:00,"many gyms time, far worst gym experience many years training. never gym people inconsiderate, one puts weights away, includes staff. staff unfriendly, put stuff away, tell clients to. nobody follows rules plastered walls. quite frankly suggest anyone goes gym, better travel another gym, even further.",1,51.4802321,-0.1081217,GB
London Camberwell New Road,2023-07-03 17:19:00,one put weights away? even staff?,1,51.4802321,-0.1081217,GB
Blyth,2023-07-03 17:14:00,"showers freezing cold low water pressure last visit. speak anyone time member staff building. 5pm saturday well! tried contact using email fb messenger report issue get fixed, got unhelpful automated responses nothing issue.",1,55.1270903,-1.5099726,GB
Birmingham Longbridge,2023-07-03 16:54:00,"zero customer service. wanted join class listed boards app. central number disconnects you, telling use facebook/twitter. facebook messaged ask join bot couldnt understand basic english commands. frustrating. worth money paid for, considering amount money gym minutes away pool, steam room staff!",1,52.3940521,-1.9807506,GB
Manchester Market Street,2023-07-03 11:37:00,"rather disappointing experience gym. management gyms greatest express problems staffless. customer service great either via twitter etc takes days respond, easier live chat phone number. changed home gym plus member, told price would stay 30.99 per month, find charged 46.98 said thing about. weeks later decided cancel membership use remaining days friends 'bring buddy' option plus member. however, checking account, see option bringing buddy taken would let sign somebody else frustrating considering paid benefits whole month decided cancel goes. happening cancelled.",2,53.4824808,-2.2411908,GB
Leeds Bramley,2023-07-03 11:27:00,price increases less year time overall standard gym decreased. men’s toilet area often poor state. machines break often action many weeks. days music on. past years written positive reviews unfortunately standards dropped. think pure gym company staff personal trainers bramley ones speak friendly. one thing gym still fantastic ingrida always friendly helpful sort person pure gym lucky working them. review pure gym give stars. ingrida would give stars.,2,53.8118759,-1.6251903,GB
London Marylebone,2023-07-02 14:19:00,1. gyms open 24/7 2. machines limited 3. terrible customer service & barely one working onsite help person 4. overpriced quality provide 5. gyms closed saturdays sundays? kind gym closes weekends 6. puregym marylebone always packed limited access women 7. inclusive gym all- machines & equipment set men,1,51.5243712,-0.163592,GB
Blyth,2023-07-02 14:10:00,"showers freezing cold low water pressure last visit. speak anyone time member staff building. 5pm saturday well! tried contact using email fb messenger report issue get fixed, got unhelpful automated responses nothing issue.",1,55.1270903,-1.5099726,GB
Bath Victoria Park,2023-07-01 19:20:00,hell deal place? there's never music playing hours. depressing.,1,51.3856653,-2.3766501,GB
Northolt,2023-07-01 11:11:00,staff ignorant attitude issue. always packed matter time go! cardio machines need desperate upgrade! free weights room always packed like pack sardines!! years gym going hill!,1,51.5484582,-0.3695247,GB
Manchester Eccles,2023-07-01 04:10:00,"lousy gym... previous gym also puregym, one salford. paying £16.99 month gym great, big, well equipped, machines good condition, clean. eccles puregym shame, small, cannot train well machines crowded due lack space, machines sorry state.... make lot noise... variety machines all, equipment deteriorated. changing rooms/shower/locker small. lack cleanliness. bad gym, least lower high price £22.99, fair pay monthly fee gym lousy services.",1,53.4840887,-2.3375175,GB
Bradford Thornbury,2023-07-01 00:37:00,complaint regarding gym changing rooms showers. recently stuffy warm changing rooms. could putting air condition changing rooms. also shower cubicles need unblocking making sure clean. appreciate trying keep costs low reduced water temperature pressure. shower unclean shower cubicle acceptable. hope action taken regarding blocked cubicles.,2,53.8030213,-1.7048953,GB
London Hayes,2023-06-30 15:43:00,"menager staff need interesting missing eguipment cleaning general cleaning !!! walk around going nothing . gym smelly , dirty safety . stołen bag last time dont check camera , avoided raport. bad !!!",1,51.6621711,0.7083861,GB
Paisley,2023-06-30 08:58:00,poor gym. hot water showers months. nobody cares.,1,55.8455828,-4.4239646,GB
London Tottenham Court Road,2023-06-30 00:11:00,"reviewing puregym whole, member attends tottenham court road marylebone. fed class changes, massively affected fitness journey. marylebone started charging £4 particular step class, plummeted overnight attendees eventually got cancelled. applied tottenham court road. result looking elsewhere brand lacks care quality care members seek fitness routine that's guided instructor comfort class. puregym instructor led classes lack enthusiasm inspiration. lead class without involvement even breaking sweat; inspiring! contrast, trial error across puregym locations (swiss cottage, marylebone, tottenham court) private instructor lead classes (specifically aerobics/ step/ pilates) instructors give 110% effort every class. shame already seen favoured fully booked class marylebone go drain, see another favoured class tottenham court same. fed currently trialling gym brands, puregym let lot members down.",1,51.5163525,-0.1313917,GB
Walsall Crown Wharf,2023-06-29 14:17:00,parking horrible,1,52.5872454,-1.9883526,GB
Birmingham Maypole,2023-06-29 00:53:00,"gym okay, going years, used love classes. don’t feel confident comfortable men instructing classes, alternatives women instructors, miss going classes.",2,52.4421234,-2.0024082,GB
London Limehouse,2023-06-28 23:21:00,"fat-shaming place used promote self-confidence positive body image vile. recently made aware email sent one puregyms ""personal trainers"" clients shocked understatement. ""pt"" question used terms 'fat-slob' attempt motivate clients work harder lose weight. fat phobic comments bullying perpetuating eating disorders (some highest mortality rates psychiatric disorder). nobody immaturity confidence send email allowed work industry. many people spend months working confidence walk gym email validation fears. naming shaming pt online unlike man, believe bullying ever solution. although, given confidently parades ignorance clients (and instagram account) sure wont hard limehouse managers guess is. disgusted hope fired. (this post supposed stars let post comment without rating)",1,51.5133074,-0.0351492,GB
York,2023-06-28 17:41:00,"gym equipment often broken connot used. poor hygene /bins overflowing. equipment rarely wiped staff users great. poor hygene generally. gym often overcrowded people queing use weight resisitance machines. lack windows makes place feel dingy dim soviet-era. tv screens watch sky news would nice lots gyms 15-20 years ago. less intense lighting would nice. whole place vaguely subterranean air due lack sunlight-like gym mining colony mars. also impressed cancelling hour access gym little communication. locker room ""shuts"" locks 23:00 hours meaning realistically cannot use gym 22:45 hours. severly unimpressed major factor joining. addition gym staff number. realistically price point understand pool prehaps option kind members area people could meet/socialise /get non-alcoholic drink would nice. fitness first (now 24/7 fitness) odd years ago similar/smaller floorspace, can't see cant done here.",2,53.9656578,-1.0743052,GB
London Enfield,2023-06-28 16:48:00,"going gym since opened & part fine, staff always polite & helpful needed recently state building obviously fell standards... gym currently closed 2nd day row there's running water... obvious inconvenience desire travel southgate cheshunt rush hour go either gyms. convenient member cheshunt enfield anyway newer gym & also free parking, also cheaper (fr. £19.99 month) enfield (fr £24.99 month). addition recent water issue, last weekend ""no hot water"" signs changing room doors, weekends ago power cut half gym darkness big hole entrance hall men's changing rooms ages. understandably machines break & use time time, busy gym expected general state building becoming run & grotty, opinion reflection lack investment buildings keep puregym. needs refurb & money spent asap!",2,51.6517156,-0.0786839,GB
Southampton Shirley,2023-06-28 16:24:00,poor relationship car park operator meaning free parking advertised part membership easily cost much months membership fees. unfortunately offer free parking forget enter registration computer car park owner willing honour free parking let appeal it. parking alone cost £320 free. annual membership £240. it’s shame gym poor relationship provider services customers. joined gym improve mental health fact caused opposite happen.,1,50.9214711,-1.4323205,GB
Doncaster,2023-06-28 12:25:00,"buy expensive membership could book place classes even prebooked place class ended going home places occupied.. disappointed, wasted time fuel travel .. staff bothered well..i booked place attended session first time issue find available places arrived",1,53.5227681,-1.1335312,GB
Paisley,2023-06-28 12:04:00,hot water showers long time staff nothing,1,55.8455828,-4.4239646,GB
Wisbech,2023-06-26 23:30:00,"absolutely boiling!!! air conditioning, fans absolutely nothing. sauna can’t actually workout want think would faint did, recently close passing out, even wearing minimal sports clothing. don’t understand gym think it’s acceptable. tesco lovely air conditioned, can’t gym be. it’s gotten point wanting cancel membership exercising outside sun actually bearable.",2,52.6651733,0.1606824,GB
Gravesend,2023-06-25 13:22:00,air conditioning fixed.... even portable air conditioning units stopped working !!!! month.....,2,51.4424747,0.3694468,GB
Sheffield City Centre South,2023-06-25 01:58:00,air conditioning becomes bad gym. help staff either,1,53.3755841,-1.4673519,GB
Wirral Bidston Moss,2023-06-23 23:32:00,"like proper gym , issue , issue staff personal trainers. nice ones, majority strut around like personal gym , sit benches sessions , benches available, sit weight racks snd ignore move around , look around gyms moving soon .",2,53.410373,-3.076908,GB
Sevenoaks,2023-06-23 13:45:00,"puregym - sevenoaks decent gym management deal issues clearly listed rules, many people football / team shirts example. either policy enfrce ther policy. seen people treadmill sliders, weight machines workwear boots etc enforce standards please!!!",1,51.2745218,0.1961166,GB
London Ilford,2023-06-22 15:26:00,overall gym okay. management removed cleaning station contained paper towel sanitizer. people unaware members often leave sweated equipments making unhygienic use. please ensure restore cleaning station.,1,51.5589375,0.0689113,GB
Manchester Stretford,2023-06-21 13:55:00,"gym needs lot tlc. new equipment would great, could utilising space better there's much room allocated cardio machines use.",2,53.4680344,-2.2457149,GB
Milton Keynes Winterhill,2023-06-21 13:21:00,understand gym removing cleaning stations. basic hygiene feel comfortable train knowing clean use equipment. appalling make sense remove things.,2,52.0277439,-0.7636732,GB
London Tottenham Court Road,2023-06-21 11:32:00,"love going zumba steps london tottenham court road year now. warning gym less week notice given amazing instructors, going pay classes (on top membership). personally pay full membership £46 enjoy going classes. next week going extra £32 top pay already. goes ahead longer pay membership",1,51.5163525,-0.1313917,GB
London St Pauls,2023-06-20 22:25:00,hot...no staff around turn aircon on...people leaving gym this.,1,51.5100825,-0.0679695,GB
London Tottenham Court Road,2023-06-20 21:31:00,found budget classes going amazing classes like zumba steps going £4 top monthly membership. shall cancelling membership,1,51.5163525,-0.1313917,GB
Basildon,2023-06-20 21:07:00,majority team really friendly. good selection kit. main things let gym cleanliness tidiness. weights left around place especially visiting early morning nobody ever tidies up. cleanliness generally poor little/no sanitising spray flowing bins. top working sinks men’s changing rooms weeks sanitiser. nearest sink wash hands using toilets single disabled toilets. pretty much sums lack urgency pride lot team take (not all),2,51.5754602,0.4757363,GB
Manchester Stretford,2023-06-20 19:26:00,"air-conditioning working weeks now, machines outdated often broken. emailed gym reply, note trust pilot reply positive feedback.",2,53.4680344,-2.2457149,GB
Northwich,2023-06-20 17:26:00,"got pair glasses stolen here. understand responsibility something left outside locker, bus station, unlikely happen quiet hour, careful leave outside lockers. overall, equipment bad. edit: like stated above, understand staff responsibility, need highlight experience gym chains (such virgin), exact scenario. try reaching gym manager. however, able help, understand. thanks response",2,53.2602539,-2.5145104,GB
Staines,2023-06-20 13:30:00,"one personal trainers shouted friend reason told shut up. made uncomfortable company doesn’t seem care, cancelling membership recommending particular gym everyone.",1,51.434012,-0.511044,GB
Banbury Cross Retail Park,2023-06-20 11:09:00,went shower disappointed stone cold 😤not happy membership gone £2 ☹️,1,52.0735818,-1.3422432,GB
London Bromley,2023-06-20 10:14:00,"background check. applicants could buy course access vulnerable adults fatherless girls, alongside network people organised inside secret group chats- mocked gym members wrote positive reviews sect. viewable techniques also included humorous personas cryptic threats violence via stalking- charm people smokescreen deter giving evidence.",1,51.3668569,0.0617091,GB
Banbury Cross Retail Park,2023-06-20 07:51:00,"ice cold water - water tepid since last time broke months ago ridiculous!! loads machines “out order” always stay like months! air con - it’s stuffy uncomfortable place dirty stinks (from lack a/c people sweating also lack cleaning) place doesn’t look like it’s cleaned months! marks always floor dust thick! place going hill every day, management really care many us complained multiple times before!!!",1,52.0735818,-1.3422432,GB
Kirkcaldy,2023-06-20 06:00:00,"hi would like complain kirkcaldy gym. visited yesterday 16:30 sign door saying closed due water. spoke friend mine stays close gym later night water came back 17:30 water board carried repairs. decided would visit morning instead, checked app said gym open 24/7 drove find still shut signs up. that’s pretty poor service. refund please days gym closed? get message monday visited gym telling gym closed could use dunfermline gym really option, reason checked app morning!",1,56.1110218,-3.1582296,GB
Brighton London Road,2023-06-19 21:02:00,"pure gym brighton london road , horrible staff , friend trying get pressed button call help one us didn’t know create account , women extremely rude saying much , personally struggling really badly day anxiety sometimes cause go sort mute. friend one talking , helpful app rude nasty , turned waved face said stern voice “hello?!” said friend “does speak” rude disrespectful voice. love pure gym experience would never go back , owner really needs rethink hires women literal c**nt. friends mine experienced thing , literally pure gym london road. don’t know date incident , one right reviews , another friend mine mentioned situation gym rude employee decided say something.",1,50.83681,-0.1362631,GB
St Albans,2023-06-19 16:49:00,"love going pure gym st albans. fantastic instructors whose classes brilliant(rome, ricardo adam). look forward clemasses every week. getting sick gym keep changing teaching classes, time classes cancelling last minute. took daughter today attend specific class gets find decided cancel it. three memberships house seriously thinking cancelling management clearly seem care members.",1,51.753051,-0.3379675,GB
London Edgware,2023-06-18 10:08:00,instructor barked orders. made class boring experience. positive: music excellent play single song way through. frustrating.,2,51.6136623,-0.2749555,GB
West Bromwich,2023-06-17 21:56:00,ventilation gym body odour lingers puts going here. water machine never works vending machine vendors warm drinks!!! absolutely joke!,2,52.5186579,-1.9923114,GB
Uttoxeter,2023-06-17 12:01:00,"using gym since open, today asked member staff workout bike stop they’ve got classes 😀 it’s honestly joke. didn’t say anything leave gym. even told i’ve got min left need start classes. happy service especially open 24/7 due work. it’s going cancelled membership point pay even can’t workouts don’t understand. training plan day min cycling. picked gym went started exercise bike min finish one staff came asked first long got finish, looked watch said i’ve got min left finish. reply really sorry need stop need start classes. saying don’t understand.",2,52.8980321,-1.8649214,GB
Ballymena,2023-06-16 17:01:00,"website said 24/7 asked posts assured it’s open 24/7, went workout slightly midnight put stuff (house keys - motorbike keys - motorbike helmet - clothes - wallet etc changing area, finished workout went get gear & shower find doors locked & unable get personal stuff, vehicle & house keys & wallet locked in. walk home means paying taxi able ring taxi stuff locked building. climb windows late get house. total shambles & still received apology - equipment crap well, treadmills crap don’t even hold water bottle, weights slip hands it’s small. don’t waste time go dual carriageway mile proper gym (lifestyle)",1,54.8662966,-6.2760159,GB
Manchester Exchange Quay,2023-06-16 14:48:00,"start…. member gym number years seen huge decline gym run managed. gym facilities, air conditioning, equipment parking hit it’s time lowest point appears gym run ground. good thing gym space train many problems fixed dealt years issues overlooked anymore. speaking management issues it’s never ending excuses issues fixed dealt properly. it’s going get worse completely unacceptable amount money making memberships month. despite issues members complaints actually audacity increase gym membership months ago help “towards gym maintenance”, improvements made time it’s got significantly worse. small snapshot issues .. •the air conditioning gym stopped working soon hot weather arrives, third year row happened. mangers come gone time make excuses say working air conditioning unit uses smart system smart! unbearable train heat, pleasant breathing everyone’s germs body odours, sweating like sauna generally nice environment in. felt like going pass day, least last year left doors open hired large portable aircon units. i’ve start training gyms shouldn’t i’m paying membership. • gym equipment old tired needs replacing ( like new precor equipment south) things always broken order signs on, cable machines tired way out, dumbbells olympic bars mostly bent, cardio machines broken need serious maintenance. serious injury occur, it’s waiting happen! •cleaning facilities wipe equipment reduced since january therefore equipment clean be. might time day train personally never seen member staff cleaning equipment also changing rooms disgusting smell constantly. •the gym notify members months ago would building work commencing apartments across road building company would using upto car park spaces builders allowed park too. parking difficult members best times enough spaces gym capacity this. parking premium cannot park surrounding streets double yellow lines. don’t know finish. many occasions members train gyms busy 5pm can’t find parking space. •most pt’s unfriendly welcoming unless you’re part “clique” •the new assistant manager needs address issues raised myself, many members instead parading around gym gawping male members. find really uncomfortable actually hypocritical given promote “a harassment” campaign posters gym. check cctv, clearly see checking individuals out. •the gym listed gay dating/meet site members use facilities late night get alsorts. highly rated aswell believe not.. madness! it’s signed to. list endless matter manager takes managers head office, none appear anything it. unless something changes drastically, don’t think will, mass exodus members leave come back. shouldn’t charged nearly £30 month train substandard facilities management don’t listen address issues raised. thinking joining gym, favour find another one.",1,53.4663229,-2.2822821,GB
Chippenham,2023-06-16 09:09:00,changing rooms ridiculously dirty gym floor looks like never gets cleaned! gym cleaning regime staff following need employ new cleaners? leave good impressions whilst working deters coming back,2,51.4587621,-2.1159032,GB
London Bermondsey,2023-06-16 07:32:00,"nice big gym plenty equipment toilets always disgusting state, piece equipment breaks seems stay broken weeks end flavoured water dispenser seems dispense stagnant filth. isn’t based one visit use gym regularly.",2,51.4970125,-0.063268,GB
Staines,2023-06-15 22:23:00,it’s 30° outside air conditioner working! it’s totally hot workout. almost fainted fresh air also spoke members everything coming air conditioning it’s working since weeks,2,51.434012,-0.511044,GB
Birmingham Beaufort Park,2023-06-15 20:35:00,"canceled gym membership months due various reasons, primarily staff member (edit: management pure gym reported review identifying staff member name omitted review. however mentioned reviews google). acts like owns gym, regularly forcing members, including myself, weights section private class. also records classes social media picks members background probably don’t want video (i know certainly don’t want extra background boxercise vids). despite availability private room, insists disrupting workouts. first time witnessed rude behavior. member asked help malfunctioning machine, responded sour face inconvenienced even though literal job. additionally, frequently shouts uses foul language. reviews also mention similar experiences her. rest staff friendly renovated women's section great, gym often overcrowded, overall experience consistently ruined staff member. considering price increase dissatisfaction, decided switch thegym despite longer journey. edit: i’m entirely sure pure gym management asked update review. unless addressed issue member created hostile environment, reason make changes. simply stating theres tolerance behaviour make difference members gym🥴",1,52.493268,-1.8171797,GB
London Muswell Hill,2023-06-15 19:17:00,"fed manager muswell hill. driven wonderful trainers away bullying unreasonable behaviour. also created unpleasant environment gym customers. lost one particular trainer, former muswell hill gym users (myself included) moved class another gym. puregym monitor terrible staff turnover? serious problem. every time trainer leaves, classes cancelled taken less experienced staff. want reschedule work child care commitments every weeks manager another problem another member staff. puregym, losing fantastic staff clients really alarming rate. please look this.",1,51.5910395,-0.1420768,GB
Sheffield City Centre South,2023-06-14 18:32:00,"unfortunately sheffield south gym seem working air conditioning, warmer gym outside, really great exercise. find staff ask fault standard temperature mechanism app ask questions nature, twitter account appears inactive decade. give another try couple days improve cancelling membership",2,53.3755841,-1.4673519,GB
Luton and Dunstable,2023-06-14 09:04:00,"gym closed notice. info app, site facebook page. need go gym find closed. time wasters",1,51.8969557,-0.4744282,GB
Purley,2023-06-13 22:13:00,scam charged 70£,1,51.3388112,-0.1158589,GB
Manchester Spinningfields,2023-06-13 21:06:00,"keep moving cardio equipment around, doesn’t work machines used strategically placed aircon. however, main issue gym aircon extremely weak isn’t enough. one big fan whole gym aircons ceiling strong all. it’s really bad, heat, time. needs sorting.",2,53.4800153,-2.2517994,GB
Aylesbury,2023-06-13 19:45:00,"unacceptable temperature control pure, aylesbury. website pride keeping us safe yet start summer ac least fans! sure hope nobody collapses heat exhaustion given failure resolve this. paying customers, yes cheap gym need comply health safety regulations! bring back fans sort ac",1,51.8161412,-0.8130383,GB
London Wandsworth,2023-06-13 16:53:00,"puregym turned hot water showers, wandsworth hammersmith fulham. fulham, tell people cut ""footprint"". puregym really likes insult people's intelligence. seems trying cut electricity costs expense paying customers. money/profits language puregym understands time speak language. take social media public, sure, competitors happy find poorly puregym treats paying customers. bring attention online health fitness magazines reviewers. surely, health safety executive (hse), reminded time time visit inspect broken unusable handicapped bathrooms firehazards... edit: degrees laughable completely turned hot water!! can't believe people care hygiene. prepare visit health safety executive (hse) department. could care less carbon footprint make profit. people really think everyone ignorant uneducated",1,51.4570271,-0.1932607,GB
Bristol Eastgate,2023-06-13 12:46:00,"although love facilities provided gym, give star review simply due fact manager refusing turn ac levels up. getting hot outside even hotter inside gym trying work out. horrible paying money monthly can't even privilege cold air gym. appropriate surprised emergency due paying member passing due exhaustion. please sort asap, especially going get even hotter. also noticed case last year friends go gym noticing ac on.",1,51.4731698,-2.5663407,GB
Manchester Urban Exchange,2023-06-13 10:00:00,"love haim 🤢 controls playlist? surprisingly, ed sheeran doesn’t make want lift heavy. music better, would average gym.",1,53.4817408,-2.2283336,GB
Hednesford Cannock,2023-06-13 06:35:00,"broken machines fixed. order sign like months. reduced number bikes broken. asked twitter fix ran round merry dance trying contact elusive gym manager. communication customer service worst ever seen. fix equipment, rocket science.",1,52.7113843,-2.0025384,GB
Liverpool Central,2023-06-12 13:22:00,"hell charges weigh yourself? sorry find absolutely inexplicably disgusting people pay gym service can’t even access scale. it’s total total disgrace charge 70p someone weigh themselves, honestly i’m surprised there’s uproar guess people mainly lift weights complain.",1,53.4042207,-2.9795092,GB
London Putney,2023-06-12 11:44:00,attend classes keep sending emails saying haven’t blocking able book. impersonal one talk directly concerns.,2,51.4625314,-0.2163018,GB
Harlow,2023-06-12 01:02:00,harlow manager lier. asked happened wi-fi members said technical problem o2 . 3weeks later wi-fi . communication. total disregard members . price went benefits . tv work . machines order almost permanently. change layout members consultation. dirty everywhere. can’t see staff anytime. don’t join gym it’s going hill fast pace .,1,51.7685568,0.0949036,GB
London Muswell Hill,2023-06-11 21:15:00,poor management,1,51.5910395,-0.1420768,GB
Chester,2023-06-11 17:10:00,worst gym ever. specific one chester low standard. hygiene wise 0. maintenance -10. one leg press broken months now. gym equipments rusty. bars bad wonder recycling value. even lucky use toilet hand dryer comes on.,1,53.1908873,-2.8908955,GB
Cardiff Gate,2023-06-11 12:25:00,"always favourite gym (5 stars sure) it’s way hot now. weight lift it’s killing progress, can’t imagine cardio gymmers feel. shame really equipment great atmosphere.",2,51.5389707,-3.1315077,GB
Plymouth Marsh Mills,2023-06-10 18:15:00,"pure gym reduced shower temperature tepid earlier year, today marsh mills plymouth cold water. 8:30 manager duty, gym chaos. please don’t say you’ve referred gym managers, don’t reply plausible explanations!",1,50.3949594,-4.0824299,GB
Plymouth Marsh Mills,2023-06-10 18:10:00,"management site even though within managed hours. showers pure cold water even supposed hq mandate turn temperatures down. air conditioning upper floor. finally found staff member duty personal workout hidden studio. reply nothing post complaint sent email local manager ben beer well dan loughrey, supplied absolutely response let’s hope review gets ai response sent local manager already done. time take paying members seriously",1,50.3949594,-4.0824299,GB
London Stratford,2023-06-10 12:00:00,zero customer service. one reply immediately reply helpful all. 'out service' signs equipments broken weeks weeks. poor hygiene changing room clogged drain shower. crowding peak hours much waitng time use equipment. app slow buggy. bring cleaning liquid tissue gym provide see people sweat sticking benches. gym says cleaning wipes covid. covid people stops sweating totally fine use gross sweaty benches others.,1,51.541289,-0.0035472,GB
London Finchley,2023-06-10 11:46:00,"booked pilates 10.15.i min. late parking available also long que entrance. get people total allowed ""no space you"" even booked 6-7 unbooked people/managed get me/. rude lucy reynolds.another lady also shouted ""don't see space you"".that made cry...i never book pilates pure gym-finchley again!!",1,51.5973246,-0.1805587,GB
Aberdeen Rubislaw,2023-06-09 23:49:00,"staff really nice. spin bikes dangerous, please consider replacing them, speak staff tell same. time table needs changed regular basis, sure pure gyms went changed time table every weeks? classes friday/saturday/sunday nights? one water tap whole gym…really?",1,57.142821,-2.1391979,GB
Nottingham Beeston,2023-06-09 18:18:00,"going puregym beeston atleast years now. cancelled membership due cold shower. talking members gym im one that's unhappy shower temperature turned down, seems like change due ""upper management"". luckily live heart beeston new gym opened road. friends good bye puregym.",2,52.9209026,-1.2075548,GB
Sheffield Millhouses,2023-06-09 15:17:00,"air conditioning working one days visited received notifications previous weeks advising non planned closures, would helpful given choice alternative gyms easier get others.",2,53.3459759,-1.4969316,GB
Liverpool Central,2023-06-09 12:25:00,"machines cables well looked after. plates rusted, stuck, pins missing. annoying.",2,53.4042207,-2.9795092,GB
London Stratford,2023-06-09 12:09:00,equipments broken it’s don’t fix,2,51.541289,-0.0035472,GB
Bournemouth the Triangle,2023-06-09 11:16:00,"trainers extremely loud giving lessons, point making people deaf. sent formal letter managers nothing changed since then.",2,50.7202399,-1.8840071,GB
Glasgow Silverburn,2023-06-09 10:40:00,booked class tuesday 30.05.2023 7pm lbt person there. one came take class. waited one came ask class. realised one coming left room told instructor leaving spin class. coming fir years before. left due illness rejoined paying booking fee may 2023. would first class returning looking forward to. happy giffnock cheaper andmy friend thinking going service would expect pure gym.,2,55.8198943,-4.3418008,GB
London Finchley,2023-06-09 10:26:00,"started week. zumba, bodyfit dance far. zumba fine (ok types, done active zumba another gym west hampstead). bodyfit also ok dance weird. first mins songs good active dance movements beginning sweat burn fat, instructor started showing us moves mat (like pilates yoga) spent much time trying explain us moves body completely cooled down. rest mins showing us steps, trying learn it. sure didnt burn single calorie. would good dance class claims burn cals bother teaching us 'spiderman' moves! also smell sweat way overpowering general cleanliness clearly lacking, many people said thing reviews nothing happened far, maybe stay way. goal lose weight gain core strength continuing happily experience studio society west hampstead.",2,51.5973246,-0.1805587,GB
Leeds Kirkstall Bridge,2023-06-09 09:29:00,"puregym’s class cancellation policy (cancel hours class starts, late cancellations within month lose right book classes) ableist inaccessible. ironic marketing always putting ‘be authentic self’ ‘our gyms everyone’ messages. disabilities, parental carer responsibilities, mental health conditions - booked early morning class woke feeling ill - reasons hour window large disproportionately affects groups already face challenges. speaking place lived experience, don’t think puregym inclusive brands i’d encourage look cancellation policy someone advise diversity, inclusion equity. puregym: you’re alienating large proportion customers adds insult injury marketing messages don’t align. better.",1,53.8157377,-1.6074046,GB
London Bermondsey,2023-06-09 09:24:00,enjoy using services hence pay every month. paying extra able use rehydration machine isn’t working properly. used machine times visit yesterday tried different flavours yet none worked. particularly annoyed pay extra every single month service also several machines order times order month. can’t fathom able charge every month services par align signed first place would like sort resolution somewhere compensate loss funds paying service isn’t full filled,2,51.4970125,-0.063268,GB
Nottingham Castle Marina,2023-06-09 08:50:00,"visited castle marina gym nottingham local gym close great functional fitness area great hyrox training. i’d landed specific training sled track, positioned one side track started stretching off. fitness class 5:30 people fitness instructor used one sleds available went back bag retrieve water bottle took sled, politely went said use rudely shut informed fitness class took priority everything else? annoying part sleds weight half workout one sled used, waited patiently gave feedback end. expected got line classes taking priority, couldn’t grasp fact could still done class using one sled therefore allowing workout using sled.",2,52.9453218,-1.1685107,GB
Bournemouth Mallard Road,2023-06-09 08:34:00,ever since joined wifi never worked. ask member staff say corporate. work install wifi excuse waiting time still wifi,1,50.7503219,-1.846402,GB
Wolverhampton Bentley Bridge,2023-06-09 08:26:00,"machines always broke. exaggerating, stay broke months. one use, bentley bridge wolverhampton, doesn’t really many machines, machine broken, really notice it.",1,52.5968429,-2.0898197,GB
Plymouth Alexandra Road,2023-06-09 07:56:00,"worse gym i’ve ever too, none cardio equipment works left",1,50.3818354,-4.1266441,GB
London Bermondsey,2023-06-09 07:22:00,"management horrible, 50% machines don’t work, water broken months, getting packed care put gym goes down. reason left. ac also broken times. hot cold random areas. horrible. going years it’s worst it’s ever been. give feedback directly get ‘thank feedback aim improve’ eff that. didn’t improve anything. better.",1,51.4970125,-0.063268,GB
Birmingham Maypole,2023-06-09 07:17:00,signed back may first time felt disappointed location. machines use since started back up. general cleanliness place hugely dropped. chewing gum stuck machine bottle holders. seem many suitable classes available. see number staff like used to. would like mention james always helpful pleasant. shame gym used good round.,2,52.4421234,-2.0024082,GB
Exeter Bishops Court,2023-06-09 07:15:00,"went train pure gym realised i’d left training kit car. leaving gym, came back minutes couldn’t get back in… called assistance button reply. asked one personal trainers assist said no. left. lots gyms local area i’m considering changing locations easier access policies.",2,50.7151321,-3.4685252,GB
Walsall Crown Wharf,2023-06-09 03:56:00,tried cancel membership app let joing weeks. got deal £11.00 first month get charged £40 next month. couple emails still never cancelled membership advised cancel direct debit go back app waste time. recommend puregym. bad customer service.,1,52.5872454,-1.9883526,GB
Aberdeen Rubislaw,2023-06-09 01:59:00,"limited cardio classes, outdated small cycling suite, changing stalls showers toilets, lots waiting equipment people hogging texting phone, yet see staff floor keeping eye things",2,57.142821,-2.1391979,GB
Northolt,2023-06-09 00:20:00,"gym frequently overcrowded, insufficient machines, resulting long wait times 12–20 minutes per machine. odor also quite unpleasant. however, affordability gym positive aspect, although difficult secure turn.",2,51.5484582,-0.3695247,GB
Birmingham Snow Hill Plaza,2023-06-09 00:19:00,"delay play iron devices, one device device, devices integrated, knowing space available pedestrian bicycle belt large area must exploited place arranged more.",2,52.4848692,-1.8983889,GB
Glasgow Robroyston,2023-06-09 00:03:00,"old rusty equipment. back england used go snap fitness amazing. equipment advanced able watch netflix cross trainer treadmill. also layout robroyston gym bad. i’m cross trainer user corner facing wall. used love going gym snap, force go puregym.",2,55.886885,-4.1743912,GB
London Hayes,2023-06-08 23:58:00,hydration machine working. basic water fountain also order nobody report ask assistance. take wallet gym cannot purchase vending machine cash.,2,51.6621711,0.7083861,GB
Blackburn The Mall,2023-06-08 23:48:00,less equipment,1,53.7489149,-2.4826216,GB
Leeds Bramley,2023-06-08 23:47:00,"music hardly ever on, especially hours. also it’s getting like crèche amount age kids messing about. gym experience becoming poor. i’m experienced gym goer gym instructor.",2,53.8118759,-1.6251903,GB
Rushden,2023-06-08 23:32:00,gym far busy. limited amount people allowed,1,52.2911567,-0.5988177,GB
Belfast St Anne's Square,2023-06-08 23:15:00,"belfast st anne’s square gym. overall average. equipment ok gym big spans two floors. flavoured water dispenser broken nearly week despite gym well knowing issue. people paying extra fixed asap. ventilation system poor air con broken months downstairs gets really warm summer, unacceptable. one hygiene station per floor, absolutely enough. removed them, nobody knows why, making even unlikely people clean machines themselves. place could improvement.",2,54.6033121,-5.9271135,GB
Newport Gwent,2023-06-08 23:03:00,"gym could use air conditioning, limited access equipment- hyper back extension bench, weights left places put back needed",2,51.590121,-2.9985571,GB
London Croydon,2023-06-08 22:52:00,"crowded, space aired properly especially busy, great feeling, almost claustrophobic. positives: loads equipment work close home.",2,51.3550556,-0.0643104,GB
Luton and Dunstable,2023-06-08 22:44:00,machines clean. toilets men's changing room blocked days. busy gym needs full time person wiping machines.,2,51.8969557,-0.4744282,GB
London Hayes,2023-06-08 22:01:00,simple it’s space less peoples crowded…,1,51.6621711,0.7083861,GB
Glossop,2023-06-08 21:55:00,small busy expensive called experience,1,53.4433552,-1.9499173,GB
Borehamwood,2023-06-08 21:52:00,stopping les mills classes. tried pure gyms' versions good workout. good value money.,1,51.6555295,-0.2764051,GB
Burgess Hill,2023-06-08 21:43:00,gym massively subscribed equipment available. plates dumbbells. pure gym members kids flock around groups spend forever kit. looking somewhere socialise place be. serious working go somewhere else.,1,50.9575365,-0.1332853,GB
Tunbridge Wells,2023-06-08 21:15:00,"many crowded places. ask employees something, get answer ignore it. indifferent. cancel membership gym.",1,51.1371483,0.2673446,GB
Manchester Debdale,2023-06-08 20:52:00,equipments old,2,53.4601898,-2.1545545,GB
Wakefield,2023-06-08 20:52:00,machines broken weeks telling repaired. lot people go gym definitely enough equipment. machines exercising 🍑should next weights men.,2,53.6829541,-1.4967286,GB
London Muswell Hill,2023-06-08 19:38:00,"gym really gone hill current manager. pts left bully towards staff. never seen appalling childish behavior someone management. moreover favors female pt claims mental health find really concerning gp ever training allowed?. classes appalling nearly injured one went to, exercises considerate way peoples physique sort mental health address.",1,51.5910395,-0.1420768,GB
Colchester Retail Park,2023-06-07 21:42:00,"gym totally fine busy (e.g. weekend afternoons late mornings), due proximity schools/college, often flooded groups teenagers respect basic rules like putting weights back cleaning equipment use. lack hygiene young gym goers something addressed staff well. also, tend glued certain machines without actually anything (they chatting, laughing playing games phones). worst issue however many underage (some look 11-12) gym's rules (please see membership t&cs) clearly space. workers seem bothered issue, serious safeguarding problem may also invalidate business insurance case injury caused (or by) kids. hope feedback taken seriously real actions taken observe gym's rules workers prevent underage kids joining/attending gym.",2,51.8926343,0.8909382,GB
Bangor Wales,2023-06-07 18:53:00,got suspended puregym reason going almost months! im paying monthly got suspended start monthly payment could please unban me.,1,53.2277163,-4.1268822,GB
Birmingham Maypole,2023-06-07 14:59:00,"find gym understaffed, especially trying contact manager membership, every time in, manager told there’s one, try come alternative times ,they never there. classes also bad cancelled lot, i’ve member years past months gone downhill. used come friend, cancelled membership due this. i’m thinking same. needs staff classes aren’t cancelled",1,52.4421234,-2.0024082,GB
Reading Basingstoke Road,2023-06-06 23:50:00,wasn’t happy monthly subscription cost concessions new joining members,1,51.4230851,-0.9698911,GB
Cambridge Leisure Park,2023-06-06 19:06:00,left early gym overcrowded get proper workout due equipment occupied.,2,52.1900026,0.1367799,GB
Northwich,2023-06-06 14:11:00,moving warrington northwich puregym absurdly equipped packed. warrington north much better!,1,53.2602539,-2.5145104,GB
Nottingham West Bridgford,2023-06-06 13:29:00,gym didn’t right kit wanted train cancelled direct debit told didn’t cancel contract properly stay another month. tried changing membership could visit another gym better kit currently haven’t response member services app frozen,1,52.9310754,-1.1256663,GB
Lichfield,2023-06-06 13:21:00,rowing machines still fixed. two haven’t working correctly months.,2,52.68064,-1.8243992,GB
London Lambeth,2023-06-06 11:48:00,"machines london lambeth/wandsworth road ground floor working, five weeks, indication might repaired. free weights ground floor often place (on stands) be, often requires recce one finds dumbbells, kettlebells even mat. often emergency exits blocked equipment. seems hardly staff gym, local gym management rarely ever visible shop floor. gym looks untidy, sometimes even dirty, overall unloved uncared for.",2,51.4952111,-0.1163354,GB
Palmers Green,2023-06-06 11:42:00,"absolutely crap, i’ll letting friends family know. worst gym experience ever. i’ve going gyms years! disgusting customer service.",1,51.6178253,-0.1091946,GB
London Kentish Town,2023-06-06 11:07:00,entering locker rooms find one locker damaged bent open vandalism went speak staff member situation explaining feel safe leaving bag car keys ect locker room shrugged shoulders said use external lockers lead unable get correctly changed external lockers used staff seem interested securing puregyms customer well literally carrying gym bag use equipment literally left minutes half work felt uncomfortable wanted leave please address situation immediately spoken looking gyms go,1,51.5500554,-0.1425712,GB
London Ilford,2023-06-06 10:25:00,"gym nit bad showers totally rubbish , cold water shower head small like cannot wash even hand properly.",1,51.5589375,0.0689113,GB
Crayford,2023-06-06 09:59:00,"cable machines always missing equipment, searching gym handles, found. hiding office? sign ask handles would nice.",2,51.4515584,0.1787188,GB
Catford Rushey Green,2023-06-06 09:58:00,"tried two occasions arrange induction. confident person really needed someone help understand equipment tell best ones use. induction arrange trainer nowhere seen manager emailed thereafter lovely, never managed secure another date.",2,51.4465685,-0.0190676,GB
Edinburgh Ocean Terminal,2023-06-06 09:22:00,"horrible customer service, first receive automated emails. make impossible cancel membership even still charge next month battle refund, worth trouble - far better gym group",1,55.9808597,-3.1779217,GB
Staines,2023-06-06 08:33:00,there's aircon hot. there's spray clean machines use.,2,51.434012,-0.511044,GB
Redditch,2023-06-06 08:09:00,can't get intouch staff nightmare change membership even though states app cant ! cant use gyms im cancelling,1,52.3057655,-1.9417444,GB
London Beckton,2023-06-06 07:29:00,"two running machines working locks women’s doors broken luckily staff site two people fainted, would public assist. exceptionally busy.",2,51.5160797,0.0594257,GB
Peterborough Brotherhood Retail Park,2023-06-06 05:55:00,"doors mainly order water machine hardly working, good service paying top tear membership",1,52.6002891,-0.2642011,GB
London Streatham,2023-06-06 05:18:00,"women’s toilets smell . sink drainage problem sorted , along loads dead flies around sink !!! serious health safety issue , reported.",2,51.429769,-0.1311105,GB
Bromsgrove Retail Park,2023-06-06 03:08:00,"new member gym, advertising gym online states air conditioning. well various times case case it’s 1% full power. seen numerous people faint personally unable train 100% due overheating. understand money saving case people health. yesterday people gym heat unbelievable. please turn air conditioning",1,52.3382139,-2.055081,GB
Nottingham Basford,2023-06-06 00:52:00,"watch cctv ban people don’t stack dumbbells weights. throw around leave middle. gym always dirty, covid cleaners night looks like nobody cleans gym. although equipment better atmosphere people worse month month.",2,52.9816725,-1.1783596,GB
Milton Keynes Kingston Centre,2023-06-05 23:53:00,impossible get equipment. oversubscribed groups people standing around talking clogging equipment. stuff easy get cardio.. cardio outside.,1,52.0353815,-0.688128,GB
Bradford Thornbury,2023-06-05 23:18:00,good fasilaties enough equipment showers dirty toiles unhygienic,1,53.8030213,-1.7048953,GB
Gravesend,2023-06-05 22:59:00,dirty unclean,2,51.4424747,0.3694468,GB
Leeds City Centre North,2023-06-05 22:40:00,"going puregym since 2010. never seen condition before. unorganised, unattended, dirty gym dirty showers & toilets especially saturdays sunday's.",1,53.9558121,-1.1229892,GB
Plymouth Alexandra Road,2023-06-05 22:39:00,"cancelled puregym membership lockdown, find later reinstated without knowledge charged almost year's worth membership. prove it, sucked up, went back gym summer 2021, time mangled foot cross-trainer, find first aider anywhere. foot still hurts now.",1,50.3818354,-4.1266441,GB
Rushden,2023-06-05 22:07:00,seems though subscribed can’t get classes queue use gym equipment.,1,52.2911567,-0.5988177,GB
Newcastle St James,2023-06-05 21:31:00,much crowded one bench gym wait turn,1,54.974046,-1.6179644,GB
Belfast Boucher Road,2023-06-05 21:29:00,full pretentiousness machine hogs,1,54.5710822,-5.9716097,GB
Sheffield Meadowhall,2023-06-05 21:17:00,badly designed gym toilets changing rooms upstairs place looks like cell local police station painted dark colours thought especially natural light coming atmosphere gym dull dreary place train recommend gym anyone big letdown unfortunately especially blank canvas turn something special,1,53.4138268,-1.4124334,GB
West Thurrock,2023-06-05 21:01:00,nah know,2,51.47712,0.2721259,GB
Sheffield Millhouses,2023-06-05 20:45:00,"- luke warm best often cold showers (they said national change lower temperature save costs). - often grotty shower changing areas, changing area specific gym small gets dirty quickly maintained. - equipment recently starting break items begining show age. - large parts year year one working toilet hand dryer work. replaced paper towel people began throw everywhere, gyms fault cleaned well often left changing rooms mess. issue occur hand dryer broken long periods. - big plus helpful friendly staff. used love gym, member months year decided move cold showers long gym session final straw!",2,53.3459759,-1.4969316,GB
Bradford Idle,2023-06-05 20:44:00,accident tried cancelling membership wouldn’t going till better instead 24.99 getting charged 44.99 even place lol,1,53.8352205,-1.7304012,GB
Northampton Central,2023-06-05 20:39:00,pay £ every month use gym certain times,1,52.2365694,-0.8982839,GB
London Bermondsey,2023-06-05 20:31:00,"organised, gym staff helpful, enough equipment large gym, crowded place, dirty toilets",1,51.4970125,-0.063268,GB
London Ilford,2023-06-05 20:19:00,"using puregym many months many issues. broken machines stay unrepaired long time, plates dumbbells place, rarely see staff around case need assistance. tried contact customer support question subscription never got back me. price 24/7 subscription definitely worth it.",2,51.5589375,0.0689113,GB
Aberdeen Kittybrewster,2023-06-05 20:12:00,enough equipment suitable girls overweight people,1,57.1616343,-2.1132396,GB
Didcot,2023-06-05 20:03:00,"app joke. customer service even worse. using air con hot days another joke timings classed, really!! good classes scheduled working hours 16:45 17:00. crazy given people work til 5-5:30. cancelled due constant issues, however, would left sooner werent steph brandon!!",1,51.6056908,-1.2467923,GB
Leeds Hunslet,2023-06-05 20:01:00,overcharged month payment said subscription months £18.99 month taken £23.49 overcharged,1,53.7786185,-1.5282492,GB
Basildon,2023-06-05 19:58:00,"good gym layout, gym night time (midnight-2am approx.) biggest issue clean. mess, weights left around, bottles, mugs used tissues/wipes every machine rusting weights. vending machines also work apple pay. inviting. closest gym. much potential better.",2,51.5754602,0.4757363,GB
London Lambeth,2023-06-05 19:57:00,"honestly , like gym equipment however men know lower gaze all! put going cancelling gym membership never felt uncomfortable gym :((",1,51.4952111,-0.1163354,GB
London Hoxton,2023-06-05 19:55:00,bad experience gym cancelling subscription. overcharged,1,51.5323935,-0.086078,GB
Walton-on-Thames,2023-06-05 19:42:00,"honestly, many pure gyms lifetime. them, smallest expensive. equipment alright, crowded great variety machines.",2,51.3856837,-0.419814,GB
Camberley,2023-06-05 19:07:00,"camberley site mess. enough machines. one machine per muscle group lots wait time. also, protein shakes vending machines lumpy (not pleasant drink). toilets great condition either.",2,51.3392845,-0.7460981,GB
London Enfield,2023-06-05 18:58:00,"equipment working, packed messy, expensive enough equipment, bad lockers",2,51.6517156,-0.0786839,GB
Harrogate,2023-06-05 15:33:00,"gym equipment tired popular machines frequently order, subject heavy ware, frustrating given gym often overcrowded. ac needs attention height summer air circulation whatsoever. unsure turned save costs simply broken. disappointing locations including york new knaresborough site much nicer.",1,53.9921491,-1.5391039,GB
Ipswich Ravenswood,2023-06-05 13:57:00,unfortunately expensive gym ever paying parking tickets. website mention free car parking twice seems offer hours free parking enough especially gym get busy wait use equipment.,1,52.0303337,1.1968831,GB
London Charlton,2023-06-05 13:49:00,"t. barrie ref: 84426... took membership £25.19 started december 2022. froze membership january travel paid £6.99. abroad went online freeze february received confirmation membership frozen february. came back holiday £43.39 taking account february membership. even though membership 25.19 month, took £18 more. tried get money back still refunded ended membership march.",1,51.4826053,0.0365359,GB
London Stratford,2023-06-05 11:53:00,"live local waiting long time commercial gym open stratford. gym nice many factors disappointing. signal/no wifi, can't even use data parts store. cleanliness.. biggest issue, toilets, changing room smell urine, one sink always dirty flooded water. always machines order, cubicle getting inside gym always bugs reason..",2,51.541289,-0.0035472,GB
Edinburgh Ocean Terminal,2023-06-04 16:12:00,"air con switched peak time classes - roasting hot. manager says 18c, glass windows etc member 7yrs - know switched save money. can't train heat - left gym. point paying something can't use experience bad.",2,55.9808597,-3.1779217,GB
London Borough,2023-06-03 17:53:00,"beckton branch cannot keep staff, staff clearly exhausted covering excessive classes spending fortune rent. gym oversubscribed! can’t get machines. pt pointless times equipment isn’t free pts also losing clients. it’s obvious money making scheme. used really good place feel terribly sad people work culture pure gym has. soon another gym options. i’m sure units available, i’ll happily transfer gym. know view across gym. updates: recently there’s another resignation. since spin bikes repaired, women’s toilets one toilet lock doesn’t toilet roll, music cuts class doors locked can’t get staff issues. we’re instructors pt finally left. 😢",1,51.5011444,-0.0932926,GB
London Waterloo,2023-06-03 13:27:00,"pure gym london waterloo, apparently chain decided cost cutting energy. work you’ll forced warm ish shower situation longer weeks. cancelled membership paying £50/month moved another gym years i’m using branch. thank puregym london waterloo",2,51.5028379,-0.112801,GB
London Bermondsey,2023-06-03 11:55:00,"member years still air conditioning. new manager year nothing changes. try bring gaslight you, dismiss you, tell ""run slower"" treadmill. apparently attitude mainly reserved women - men seem taken seriously complain heat. horrible gym bro culture makes unpleasant women. recommend. place also stinks sewage. waiting new gym area change.",1,51.4970125,-0.063268,GB
Harrogate,2023-06-02 17:35:00,"returning customer, one day encountered ussue. adressed issue guy charge customer service, gave opinion nasty, agressive, passive attack got disgusting, emailed literally attacking becuse disagree way issue adressed, je even invited cancel membership words best interest, literally threatened me. speachless... want bring higher levels high position.",1,53.9921491,-1.5391039,GB
Leeds Thorpe Park,2023-05-31 22:46:00,"middle women’s toilet broken months, one women’s toilets really stiff lock toilet roll never stocked up. air con work it’s make workout super uncomfortable sticky. there’s also enough equipment- bumper plates, c2 bike, assault bike boxes gym constant use you’re constantly ask members done. also annoying can’t use barbells int functional area - there’s really anywhere else walking lunge.",2,53.8006255,-1.4261013,GB
Leicester Walnut Street,2023-05-31 17:55:00,gym showers freezing.,1,52.6244566,-1.1343556,GB
Ashton-Under-Lyne,2023-05-31 06:30:00,see one pickin nose wipeing floor discusting,1,53.4865407,-2.098691,GB
London Stratford,2023-05-30 22:36:00,"joining puregym stratford opened, january, partner lasted less four months establishment. unhygienic gym visited; wipe stations, paper towels, embarrassing standards means equipment greasy wet wiping hands towel literally leave marks using equipment. male changing rooms constantly smell like urine, gents enter odour wafts main floor. every time. management incompetent. partner eventually left physically threatened infront member staff, less enthused dealing situation. constant pressure ‘safe space’ team, turned around story started blaming us. apparently, gyms full testosterone hormones, it’s perfectly natural people threaten wait outside premises harm you. tattooed manager, please get new line work. separate related note: initially amused inclusion ‘sharps bin’ gents toilets. reflection, i’m sure bennie crack and/or meat heads really appreciate. cannot stress enough: avoid gym. absolute embarrassment establishment.",1,51.541289,-0.0035472,GB
Milton Keynes Winterhill,2023-05-30 16:24:00,awful. jd fitness next door much better.,1,52.0277439,-0.7636732,GB
Redditch,2023-05-30 04:13:00,warm humid odorous environment early mornings 2-4am. im guessing started switching hvac night save money. find environment intolerable quit. gym ever cool fresh early mornings like used be?,2,52.3057655,-1.9417444,GB
Maidenhead,2023-05-29 21:06:00,"facilities good zero none air con air circulation, you’re treadmill you’re roasting time you’re even halfway workout…",2,51.522743,-0.7197368,GB
Gateshead,2023-05-29 19:45:00,"member gateshead year time standards continuously dropped. put dirty toilets broken locks, broken lights headsets work studio, even name almost blacklisted instructor tick name done class - amount classes cancelled - often notification - beyond joke. today last straw - turned class two others instructor said class 'would cancelled'.... why?? three us instructor too, need cancel?? there's clearly problems gym putting unreliable classes. cancelling membership finding new gym asap.",2,54.9625789,-1.6019294,GB
Hednesford Cannock,2023-05-29 15:36:00,"gym gone downhill since laura manager off. broken spin bikes, air con broken weeks, cold showers, cancelled classes, half lights today it’s dark there. add teens use youth club. it’s joke. pts brilliant try best. feel sorry",1,52.7113843,-2.0025384,GB
Palmers Green,2023-05-29 11:43:00,"poor mobile signal, wifi, water pressure wayyyyy high. £28 expect much better experience!!!",1,51.6178253,-0.1091946,GB
Wakefield,2023-05-28 23:57:00,"fine cardio work, weight machines frequently order, enough bench stations, dumbbell's usually wrong places finding right ones take weight area usually mess. treat new members lot better existing ones better deals etc. overpriced imo",1,53.6829541,-1.4967286,GB
Rushden,2023-05-28 09:16:00,"total disappointment. used travel bedford puregym really excited opened one rushden. got there…the gym tiny, equipment awkwardly placed sense making order. huge downgrade bedford one quit. considering long wait treadmills etc realised done home dumbells… recently partner asked join checked- £23 per month waitrose spare room… way jose. pemberton centre expensive everything.",2,52.2911567,-0.5988177,GB
Romford,2023-05-26 14:41:00,went gym today speak manager picture wanted removed. bother coming door told go in. find rude spoke like bothered. looks like left right time rudness beyond disgusting,1,51.5760462,0.1822646,GB
London Lewisham,2023-05-26 14:20:00,"pure gym lewisham, ups downs, mostly down! member gym while. much better run fitness first, pure gym took over. since things seem go bad worse. personal trainers friendly professional would left gym long time ago. men's changing room toilets tend awful smell leaks toilets regular basis. hot water, another member pointed out, service months. last year bench changing room fixed properly causing injury days ago locker broken into. belongings tipped locker nothing appeared missing, went shopping noticed cash wallet gone. cards still precaution cancelled case skimmed. reported staff seemed play locker theft rare fault poor quality padlock. padlock excellent quality! went police reported theft. police said much could state thefts gym quite regular lot members complaining them. said pure gym needs enforce security don't. went back gym next day ask locker theft form, completed. bit surprised offered reported theft staff day. another member staff heard talking break said another one! personally think pure gym care long members keep paying membership. need seriously think finding another gym. gym convenient close home longer good excuse remain member here.",1,51.4656437,-0.0139562,GB
Manchester Exchange Quay,2023-05-25 13:20:00,"wifi exchange quays puregym terrible. please sort out. wifi era would ok lack wifi leaves exposed terrible gym ""music""(horrible covers classics touched). wifi needed. either 20g data month playing songs.",1,53.4663229,-2.2822821,GB
Sheffield City Centre South,2023-05-25 09:18:00,much equipment order! also music classes extremely loud times personal trainers shouting microphone.,1,53.3755841,-1.4673519,GB
Leeds City Centre South,2023-05-25 05:37:00,"running water fill water bottle. weather heats lack air con least could provide water. also spin bikes terrible condition. lucky screen works, pedal straps fly mid sessions missing action, resistance bikes completely whack. classes also close together making difficult back back classes. members consulted scheduling? pure gym leeds south neglected. managers seen.",1,53.3803135,-1.4706053,GB
Aberdeen Shiprow,2023-05-24 22:01:00,"i’ve stop using gym. thought things looking recently new equipment installed, everything else beyond run dirty it’s unbearable there. you’d expect early morning, gym would’ve cleaned overnight day ahead, even 7am discarded paper towels old water bottles surrounding equipment. men’s changing rooms joke. were/are blood faeces toilet cubicle wall year!! you’ll lucky find secure locker too, lots broken. top showers freezing cold! it’s much ask hot shower workout. seeing another recent review, i’m person notice this. it’s budget gym, doesn’t mean standards slip far. doubt much done fix issues, needs addressed. already contacted gym directly issues, ignored.",1,57.1460327,-2.0954146,GB
Leicester Walnut Street,2023-05-23 12:07:00,showers cold,1,52.6244566,-1.1343556,GB
Yate,2023-05-23 10:03:00,one room classes it’s impossible ever get class work full time - unless you’re top paying member. induction could involved personal advice achieve goals.,2,51.5403113,-2.4134281,GB
Liverpool Central,2023-05-23 07:46:00,"lockers unsafe, damaged, vandalised. criminals come weekend open lockers steal want staff.",1,53.4042207,-2.9795092,GB
Gateshead,2023-05-22 17:45:00,i’ve coming couple months showers awful freezing cold first mins warm go boiling back freezing - makes run late work every morning haven’t worked months i’ve going,2,54.9625789,-1.6019294,GB
Wirral Bidston Moss,2023-05-22 10:05:00,"pure gym - bidston moss, came back combat monday & tuesday morning, - classes good enough cardio high intensity classes available morning, here’s list needs attention asap. bikes don’t work spin room absolutely joke…. get get set find one doesn’t work move next doesn’t work!! clock doesn’t work studio upstairs hasn’t worked months…. woman’s bathroom - time woman’s toilets dirty sanitary bins emptied it’s disgusting 🤮 second toilet woman’s bathroom missing toilet seat, it’s like months!! windows inside filthy top gym & bottom, pure gym sticker signs faded outside worn out. fans dusty & dirty round gym 🤮 general standard gym good enough. acceptable aren’t things looked at? environmental health may called someone something isn’t done okay.",1,53.410373,-3.076908,GB
London Sydenham,2023-05-21 08:47:00,poor gym. equipment damaged never repaired. staff absent interested solving problems. cleaning stations removed prepared use non-disinfectant machinery. app never logs weekend visits useless. one piece advice waste money gym,1,51.427742,-0.0542215,GB
Wakefield,2023-05-20 18:59:00,"good gym, equipment great however workers unpleasant towards us, male worker looking us funny leaving pulled dirty look us.",2,53.6829541,-1.4967286,GB
Ballymena,2023-05-20 14:07:00,joined gym order attend pilates advertised classes offering. however turns offering pilates! attended stretch class opening night. waited longer class starting length time whole class took. disappointed!,1,54.8662966,-6.2760159,GB
Billericay,2023-05-20 12:48:00,making money together parking company. register vehicle terminal company send £170 fine. likely split pure gym. good money maker.,1,51.6284395,0.4218142,GB
Burgess Hill,2023-05-20 11:13:00,"make buy membership without many information fees, paid next month get charged double starting getting checking bank account.",1,50.9575365,-0.1332853,GB
Wakefield,2023-05-19 17:17:00,"toilets stink, showers stink, air con never on, staff office none ever come cleaning 😔",2,53.6829541,-1.4967286,GB
Sheffield Millhouses,2023-05-19 16:45:00,"showers dirty. drain standing water encouraged yellow/brown bacteria. mopping do, real scrub required. equipment old. wear cycles, steps ellipticals causes vibrations using them. low cost cardio, reason keep returning.",2,53.3459759,-1.4969316,GB
Bristol Eastgate,2023-05-19 14:49:00,"changing membership levels difficult - can't done significant portion month around fee payment date, nonsense reason - still able select downgrade next month. instead whole membership change module deactivated around week either side payment date. also downgrade one level time. shockingly greedy behaviour! gym also crowded machines often broken.",2,51.4731698,-2.5663407,GB
Birmingham Maypole,2023-05-19 13:44:00,"equipment, turn music",2,52.4421234,-2.0024082,GB
Leicester Walnut Street,2023-05-19 13:23:00,showers constantly cold,1,52.6244566,-1.1343556,GB
Gravesend,2023-05-19 08:43:00,"using pure gym almost years, begin great, cleaner practical gyms area. time goes become neglected; water constantly broken, machines broken left broken longer getting fixed, vending machines constantly order simply don’t give anything even paying. biggest issue machines regularly maintained, meaning rough use break often not. overall gym still useable course proximity still best option, price too. however consideration switch different gym area mind heard people visits gyms better maintained managed.",2,51.4424747,0.3694468,GB
Ashton-Under-Lyne,2023-05-18 23:37:00,"waste money , one chest bench press , incline chest press , lack many equipments. ashton lyne gym joke",1,53.4865407,-2.098691,GB
Manchester Bury New Road,2023-05-18 23:28:00,"needs periodic maintenance sports equipment, providing dumbbells time busy general cleanliness place bathrooms particular",1,53.493801,-2.2502732,GB
Northwich,2023-05-18 21:38:00,"currently hot gym! seem stopped air con coming on, either broken it’s cost saving measure, okay. cardio area gets really hot really quickly it’s uncomfortable",2,53.2602539,-2.5145104,GB
London Enfield,2023-05-18 21:28:00,always 2/3 machines broken/out use enough equipment busy gym.,1,51.6517156,-0.0786839,GB
Sutton Times Square,2023-05-18 21:03:00,horrible overall ac ever always sweat excessively well everyone else gym whole place reeks weed time managers horrible focus problems rather problem watching every female enters get talk dirty perverts well harassing anyone sets training don’t need assistance well awful use space gym quarter training equipment rest area filled cardio machines used horrible staff horrible area nothing good please go gym even there’s go better getting equipment training home,1,51.3643147,-0.1915453,GB
Wisbech,2023-05-18 19:57:00,"gym staff fine, except fact offers free wifi yet offers air con yet seems hot. main issue fact paying membership gym offer advertises. supposed 24/7 yet open 6am 10pm weekdays weekends 6pm 4pm. pay off-peak membership says go gym time 8:30pm 3:30pm next day. however, gym closed pm, getting charged hours can't even go for?!",2,52.6651733,0.1606824,GB
Southampton Central,2023-05-18 11:39:00,"i’ve gone since restarted membership, give second chance location. class cancelled found couple minutes supposed start. person room waiting class, obviously rest people made aware class cancelled.",1,50.9074977,-1.4142289,GB
London Holborn,2023-05-18 09:55:00,"explanation previous feedback: pts gym rude, arrogant help and/or make feel welcome. one manager: stephanie smith.",1,51.5195982,-0.1137266,GB
Norwich Aylsham Road,2023-05-18 08:41:00,"pay extra 5.99 unfreeze gym membership. think unfair, unjust unlawful. gym alone standard great rules regulations regarding payment correct align values. hope improves sp members enjoy gym experience, kind regards.",1,52.6411579,1.2882664,GB
Camberley,2023-05-18 00:20:00,"price working me. £19 p/m price get gym pass company gives access gyms plus mental health apps calm headspace loads more, would pay puregym? get real price go bust year like every gym.",1,51.3392845,-0.7460981,GB
Tunbridge Wells,2023-05-17 22:26:00,it’s pretty boring people equipment use instead phone instead it’s pretty poo,2,51.1371483,0.2673446,GB
London Shoreditch,2023-05-17 22:02:00,"i’m writing review make formal complaint general manager paul boakye-ansah suspended monthly gym membership account today. incident occurred today 16th may 12:30 1pm. th member staff abuses power pin point certain gym members dress behave, point view total stereo type discrimination. incident using bicycle machine sweat left behind wanted clean up. however, ""rudley""approached paul negative body language clean work out. explained finished clean finished exercise. also wanted pin fact waited inpatiently wipe sweat attacking foul body language. fact, noticed stopped another person there, used different machine treadmill. ashamed wanted puregym know, suffer aspergers feel discriminated fellow member staff abusing position select view individuals. ask paul decide stop person response "" know him""!. puzzled questioned fact know neither decide stop only. never use puregym look gyms elsewhere value vulnerable people like suffer disability. also send hr.",1,51.5266694,-0.0798926,GB
New Barnet,2023-05-17 21:57:00,"number cardio machines mysteriously removed weeks ago sign replaced. gym staff, including manager, clueless. taken bailiffs?",2,51.6497449,-0.1751403,GB
London East India Dock,2023-05-17 20:13:00,lot things improve enough attachments equipments hardly 1-2 big gym. increase equipment common workouts. important:- install manual weighing scale instead paid weighing scale,1,51.51103,-0.0228617,GB
Colchester Retail Park,2023-05-17 19:13:00,"enough weight plates benches, spent half workout trying scrape together enough 20kg plates. weights place, left machines. staff available issues guest getting door, took minutes get assistance.",2,51.8926343,0.8909382,GB
Doncaster,2023-05-17 18:34:00,"puregym yet, writing review based mother said. mum puregym twice said last time went like waiting get rollercoaster. equipment occupied people waiting use equipment, wanted go today mum denied want wait around strangers use treadmill. honestly disappointed happy gym opened near already hearing bad things it. want idea gym fun, motivating, useful least limit many people go get equipment.",1,53.5227681,-1.1335312,GB
Cardiff Gate,2023-05-17 17:50:00,"member gym years noticed hygiene cleanliness standards men's changing room deteriorated somewhat, particularly showers dreadful stench them. think maybe drains need clearing changing. scroll reviews gym, consistent complaint poor standards changing room, toiles showers. thing pretty consistent robotic standard response saying take account yet changed nothing half year. regularly stinks weed changing rooms stairwell. furthermore noticed there's lot chopping changing classes, primarily due high churn pt staff. makes difficult get stick regular fitness routine pts classes enjoy schedule constantly changing. think time member gym need hands count changes management. like gym, like team, although know now. want well, also think puregym hq needs invest time money helping bring back standard",2,51.5389707,-3.1315077,GB
Sheffield Millhouses,2023-05-17 16:40:00,millhouses. sheffield. showers warm enough. cost saving told.?,2,53.3459759,-1.4969316,GB
London Wall,2023-05-17 14:32:00,"it’s absolute joke, every week it’s either leak, air conditioning, hot water, towels & yesterday changing rooms change utility room. justifiable expensive pure gum london shambolic conditions don’t even know. wasn’t next door work wouldn’t even bother fair i’m considering leaving. staff great best gym worst puregym i’ve ever used & i’m exaggerating.",1,51.5099294,-0.0760209,GB
